shipment_id,issue_type,column,details
3700339822,Duplicate,shipment_id,Appears multiple times
3699957265,Duplicate,shipment_id,Appears multiple times
3700578510,Duplicate,shipment_id,Appears multiple times
9455620890,Duplicate,shipment_id,Appears multiple times
9455619681,Duplicate,shipment_id,Appears multiple times
9455620659,Duplicate,shipment_id,Appears multiple times
9455619738,Duplicate,shipment_id,Appears multiple times
9455619737,Duplicate,shipment_id,Appears multiple times
9455619736,Duplicate,shipment_id,Appears multiple times
9455619734,Duplicate,shipment_id,Appears multiple times
9455619733,Duplicate,shipment_id,Appears multiple times
9453832996,Duplicate,shipment_id,Appears multiple times
9453862301,Duplicate,shipment_id,Appears multiple times
3459699203,Duplicate,shipment_id,Appears multiple times
3460262971,Duplicate,shipment_id,Appears multiple times
3751548678,Duplicate,shipment_id,Appears multiple times
3751309249,Duplicate,shipment_id,Appears multiple times
3751309253,Duplicate,shipment_id,Appears multiple times
3751309251,Duplicate,shipment_id,Appears multiple times
3751144029,Duplicate,shipment_id,Appears multiple times
3751038911,Duplicate,shipment_id,Appears multiple times
8495907004,Duplicate,shipment_id,Appears multiple times
8496136477,Duplicate,shipment_id,Appears multiple times
8495765642,Duplicate,shipment_id,Appears multiple times
8495765641,Duplicate,shipment_id,Appears multiple times
8496136479,Duplicate,shipment_id,Appears multiple times
8496136476,Duplicate,shipment_id,Appears multiple times
8496136478,Duplicate,shipment_id,Appears multiple times
8495947903,Duplicate,shipment_id,Appears multiple times
8498741272,Duplicate,shipment_id,Appears multiple times
8498741273,Duplicate,shipment_id,Appears multiple times
8496127416,Duplicate,shipment_id,Appears multiple times
8496137477,Duplicate,shipment_id,Appears multiple times
8495900106,Duplicate,shipment_id,Appears multiple times
8498296318,Duplicate,shipment_id,Appears multiple times
8495650438,Duplicate,shipment_id,Appears multiple times
8495650437,Duplicate,shipment_id,Appears multiple times
8495650440,Duplicate,shipment_id,Appears multiple times
8495650439,Duplicate,shipment_id,Appears multiple times
8497347158,Duplicate,shipment_id,Appears multiple times
8495140457,Duplicate,shipment_id,Appears multiple times
8495392461,Duplicate,shipment_id,Appears multiple times
8495044710,Duplicate,shipment_id,Appears multiple times
8498130341,Duplicate,shipment_id,Appears multiple times
8498130340,Duplicate,shipment_id,Appears multiple times
8497619124,Duplicate,shipment_id,Appears multiple times
8849140386,Duplicate,shipment_id,Appears multiple times
6005801783,Duplicate,shipment_id,Appears multiple times
6005758837,Duplicate,shipment_id,Appears multiple times
6005894826,Duplicate,shipment_id,Appears multiple times
6005847620,Duplicate,shipment_id,Appears multiple times
8850040479,Duplicate,shipment_id,Appears multiple times
8850040478,Duplicate,shipment_id,Appears multiple times
8850040474,Duplicate,shipment_id,Appears multiple times
8850040472,Duplicate,shipment_id,Appears multiple times
8847299964,Duplicate,shipment_id,Appears multiple times
6005755471,Duplicate,shipment_id,Appears multiple times
8847300725,Duplicate,shipment_id,Appears multiple times
6005780086,Duplicate,shipment_id,Appears multiple times
8847291934,Duplicate,shipment_id,Appears multiple times
8847172995,Duplicate,shipment_id,Appears multiple times
8847172994,Duplicate,shipment_id,Appears multiple times
8847073098,Duplicate,shipment_id,Appears multiple times
8849359217,Duplicate,shipment_id,Appears multiple times
8846974185,Duplicate,shipment_id,Appears multiple times
8846912715,Duplicate,shipment_id,Appears multiple times
8849324749,Duplicate,shipment_id,Appears multiple times
8846817495,Duplicate,shipment_id,Appears multiple times
8846817490,Duplicate,shipment_id,Appears multiple times
8849248795,Duplicate,shipment_id,Appears multiple times
8846809452,Duplicate,shipment_id,Appears multiple times
7853443158,Duplicate,shipment_id,Appears multiple times
7853450839,Duplicate,shipment_id,Appears multiple times
7853450838,Duplicate,shipment_id,Appears multiple times
7853274155,Duplicate,shipment_id,Appears multiple times
7853274154,Duplicate,shipment_id,Appears multiple times
0798969991,Duplicate,shipment_id,Appears multiple times
0799085776,Duplicate,shipment_id,Appears multiple times
0797838697,Duplicate,shipment_id,Appears multiple times
5642185171,Duplicate,shipment_id,Appears multiple times
5642185170,Duplicate,shipment_id,Appears multiple times
0795324090,Duplicate,shipment_id,Appears multiple times
5642199565,Duplicate,shipment_id,Appears multiple times
5642181069,Duplicate,shipment_id,Appears multiple times
9324190272,Duplicate,shipment_id,Appears multiple times
9324167567,Duplicate,shipment_id,Appears multiple times
9324088545,Duplicate,shipment_id,Appears multiple times
9326547754,Duplicate,shipment_id,Appears multiple times
9324041859,Duplicate,shipment_id,Appears multiple times
5642176228,Duplicate,shipment_id,Appears multiple times
9323727931,Duplicate,shipment_id,Appears multiple times
5642186428,Duplicate,shipment_id,Appears multiple times
5658726581,Duplicate,shipment_id,Appears multiple times
5658721304,Duplicate,shipment_id,Appears multiple times
5660909109,Duplicate,shipment_id,Appears multiple times
5658600689,Duplicate,shipment_id,Appears multiple times
8481957666,Duplicate,shipment_id,Appears multiple times
8481840046,Duplicate,shipment_id,Appears multiple times
3698992608,Duplicate,shipment_id,Appears multiple times
3698992901,Duplicate,shipment_id,Appears multiple times
3698992902,Duplicate,shipment_id,Appears multiple times
3698992903,Duplicate,shipment_id,Appears multiple times
8481689258,Duplicate,shipment_id,Appears multiple times
8481686970,Duplicate,shipment_id,Appears multiple times
8484103906,Duplicate,shipment_id,Appears multiple times
8484103905,Duplicate,shipment_id,Appears multiple times
8484103904,Duplicate,shipment_id,Appears multiple times
8484103908,Duplicate,shipment_id,Appears multiple times
8484103903,Duplicate,shipment_id,Appears multiple times
8481621130,Duplicate,shipment_id,Appears multiple times
8481543796,Duplicate,shipment_id,Appears multiple times
8481523502,Duplicate,shipment_id,Appears multiple times
8481519385,Duplicate,shipment_id,Appears multiple times
8484017313,Duplicate,shipment_id,Appears multiple times
8484017312,Duplicate,shipment_id,Appears multiple times
8484017310,Duplicate,shipment_id,Appears multiple times
8481453378,Duplicate,shipment_id,Appears multiple times
6749712668,Duplicate,shipment_id,Appears multiple times
6749686055,Duplicate,shipment_id,Appears multiple times
6751062725,Duplicate,shipment_id,Appears multiple times
6749551902,Duplicate,shipment_id,Appears multiple times
6751638164,Duplicate,shipment_id,Appears multiple times
6749498454,Duplicate,shipment_id,Appears multiple times
6749481074,Duplicate,shipment_id,Appears multiple times
6749327595,Duplicate,shipment_id,Appears multiple times
6749297475,Duplicate,shipment_id,Appears multiple times
6751479029,Duplicate,shipment_id,Appears multiple times
6749173489,Duplicate,shipment_id,Appears multiple times
6749180661,Duplicate,shipment_id,Appears multiple times
6749115420,Duplicate,shipment_id,Appears multiple times
6749108691,Duplicate,shipment_id,Appears multiple times
6749161887,Duplicate,shipment_id,Appears multiple times
5642267226,Duplicate,shipment_id,Appears multiple times
5642264731,Duplicate,shipment_id,Appears multiple times
9202943799,Duplicate,shipment_id,Appears multiple times
9202943410,Duplicate,shipment_id,Appears multiple times
9202931354,Duplicate,shipment_id,Appears multiple times
9200222227,Duplicate,shipment_id,Appears multiple times
9200222225,Duplicate,shipment_id,Appears multiple times
9200222222,Duplicate,shipment_id,Appears multiple times
5642267270,Duplicate,shipment_id,Appears multiple times
5642267271,Duplicate,shipment_id,Appears multiple times
9201425292,Duplicate,shipment_id,Appears multiple times
9201425293,Duplicate,shipment_id,Appears multiple times
1323606524,Duplicate,shipment_id,Appears multiple times
1323521616,Duplicate,shipment_id,Appears multiple times
1325492977,Duplicate,shipment_id,Appears multiple times
1325405674,Duplicate,shipment_id,Appears multiple times
0284711534,Duplicate,shipment_id,Appears multiple times
0287352929,Duplicate,shipment_id,Appears multiple times
5642183571,Duplicate,shipment_id,Appears multiple times
5642178615,Duplicate,shipment_id,Appears multiple times
1063278800,Duplicate,shipment_id,Appears multiple times
1135027187,Duplicate,shipment_id,Appears multiple times
1150516192,Duplicate,shipment_id,Appears multiple times
1125735863,Duplicate,shipment_id,Appears multiple times
1156346583,Duplicate,shipment_id,Appears multiple times
1091753675,Duplicate,shipment_id,Appears multiple times
1078156686,Duplicate,shipment_id,Appears multiple times
5642257791,Duplicate,shipment_id,Appears multiple times
1077444038,Duplicate,shipment_id,Appears multiple times
1052495065,Duplicate,shipment_id,Appears multiple times
1002364385,Duplicate,shipment_id,Appears multiple times
5642170879,Duplicate,shipment_id,Appears multiple times
5642165803,Duplicate,shipment_id,Appears multiple times
5642165864,Duplicate,shipment_id,Appears multiple times
1008617283,Duplicate,shipment_id,Appears multiple times
1116983664,Duplicate,shipment_id,Appears multiple times
5642264519,Duplicate,shipment_id,Appears multiple times
5642267206,Duplicate,shipment_id,Appears multiple times
1063063571,Duplicate,shipment_id,Appears multiple times
1055061646,Duplicate,shipment_id,Appears multiple times
1039980297,Duplicate,shipment_id,Appears multiple times
1109895124,Duplicate,shipment_id,Appears multiple times
5642248927,Duplicate,shipment_id,Appears multiple times
5642166195,Duplicate,shipment_id,Appears multiple times
5642257903,Duplicate,shipment_id,Appears multiple times
5642239100,Duplicate,shipment_id,Appears multiple times
5642243702,Duplicate,shipment_id,Appears multiple times
5642244533,Duplicate,shipment_id,Appears multiple times
5642163446,Duplicate,shipment_id,Appears multiple times
1823117846,Duplicate,shipment_id,Appears multiple times
1175175229,Duplicate,shipment_id,Appears multiple times
1324802873,Duplicate,shipment_id,Appears multiple times
1492425805,Duplicate,shipment_id,Appears multiple times
1364446982,Duplicate,shipment_id,Appears multiple times
1127540780,Duplicate,shipment_id,Appears multiple times
1076938334,Duplicate,shipment_id,Appears multiple times
1014096169,Duplicate,shipment_id,Appears multiple times
1008317986,Duplicate,shipment_id,Appears multiple times
1034339635,Duplicate,shipment_id,Appears multiple times
1117358916,Duplicate,shipment_id,Appears multiple times
1094982002,Duplicate,shipment_id,Appears multiple times
1328248671,Duplicate,shipment_id,Appears multiple times
1480675330,Duplicate,shipment_id,Appears multiple times
1278344063,Duplicate,shipment_id,Appears multiple times
1210312104,Duplicate,shipment_id,Appears multiple times
1307056589,Duplicate,shipment_id,Appears multiple times
1017697083,Duplicate,shipment_id,Appears multiple times
1163690149,Duplicate,shipment_id,Appears multiple times
1113411288,Duplicate,shipment_id,Appears multiple times
1052209367,Duplicate,shipment_id,Appears multiple times
1155654706,Duplicate,shipment_id,Appears multiple times
1088960519,Duplicate,shipment_id,Appears multiple times
1169304560,Duplicate,shipment_id,Appears multiple times
1120898317,Duplicate,shipment_id,Appears multiple times
1057895373,Duplicate,shipment_id,Appears multiple times
1017700164,Duplicate,shipment_id,Appears multiple times
1068864469,Duplicate,shipment_id,Appears multiple times
1061054609,Duplicate,shipment_id,Appears multiple times
1074906830,Duplicate,shipment_id,Appears multiple times
1075869019,Duplicate,shipment_id,Appears multiple times
1050381559,Duplicate,shipment_id,Appears multiple times
1032382662,Duplicate,shipment_id,Appears multiple times
1022576053,Duplicate,shipment_id,Appears multiple times
1042020614,Duplicate,shipment_id,Appears multiple times
1060515307,Duplicate,shipment_id,Appears multiple times
1598138446,Duplicate,shipment_id,Appears multiple times
1107707690,Duplicate,shipment_id,Appears multiple times
1290933482,Duplicate,shipment_id,Appears multiple times
1121712192,Duplicate,shipment_id,Appears multiple times
1348043467,Duplicate,shipment_id,Appears multiple times
1006419974,Duplicate,shipment_id,Appears multiple times
9454177849,Duplicate,shipment_id,Appears multiple times
9454177848,Duplicate,shipment_id,Appears multiple times
9454177847,Duplicate,shipment_id,Appears multiple times
9453935319,Duplicate,shipment_id,Appears multiple times
3751531816,Duplicate,shipment_id,Appears multiple times
3751531819,Duplicate,shipment_id,Appears multiple times
3751531818,Duplicate,shipment_id,Appears multiple times
3751531815,Duplicate,shipment_id,Appears multiple times
3751531817,Duplicate,shipment_id,Appears multiple times
3754971994,Duplicate,shipment_id,Appears multiple times
3754971995,Duplicate,shipment_id,Appears multiple times
9456279380,Duplicate,shipment_id,Appears multiple times
9456215620,Duplicate,shipment_id,Appears multiple times
9456215618,Duplicate,shipment_id,Appears multiple times
9456215619,Duplicate,shipment_id,Appears multiple times
23410300IM00085183,Duplicate,shipment_id,Appears multiple times
23410300IM00081088,Duplicate,shipment_id,Appears multiple times
23410300IM00081101,Duplicate,shipment_id,Appears multiple times
23410300IM00081377,Duplicate,shipment_id,Appears multiple times
8498912846,Duplicate,shipment_id,Appears multiple times
8498912847,Duplicate,shipment_id,Appears multiple times
8498517026,Duplicate,shipment_id,Appears multiple times
8498517024,Duplicate,shipment_id,Appears multiple times
8498729240,Duplicate,shipment_id,Appears multiple times
8498729241,Duplicate,shipment_id,Appears multiple times
8491023340,Duplicate,shipment_id,Appears multiple times
0798764098,Duplicate,shipment_id,Appears multiple times
6005180977,Duplicate,shipment_id,Appears multiple times
6005170824,Duplicate,shipment_id,Appears multiple times
6005145425,Duplicate,shipment_id,Appears multiple times
6005119394,Duplicate,shipment_id,Appears multiple times
6005830369,Duplicate,shipment_id,Appears multiple times
0795378421,Duplicate,shipment_id,Appears multiple times
3700334533,Duplicate,shipment_id,Appears multiple times
3698992905,Duplicate,shipment_id,Appears multiple times
3698991896,Duplicate,shipment_id,Appears multiple times
3700837506,Duplicate,shipment_id,Appears multiple times
3700837027,Duplicate,shipment_id,Appears multiple times
3700837025,Duplicate,shipment_id,Appears multiple times
3700838795,Duplicate,shipment_id,Appears multiple times
3700578541,Duplicate,shipment_id,Appears multiple times
3700578506,Duplicate,shipment_id,Appears multiple times
3700578507,Duplicate,shipment_id,Appears multiple times
3700578518,Duplicate,shipment_id,Appears multiple times
3700578650,Duplicate,shipment_id,Appears multiple times
3700578649,Duplicate,shipment_id,Appears multiple times
3700585685,Duplicate,shipment_id,Appears multiple times
9326341001,Duplicate,shipment_id,Appears multiple times
3700578539,Duplicate,shipment_id,Appears multiple times
3700578505,Duplicate,shipment_id,Appears multiple times
3700578834,Duplicate,shipment_id,Appears multiple times
3700579003,Duplicate,shipment_id,Appears multiple times
9326257425,Duplicate,shipment_id,Appears multiple times
9326257423,Duplicate,shipment_id,Appears multiple times
3700578836,Duplicate,shipment_id,Appears multiple times
3700578813,Duplicate,shipment_id,Appears multiple times
3699614895,Duplicate,shipment_id,Appears multiple times
3699614896,Duplicate,shipment_id,Appears multiple times
3699613602,Duplicate,shipment_id,Appears multiple times
3701093567,Duplicate,shipment_id,Appears multiple times
3701093568,Duplicate,shipment_id,Appears multiple times
3699612436,Duplicate,shipment_id,Appears multiple times
3699612437,Duplicate,shipment_id,Appears multiple times
3460262969,Duplicate,shipment_id,Appears multiple times
3751650055,Duplicate,shipment_id,Appears multiple times
3751144609,Duplicate,shipment_id,Appears multiple times
8498495044,Duplicate,shipment_id,Appears multiple times
8850040477,Duplicate,shipment_id,Appears multiple times
8850040476,Duplicate,shipment_id,Appears multiple times
8850040475,Duplicate,shipment_id,Appears multiple times
8850040473,Duplicate,shipment_id,Appears multiple times
8847230971,Duplicate,shipment_id,Appears multiple times
8847230970,Duplicate,shipment_id,Appears multiple times
8847085553,Duplicate,shipment_id,Appears multiple times
8846993667,Duplicate,shipment_id,Appears multiple times
8849359218,Duplicate,shipment_id,Appears multiple times
0798342356,Duplicate,shipment_id,Appears multiple times
0798342355,Duplicate,shipment_id,Appears multiple times
8481540586,Duplicate,shipment_id,Appears multiple times
1320214302,Duplicate,shipment_id,Appears multiple times
1204805418,Duplicate,shipment_id,Appears multiple times
1025266429,Duplicate,shipment_id,Appears multiple times
1184348442,Duplicate,shipment_id,Appears multiple times
1121301568,Duplicate,shipment_id,Appears multiple times
1147536074,Duplicate,shipment_id,Appears multiple times
1052732499,Duplicate,shipment_id,Appears multiple times
1184574264,Duplicate,shipment_id,Appears multiple times
3700837069,Duplicate,shipment_id,Appears multiple times
3700837508,Duplicate,shipment_id,Appears multiple times
3700837510,Duplicate,shipment_id,Appears multiple times
3700578543,Duplicate,shipment_id,Appears multiple times
3700579006,Duplicate,shipment_id,Appears multiple times
3700578783,Duplicate,shipment_id,Appears multiple times
3701093621,Duplicate,shipment_id,Appears multiple times
9454310331,Duplicate,shipment_id,Appears multiple times
9454386406,Duplicate,shipment_id,Appears multiple times
9454192926,Duplicate,shipment_id,Appears multiple times
9454195855,Duplicate,shipment_id,Appears multiple times
9454195082,Duplicate,shipment_id,Appears multiple times
9454182751,Duplicate,shipment_id,Appears multiple times
9454182752,Duplicate,shipment_id,Appears multiple times
9454220979,Duplicate,shipment_id,Appears multiple times
9456161843,Duplicate,shipment_id,Appears multiple times
9456141252,Duplicate,shipment_id,Appears multiple times
9454184574,Duplicate,shipment_id,Appears multiple times
9456112806,Duplicate,shipment_id,Appears multiple times
9456112805,Duplicate,shipment_id,Appears multiple times
9455601268,Duplicate,shipment_id,Appears multiple times
9453713959,Duplicate,shipment_id,Appears multiple times
9453711785,Duplicate,shipment_id,Appears multiple times
9453713461,Duplicate,shipment_id,Appears multiple times
3463582569,Duplicate,shipment_id,Appears multiple times
3460514153,Duplicate,shipment_id,Appears multiple times
3460615290,Duplicate,shipment_id,Appears multiple times
3460478771,Duplicate,shipment_id,Appears multiple times
3460478770,Duplicate,shipment_id,Appears multiple times
3460497457,Duplicate,shipment_id,Appears multiple times
3460274139,Duplicate,shipment_id,Appears multiple times
3460598031,Duplicate,shipment_id,Appears multiple times
3462316549,Duplicate,shipment_id,Appears multiple times
3460133479,Duplicate,shipment_id,Appears multiple times
3459700154,Duplicate,shipment_id,Appears multiple times
3459560846,Duplicate,shipment_id,Appears multiple times
3459601395,Duplicate,shipment_id,Appears multiple times
3460163896,Duplicate,shipment_id,Appears multiple times
3459600828,Duplicate,shipment_id,Appears multiple times
3753953402,Duplicate,shipment_id,Appears multiple times
3751555785,Duplicate,shipment_id,Appears multiple times
3751555786,Duplicate,shipment_id,Appears multiple times
3751553338,Duplicate,shipment_id,Appears multiple times
3751553340,Duplicate,shipment_id,Appears multiple times
3751553339,Duplicate,shipment_id,Appears multiple times
3751553336,Duplicate,shipment_id,Appears multiple times
3751553337,Duplicate,shipment_id,Appears multiple times
3751521190,Duplicate,shipment_id,Appears multiple times
3751521189,Duplicate,shipment_id,Appears multiple times
3751500223,Duplicate,shipment_id,Appears multiple times
3751500222,Duplicate,shipment_id,Appears multiple times
3751500930,Duplicate,shipment_id,Appears multiple times
3753151170,Duplicate,shipment_id,Appears multiple times
3753151171,Duplicate,shipment_id,Appears multiple times
3751143623,Duplicate,shipment_id,Appears multiple times
3751143621,Duplicate,shipment_id,Appears multiple times
3751091260,Duplicate,shipment_id,Appears multiple times
3751064724,Duplicate,shipment_id,Appears multiple times
3753947555,Duplicate,shipment_id,Appears multiple times
8496142894,Duplicate,shipment_id,Appears multiple times
8498445223,Duplicate,shipment_id,Appears multiple times
8498609058,Duplicate,shipment_id,Appears multiple times
8498349476,Duplicate,shipment_id,Appears multiple times
8498349477,Duplicate,shipment_id,Appears multiple times
8497756919,Duplicate,shipment_id,Appears multiple times
8497944756,Duplicate,shipment_id,Appears multiple times
8495673235,Duplicate,shipment_id,Appears multiple times
9454060208,Duplicate,shipment_id,Appears multiple times
9453944531,Duplicate,shipment_id,Appears multiple times
8849618025,Duplicate,shipment_id,Appears multiple times
9453939016,Duplicate,shipment_id,Appears multiple times
9453940094,Duplicate,shipment_id,Appears multiple times
8849519668,Duplicate,shipment_id,Appears multiple times
8847097930,Duplicate,shipment_id,Appears multiple times
8847085616,Duplicate,shipment_id,Appears multiple times
8847085419,Duplicate,shipment_id,Appears multiple times
8849454590,Duplicate,shipment_id,Appears multiple times
8849454589,Duplicate,shipment_id,Appears multiple times
9456014990,Duplicate,shipment_id,Appears multiple times
9453798703,Duplicate,shipment_id,Appears multiple times
8848958350,Duplicate,shipment_id,Appears multiple times
9453798704,Duplicate,shipment_id,Appears multiple times
9453726499,Duplicate,shipment_id,Appears multiple times
9453726498,Duplicate,shipment_id,Appears multiple times
9453713958,Duplicate,shipment_id,Appears multiple times
3460497458,Duplicate,shipment_id,Appears multiple times
3463435029,Duplicate,shipment_id,Appears multiple times
3463019312,Duplicate,shipment_id,Appears multiple times
3460693135,Duplicate,shipment_id,Appears multiple times
6005158646,Duplicate,shipment_id,Appears multiple times
3459948749,Duplicate,shipment_id,Appears multiple times
3461851224,Duplicate,shipment_id,Appears multiple times
3459567022,Duplicate,shipment_id,Appears multiple times
3459719004,Duplicate,shipment_id,Appears multiple times
3459719000,Duplicate,shipment_id,Appears multiple times
3751733996,Duplicate,shipment_id,Appears multiple times
3751503767,Duplicate,shipment_id,Appears multiple times
3751279150,Duplicate,shipment_id,Appears multiple times
3751279151,Duplicate,shipment_id,Appears multiple times
3751217901,Duplicate,shipment_id,Appears multiple times
3751224905,Duplicate,shipment_id,Appears multiple times
3751169713,Duplicate,shipment_id,Appears multiple times
3751176673,Duplicate,shipment_id,Appears multiple times
3751172643,Duplicate,shipment_id,Appears multiple times
3751172721,Duplicate,shipment_id,Appears multiple times
3751173038,Duplicate,shipment_id,Appears multiple times
3751173037,Duplicate,shipment_id,Appears multiple times
8496214273,Duplicate,shipment_id,Appears multiple times
8496214272,Duplicate,shipment_id,Appears multiple times
8496126840,Duplicate,shipment_id,Appears multiple times
8495122066,Duplicate,shipment_id,Appears multiple times
8495374031,Duplicate,shipment_id,Appears multiple times
8495333879,Duplicate,shipment_id,Appears multiple times
8847038450,Duplicate,shipment_id,Appears multiple times
8847038446,Duplicate,shipment_id,Appears multiple times
8847038448,Duplicate,shipment_id,Appears multiple times
3700333722,Duplicate,shipment_id,Appears multiple times
3700333724,Duplicate,shipment_id,Appears multiple times
8849140387,Duplicate,shipment_id,Appears multiple times
8849140388,Duplicate,shipment_id,Appears multiple times
8849247645,Duplicate,shipment_id,Appears multiple times
8849247650,Duplicate,shipment_id,Appears multiple times
6005892221,Duplicate,shipment_id,Appears multiple times
6005847171,Duplicate,shipment_id,Appears multiple times
6005923455,Duplicate,shipment_id,Appears multiple times
8849247648,Duplicate,shipment_id,Appears multiple times
3697944088,Duplicate,shipment_id,Appears multiple times
23410300IM00085181,Duplicate,shipment_id,Appears multiple times
23410300IM00085182,Duplicate,shipment_id,Appears multiple times
23410300IM00081073,Duplicate,shipment_id,Appears multiple times
23410300IM00079731,Duplicate,shipment_id,Appears multiple times
23410300IM00078402,Duplicate,shipment_id,Appears multiple times
23410300IM00070742,Duplicate,shipment_id,Appears multiple times
23410300IM00070767,Duplicate,shipment_id,Appears multiple times
8846810240,Duplicate,shipment_id,Appears multiple times
23410300IM00081379,Duplicate,shipment_id,Appears multiple times
23410300IM00078417,Duplicate,shipment_id,Appears multiple times
23410300IM00070779,Duplicate,shipment_id,Appears multiple times
23410300IM00070755,Duplicate,shipment_id,Appears multiple times
23410300IM00068746,Duplicate,shipment_id,Appears multiple times
3751610856,Duplicate,shipment_id,Appears multiple times
8849335681,Duplicate,shipment_id,Appears multiple times
8495392460,Duplicate,shipment_id,Appears multiple times
23410300IM00081059,Duplicate,shipment_id,Appears multiple times
23410300IM00078405,Duplicate,shipment_id,Appears multiple times
23410300IM00075179,Duplicate,shipment_id,Appears multiple times
23410300IM00069769,Duplicate,shipment_id,Appears multiple times
23410300IM00067633,Duplicate,shipment_id,Appears multiple times
3697944058,Duplicate,shipment_id,Appears multiple times
3697944880,Duplicate,shipment_id,Appears multiple times
3751610858,Duplicate,shipment_id,Appears multiple times
8495392462,Duplicate,shipment_id,Appears multiple times
8846912713,Duplicate,shipment_id,Appears multiple times
3751038916,Duplicate,shipment_id,Appears multiple times
3753443664,Duplicate,shipment_id,Appears multiple times
3753443663,Duplicate,shipment_id,Appears multiple times
3753443662,Duplicate,shipment_id,Appears multiple times
3753443661,Duplicate,shipment_id,Appears multiple times
3753443659,Duplicate,shipment_id,Appears multiple times
3753443658,Duplicate,shipment_id,Appears multiple times
3751610853,Duplicate,shipment_id,Appears multiple times
3751610852,Duplicate,shipment_id,Appears multiple times
3751038914,Duplicate,shipment_id,Appears multiple times
8846912714,Duplicate,shipment_id,Appears multiple times
3751610849,Duplicate,shipment_id,Appears multiple times
3753443287,Duplicate,shipment_id,Appears multiple times
6005465900,Duplicate,shipment_id,Appears multiple times
9454138161,Duplicate,shipment_id,Appears multiple times
8495546301,Duplicate,shipment_id,Appears multiple times
8847071268,Duplicate,shipment_id,Appears multiple times
8847071267,Duplicate,shipment_id,Appears multiple times
8847071266,Duplicate,shipment_id,Appears multiple times
8847071265,Duplicate,shipment_id,Appears multiple times
8847071264,Duplicate,shipment_id,Appears multiple times
5658679381,Duplicate,shipment_id,Appears multiple times
1054144356,Duplicate,shipment_id,Appears multiple times
1237035050,Duplicate,shipment_id,Appears multiple times
6005256792,Duplicate,shipment_id,Appears multiple times
6005286869,Duplicate,shipment_id,Appears multiple times
3700837039,Duplicate,shipment_id,Appears multiple times
3700578786,Duplicate,shipment_id,Appears multiple times
3700578526,Duplicate,shipment_id,Appears multiple times
3699947102,Duplicate,shipment_id,Appears multiple times
9455619798,Duplicate,shipment_id,Appears multiple times
9455619863,Duplicate,shipment_id,Appears multiple times
9454236133,Duplicate,shipment_id,Appears multiple times
9454236132,Duplicate,shipment_id,Appears multiple times
3460645563,Duplicate,shipment_id,Appears multiple times
3460316741,Duplicate,shipment_id,Appears multiple times
3459585678,Duplicate,shipment_id,Appears multiple times
3751612792,Duplicate,shipment_id,Appears multiple times
3751475326,Duplicate,shipment_id,Appears multiple times
3751369476,Duplicate,shipment_id,Appears multiple times
3751369477,Duplicate,shipment_id,Appears multiple times
3751321283,Duplicate,shipment_id,Appears multiple times
3751339978,Duplicate,shipment_id,Appears multiple times
3751241065,Duplicate,shipment_id,Appears multiple times
3751039531,Duplicate,shipment_id,Appears multiple times
8498480385,Duplicate,shipment_id,Appears multiple times
8496346561,Duplicate,shipment_id,Appears multiple times
8495902358,Duplicate,shipment_id,Appears multiple times
8497831770,Duplicate,shipment_id,Appears multiple times
8497531974,Duplicate,shipment_id,Appears multiple times
8495497864,Duplicate,shipment_id,Appears multiple times
8850039657,Duplicate,shipment_id,Appears multiple times
8847080070,Duplicate,shipment_id,Appears multiple times
8847080069,Duplicate,shipment_id,Appears multiple times
8847080068,Duplicate,shipment_id,Appears multiple times
8846995677,Duplicate,shipment_id,Appears multiple times
0796267164,Duplicate,shipment_id,Appears multiple times
0798428665,Duplicate,shipment_id,Appears multiple times
9324281576,Duplicate,shipment_id,Appears multiple times
9324170542,Duplicate,shipment_id,Appears multiple times
9323937074,Duplicate,shipment_id,Appears multiple times
9323937072,Duplicate,shipment_id,Appears multiple times
8481910420,Duplicate,shipment_id,Appears multiple times
6749421843,Duplicate,shipment_id,Appears multiple times
6749484148,Duplicate,shipment_id,Appears multiple times
6749476778,Duplicate,shipment_id,Appears multiple times
6749386056,Duplicate,shipment_id,Appears multiple times
6749180753,Duplicate,shipment_id,Appears multiple times
0286743570,Duplicate,shipment_id,Appears multiple times
1105910491,Duplicate,shipment_id,Appears multiple times
1176151143,Duplicate,shipment_id,Appears multiple times
1033822138,Duplicate,shipment_id,Appears multiple times
1483564232,Duplicate,shipment_id,Appears multiple times
1599433546,Duplicate,shipment_id,Appears multiple times
1107858167,Duplicate,shipment_id,Appears multiple times
1086148671,Duplicate,shipment_id,Appears multiple times
1076662788,Duplicate,shipment_id,Appears multiple times
1565609916,Duplicate,shipment_id,Appears multiple times
1515072450,Duplicate,shipment_id,Appears multiple times
1157341926,Duplicate,shipment_id,Appears multiple times
1122608179,Duplicate,shipment_id,Appears multiple times
1012474866,Duplicate,shipment_id,Appears multiple times
1103346297,Duplicate,shipment_id,Appears multiple times
1082523217,Duplicate,shipment_id,Appears multiple times
1098650395,Duplicate,shipment_id,Appears multiple times
1037624284,Duplicate,shipment_id,Appears multiple times
1039117993,Duplicate,shipment_id,Appears multiple times
1097678261,Duplicate,shipment_id,Appears multiple times
1529623194,Duplicate,shipment_id,Appears multiple times
1049179237,Duplicate,shipment_id,Appears multiple times
1298879344,Duplicate,shipment_id,Appears multiple times
1039397904,Duplicate,shipment_id,Appears multiple times
1168850413,Duplicate,shipment_id,Appears multiple times
1177768917,Duplicate,shipment_id,Appears multiple times
1243989968,Duplicate,shipment_id,Appears multiple times
1049085075,Duplicate,shipment_id,Appears multiple times
8847322784,Duplicate,shipment_id,Appears multiple times
8847120622,Duplicate,shipment_id,Appears multiple times
8847120621,Duplicate,shipment_id,Appears multiple times
7852771464,Duplicate,shipment_id,Appears multiple times
9326341002,Duplicate,shipment_id,Appears multiple times
9326257426,Duplicate,shipment_id,Appears multiple times
9326257424,Duplicate,shipment_id,Appears multiple times
6749243777,Duplicate,shipment_id,Appears multiple times
1108736837,Duplicate,shipment_id,Appears multiple times
1054378167,Duplicate,shipment_id,Appears multiple times
1248365971,Duplicate,shipment_id,Appears multiple times
3751319218,Duplicate,shipment_id,Appears multiple times
8484179349,Duplicate,shipment_id,Appears multiple times
8481783929,Duplicate,shipment_id,Appears multiple times
1048372894,Duplicate,shipment_id,Appears multiple times
6005083323,Duplicate,shipment_id,Appears multiple times
6005216544,Duplicate,shipment_id,Appears multiple times
8849335682,Duplicate,shipment_id,Appears multiple times
6005267742,Duplicate,shipment_id,Appears multiple times
6005305429,Duplicate,shipment_id,Appears multiple times
6005219391,Duplicate,shipment_id,Appears multiple times
6005070115,Duplicate,shipment_id,Appears multiple times
6005229409,Duplicate,shipment_id,Appears multiple times
6005176292,Duplicate,shipment_id,Appears multiple times
6005292607,Duplicate,shipment_id,Appears multiple times
6005097528,Duplicate,shipment_id,Appears multiple times
6005174939,Duplicate,shipment_id,Appears multiple times
6005218439,Duplicate,shipment_id,Appears multiple times
6005161006,Duplicate,shipment_id,Appears multiple times
3700840333,Duplicate,shipment_id,Appears multiple times
8849347945,Duplicate,shipment_id,Appears multiple times
3700837032,Duplicate,shipment_id,Appears multiple times
3700838773,Duplicate,shipment_id,Appears multiple times
3700837043,Duplicate,shipment_id,Appears multiple times
3700840327,Duplicate,shipment_id,Appears multiple times
3700837482,Duplicate,shipment_id,Appears multiple times
3700578807,Duplicate,shipment_id,Appears multiple times
8849347943,Duplicate,shipment_id,Appears multiple times
8849347942,Duplicate,shipment_id,Appears multiple times
3700578838,Duplicate,shipment_id,Appears multiple times
3700579004,Duplicate,shipment_id,Appears multiple times
8849347944,Duplicate,shipment_id,Appears multiple times
8849347938,Duplicate,shipment_id,Appears multiple times
8849347941,Duplicate,shipment_id,Appears multiple times
3700578805,Duplicate,shipment_id,Appears multiple times
3700578552,Duplicate,shipment_id,Appears multiple times
8849347939,Duplicate,shipment_id,Appears multiple times
8849347940,Duplicate,shipment_id,Appears multiple times
3698399987,Duplicate,shipment_id,Appears multiple times
3700578520,Duplicate,shipment_id,Appears multiple times
3700578835,Duplicate,shipment_id,Appears multiple times
3700578525,Duplicate,shipment_id,Appears multiple times
3699957173,Duplicate,shipment_id,Appears multiple times
3699957174,Duplicate,shipment_id,Appears multiple times
3700578840,Duplicate,shipment_id,Appears multiple times
3700578508,Duplicate,shipment_id,Appears multiple times
3700578529,Duplicate,shipment_id,Appears multiple times
3701093577,Duplicate,shipment_id,Appears multiple times
3701093552,Duplicate,shipment_id,Appears multiple times
3697945053,Duplicate,shipment_id,Appears multiple times
3699613576,Duplicate,shipment_id,Appears multiple times
3701093611,Duplicate,shipment_id,Appears multiple times
3701100740,Duplicate,shipment_id,Appears multiple times
8846810242,Duplicate,shipment_id,Appears multiple times
3700578528,Duplicate,shipment_id,Appears multiple times
9455619866,Duplicate,shipment_id,Appears multiple times
9455619865,Duplicate,shipment_id,Appears multiple times
9455619864,Duplicate,shipment_id,Appears multiple times
9453776012,Duplicate,shipment_id,Appears multiple times
8847299965,Duplicate,shipment_id,Appears multiple times
6751049353,Duplicate,shipment_id,Appears multiple times
6749190610,Duplicate,shipment_id,Appears multiple times
9202836314,Duplicate,shipment_id,Appears multiple times
0287022609,Duplicate,shipment_id,Appears multiple times
0287094190,Duplicate,shipment_id,Appears multiple times
1053598719,Duplicate,shipment_id,Appears multiple times
1026118367,Duplicate,shipment_id,Appears multiple times
1124643683,Duplicate,shipment_id,Appears multiple times
1080248933,Duplicate,shipment_id,Appears multiple times
1086596216,Duplicate,shipment_id,Appears multiple times
1091201154,Duplicate,shipment_id,Appears multiple times
1021883490,Duplicate,shipment_id,Appears multiple times
1302513162,Duplicate,shipment_id,Appears multiple times
3698400514,Duplicate,shipment_id,Appears multiple times
9454395851,Duplicate,shipment_id,Appears multiple times
9455619735,Duplicate,shipment_id,Appears multiple times
9455619732,Duplicate,shipment_id,Appears multiple times
9454350122,Duplicate,shipment_id,Appears multiple times
9454250591,Duplicate,shipment_id,Appears multiple times
9454193143,Duplicate,shipment_id,Appears multiple times
9454194563,Duplicate,shipment_id,Appears multiple times
9455616159,Duplicate,shipment_id,Appears multiple times
9455614853,Duplicate,shipment_id,Appears multiple times
9455615554,Duplicate,shipment_id,Appears multiple times
9455615196,Duplicate,shipment_id,Appears multiple times
9454114161,Duplicate,shipment_id,Appears multiple times
9455614808,Duplicate,shipment_id,Appears multiple times
9455614809,Duplicate,shipment_id,Appears multiple times
9455614810,Duplicate,shipment_id,Appears multiple times
9455614806,Duplicate,shipment_id,Appears multiple times
9455614807,Duplicate,shipment_id,Appears multiple times
9455614670,Duplicate,shipment_id,Appears multiple times
9455614805,Duplicate,shipment_id,Appears multiple times
9454091719,Duplicate,shipment_id,Appears multiple times
9454059205,Duplicate,shipment_id,Appears multiple times
9455612336,Duplicate,shipment_id,Appears multiple times
9456040355,Duplicate,shipment_id,Appears multiple times
9453844483,Duplicate,shipment_id,Appears multiple times
9455603238,Duplicate,shipment_id,Appears multiple times
9453810635,Duplicate,shipment_id,Appears multiple times
9453826899,Duplicate,shipment_id,Appears multiple times
3460758482,Duplicate,shipment_id,Appears multiple times
3463028669,Duplicate,shipment_id,Appears multiple times
3460329080,Duplicate,shipment_id,Appears multiple times
3460557207,Duplicate,shipment_id,Appears multiple times
3459888351,Duplicate,shipment_id,Appears multiple times
3459919700,Duplicate,shipment_id,Appears multiple times
3459597081,Duplicate,shipment_id,Appears multiple times
3459597079,Duplicate,shipment_id,Appears multiple times
3460153127,Duplicate,shipment_id,Appears multiple times
3459879571,Duplicate,shipment_id,Appears multiple times
3459928661,Duplicate,shipment_id,Appears multiple times
3459591694,Duplicate,shipment_id,Appears multiple times
3460275340,Duplicate,shipment_id,Appears multiple times
3460160639,Duplicate,shipment_id,Appears multiple times
3459952349,Duplicate,shipment_id,Appears multiple times
3459652021,Duplicate,shipment_id,Appears multiple times
3751641430,Duplicate,shipment_id,Appears multiple times
3751647035,Duplicate,shipment_id,Appears multiple times
3751647034,Duplicate,shipment_id,Appears multiple times
3751643922,Duplicate,shipment_id,Appears multiple times
3751640719,Duplicate,shipment_id,Appears multiple times
9453738692,Duplicate,shipment_id,Appears multiple times
9453738691,Duplicate,shipment_id,Appears multiple times
3751343161,Duplicate,shipment_id,Appears multiple times
3751339624,Duplicate,shipment_id,Appears multiple times
3751339623,Duplicate,shipment_id,Appears multiple times
3751243174,Duplicate,shipment_id,Appears multiple times
3751243176,Duplicate,shipment_id,Appears multiple times
3751243175,Duplicate,shipment_id,Appears multiple times
3751240849,Duplicate,shipment_id,Appears multiple times
3752717926,Duplicate,shipment_id,Appears multiple times
3752717925,Duplicate,shipment_id,Appears multiple times
3752717924,Duplicate,shipment_id,Appears multiple times
3752717923,Duplicate,shipment_id,Appears multiple times
3752717922,Duplicate,shipment_id,Appears multiple times
3752717918,Duplicate,shipment_id,Appears multiple times
3752717917,Duplicate,shipment_id,Appears multiple times
3751141972,Duplicate,shipment_id,Appears multiple times
3751143627,Duplicate,shipment_id,Appears multiple times
3752714765,Duplicate,shipment_id,Appears multiple times
8495798037,Duplicate,shipment_id,Appears multiple times
8495798038,Duplicate,shipment_id,Appears multiple times
8496023503,Duplicate,shipment_id,Appears multiple times
8496147476,Duplicate,shipment_id,Appears multiple times
8496307323,Duplicate,shipment_id,Appears multiple times
8499053072,Duplicate,shipment_id,Appears multiple times
8495986515,Duplicate,shipment_id,Appears multiple times
8498827070,Duplicate,shipment_id,Appears multiple times
8498561613,Duplicate,shipment_id,Appears multiple times
8495350423,Duplicate,shipment_id,Appears multiple times
8495416322,Duplicate,shipment_id,Appears multiple times
8497515126,Duplicate,shipment_id,Appears multiple times
8497485001,Duplicate,shipment_id,Appears multiple times
8847233840,Duplicate,shipment_id,Appears multiple times
8849540138,Duplicate,shipment_id,Appears multiple times
8847156531,Duplicate,shipment_id,Appears multiple times
8847161406,Duplicate,shipment_id,Appears multiple times
8847108693,Duplicate,shipment_id,Appears multiple times
8847021162,Duplicate,shipment_id,Appears multiple times
8847021158,Duplicate,shipment_id,Appears multiple times
8849372127,Duplicate,shipment_id,Appears multiple times
8848963947,Duplicate,shipment_id,Appears multiple times
8846846478,Duplicate,shipment_id,Appears multiple times
8846810509,Duplicate,shipment_id,Appears multiple times
7853410614,Duplicate,shipment_id,Appears multiple times
7853449093,Duplicate,shipment_id,Appears multiple times
7853770505,Duplicate,shipment_id,Appears multiple times
7853839392,Duplicate,shipment_id,Appears multiple times
7856210794,Duplicate,shipment_id,Appears multiple times
7853629262,Duplicate,shipment_id,Appears multiple times
7852726860,Duplicate,shipment_id,Appears multiple times
7853142957,Duplicate,shipment_id,Appears multiple times
7853142955,Duplicate,shipment_id,Appears multiple times
7853142959,Duplicate,shipment_id,Appears multiple times
0795968562,Duplicate,shipment_id,Appears multiple times
0795998687,Duplicate,shipment_id,Appears multiple times
0795959403,Duplicate,shipment_id,Appears multiple times
0795904662,Duplicate,shipment_id,Appears multiple times
0798704369,Duplicate,shipment_id,Appears multiple times
0799404691,Duplicate,shipment_id,Appears multiple times
0799404690,Duplicate,shipment_id,Appears multiple times
0799224650,Duplicate,shipment_id,Appears multiple times
0799224651,Duplicate,shipment_id,Appears multiple times
0796494489,Duplicate,shipment_id,Appears multiple times
0798887492,Duplicate,shipment_id,Appears multiple times
0795561493,Duplicate,shipment_id,Appears multiple times
0795553405,Duplicate,shipment_id,Appears multiple times
0797838698,Duplicate,shipment_id,Appears multiple times
0795417378,Duplicate,shipment_id,Appears multiple times
0795413489,Duplicate,shipment_id,Appears multiple times
0795372156,Duplicate,shipment_id,Appears multiple times
0795353071,Duplicate,shipment_id,Appears multiple times
0795477011,Duplicate,shipment_id,Appears multiple times
0795872959,Duplicate,shipment_id,Appears multiple times
8846991529,Duplicate,shipment_id,Appears multiple times
0798235187,Duplicate,shipment_id,Appears multiple times
0798235186,Duplicate,shipment_id,Appears multiple times
0795345965,Duplicate,shipment_id,Appears multiple times
0795483587,Duplicate,shipment_id,Appears multiple times
0795506867,Duplicate,shipment_id,Appears multiple times
0795506866,Duplicate,shipment_id,Appears multiple times
0795474390,Duplicate,shipment_id,Appears multiple times
0795828153,Duplicate,shipment_id,Appears multiple times
0795699877,Duplicate,shipment_id,Appears multiple times
9325641035,Duplicate,shipment_id,Appears multiple times
9200290865,Duplicate,shipment_id,Appears multiple times
9324276174,Duplicate,shipment_id,Appears multiple times
9325639970,Duplicate,shipment_id,Appears multiple times
9324136584,Duplicate,shipment_id,Appears multiple times
9324146482,Duplicate,shipment_id,Appears multiple times
9326590461,Duplicate,shipment_id,Appears multiple times
9325827707,Duplicate,shipment_id,Appears multiple times
9325827706,Duplicate,shipment_id,Appears multiple times
1021881920,Duplicate,shipment_id,Appears multiple times
9326216069,Duplicate,shipment_id,Appears multiple times
9323834163,Duplicate,shipment_id,Appears multiple times
5661015840,Duplicate,shipment_id,Appears multiple times
5658892965,Duplicate,shipment_id,Appears multiple times
5660339757,Duplicate,shipment_id,Appears multiple times
5658608194,Duplicate,shipment_id,Appears multiple times
5658608193,Duplicate,shipment_id,Appears multiple times
5658581151,Duplicate,shipment_id,Appears multiple times
8481924751,Duplicate,shipment_id,Appears multiple times
8481757553,Duplicate,shipment_id,Appears multiple times
8481730379,Duplicate,shipment_id,Appears multiple times
8483552368,Duplicate,shipment_id,Appears multiple times
8481681519,Duplicate,shipment_id,Appears multiple times
8483549939,Duplicate,shipment_id,Appears multiple times
8481533989,Duplicate,shipment_id,Appears multiple times
8481441172,Duplicate,shipment_id,Appears multiple times
8481441171,Duplicate,shipment_id,Appears multiple times
8483997403,Duplicate,shipment_id,Appears multiple times
8483969234,Duplicate,shipment_id,Appears multiple times
6749706132,Duplicate,shipment_id,Appears multiple times
6749704070,Duplicate,shipment_id,Appears multiple times
6749702734,Duplicate,shipment_id,Appears multiple times
6749545892,Duplicate,shipment_id,Appears multiple times
1062292013,Duplicate,shipment_id,Appears multiple times
0798274767,Duplicate,shipment_id,Appears multiple times
6749485417,Duplicate,shipment_id,Appears multiple times
6751054954,Duplicate,shipment_id,Appears multiple times
6751054953,Duplicate,shipment_id,Appears multiple times
6751054952,Duplicate,shipment_id,Appears multiple times
6751054951,Duplicate,shipment_id,Appears multiple times
6751479028,Duplicate,shipment_id,Appears multiple times
6749180329,Duplicate,shipment_id,Appears multiple times
6751047843,Duplicate,shipment_id,Appears multiple times
6751047758,Duplicate,shipment_id,Appears multiple times
9203005871,Duplicate,shipment_id,Appears multiple times
9202986748,Duplicate,shipment_id,Appears multiple times
9202885236,Duplicate,shipment_id,Appears multiple times
9202837058,Duplicate,shipment_id,Appears multiple times
9200218543,Duplicate,shipment_id,Appears multiple times
9202792617,Duplicate,shipment_id,Appears multiple times
9202684751,Duplicate,shipment_id,Appears multiple times
9200178207,Duplicate,shipment_id,Appears multiple times
9200178208,Duplicate,shipment_id,Appears multiple times
1325922626,Duplicate,shipment_id,Appears multiple times
1323519539,Duplicate,shipment_id,Appears multiple times
0287027143,Duplicate,shipment_id,Appears multiple times
0287027226,Duplicate,shipment_id,Appears multiple times
0283514523,Duplicate,shipment_id,Appears multiple times
0286716502,Duplicate,shipment_id,Appears multiple times
0286716501,Duplicate,shipment_id,Appears multiple times
0286716500,Duplicate,shipment_id,Appears multiple times
0287044971,Duplicate,shipment_id,Appears multiple times
1191697378,Duplicate,shipment_id,Appears multiple times
1118290592,Duplicate,shipment_id,Appears multiple times
1163281330,Duplicate,shipment_id,Appears multiple times
1171463162,Duplicate,shipment_id,Appears multiple times
1113653320,Duplicate,shipment_id,Appears multiple times
1163184908,Duplicate,shipment_id,Appears multiple times
1169711802,Duplicate,shipment_id,Appears multiple times
1080052331,Duplicate,shipment_id,Appears multiple times
1173749520,Duplicate,shipment_id,Appears multiple times
1155146249,Duplicate,shipment_id,Appears multiple times
1029627353,Duplicate,shipment_id,Appears multiple times
1174747086,Duplicate,shipment_id,Appears multiple times
1123782371,Duplicate,shipment_id,Appears multiple times
1279507345,Duplicate,shipment_id,Appears multiple times
1059905600,Duplicate,shipment_id,Appears multiple times
1051588484,Duplicate,shipment_id,Appears multiple times
1183554432,Duplicate,shipment_id,Appears multiple times
1194375086,Duplicate,shipment_id,Appears multiple times
1057194784,Duplicate,shipment_id,Appears multiple times
1123179876,Duplicate,shipment_id,Appears multiple times
1079819472,Duplicate,shipment_id,Appears multiple times
1128706685,Duplicate,shipment_id,Appears multiple times
1030688205,Duplicate,shipment_id,Appears multiple times
1141357164,Duplicate,shipment_id,Appears multiple times
1019357290,Duplicate,shipment_id,Appears multiple times
1036724791,Duplicate,shipment_id,Appears multiple times
1052025032,Duplicate,shipment_id,Appears multiple times
1105667734,Duplicate,shipment_id,Appears multiple times
1031983658,Duplicate,shipment_id,Appears multiple times
1009874564,Duplicate,shipment_id,Appears multiple times
1191070339,Duplicate,shipment_id,Appears multiple times
1022225682,Duplicate,shipment_id,Appears multiple times
1328632960,Duplicate,shipment_id,Appears multiple times
1091510223,Duplicate,shipment_id,Appears multiple times
1385429160,Duplicate,shipment_id,Appears multiple times
1318258813,Duplicate,shipment_id,Appears multiple times
1524453811,Duplicate,shipment_id,Appears multiple times
1322850239,Duplicate,shipment_id,Appears multiple times
1033603402,Duplicate,shipment_id,Appears multiple times
1333362111,Duplicate,shipment_id,Appears multiple times
1183894433,Duplicate,shipment_id,Appears multiple times
1040932891,Duplicate,shipment_id,Appears multiple times
1095979636,Duplicate,shipment_id,Appears multiple times
1019026957,Duplicate,shipment_id,Appears multiple times
1094013515,Duplicate,shipment_id,Appears multiple times
1094753398,Duplicate,shipment_id,Appears multiple times
1105470397,Duplicate,shipment_id,Appears multiple times
1060556828,Duplicate,shipment_id,Appears multiple times
1001832123,Duplicate,shipment_id,Appears multiple times
1275336177,Duplicate,shipment_id,Appears multiple times
3699613574,Duplicate,shipment_id,Appears multiple times
3699613575,Duplicate,shipment_id,Appears multiple times
3699613577,Duplicate,shipment_id,Appears multiple times
1164059496,Duplicate,shipment_id,Appears multiple times
1056324926,Duplicate,shipment_id,Appears multiple times
1283543722,Duplicate,shipment_id,Appears multiple times
1293592672,Duplicate,shipment_id,Appears multiple times
1106709234,Duplicate,shipment_id,Appears multiple times
1226108108,Duplicate,shipment_id,Appears multiple times
1179922777,Duplicate,shipment_id,Appears multiple times
1206200598,Duplicate,shipment_id,Appears multiple times
1134659349,Duplicate,shipment_id,Appears multiple times
1114331812,Duplicate,shipment_id,Appears multiple times
1131964534,Duplicate,shipment_id,Appears multiple times
1082945934,Duplicate,shipment_id,Appears multiple times
1153123833,Duplicate,shipment_id,Appears multiple times
1095378638,Duplicate,shipment_id,Appears multiple times
1101201241,Duplicate,shipment_id,Appears multiple times
1057965207,Duplicate,shipment_id,Appears multiple times
1012548353,Duplicate,shipment_id,Appears multiple times
1009932725,Duplicate,shipment_id,Appears multiple times
1035954437,Duplicate,shipment_id,Appears multiple times
1127994644,Duplicate,shipment_id,Appears multiple times
1037479417,Duplicate,shipment_id,Appears multiple times
1042292132,Duplicate,shipment_id,Appears multiple times
1031069609,Duplicate,shipment_id,Appears multiple times
1091055779,Duplicate,shipment_id,Appears multiple times
1121281759,Duplicate,shipment_id,Appears multiple times
3752726116,Duplicate,shipment_id,Appears multiple times
1093791131,Duplicate,shipment_id,Appears multiple times
1359896914,Duplicate,shipment_id,Appears multiple times
1059268779,Duplicate,shipment_id,Appears multiple times
1089896448,Duplicate,shipment_id,Appears multiple times
1154000222,Duplicate,shipment_id,Appears multiple times
1125058287,Duplicate,shipment_id,Appears multiple times
6305804022,Value Mismatch,valueusd,Calculated vs reported value differs by >10%
2078494685,Value Mismatch,valueusd,Calculated vs reported value differs by >10%
651132226,Value Mismatch,valueusd,Calculated vs reported value differs by >10%
650320197,Value Mismatch,valueusd,Calculated vs reported value differs by >10%
6005085860,Value Mismatch,valueusd,Calculated vs reported value differs by >10%
6005216869,Value Mismatch,valueusd,Calculated vs reported value differs by >10%
6005229774,Value Mismatch,valueusd,Calculated vs reported value differs by >10%
650320175,Value Mismatch,valueusd,Calculated vs reported value differs by >10%
650320174,Value Mismatch,valueusd,Calculated vs reported value differs by >10%
3700837065,Value Mismatch,valueusd,Calculated vs reported value differs by >10%
3700339822,Value Mismatch,valueusd,Calculated vs reported value differs by >10%
3700339822,Value Mismatch,valueusd,Calculated vs reported value differs by >10%
3700837481,Value Mismatch,valueusd,Calculated vs reported value differs by >10%
3699957265,Value Mismatch,valueusd,Calculated vs reported value differs by >10%
3699957265,Value Mismatch,valueusd,Calculated vs reported value differs by >10%
3699957265,Value Mismatch,valueusd,Calculated vs reported value differs by >10%
3700578808,Value Mismatch,valueusd,Calculated vs reported value differs by >10%
3700578510,Value Mismatch,valueusd,Calculated vs reported value differs by >10%
3700578510,Value Mismatch,valueusd,Calculated vs reported value differs by >10%
2078385977,Value Mismatch,valueusd,Calculated vs reported value differs by >10%
3462688059,Value Mismatch,valueusd,Calculated vs reported value differs by >10%
3462688057,Value Mismatch,valueusd,Calculated vs reported value differs by >10%
3697944057,Value Mismatch,valueusd,Calculated vs reported value differs by >10%
3462688058,Value Mismatch,valueusd,Calculated vs reported value differs by >10%
3751331905,Value Mismatch,valueusd,Calculated vs reported value differs by >10%
6978964980,Value Mismatch,valueusd,Calculated vs reported value differs by >10%
6978219819,Value Mismatch,valueusd,Calculated vs reported value differs by >10%
6978250642,Value Mismatch,valueusd,Calculated vs reported value differs by >10%
6978219814,Value Mismatch,valueusd,Calculated vs reported value differs by >10%
3700333720,Value Mismatch,valueusd,Calculated vs reported value differs by >10%
9703185172,Value Mismatch,valueusd,Calculated vs reported value differs by >10%
9702839102,Value Mismatch,valueusd,Calculated vs reported value differs by >10%
9702394510,Value Mismatch,valueusd,Calculated vs reported value differs by >10%
9705595199,Value Mismatch,valueusd,Calculated vs reported value differs by >10%
9702394498,Value Mismatch,valueusd,Calculated vs reported value differs by >10%
9859244330,Value Mismatch,valueusd,Calculated vs reported value differs by >10%
9862963905,Value Mismatch,valueusd,Calculated vs reported value differs by >10%
9862963906,Value Mismatch,valueusd,Calculated vs reported value differs by >10%
9860917685,Value Mismatch,valueusd,Calculated vs reported value differs by >10%
9863222479,Value Mismatch,valueusd,Calculated vs reported value differs by >10%
9863222480,Value Mismatch,valueusd,Calculated vs reported value differs by >10%
9859852916,Value Mismatch,valueusd,Calculated vs reported value differs by >10%
1130630033,Value Mismatch,valueusd,Calculated vs reported value differs by >10%
7991028077,Value Mismatch,valueusd,Calculated vs reported value differs by >10%
7993786819,Value Mismatch,valueusd,Calculated vs reported value differs by >10%
7990396178,Value Mismatch,valueusd,Calculated vs reported value differs by >10%
2077649230,Value Mismatch,valueusd,Calculated vs reported value differs by >10%
1042916485,Value Mismatch,valueusd,Calculated vs reported value differs by >10%
1045037075,Value Mismatch,valueusd,Calculated vs reported value differs by >10%
1044928986,Value Mismatch,valueusd,Calculated vs reported value differs by >10%
1043806365,Value Mismatch,valueusd,Calculated vs reported value differs by >10%
7853839393,Value Mismatch,valueusd,Calculated vs reported value differs by >10%
1043827566,Value Mismatch,valueusd,Calculated vs reported value differs by >10%
3701100614,Value Mismatch,valueusd,Calculated vs reported value differs by >10%
1097465180,Value Mismatch,valueusd,Calculated vs reported value differs by >10%
1097395154,Value Mismatch,valueusd,Calculated vs reported value differs by >10%
1097296953,Value Mismatch,valueusd,Calculated vs reported value differs by >10%
1101525388,Value Mismatch,valueusd,Calculated vs reported value differs by >10%
1098362657,Value Mismatch,valueusd,Calculated vs reported value differs by >10%
1099887371,Value Mismatch,valueusd,Calculated vs reported value differs by >10%
3701100613,Value Mismatch,valueusd,Calculated vs reported value differs by >10%
447224422,Value Mismatch,valueusd,Calculated vs reported value differs by >10%
447224421,Value Mismatch,valueusd,Calculated vs reported value differs by >10%
3700333721,Value Mismatch,valueusd,Calculated vs reported value differs by >10%
2077432107,Value Mismatch,valueusd,Calculated vs reported value differs by >10%
446898843,Value Mismatch,valueusd,Calculated vs reported value differs by >10%
446792356,Value Mismatch,valueusd,Calculated vs reported value differs by >10%
447794701,Value Mismatch,valueusd,Calculated vs reported value differs by >10%
447794698,Value Mismatch,valueusd,Calculated vs reported value differs by >10%
447794699,Value Mismatch,valueusd,Calculated vs reported value differs by >10%
447584377,Value Mismatch,valueusd,Calculated vs reported value differs by >10%
3975911873,Value Mismatch,valueusd,Calculated vs reported value differs by >10%
3972933574,Value Mismatch,valueusd,Calculated vs reported value differs by >10%
3972886682,Value Mismatch,valueusd,Calculated vs reported value differs by >10%
650359192,Value Mismatch,valueusd,Calculated vs reported value differs by >10%
3972567297,Value Mismatch,valueusd,Calculated vs reported value differs by >10%
2774875256,Value Mismatch,valueusd,Calculated vs reported value differs by >10%
2078457427,Value Mismatch,valueusd,Calculated vs reported value differs by >10%
2775852077,Value Mismatch,valueusd,Calculated vs reported value differs by >10%
2775470725,Value Mismatch,valueusd,Calculated vs reported value differs by >10%
2775416833,Value Mismatch,valueusd,Calculated vs reported value differs by >10%
2078558639,Value Mismatch,valueusd,Calculated vs reported value differs by >10%
2777872418,Value Mismatch,valueusd,Calculated vs reported value differs by >10%
1417762322,Value Mismatch,valueusd,Calculated vs reported value differs by >10%
1417762321,Value Mismatch,valueusd,Calculated vs reported value differs by >10%
1416848085,Value Mismatch,valueusd,Calculated vs reported value differs by >10%
693638591,Value Mismatch,valueusd,Calculated vs reported value differs by >10%
693981039,Value Mismatch,valueusd,Calculated vs reported value differs by >10%
693981040,Value Mismatch,valueusd,Calculated vs reported value differs by >10%
693981041,Value Mismatch,valueusd,Calculated vs reported value differs by >10%
2078506818,Value Mismatch,valueusd,Calculated vs reported value differs by >10%
9200565517,Value Mismatch,valueusd,Calculated vs reported value differs by >10%
2078525439,Value Mismatch,valueusd,Calculated vs reported value differs by >10%
2078489353,Value Mismatch,valueusd,Calculated vs reported value differs by >10%
2078485298,Value Mismatch,valueusd,Calculated vs reported value differs by >10%
2078407165,Value Mismatch,valueusd,Calculated vs reported value differs by >10%
9199830183,Value Mismatch,valueusd,Calculated vs reported value differs by >10%
9201713370,Value Mismatch,valueusd,Calculated vs reported value differs by >10%
9200169211,Value Mismatch,valueusd,Calculated vs reported value differs by >10%
831975206,Value Mismatch,valueusd,Calculated vs reported value differs by >10%
831975207,Value Mismatch,valueusd,Calculated vs reported value differs by >10%
1807946004,Value Mismatch,valueusd,Calculated vs reported value differs by >10%
6302507320,Value Mismatch,valueusd,Calculated vs reported value differs by >10%
6302507319,Value Mismatch,valueusd,Calculated vs reported value differs by >10%
6302507321,Value Mismatch,valueusd,Calculated vs reported value differs by >10%
218167092,Value Mismatch,valueusd,Calculated vs reported value differs by >10%
218167093,Value Mismatch,valueusd,Calculated vs reported value differs by >10%
219572923,Value Mismatch,valueusd,Calculated vs reported value differs by >10%
6302507318,Value Mismatch,valueusd,Calculated vs reported value differs by >10%
218015418,Value Mismatch,valueusd,Calculated vs reported value differs by >10%
1807909453,Value Mismatch,valueusd,Calculated vs reported value differs by >10%
9455620890,Value Mismatch,valueusd,Calculated vs reported value differs by >10%
9455619681,Value Mismatch,valueusd,Calculated vs reported value differs by >10%
9455620659,Value Mismatch,valueusd,Calculated vs reported value differs by >10%
9455619738,Value Mismatch,valueusd,Calculated vs reported value differs by >10%
9455619737,Value Mismatch,valueusd,Calculated vs reported value differs by >10%
9455619736,Value Mismatch,valueusd,Calculated vs reported value differs by >10%
9455619734,Value Mismatch,valueusd,Calculated vs reported value differs by >10%
9455619733,Value Mismatch,valueusd,Calculated vs reported value differs by >10%
6302374095,Value Mismatch,valueusd,Calculated vs reported value differs by >10%
6302374094,Value Mismatch,valueusd,Calculated vs reported value differs by >10%
6302374096,Value Mismatch,valueusd,Calculated vs reported value differs by >10%
9453832996,Value Mismatch,valueusd,Calculated vs reported value differs by >10%
9453862301,Value Mismatch,valueusd,Calculated vs reported value differs by >10%
9453862301,Value Mismatch,valueusd,Calculated vs reported value differs by >10%
6302374093,Value Mismatch,valueusd,Calculated vs reported value differs by >10%
6302374099,Value Mismatch,valueusd,Calculated vs reported value differs by >10%
652865307,Value Mismatch,valueusd,Calculated vs reported value differs by >10%
3459699203,Value Mismatch,valueusd,Calculated vs reported value differs by >10%
3460262971,Value Mismatch,valueusd,Calculated vs reported value differs by >10%
3460262971,Value Mismatch,valueusd,Calculated vs reported value differs by >10%
652865306,Value Mismatch,valueusd,Calculated vs reported value differs by >10%
652865305,Value Mismatch,valueusd,Calculated vs reported value differs by >10%
130568509,Value Mismatch,valueusd,Calculated vs reported value differs by >10%
130568510,Value Mismatch,valueusd,Calculated vs reported value differs by >10%
130568507,Value Mismatch,valueusd,Calculated vs reported value differs by >10%
130568508,Value Mismatch,valueusd,Calculated vs reported value differs by >10%
0130568510,Value Mismatch,valueusd,Calculated vs reported value differs by >10%
0130568509,Value Mismatch,valueusd,Calculated vs reported value differs by >10%
0130568508,Value Mismatch,valueusd,Calculated vs reported value differs by >10%
0130568507,Value Mismatch,valueusd,Calculated vs reported value differs by >10%
652865304,Value Mismatch,valueusd,Calculated vs reported value differs by >10%
130969641,Value Mismatch,valueusd,Calculated vs reported value differs by >10%
652865303,Value Mismatch,valueusd,Calculated vs reported value differs by >10%
130969645,Value Mismatch,valueusd,Calculated vs reported value differs by >10%
0130969645,Value Mismatch,valueusd,Calculated vs reported value differs by >10%
652865302,Value Mismatch,valueusd,Calculated vs reported value differs by >10%
652865301,Value Mismatch,valueusd,Calculated vs reported value differs by >10%
8336623827,Value Mismatch,valueusd,Calculated vs reported value differs by >10%
652357850,Value Mismatch,valueusd,Calculated vs reported value differs by >10%
0126822950,Value Mismatch,valueusd,Calculated vs reported value differs by >10%
652357849,Value Mismatch,valueusd,Calculated vs reported value differs by >10%
0129934080,Value Mismatch,valueusd,Calculated vs reported value differs by >10%
652357848,Value Mismatch,valueusd,Calculated vs reported value differs by >10%
3751548678,Value Mismatch,valueusd,Calculated vs reported value differs by >10%
3751548678,Value Mismatch,valueusd,Calculated vs reported value differs by >10%
3751309249,Value Mismatch,valueusd,Calculated vs reported value differs by >10%
652357847,Value Mismatch,valueusd,Calculated vs reported value differs by >10%
3751309253,Value Mismatch,valueusd,Calculated vs reported value differs by >10%
3751309251,Value Mismatch,valueusd,Calculated vs reported value differs by >10%
3751309253,Value Mismatch,valueusd,Calculated vs reported value differs by >10%
3751309251,Value Mismatch,valueusd,Calculated vs reported value differs by >10%
652357845,Value Mismatch,valueusd,Calculated vs reported value differs by >10%
8336696747,Value Mismatch,valueusd,Calculated vs reported value differs by >10%
3753167896,Value Mismatch,valueusd,Calculated vs reported value differs by >10%
3751144029,Value Mismatch,valueusd,Calculated vs reported value differs by >10%
652357852,Value Mismatch,valueusd,Calculated vs reported value differs by >10%
3751038911,Value Mismatch,valueusd,Calculated vs reported value differs by >10%
3751038911,Value Mismatch,valueusd,Calculated vs reported value differs by >10%
652357851,Value Mismatch,valueusd,Calculated vs reported value differs by >10%
8495907004,Value Mismatch,valueusd,Calculated vs reported value differs by >10%
8496136477,Value Mismatch,valueusd,Calculated vs reported value differs by >10%
8495765642,Value Mismatch,valueusd,Calculated vs reported value differs by >10%
8495765641,Value Mismatch,valueusd,Calculated vs reported value differs by >10%
8496136479,Value Mismatch,valueusd,Calculated vs reported value differs by >10%
8496136476,Value Mismatch,valueusd,Calculated vs reported value differs by >10%
8496136478,Value Mismatch,valueusd,Calculated vs reported value differs by >10%
8495947903,Value Mismatch,valueusd,Calculated vs reported value differs by >10%
8498741272,Value Mismatch,valueusd,Calculated vs reported value differs by >10%
8498741272,Value Mismatch,valueusd,Calculated vs reported value differs by >10%
8498741273,Value Mismatch,valueusd,Calculated vs reported value differs by >10%
8498741273,Value Mismatch,valueusd,Calculated vs reported value differs by >10%
8496127416,Value Mismatch,valueusd,Calculated vs reported value differs by >10%
8496127416,Value Mismatch,valueusd,Calculated vs reported value differs by >10%
8496137477,Value Mismatch,valueusd,Calculated vs reported value differs by >10%
8496137477,Value Mismatch,valueusd,Calculated vs reported value differs by >10%
8495900106,Value Mismatch,valueusd,Calculated vs reported value differs by >10%
8495900106,Value Mismatch,valueusd,Calculated vs reported value differs by >10%
8498296318,Value Mismatch,valueusd,Calculated vs reported value differs by >10%
8498296318,Value Mismatch,valueusd,Calculated vs reported value differs by >10%
8495650438,Value Mismatch,valueusd,Calculated vs reported value differs by >10%
8495650437,Value Mismatch,valueusd,Calculated vs reported value differs by >10%
8495650440,Value Mismatch,valueusd,Calculated vs reported value differs by >10%
8495650439,Value Mismatch,valueusd,Calculated vs reported value differs by >10%
8497347158,Value Mismatch,valueusd,Calculated vs reported value differs by >10%
8495140457,Value Mismatch,valueusd,Calculated vs reported value differs by >10%
8495392461,Value Mismatch,valueusd,Calculated vs reported value differs by >10%
8495392461,Value Mismatch,valueusd,Calculated vs reported value differs by >10%
8495392461,Value Mismatch,valueusd,Calculated vs reported value differs by >10%
8495044710,Value Mismatch,valueusd,Calculated vs reported value differs by >10%
8498130341,Value Mismatch,valueusd,Calculated vs reported value differs by >10%
8498130340,Value Mismatch,valueusd,Calculated vs reported value differs by >10%
8498130341,Value Mismatch,valueusd,Calculated vs reported value differs by >10%
8498130340,Value Mismatch,valueusd,Calculated vs reported value differs by >10%
8497619124,Value Mismatch,valueusd,Calculated vs reported value differs by >10%
8849140386,Value Mismatch,valueusd,Calculated vs reported value differs by >10%
652357846,Value Mismatch,valueusd,Calculated vs reported value differs by >10%
8336694905,Value Mismatch,valueusd,Calculated vs reported value differs by >10%
8336761853,Value Mismatch,valueusd,Calculated vs reported value differs by >10%
8336705237,Value Mismatch,valueusd,Calculated vs reported value differs by >10%
6005801783,Value Mismatch,valueusd,Calculated vs reported value differs by >10%
6005758837,Value Mismatch,valueusd,Calculated vs reported value differs by >10%
6005894826,Value Mismatch,valueusd,Calculated vs reported value differs by >10%
6005847620,Value Mismatch,valueusd,Calculated vs reported value differs by >10%
8850040479,Value Mismatch,valueusd,Calculated vs reported value differs by >10%
8850040478,Value Mismatch,valueusd,Calculated vs reported value differs by >10%
8850040474,Value Mismatch,valueusd,Calculated vs reported value differs by >10%
8850040472,Value Mismatch,valueusd,Calculated vs reported value differs by >10%
8850040479,Value Mismatch,valueusd,Calculated vs reported value differs by >10%
8850040478,Value Mismatch,valueusd,Calculated vs reported value differs by >10%
8850040474,Value Mismatch,valueusd,Calculated vs reported value differs by >10%
8850040472,Value Mismatch,valueusd,Calculated vs reported value differs by >10%
8847299964,Value Mismatch,valueusd,Calculated vs reported value differs by >10%
6005755471,Value Mismatch,valueusd,Calculated vs reported value differs by >10%
8847300725,Value Mismatch,valueusd,Calculated vs reported value differs by >10%
6005780086,Value Mismatch,valueusd,Calculated vs reported value differs by >10%
6005780086,Value Mismatch,valueusd,Calculated vs reported value differs by >10%
8847291934,Value Mismatch,valueusd,Calculated vs reported value differs by >10%
8847291934,Value Mismatch,valueusd,Calculated vs reported value differs by >10%
8847172995,Value Mismatch,valueusd,Calculated vs reported value differs by >10%
8847172994,Value Mismatch,valueusd,Calculated vs reported value differs by >10%
6005755471,Value Mismatch,valueusd,Calculated vs reported value differs by >10%
8847073098,Value Mismatch,valueusd,Calculated vs reported value differs by >10%
8847073098,Value Mismatch,valueusd,Calculated vs reported value differs by >10%
8847073098,Value Mismatch,valueusd,Calculated vs reported value differs by >10%
8847038452,Value Mismatch,valueusd,Calculated vs reported value differs by >10%
6005847620,Value Mismatch,valueusd,Calculated vs reported value differs by >10%
6005894826,Value Mismatch,valueusd,Calculated vs reported value differs by >10%
8849359217,Value Mismatch,valueusd,Calculated vs reported value differs by >10%
8846974185,Value Mismatch,valueusd,Calculated vs reported value differs by >10%
8846974185,Value Mismatch,valueusd,Calculated vs reported value differs by >10%
8846912715,Value Mismatch,valueusd,Calculated vs reported value differs by >10%
8849324749,Value Mismatch,valueusd,Calculated vs reported value differs by >10%
8849324749,Value Mismatch,valueusd,Calculated vs reported value differs by >10%
8849324749,Value Mismatch,valueusd,Calculated vs reported value differs by >10%
8849298440,Value Mismatch,valueusd,Calculated vs reported value differs by >10%
8849298443,Value Mismatch,valueusd,Calculated vs reported value differs by >10%
8846817495,Value Mismatch,valueusd,Calculated vs reported value differs by >10%
8846817490,Value Mismatch,valueusd,Calculated vs reported value differs by >10%
8849248795,Value Mismatch,valueusd,Calculated vs reported value differs by >10%
8846809452,Value Mismatch,valueusd,Calculated vs reported value differs by >10%
8849248795,Value Mismatch,valueusd,Calculated vs reported value differs by >10%
8849248795,Value Mismatch,valueusd,Calculated vs reported value differs by >10%
7853443158,Value Mismatch,valueusd,Calculated vs reported value differs by >10%
7853443158,Value Mismatch,valueusd,Calculated vs reported value differs by >10%
7853450839,Value Mismatch,valueusd,Calculated vs reported value differs by >10%
7853450839,Value Mismatch,valueusd,Calculated vs reported value differs by >10%
7853450838,Value Mismatch,valueusd,Calculated vs reported value differs by >10%
7853450838,Value Mismatch,valueusd,Calculated vs reported value differs by >10%
7853274155,Value Mismatch,valueusd,Calculated vs reported value differs by >10%
7853274155,Value Mismatch,valueusd,Calculated vs reported value differs by >10%
7853274154,Value Mismatch,valueusd,Calculated vs reported value differs by >10%
7853274154,Value Mismatch,valueusd,Calculated vs reported value differs by >10%
7855326278,Value Mismatch,valueusd,Calculated vs reported value differs by >10%
6005801783,Value Mismatch,valueusd,Calculated vs reported value differs by >10%
6005758837,Value Mismatch,valueusd,Calculated vs reported value differs by >10%
7855413438,Value Mismatch,valueusd,Calculated vs reported value differs by >10%
7855324028,Value Mismatch,valueusd,Calculated vs reported value differs by >10%
8313049931,Value Mismatch,valueusd,Calculated vs reported value differs by >10%
7853158956,Value Mismatch,valueusd,Calculated vs reported value differs by >10%
0795986559,Value Mismatch,valueusd,Calculated vs reported value differs by >10%
0798969991,Value Mismatch,valueusd,Calculated vs reported value differs by >10%
0798969991,Value Mismatch,valueusd,Calculated vs reported value differs by >10%
651803205,Value Mismatch,valueusd,Calculated vs reported value differs by >10%
651803204,Value Mismatch,valueusd,Calculated vs reported value differs by >10%
0796585022,Value Mismatch,valueusd,Calculated vs reported value differs by >10%
0796361572,Value Mismatch,valueusd,Calculated vs reported value differs by >10%
0799085776,Value Mismatch,valueusd,Calculated vs reported value differs by >10%
0799085776,Value Mismatch,valueusd,Calculated vs reported value differs by >10%
651803203,Value Mismatch,valueusd,Calculated vs reported value differs by >10%
651803208,Value Mismatch,valueusd,Calculated vs reported value differs by >10%
0797838697,Value Mismatch,valueusd,Calculated vs reported value differs by >10%
0797838697,Value Mismatch,valueusd,Calculated vs reported value differs by >10%
5642185171,Value Mismatch,valueusd,Calculated vs reported value differs by >10%
5642185170,Value Mismatch,valueusd,Calculated vs reported value differs by >10%
0795324090,Value Mismatch,valueusd,Calculated vs reported value differs by >10%
0795324090,Value Mismatch,valueusd,Calculated vs reported value differs by >10%
5642199565,Value Mismatch,valueusd,Calculated vs reported value differs by >10%
5642199565,Value Mismatch,valueusd,Calculated vs reported value differs by >10%
5642185170,Value Mismatch,valueusd,Calculated vs reported value differs by >10%
5642185171,Value Mismatch,valueusd,Calculated vs reported value differs by >10%
5642181069,Value Mismatch,valueusd,Calculated vs reported value differs by >10%
5642181069,Value Mismatch,valueusd,Calculated vs reported value differs by >10%
9324190272,Value Mismatch,valueusd,Calculated vs reported value differs by >10%
9324190272,Value Mismatch,valueusd,Calculated vs reported value differs by >10%
9324167567,Value Mismatch,valueusd,Calculated vs reported value differs by >10%
9324167567,Value Mismatch,valueusd,Calculated vs reported value differs by >10%
9324088545,Value Mismatch,valueusd,Calculated vs reported value differs by >10%
9324088545,Value Mismatch,valueusd,Calculated vs reported value differs by >10%
9324084849,Value Mismatch,valueusd,Calculated vs reported value differs by >10%
9326547754,Value Mismatch,valueusd,Calculated vs reported value differs by >10%
9326547754,Value Mismatch,valueusd,Calculated vs reported value differs by >10%
9324041859,Value Mismatch,valueusd,Calculated vs reported value differs by >10%
9324041859,Value Mismatch,valueusd,Calculated vs reported value differs by >10%
5642176228,Value Mismatch,valueusd,Calculated vs reported value differs by >10%
9323727931,Value Mismatch,valueusd,Calculated vs reported value differs by >10%
9323727931,Value Mismatch,valueusd,Calculated vs reported value differs by >10%
5642176228,Value Mismatch,valueusd,Calculated vs reported value differs by >10%
5642186428,Value Mismatch,valueusd,Calculated vs reported value differs by >10%
5658726849,Value Mismatch,valueusd,Calculated vs reported value differs by >10%
5658726581,Value Mismatch,valueusd,Calculated vs reported value differs by >10%
5658721304,Value Mismatch,valueusd,Calculated vs reported value differs by >10%
5658726581,Value Mismatch,valueusd,Calculated vs reported value differs by >10%
5658721304,Value Mismatch,valueusd,Calculated vs reported value differs by >10%
5658712567,Value Mismatch,valueusd,Calculated vs reported value differs by >10%
5660909109,Value Mismatch,valueusd,Calculated vs reported value differs by >10%
5660909109,Value Mismatch,valueusd,Calculated vs reported value differs by >10%
5658600689,Value Mismatch,valueusd,Calculated vs reported value differs by >10%
5658600689,Value Mismatch,valueusd,Calculated vs reported value differs by >10%
5642186428,Value Mismatch,valueusd,Calculated vs reported value differs by >10%
5660732369,Value Mismatch,valueusd,Calculated vs reported value differs by >10%
8481958109,Value Mismatch,valueusd,Calculated vs reported value differs by >10%
8481957666,Value Mismatch,valueusd,Calculated vs reported value differs by >10%
8481957666,Value Mismatch,valueusd,Calculated vs reported value differs by >10%
8481840046,Value Mismatch,valueusd,Calculated vs reported value differs by >10%
8481840046,Value Mismatch,valueusd,Calculated vs reported value differs by >10%
3698992608,Value Mismatch,valueusd,Calculated vs reported value differs by >10%
3698992901,Value Mismatch,valueusd,Calculated vs reported value differs by >10%
8484176003,Value Mismatch,valueusd,Calculated vs reported value differs by >10%
8484176002,Value Mismatch,valueusd,Calculated vs reported value differs by >10%
8484176001,Value Mismatch,valueusd,Calculated vs reported value differs by >10%
8484176000,Value Mismatch,valueusd,Calculated vs reported value differs by >10%
8484175999,Value Mismatch,valueusd,Calculated vs reported value differs by >10%
8484175998,Value Mismatch,valueusd,Calculated vs reported value differs by >10%
3698992902,Value Mismatch,valueusd,Calculated vs reported value differs by >10%
3698992903,Value Mismatch,valueusd,Calculated vs reported value differs by >10%
8481715825,Value Mismatch,valueusd,Calculated vs reported value differs by >10%
8481715821,Value Mismatch,valueusd,Calculated vs reported value differs by >10%
8481715817,Value Mismatch,valueusd,Calculated vs reported value differs by >10%
8481715820,Value Mismatch,valueusd,Calculated vs reported value differs by >10%
8481715824,Value Mismatch,valueusd,Calculated vs reported value differs by >10%
8481715822,Value Mismatch,valueusd,Calculated vs reported value differs by >10%
8481715819,Value Mismatch,valueusd,Calculated vs reported value differs by >10%
8481715818,Value Mismatch,valueusd,Calculated vs reported value differs by >10%
8481715816,Value Mismatch,valueusd,Calculated vs reported value differs by >10%
8481689258,Value Mismatch,valueusd,Calculated vs reported value differs by >10%
8481686970,Value Mismatch,valueusd,Calculated vs reported value differs by >10%
8481689258,Value Mismatch,valueusd,Calculated vs reported value differs by >10%
8481686970,Value Mismatch,valueusd,Calculated vs reported value differs by >10%
8481626566,Value Mismatch,valueusd,Calculated vs reported value differs by >10%
8481638598,Value Mismatch,valueusd,Calculated vs reported value differs by >10%
8484103906,Value Mismatch,valueusd,Calculated vs reported value differs by >10%
8484103905,Value Mismatch,valueusd,Calculated vs reported value differs by >10%
8484103904,Value Mismatch,valueusd,Calculated vs reported value differs by >10%
8484103906,Value Mismatch,valueusd,Calculated vs reported value differs by >10%
8484103905,Value Mismatch,valueusd,Calculated vs reported value differs by >10%
8484103904,Value Mismatch,valueusd,Calculated vs reported value differs by >10%
8484103908,Value Mismatch,valueusd,Calculated vs reported value differs by >10%
8484103903,Value Mismatch,valueusd,Calculated vs reported value differs by >10%
8484103908,Value Mismatch,valueusd,Calculated vs reported value differs by >10%
8484103903,Value Mismatch,valueusd,Calculated vs reported value differs by >10%
8484067145,Value Mismatch,valueusd,Calculated vs reported value differs by >10%
8481621130,Value Mismatch,valueusd,Calculated vs reported value differs by >10%
8481621130,Value Mismatch,valueusd,Calculated vs reported value differs by >10%
8481543796,Value Mismatch,valueusd,Calculated vs reported value differs by >10%
8481543796,Value Mismatch,valueusd,Calculated vs reported value differs by >10%
3698992903,Value Mismatch,valueusd,Calculated vs reported value differs by >10%
3698992901,Value Mismatch,valueusd,Calculated vs reported value differs by >10%
8484030064,Value Mismatch,valueusd,Calculated vs reported value differs by >10%
8481523502,Value Mismatch,valueusd,Calculated vs reported value differs by >10%
8481519385,Value Mismatch,valueusd,Calculated vs reported value differs by >10%
8481523502,Value Mismatch,valueusd,Calculated vs reported value differs by >10%
8481519385,Value Mismatch,valueusd,Calculated vs reported value differs by >10%
8481567343,Value Mismatch,valueusd,Calculated vs reported value differs by >10%
8484017313,Value Mismatch,valueusd,Calculated vs reported value differs by >10%
8484017313,Value Mismatch,valueusd,Calculated vs reported value differs by >10%
8484017312,Value Mismatch,valueusd,Calculated vs reported value differs by >10%
8484017310,Value Mismatch,valueusd,Calculated vs reported value differs by >10%
8484017312,Value Mismatch,valueusd,Calculated vs reported value differs by >10%
8484017310,Value Mismatch,valueusd,Calculated vs reported value differs by >10%
8481453378,Value Mismatch,valueusd,Calculated vs reported value differs by >10%
8481453378,Value Mismatch,valueusd,Calculated vs reported value differs by >10%
8481445165,Value Mismatch,valueusd,Calculated vs reported value differs by >10%
8481445167,Value Mismatch,valueusd,Calculated vs reported value differs by >10%
8481445163,Value Mismatch,valueusd,Calculated vs reported value differs by >10%
8481445160,Value Mismatch,valueusd,Calculated vs reported value differs by >10%
6749712668,Value Mismatch,valueusd,Calculated vs reported value differs by >10%
6749712668,Value Mismatch,valueusd,Calculated vs reported value differs by >10%
6749686055,Value Mismatch,valueusd,Calculated vs reported value differs by >10%
6749686055,Value Mismatch,valueusd,Calculated vs reported value differs by >10%
6751062725,Value Mismatch,valueusd,Calculated vs reported value differs by >10%
6751062725,Value Mismatch,valueusd,Calculated vs reported value differs by >10%
6749551902,Value Mismatch,valueusd,Calculated vs reported value differs by >10%
6749551902,Value Mismatch,valueusd,Calculated vs reported value differs by >10%
6751638164,Value Mismatch,valueusd,Calculated vs reported value differs by >10%
6751638164,Value Mismatch,valueusd,Calculated vs reported value differs by >10%
6749498454,Value Mismatch,valueusd,Calculated vs reported value differs by >10%
6749498454,Value Mismatch,valueusd,Calculated vs reported value differs by >10%
0599304461,Value Mismatch,valueusd,Calculated vs reported value differs by >10%
6749481074,Value Mismatch,valueusd,Calculated vs reported value differs by >10%
6749481074,Value Mismatch,valueusd,Calculated vs reported value differs by >10%
6749327595,Value Mismatch,valueusd,Calculated vs reported value differs by >10%
6749327595,Value Mismatch,valueusd,Calculated vs reported value differs by >10%
6749297475,Value Mismatch,valueusd,Calculated vs reported value differs by >10%
6749297475,Value Mismatch,valueusd,Calculated vs reported value differs by >10%
6751479029,Value Mismatch,valueusd,Calculated vs reported value differs by >10%
6751479029,Value Mismatch,valueusd,Calculated vs reported value differs by >10%
6749173489,Value Mismatch,valueusd,Calculated vs reported value differs by >10%
6749173489,Value Mismatch,valueusd,Calculated vs reported value differs by >10%
6749180661,Value Mismatch,valueusd,Calculated vs reported value differs by >10%
6749180661,Value Mismatch,valueusd,Calculated vs reported value differs by >10%
6751049356,Value Mismatch,valueusd,Calculated vs reported value differs by >10%
6751049355,Value Mismatch,valueusd,Calculated vs reported value differs by >10%
3698992608,Value Mismatch,valueusd,Calculated vs reported value differs by >10%
3698992902,Value Mismatch,valueusd,Calculated vs reported value differs by >10%
6749115420,Value Mismatch,valueusd,Calculated vs reported value differs by >10%
6749115420,Value Mismatch,valueusd,Calculated vs reported value differs by >10%
6749108691,Value Mismatch,valueusd,Calculated vs reported value differs by >10%
6749108691,Value Mismatch,valueusd,Calculated vs reported value differs by >10%
6749138435,Value Mismatch,valueusd,Calculated vs reported value differs by >10%
6749138434,Value Mismatch,valueusd,Calculated vs reported value differs by >10%
6749138439,Value Mismatch,valueusd,Calculated vs reported value differs by >10%
6749138437,Value Mismatch,valueusd,Calculated vs reported value differs by >10%
6749138438,Value Mismatch,valueusd,Calculated vs reported value differs by >10%
6749138440,Value Mismatch,valueusd,Calculated vs reported value differs by >10%
6749161887,Value Mismatch,valueusd,Calculated vs reported value differs by >10%
6749161887,Value Mismatch,valueusd,Calculated vs reported value differs by >10%
5642267226,Value Mismatch,valueusd,Calculated vs reported value differs by >10%
5642264731,Value Mismatch,valueusd,Calculated vs reported value differs by >10%
9202943799,Value Mismatch,valueusd,Calculated vs reported value differs by >10%
9202943799,Value Mismatch,valueusd,Calculated vs reported value differs by >10%
9202943410,Value Mismatch,valueusd,Calculated vs reported value differs by >10%
9202943410,Value Mismatch,valueusd,Calculated vs reported value differs by >10%
9202931354,Value Mismatch,valueusd,Calculated vs reported value differs by >10%
9202931354,Value Mismatch,valueusd,Calculated vs reported value differs by >10%
9202931354,Value Mismatch,valueusd,Calculated vs reported value differs by >10%
9200222227,Value Mismatch,valueusd,Calculated vs reported value differs by >10%
9200222225,Value Mismatch,valueusd,Calculated vs reported value differs by >10%
9200222222,Value Mismatch,valueusd,Calculated vs reported value differs by >10%
9200222227,Value Mismatch,valueusd,Calculated vs reported value differs by >10%
9200222225,Value Mismatch,valueusd,Calculated vs reported value differs by >10%
9200222222,Value Mismatch,valueusd,Calculated vs reported value differs by >10%
5642267270,Value Mismatch,valueusd,Calculated vs reported value differs by >10%
5642267271,Value Mismatch,valueusd,Calculated vs reported value differs by >10%
9201425292,Value Mismatch,valueusd,Calculated vs reported value differs by >10%
9201425292,Value Mismatch,valueusd,Calculated vs reported value differs by >10%
9201425293,Value Mismatch,valueusd,Calculated vs reported value differs by >10%
9201425293,Value Mismatch,valueusd,Calculated vs reported value differs by >10%
9202678586,Value Mismatch,valueusd,Calculated vs reported value differs by >10%
9201300129,Value Mismatch,valueusd,Calculated vs reported value differs by >10%
5642267271,Value Mismatch,valueusd,Calculated vs reported value differs by >10%
5642267270,Value Mismatch,valueusd,Calculated vs reported value differs by >10%
9202473402,Value Mismatch,valueusd,Calculated vs reported value differs by >10%
1323606524,Value Mismatch,valueusd,Calculated vs reported value differs by >10%
1323606524,Value Mismatch,valueusd,Calculated vs reported value differs by >10%
1325809401,Value Mismatch,valueusd,Calculated vs reported value differs by >10%
1325809406,Value Mismatch,valueusd,Calculated vs reported value differs by >10%
1325809402,Value Mismatch,valueusd,Calculated vs reported value differs by >10%
1325809403,Value Mismatch,valueusd,Calculated vs reported value differs by >10%
1325809405,Value Mismatch,valueusd,Calculated vs reported value differs by >10%
1325809404,Value Mismatch,valueusd,Calculated vs reported value differs by >10%
1323521616,Value Mismatch,valueusd,Calculated vs reported value differs by >10%
1323521616,Value Mismatch,valueusd,Calculated vs reported value differs by >10%
1325492977,Value Mismatch,valueusd,Calculated vs reported value differs by >10%
1325492977,Value Mismatch,valueusd,Calculated vs reported value differs by >10%
1325492977,Value Mismatch,valueusd,Calculated vs reported value differs by >10%
1325405674,Value Mismatch,valueusd,Calculated vs reported value differs by >10%
1325405674,Value Mismatch,valueusd,Calculated vs reported value differs by >10%
5642264731,Value Mismatch,valueusd,Calculated vs reported value differs by >10%
5642267226,Value Mismatch,valueusd,Calculated vs reported value differs by >10%
0284711534,Value Mismatch,valueusd,Calculated vs reported value differs by >10%
0284711534,Value Mismatch,valueusd,Calculated vs reported value differs by >10%
0287352372,Value Mismatch,valueusd,Calculated vs reported value differs by >10%
0287352929,Value Mismatch,valueusd,Calculated vs reported value differs by >10%
0287352929,Value Mismatch,valueusd,Calculated vs reported value differs by >10%
5642264731,Value Mismatch,valueusd,Calculated vs reported value differs by >10%
5642267271,Value Mismatch,valueusd,Calculated vs reported value differs by >10%
5642183571,Value Mismatch,valueusd,Calculated vs reported value differs by >10%
0284715639,Value Mismatch,valueusd,Calculated vs reported value differs by >10%
5642178615,Value Mismatch,valueusd,Calculated vs reported value differs by >10%
5642178615,Value Mismatch,valueusd,Calculated vs reported value differs by >10%
1063278800,Value Mismatch,valueusd,Calculated vs reported value differs by >10%
1063278800,Value Mismatch,valueusd,Calculated vs reported value differs by >10%
1135027187,Value Mismatch,valueusd,Calculated vs reported value differs by >10%
1150516192,Value Mismatch,valueusd,Calculated vs reported value differs by >10%
1135027187,Value Mismatch,valueusd,Calculated vs reported value differs by >10%
1150516192,Value Mismatch,valueusd,Calculated vs reported value differs by >10%
1125735863,Value Mismatch,valueusd,Calculated vs reported value differs by >10%
1156346583,Value Mismatch,valueusd,Calculated vs reported value differs by >10%
1125735863,Value Mismatch,valueusd,Calculated vs reported value differs by >10%
1156346583,Value Mismatch,valueusd,Calculated vs reported value differs by >10%
1091753675,Value Mismatch,valueusd,Calculated vs reported value differs by >10%
1091753675,Value Mismatch,valueusd,Calculated vs reported value differs by >10%
1078156686,Value Mismatch,valueusd,Calculated vs reported value differs by >10%
1078156686,Value Mismatch,valueusd,Calculated vs reported value differs by >10%
5642183571,Value Mismatch,valueusd,Calculated vs reported value differs by >10%
5642257791,Value Mismatch,valueusd,Calculated vs reported value differs by >10%
1077444038,Value Mismatch,valueusd,Calculated vs reported value differs by >10%
1077444038,Value Mismatch,valueusd,Calculated vs reported value differs by >10%
1052495065,Value Mismatch,valueusd,Calculated vs reported value differs by >10%
1052495065,Value Mismatch,valueusd,Calculated vs reported value differs by >10%
1002364385,Value Mismatch,valueusd,Calculated vs reported value differs by >10%
1002364385,Value Mismatch,valueusd,Calculated vs reported value differs by >10%
5642170879,Value Mismatch,valueusd,Calculated vs reported value differs by >10%
5642170879,Value Mismatch,valueusd,Calculated vs reported value differs by >10%
5642257791,Value Mismatch,valueusd,Calculated vs reported value differs by >10%
5642165803,Value Mismatch,valueusd,Calculated vs reported value differs by >10%
5642165864,Value Mismatch,valueusd,Calculated vs reported value differs by >10%
5642165864,Value Mismatch,valueusd,Calculated vs reported value differs by >10%
5642165803,Value Mismatch,valueusd,Calculated vs reported value differs by >10%
1008617283,Value Mismatch,valueusd,Calculated vs reported value differs by >10%
1008617283,Value Mismatch,valueusd,Calculated vs reported value differs by >10%
1116983664,Value Mismatch,valueusd,Calculated vs reported value differs by >10%
1116983664,Value Mismatch,valueusd,Calculated vs reported value differs by >10%
5642264519,Value Mismatch,valueusd,Calculated vs reported value differs by >10%
5642264519,Value Mismatch,valueusd,Calculated vs reported value differs by >10%
5642267206,Value Mismatch,valueusd,Calculated vs reported value differs by >10%
1063063571,Value Mismatch,valueusd,Calculated vs reported value differs by >10%
1063063571,Value Mismatch,valueusd,Calculated vs reported value differs by >10%
1055061646,Value Mismatch,valueusd,Calculated vs reported value differs by >10%
1055061646,Value Mismatch,valueusd,Calculated vs reported value differs by >10%
1039980297,Value Mismatch,valueusd,Calculated vs reported value differs by >10%
1039980297,Value Mismatch,valueusd,Calculated vs reported value differs by >10%
1109895124,Value Mismatch,valueusd,Calculated vs reported value differs by >10%
1109895124,Value Mismatch,valueusd,Calculated vs reported value differs by >10%
1024021659,Value Mismatch,valueusd,Calculated vs reported value differs by >10%
1045781112,Value Mismatch,valueusd,Calculated vs reported value differs by >10%
5642248927,Value Mismatch,valueusd,Calculated vs reported value differs by >10%
5642166195,Value Mismatch,valueusd,Calculated vs reported value differs by >10%
5642166195,Value Mismatch,valueusd,Calculated vs reported value differs by >10%
5642248927,Value Mismatch,valueusd,Calculated vs reported value differs by >10%
5642267206,Value Mismatch,valueusd,Calculated vs reported value differs by >10%
5642257903,Value Mismatch,valueusd,Calculated vs reported value differs by >10%
1083345503,Value Mismatch,valueusd,Calculated vs reported value differs by >10%
1094825775,Value Mismatch,valueusd,Calculated vs reported value differs by >10%
1079793698,Value Mismatch,valueusd,Calculated vs reported value differs by >10%
1016210890,Value Mismatch,valueusd,Calculated vs reported value differs by >10%
5642239100,Value Mismatch,valueusd,Calculated vs reported value differs by >10%
5642243702,Value Mismatch,valueusd,Calculated vs reported value differs by >10%
5642244533,Value Mismatch,valueusd,Calculated vs reported value differs by >10%
5642163446,Value Mismatch,valueusd,Calculated vs reported value differs by >10%
5642163446,Value Mismatch,valueusd,Calculated vs reported value differs by >10%
5642244533,Value Mismatch,valueusd,Calculated vs reported value differs by >10%
5642243702,Value Mismatch,valueusd,Calculated vs reported value differs by >10%
1273869744,Value Mismatch,valueusd,Calculated vs reported value differs by >10%
1823117846,Value Mismatch,valueusd,Calculated vs reported value differs by >10%
1823117846,Value Mismatch,valueusd,Calculated vs reported value differs by >10%
5642239100,Value Mismatch,valueusd,Calculated vs reported value differs by >10%
5642257903,Value Mismatch,valueusd,Calculated vs reported value differs by >10%
9702841226,Value Mismatch,valueusd,Calculated vs reported value differs by >10%
1175175229,Value Mismatch,valueusd,Calculated vs reported value differs by >10%
1324802873,Value Mismatch,valueusd,Calculated vs reported value differs by >10%
1175175229,Value Mismatch,valueusd,Calculated vs reported value differs by >10%
1324802873,Value Mismatch,valueusd,Calculated vs reported value differs by >10%
1429592758,Value Mismatch,valueusd,Calculated vs reported value differs by >10%
1492425805,Value Mismatch,valueusd,Calculated vs reported value differs by >10%
1492425805,Value Mismatch,valueusd,Calculated vs reported value differs by >10%
1153724243,Value Mismatch,valueusd,Calculated vs reported value differs by >10%
1364446982,Value Mismatch,valueusd,Calculated vs reported value differs by >10%
1364446982,Value Mismatch,valueusd,Calculated vs reported value differs by >10%
1127540780,Value Mismatch,valueusd,Calculated vs reported value differs by >10%
1127540780,Value Mismatch,valueusd,Calculated vs reported value differs by >10%
1076938334,Value Mismatch,valueusd,Calculated vs reported value differs by >10%
1076938334,Value Mismatch,valueusd,Calculated vs reported value differs by >10%
1100317170,Value Mismatch,valueusd,Calculated vs reported value differs by >10%
1100317169,Value Mismatch,valueusd,Calculated vs reported value differs by >10%
1062895940,Value Mismatch,valueusd,Calculated vs reported value differs by >10%
1014096169,Value Mismatch,valueusd,Calculated vs reported value differs by >10%
1008317986,Value Mismatch,valueusd,Calculated vs reported value differs by >10%
1014096169,Value Mismatch,valueusd,Calculated vs reported value differs by >10%
1008317986,Value Mismatch,valueusd,Calculated vs reported value differs by >10%
1034339635,Value Mismatch,valueusd,Calculated vs reported value differs by >10%
1034339635,Value Mismatch,valueusd,Calculated vs reported value differs by >10%
1100277924,Value Mismatch,valueusd,Calculated vs reported value differs by >10%
1100321076,Value Mismatch,valueusd,Calculated vs reported value differs by >10%
1117358916,Value Mismatch,valueusd,Calculated vs reported value differs by >10%
1117358916,Value Mismatch,valueusd,Calculated vs reported value differs by >10%
1019617592,Value Mismatch,valueusd,Calculated vs reported value differs by >10%
1094982002,Value Mismatch,valueusd,Calculated vs reported value differs by >10%
1094982002,Value Mismatch,valueusd,Calculated vs reported value differs by >10%
1100311817,Value Mismatch,valueusd,Calculated vs reported value differs by >10%
1095640151,Value Mismatch,valueusd,Calculated vs reported value differs by >10%
1328248671,Value Mismatch,valueusd,Calculated vs reported value differs by >10%
1328248671,Value Mismatch,valueusd,Calculated vs reported value differs by >10%
1059414344,Value Mismatch,valueusd,Calculated vs reported value differs by >10%
1480675330,Value Mismatch,valueusd,Calculated vs reported value differs by >10%
1480675330,Value Mismatch,valueusd,Calculated vs reported value differs by >10%
1278344063,Value Mismatch,valueusd,Calculated vs reported value differs by >10%
1278344063,Value Mismatch,valueusd,Calculated vs reported value differs by >10%
1210312104,Value Mismatch,valueusd,Calculated vs reported value differs by >10%
1210312104,Value Mismatch,valueusd,Calculated vs reported value differs by >10%
1100311818,Value Mismatch,valueusd,Calculated vs reported value differs by >10%
1225601963,Value Mismatch,valueusd,Calculated vs reported value differs by >10%
1100311819,Value Mismatch,valueusd,Calculated vs reported value differs by >10%
1100322400,Value Mismatch,valueusd,Calculated vs reported value differs by >10%
1307056589,Value Mismatch,valueusd,Calculated vs reported value differs by >10%
1307056589,Value Mismatch,valueusd,Calculated vs reported value differs by >10%
1100283496,Value Mismatch,valueusd,Calculated vs reported value differs by >10%
1100283494,Value Mismatch,valueusd,Calculated vs reported value differs by >10%
1152089584,Value Mismatch,valueusd,Calculated vs reported value differs by >10%
1017697083,Value Mismatch,valueusd,Calculated vs reported value differs by >10%
1017697083,Value Mismatch,valueusd,Calculated vs reported value differs by >10%
1067505139,Value Mismatch,valueusd,Calculated vs reported value differs by >10%
1181895183,Value Mismatch,valueusd,Calculated vs reported value differs by >10%
1280656841,Value Mismatch,valueusd,Calculated vs reported value differs by >10%
1100283495,Value Mismatch,valueusd,Calculated vs reported value differs by >10%
1100304145,Value Mismatch,valueusd,Calculated vs reported value differs by >10%
1019031309,Value Mismatch,valueusd,Calculated vs reported value differs by >10%
1098485954,Value Mismatch,valueusd,Calculated vs reported value differs by >10%
1057144577,Value Mismatch,valueusd,Calculated vs reported value differs by >10%
1100317950,Value Mismatch,valueusd,Calculated vs reported value differs by >10%
1100317949,Value Mismatch,valueusd,Calculated vs reported value differs by >10%
1202426255,Value Mismatch,valueusd,Calculated vs reported value differs by >10%
1040407125,Value Mismatch,valueusd,Calculated vs reported value differs by >10%
1163690149,Value Mismatch,valueusd,Calculated vs reported value differs by >10%
1163690149,Value Mismatch,valueusd,Calculated vs reported value differs by >10%
1113411288,Value Mismatch,valueusd,Calculated vs reported value differs by >10%
1113411288,Value Mismatch,valueusd,Calculated vs reported value differs by >10%
1177336231,Value Mismatch,valueusd,Calculated vs reported value differs by >10%
1087735759,Value Mismatch,valueusd,Calculated vs reported value differs by >10%
1052209367,Value Mismatch,valueusd,Calculated vs reported value differs by >10%
1052209367,Value Mismatch,valueusd,Calculated vs reported value differs by >10%
1155654706,Value Mismatch,valueusd,Calculated vs reported value differs by >10%
1155654706,Value Mismatch,valueusd,Calculated vs reported value differs by >10%
1088960519,Value Mismatch,valueusd,Calculated vs reported value differs by >10%
1088960519,Value Mismatch,valueusd,Calculated vs reported value differs by >10%
1070010808,Value Mismatch,valueusd,Calculated vs reported value differs by >10%
1169304560,Value Mismatch,valueusd,Calculated vs reported value differs by >10%
1120898317,Value Mismatch,valueusd,Calculated vs reported value differs by >10%
1169304560,Value Mismatch,valueusd,Calculated vs reported value differs by >10%
1120898317,Value Mismatch,valueusd,Calculated vs reported value differs by >10%
1017532593,Value Mismatch,valueusd,Calculated vs reported value differs by >10%
1057895373,Value Mismatch,valueusd,Calculated vs reported value differs by >10%
1017700164,Value Mismatch,valueusd,Calculated vs reported value differs by >10%
1057895373,Value Mismatch,valueusd,Calculated vs reported value differs by >10%
1017700164,Value Mismatch,valueusd,Calculated vs reported value differs by >10%
1087283270,Value Mismatch,valueusd,Calculated vs reported value differs by >10%
1068864469,Value Mismatch,valueusd,Calculated vs reported value differs by >10%
1068864469,Value Mismatch,valueusd,Calculated vs reported value differs by >10%
1100298468,Value Mismatch,valueusd,Calculated vs reported value differs by >10%
1100298469,Value Mismatch,valueusd,Calculated vs reported value differs by >10%
1008955197,Value Mismatch,valueusd,Calculated vs reported value differs by >10%
1100270043,Value Mismatch,valueusd,Calculated vs reported value differs by >10%
1060113245,Value Mismatch,valueusd,Calculated vs reported value differs by >10%
1004443338,Value Mismatch,valueusd,Calculated vs reported value differs by >10%
1061054609,Value Mismatch,valueusd,Calculated vs reported value differs by >10%
1074906830,Value Mismatch,valueusd,Calculated vs reported value differs by >10%
1061054609,Value Mismatch,valueusd,Calculated vs reported value differs by >10%
1074906830,Value Mismatch,valueusd,Calculated vs reported value differs by >10%
1100267088,Value Mismatch,valueusd,Calculated vs reported value differs by >10%
1075869019,Value Mismatch,valueusd,Calculated vs reported value differs by >10%
1075869019,Value Mismatch,valueusd,Calculated vs reported value differs by >10%
1065671793,Value Mismatch,valueusd,Calculated vs reported value differs by >10%
1050381559,Value Mismatch,valueusd,Calculated vs reported value differs by >10%
1050381559,Value Mismatch,valueusd,Calculated vs reported value differs by >10%
1050381559,Value Mismatch,valueusd,Calculated vs reported value differs by >10%
1100267086,Value Mismatch,valueusd,Calculated vs reported value differs by >10%
1100267087,Value Mismatch,valueusd,Calculated vs reported value differs by >10%
1032382662,Value Mismatch,valueusd,Calculated vs reported value differs by >10%
1032382662,Value Mismatch,valueusd,Calculated vs reported value differs by >10%
1029174872,Value Mismatch,valueusd,Calculated vs reported value differs by >10%
1100274060,Value Mismatch,valueusd,Calculated vs reported value differs by >10%
1100245715,Value Mismatch,valueusd,Calculated vs reported value differs by >10%
1231010718,Value Mismatch,valueusd,Calculated vs reported value differs by >10%
1100245714,Value Mismatch,valueusd,Calculated vs reported value differs by >10%
1022576053,Value Mismatch,valueusd,Calculated vs reported value differs by >10%
1022576053,Value Mismatch,valueusd,Calculated vs reported value differs by >10%
1042020614,Value Mismatch,valueusd,Calculated vs reported value differs by >10%
1042020614,Value Mismatch,valueusd,Calculated vs reported value differs by >10%
1060515307,Value Mismatch,valueusd,Calculated vs reported value differs by >10%
1060515307,Value Mismatch,valueusd,Calculated vs reported value differs by >10%
1024717380,Value Mismatch,valueusd,Calculated vs reported value differs by >10%
1173245975,Value Mismatch,valueusd,Calculated vs reported value differs by >10%
1610838869,Value Mismatch,valueusd,Calculated vs reported value differs by >10%
1598138446,Value Mismatch,valueusd,Calculated vs reported value differs by >10%
1598138446,Value Mismatch,valueusd,Calculated vs reported value differs by >10%
7220277217,Value Mismatch,valueusd,Calculated vs reported value differs by >10%
1107707690,Value Mismatch,valueusd,Calculated vs reported value differs by >10%
1107707690,Value Mismatch,valueusd,Calculated vs reported value differs by >10%
1290933482,Value Mismatch,valueusd,Calculated vs reported value differs by >10%
1290933482,Value Mismatch,valueusd,Calculated vs reported value differs by >10%
7220326330,Value Mismatch,valueusd,Calculated vs reported value differs by >10%
7220289435,Value Mismatch,valueusd,Calculated vs reported value differs by >10%
1121712192,Value Mismatch,valueusd,Calculated vs reported value differs by >10%
1121712192,Value Mismatch,valueusd,Calculated vs reported value differs by >10%
1314017253,Value Mismatch,valueusd,Calculated vs reported value differs by >10%
1348043467,Value Mismatch,valueusd,Calculated vs reported value differs by >10%
1348043467,Value Mismatch,valueusd,Calculated vs reported value differs by >10%
7220273569,Value Mismatch,valueusd,Calculated vs reported value differs by >10%
9202467113,Value Mismatch,valueusd,Calculated vs reported value differs by >10%
1183845919,Value Mismatch,valueusd,Calculated vs reported value differs by >10%
1329157543,Value Mismatch,valueusd,Calculated vs reported value differs by >10%
1301257501,Value Mismatch,valueusd,Calculated vs reported value differs by >10%
1231190862,Value Mismatch,valueusd,Calculated vs reported value differs by >10%
1006419974,Value Mismatch,valueusd,Calculated vs reported value differs by >10%
1006419974,Value Mismatch,valueusd,Calculated vs reported value differs by >10%
9202467114,Value Mismatch,valueusd,Calculated vs reported value differs by >10%
1033558699,Value Mismatch,valueusd,Calculated vs reported value differs by >10%
1199213580,Value Mismatch,valueusd,Calculated vs reported value differs by >10%
6305505834,Value Mismatch,valueusd,Calculated vs reported value differs by >10%
9202467115,Value Mismatch,valueusd,Calculated vs reported value differs by >10%
6978561572,Value Mismatch,valueusd,Calculated vs reported value differs by >10%
6978561571,Value Mismatch,valueusd,Calculated vs reported value differs by >10%
9705924839,Value Mismatch,valueusd,Calculated vs reported value differs by >10%
9863028805,Value Mismatch,valueusd,Calculated vs reported value differs by >10%
7992752460,Value Mismatch,valueusd,Calculated vs reported value differs by >10%
7992735329,Value Mismatch,valueusd,Calculated vs reported value differs by >10%
1045076264,Value Mismatch,valueusd,Calculated vs reported value differs by >10%
1045076265,Value Mismatch,valueusd,Calculated vs reported value differs by >10%
831071302,Value Mismatch,valueusd,Calculated vs reported value differs by >10%
831071304,Value Mismatch,valueusd,Calculated vs reported value differs by >10%
219957519,Value Mismatch,valueusd,Calculated vs reported value differs by >10%
219957520,Value Mismatch,valueusd,Calculated vs reported value differs by >10%
9202655023,Value Mismatch,valueusd,Calculated vs reported value differs by >10%
9202655020,Value Mismatch,valueusd,Calculated vs reported value differs by >10%
9202655022,Value Mismatch,valueusd,Calculated vs reported value differs by >10%
9202655021,Value Mismatch,valueusd,Calculated vs reported value differs by >10%
219957518,Value Mismatch,valueusd,Calculated vs reported value differs by >10%
219422743,Value Mismatch,valueusd,Calculated vs reported value differs by >10%
219715618,Value Mismatch,valueusd,Calculated vs reported value differs by >10%
219715619,Value Mismatch,valueusd,Calculated vs reported value differs by >10%
219715621,Value Mismatch,valueusd,Calculated vs reported value differs by >10%
9454177849,Value Mismatch,valueusd,Calculated vs reported value differs by >10%
9454177848,Value Mismatch,valueusd,Calculated vs reported value differs by >10%
9454177847,Value Mismatch,valueusd,Calculated vs reported value differs by >10%
9453935319,Value Mismatch,valueusd,Calculated vs reported value differs by >10%
9453935319,Value Mismatch,valueusd,Calculated vs reported value differs by >10%
3461910923,Value Mismatch,valueusd,Calculated vs reported value differs by >10%
3461910924,Value Mismatch,valueusd,Calculated vs reported value differs by >10%
129410216,Value Mismatch,valueusd,Calculated vs reported value differs by >10%
129410218,Value Mismatch,valueusd,Calculated vs reported value differs by >10%
0129410218,Value Mismatch,valueusd,Calculated vs reported value differs by >10%
0129410216,Value Mismatch,valueusd,Calculated vs reported value differs by >10%
129410217,Value Mismatch,valueusd,Calculated vs reported value differs by >10%
3751531816,Value Mismatch,valueusd,Calculated vs reported value differs by >10%
3751531816,Value Mismatch,valueusd,Calculated vs reported value differs by >10%
3751531819,Value Mismatch,valueusd,Calculated vs reported value differs by >10%
3751531818,Value Mismatch,valueusd,Calculated vs reported value differs by >10%
3751531815,Value Mismatch,valueusd,Calculated vs reported value differs by >10%
3751531819,Value Mismatch,valueusd,Calculated vs reported value differs by >10%
3751531818,Value Mismatch,valueusd,Calculated vs reported value differs by >10%
3751531815,Value Mismatch,valueusd,Calculated vs reported value differs by >10%
3751531817,Value Mismatch,valueusd,Calculated vs reported value differs by >10%
3751531817,Value Mismatch,valueusd,Calculated vs reported value differs by >10%
3754971994,Value Mismatch,valueusd,Calculated vs reported value differs by >10%
3754971995,Value Mismatch,valueusd,Calculated vs reported value differs by >10%
2077684148,Value Mismatch,valueusd,Calculated vs reported value differs by >10%
9456279380,Value Mismatch,valueusd,Calculated vs reported value differs by >10%
9456215620,Value Mismatch,valueusd,Calculated vs reported value differs by >10%
9456215618,Value Mismatch,valueusd,Calculated vs reported value differs by >10%
9456215619,Value Mismatch,valueusd,Calculated vs reported value differs by >10%
3462634834,Value Mismatch,valueusd,Calculated vs reported value differs by >10%
2077420219,Value Mismatch,valueusd,Calculated vs reported value differs by >10%
2077501177,Value Mismatch,valueusd,Calculated vs reported value differs by >10%
2077681723,Value Mismatch,valueusd,Calculated vs reported value differs by >10%
2077551894,Value Mismatch,valueusd,Calculated vs reported value differs by >10%
2077549231,Value Mismatch,valueusd,Calculated vs reported value differs by >10%
2077571291,Value Mismatch,valueusd,Calculated vs reported value differs by >10%
2077524401,Value Mismatch,valueusd,Calculated vs reported value differs by >10%
2077524936,Value Mismatch,valueusd,Calculated vs reported value differs by >10%
2077470686,Value Mismatch,valueusd,Calculated vs reported value differs by >10%
2077475091,Value Mismatch,valueusd,Calculated vs reported value differs by >10%
2077571991,Value Mismatch,valueusd,Calculated vs reported value differs by >10%
2077464342,Value Mismatch,valueusd,Calculated vs reported value differs by >10%
2078444242,Value Mismatch,valueusd,Calculated vs reported value differs by >10%
2077424531,Value Mismatch,valueusd,Calculated vs reported value differs by >10%
2077566217,Value Mismatch,valueusd,Calculated vs reported value differs by >10%
2077586210,Value Mismatch,valueusd,Calculated vs reported value differs by >10%
2077584651,Value Mismatch,valueusd,Calculated vs reported value differs by >10%
2077576818,Value Mismatch,valueusd,Calculated vs reported value differs by >10%
2077497658,Value Mismatch,valueusd,Calculated vs reported value differs by >10%
3462634833,Value Mismatch,valueusd,Calculated vs reported value differs by >10%
2077450243,Value Mismatch,valueusd,Calculated vs reported value differs by >10%
2077474736,Value Mismatch,valueusd,Calculated vs reported value differs by >10%
23410300IM00090148,Value Mismatch,valueusd,Calculated vs reported value differs by >10%
2078523551,Value Mismatch,valueusd,Calculated vs reported value differs by >10%
23410300IM00085183,Value Mismatch,valueusd,Calculated vs reported value differs by >10%
2077596179,Value Mismatch,valueusd,Calculated vs reported value differs by >10%
2077584344,Value Mismatch,valueusd,Calculated vs reported value differs by >10%
2077484712,Value Mismatch,valueusd,Calculated vs reported value differs by >10%
2077603072,Value Mismatch,valueusd,Calculated vs reported value differs by >10%
2077550161,Value Mismatch,valueusd,Calculated vs reported value differs by >10%
2078552516,Value Mismatch,valueusd,Calculated vs reported value differs by >10%
2078460067,Value Mismatch,valueusd,Calculated vs reported value differs by >10%
2078331631,Value Mismatch,valueusd,Calculated vs reported value differs by >10%
2078319368,Value Mismatch,valueusd,Calculated vs reported value differs by >10%
6302660503,Value Mismatch,valueusd,Calculated vs reported value differs by >10%
6302657693,Value Mismatch,valueusd,Calculated vs reported value differs by >10%
6302657692,Value Mismatch,valueusd,Calculated vs reported value differs by >10%
6302661355,Value Mismatch,valueusd,Calculated vs reported value differs by >10%
6305501797,Value Mismatch,valueusd,Calculated vs reported value differs by >10%
6305501796,Value Mismatch,valueusd,Calculated vs reported value differs by >10%
6305497122,Value Mismatch,valueusd,Calculated vs reported value differs by >10%
6305497110,Value Mismatch,valueusd,Calculated vs reported value differs by >10%
6305505838,Value Mismatch,valueusd,Calculated vs reported value differs by >10%
6305205069,Value Mismatch,valueusd,Calculated vs reported value differs by >10%
6305205070,Value Mismatch,valueusd,Calculated vs reported value differs by >10%
6305497115,Value Mismatch,valueusd,Calculated vs reported value differs by >10%
6305497017,Value Mismatch,valueusd,Calculated vs reported value differs by >10%
6305188087,Value Mismatch,valueusd,Calculated vs reported value differs by >10%
6305505833,Value Mismatch,valueusd,Calculated vs reported value differs by >10%
6305505832,Value Mismatch,valueusd,Calculated vs reported value differs by >10%
6305505836,Value Mismatch,valueusd,Calculated vs reported value differs by >10%
6305505835,Value Mismatch,valueusd,Calculated vs reported value differs by >10%
23410300IM00081088,Value Mismatch,valueusd,Calculated vs reported value differs by >10%
6305505831,Value Mismatch,valueusd,Calculated vs reported value differs by >10%
6305501768,Value Mismatch,valueusd,Calculated vs reported value differs by >10%
6305501781,Value Mismatch,valueusd,Calculated vs reported value differs by >10%
6305501780,Value Mismatch,valueusd,Calculated vs reported value differs by >10%
6305505826,Value Mismatch,valueusd,Calculated vs reported value differs by >10%
23410300IM00081101,Value Mismatch,valueusd,Calculated vs reported value differs by >10%
23410300IM00081377,Value Mismatch,valueusd,Calculated vs reported value differs by >10%
6305804040,Value Mismatch,valueusd,Calculated vs reported value differs by >10%
6304870599,Value Mismatch,valueusd,Calculated vs reported value differs by >10%
6304873964,Value Mismatch,valueusd,Calculated vs reported value differs by >10%
6305804041,Value Mismatch,valueusd,Calculated vs reported value differs by >10%
6305794389,Value Mismatch,valueusd,Calculated vs reported value differs by >10%
6304870595,Value Mismatch,valueusd,Calculated vs reported value differs by >10%
6305794390,Value Mismatch,valueusd,Calculated vs reported value differs by >10%
6305804045,Value Mismatch,valueusd,Calculated vs reported value differs by >10%
6305794368,Value Mismatch,valueusd,Calculated vs reported value differs by >10%
6305804018,Value Mismatch,valueusd,Calculated vs reported value differs by >10%
6302507323,Value Mismatch,valueusd,Calculated vs reported value differs by >10%
6302507324,Value Mismatch,valueusd,Calculated vs reported value differs by >10%
6302507325,Value Mismatch,valueusd,Calculated vs reported value differs by >10%
6302507326,Value Mismatch,valueusd,Calculated vs reported value differs by >10%
6173478034,Value Mismatch,valueusd,Calculated vs reported value differs by >10%
6305804013,Value Mismatch,valueusd,Calculated vs reported value differs by >10%
6304870594,Value Mismatch,valueusd,Calculated vs reported value differs by >10%
6304870593,Value Mismatch,valueusd,Calculated vs reported value differs by >10%
6304870592,Value Mismatch,valueusd,Calculated vs reported value differs by >10%
6304870591,Value Mismatch,valueusd,Calculated vs reported value differs by >10%
6173478750,Value Mismatch,valueusd,Calculated vs reported value differs by >10%
6173484624,Value Mismatch,valueusd,Calculated vs reported value differs by >10%
6305804038,Value Mismatch,valueusd,Calculated vs reported value differs by >10%
6302507332,Value Mismatch,valueusd,Calculated vs reported value differs by >10%
6302507331,Value Mismatch,valueusd,Calculated vs reported value differs by >10%
6173485018,Value Mismatch,valueusd,Calculated vs reported value differs by >10%
6304232134,Value Mismatch,valueusd,Calculated vs reported value differs by >10%
6304232133,Value Mismatch,valueusd,Calculated vs reported value differs by >10%
6304232132,Value Mismatch,valueusd,Calculated vs reported value differs by >10%
6302364242,Value Mismatch,valueusd,Calculated vs reported value differs by >10%
6302364240,Value Mismatch,valueusd,Calculated vs reported value differs by >10%
6173484598,Value Mismatch,valueusd,Calculated vs reported value differs by >10%
6173485868,Value Mismatch,valueusd,Calculated vs reported value differs by >10%
6302374109,Value Mismatch,valueusd,Calculated vs reported value differs by >10%
6302374101,Value Mismatch,valueusd,Calculated vs reported value differs by >10%
6302374100,Value Mismatch,valueusd,Calculated vs reported value differs by >10%
6302374102,Value Mismatch,valueusd,Calculated vs reported value differs by >10%
6302374105,Value Mismatch,valueusd,Calculated vs reported value differs by >10%
6304232301,Value Mismatch,valueusd,Calculated vs reported value differs by >10%
6302374108,Value Mismatch,valueusd,Calculated vs reported value differs by >10%
6173502683,Value Mismatch,valueusd,Calculated vs reported value differs by >10%
6173513853,Value Mismatch,valueusd,Calculated vs reported value differs by >10%
8498912846,Value Mismatch,valueusd,Calculated vs reported value differs by >10%
8498912847,Value Mismatch,valueusd,Calculated vs reported value differs by >10%
6304232302,Value Mismatch,valueusd,Calculated vs reported value differs by >10%
6305367960,Value Mismatch,valueusd,Calculated vs reported value differs by >10%
6305367959,Value Mismatch,valueusd,Calculated vs reported value differs by >10%
6305367958,Value Mismatch,valueusd,Calculated vs reported value differs by >10%
6305367957,Value Mismatch,valueusd,Calculated vs reported value differs by >10%
6302374107,Value Mismatch,valueusd,Calculated vs reported value differs by >10%
6302374106,Value Mismatch,valueusd,Calculated vs reported value differs by >10%
6302364201,Value Mismatch,valueusd,Calculated vs reported value differs by >10%
8498517026,Value Mismatch,valueusd,Calculated vs reported value differs by >10%
8498517024,Value Mismatch,valueusd,Calculated vs reported value differs by >10%
8498517025,Value Mismatch,valueusd,Calculated vs reported value differs by >10%
6304232293,Value Mismatch,valueusd,Calculated vs reported value differs by >10%
8498517027,Value Mismatch,valueusd,Calculated vs reported value differs by >10%
6305367949,Value Mismatch,valueusd,Calculated vs reported value differs by >10%
6304505596,Value Mismatch,valueusd,Calculated vs reported value differs by >10%
6305366389,Value Mismatch,valueusd,Calculated vs reported value differs by >10%
6302364199,Value Mismatch,valueusd,Calculated vs reported value differs by >10%
650717078,Value Mismatch,valueusd,Calculated vs reported value differs by >10%
650717077,Value Mismatch,valueusd,Calculated vs reported value differs by >10%
652864979,Value Mismatch,valueusd,Calculated vs reported value differs by >10%
652864978,Value Mismatch,valueusd,Calculated vs reported value differs by >10%
652864977,Value Mismatch,valueusd,Calculated vs reported value differs by >10%
652864976,Value Mismatch,valueusd,Calculated vs reported value differs by >10%
650704097,Value Mismatch,valueusd,Calculated vs reported value differs by >10%
650704096,Value Mismatch,valueusd,Calculated vs reported value differs by >10%
650672328,Value Mismatch,valueusd,Calculated vs reported value differs by >10%
653832230,Value Mismatch,valueusd,Calculated vs reported value differs by >10%
653832244,Value Mismatch,valueusd,Calculated vs reported value differs by >10%
652865751,Value Mismatch,valueusd,Calculated vs reported value differs by >10%
652865314,Value Mismatch,valueusd,Calculated vs reported value differs by >10%
652865754,Value Mismatch,valueusd,Calculated vs reported value differs by >10%
652865753,Value Mismatch,valueusd,Calculated vs reported value differs by >10%
8498912845,Value Mismatch,valueusd,Calculated vs reported value differs by >10%
8498729240,Value Mismatch,valueusd,Calculated vs reported value differs by >10%
653838658,Value Mismatch,valueusd,Calculated vs reported value differs by >10%
652865752,Value Mismatch,valueusd,Calculated vs reported value differs by >10%
652865755,Value Mismatch,valueusd,Calculated vs reported value differs by >10%
8498729241,Value Mismatch,valueusd,Calculated vs reported value differs by >10%
650704068,Value Mismatch,valueusd,Calculated vs reported value differs by >10%
8491023340,Value Mismatch,valueusd,Calculated vs reported value differs by >10%
653832158,Value Mismatch,valueusd,Calculated vs reported value differs by >10%
8846738999,Value Mismatch,valueusd,Calculated vs reported value differs by >10%
6979255286,Value Mismatch,valueusd,Calculated vs reported value differs by >10%
651132217,Value Mismatch,valueusd,Calculated vs reported value differs by >10%
651132228,Value Mismatch,valueusd,Calculated vs reported value differs by >10%
651100795,Value Mismatch,valueusd,Calculated vs reported value differs by >10%
651132238,Value Mismatch,valueusd,Calculated vs reported value differs by >10%
651132236,Value Mismatch,valueusd,Calculated vs reported value differs by >10%
651132235,Value Mismatch,valueusd,Calculated vs reported value differs by >10%
651132234,Value Mismatch,valueusd,Calculated vs reported value differs by >10%
651132233,Value Mismatch,valueusd,Calculated vs reported value differs by >10%
651132232,Value Mismatch,valueusd,Calculated vs reported value differs by >10%
6978146963,Value Mismatch,valueusd,Calculated vs reported value differs by >10%
3463560293,Value Mismatch,valueusd,Calculated vs reported value differs by >10%
651120015,Value Mismatch,valueusd,Calculated vs reported value differs by >10%
651132224,Value Mismatch,valueusd,Calculated vs reported value differs by >10%
651132230,Value Mismatch,valueusd,Calculated vs reported value differs by >10%
651132229,Value Mismatch,valueusd,Calculated vs reported value differs by >10%
653562446,Value Mismatch,valueusd,Calculated vs reported value differs by >10%
652357860,Value Mismatch,valueusd,Calculated vs reported value differs by >10%
652357863,Value Mismatch,valueusd,Calculated vs reported value differs by >10%
651100864,Value Mismatch,valueusd,Calculated vs reported value differs by >10%
652357962,Value Mismatch,valueusd,Calculated vs reported value differs by >10%
651100868,Value Mismatch,valueusd,Calculated vs reported value differs by >10%
651119968,Value Mismatch,valueusd,Calculated vs reported value differs by >10%
3463560292,Value Mismatch,valueusd,Calculated vs reported value differs by >10%
0130089736,Value Mismatch,valueusd,Calculated vs reported value differs by >10%
0129969392,Value Mismatch,valueusd,Calculated vs reported value differs by >10%
0798764098,Value Mismatch,valueusd,Calculated vs reported value differs by >10%
651120006,Value Mismatch,valueusd,Calculated vs reported value differs by >10%
651120005,Value Mismatch,valueusd,Calculated vs reported value differs by >10%
651132241,Value Mismatch,valueusd,Calculated vs reported value differs by >10%
651132240,Value Mismatch,valueusd,Calculated vs reported value differs by >10%
651132242,Value Mismatch,valueusd,Calculated vs reported value differs by >10%
652357859,Value Mismatch,valueusd,Calculated vs reported value differs by >10%
652357920,Value Mismatch,valueusd,Calculated vs reported value differs by >10%
652357919,Value Mismatch,valueusd,Calculated vs reported value differs by >10%
652357918,Value Mismatch,valueusd,Calculated vs reported value differs by >10%
652357917,Value Mismatch,valueusd,Calculated vs reported value differs by >10%
652357862,Value Mismatch,valueusd,Calculated vs reported value differs by >10%
652357861,Value Mismatch,valueusd,Calculated vs reported value differs by >10%
6005180977,Value Mismatch,valueusd,Calculated vs reported value differs by >10%
650320194,Value Mismatch,valueusd,Calculated vs reported value differs by >10%
6005180977,Value Mismatch,valueusd,Calculated vs reported value differs by >10%
6005170824,Value Mismatch,valueusd,Calculated vs reported value differs by >10%
650320200,Value Mismatch,valueusd,Calculated vs reported value differs by >10%
6005170824,Value Mismatch,valueusd,Calculated vs reported value differs by >10%
6005145425,Value Mismatch,valueusd,Calculated vs reported value differs by >10%
650359127,Value Mismatch,valueusd,Calculated vs reported value differs by >10%
6005145425,Value Mismatch,valueusd,Calculated vs reported value differs by >10%
6005119394,Value Mismatch,valueusd,Calculated vs reported value differs by >10%
650359201,Value Mismatch,valueusd,Calculated vs reported value differs by >10%
6005119394,Value Mismatch,valueusd,Calculated vs reported value differs by >10%
6005830369,Value Mismatch,valueusd,Calculated vs reported value differs by >10%
651803209,Value Mismatch,valueusd,Calculated vs reported value differs by >10%
6005830369,Value Mismatch,valueusd,Calculated vs reported value differs by >10%
651803210,Value Mismatch,valueusd,Calculated vs reported value differs by >10%
651803211,Value Mismatch,valueusd,Calculated vs reported value differs by >10%
6005857800,Value Mismatch,valueusd,Calculated vs reported value differs by >10%
6005900843,Value Mismatch,valueusd,Calculated vs reported value differs by >10%
650320168,Value Mismatch,valueusd,Calculated vs reported value differs by >10%
6005087372,Value Mismatch,valueusd,Calculated vs reported value differs by >10%
0798764098,Value Mismatch,valueusd,Calculated vs reported value differs by >10%
0795378421,Value Mismatch,valueusd,Calculated vs reported value differs by >10%
0795378421,Value Mismatch,valueusd,Calculated vs reported value differs by >10%
3700838769,Value Mismatch,valueusd,Calculated vs reported value differs by >10%
3700838768,Value Mismatch,valueusd,Calculated vs reported value differs by >10%
3700334533,Value Mismatch,valueusd,Calculated vs reported value differs by >10%
3700837053,Value Mismatch,valueusd,Calculated vs reported value differs by >10%
3700334533,Value Mismatch,valueusd,Calculated vs reported value differs by >10%
3698992905,Value Mismatch,valueusd,Calculated vs reported value differs by >10%
3698992905,Value Mismatch,valueusd,Calculated vs reported value differs by >10%
3698991896,Value Mismatch,valueusd,Calculated vs reported value differs by >10%
3698991896,Value Mismatch,valueusd,Calculated vs reported value differs by >10%
3700837506,Value Mismatch,valueusd,Calculated vs reported value differs by >10%
3700837506,Value Mismatch,valueusd,Calculated vs reported value differs by >10%
8484030065,Value Mismatch,valueusd,Calculated vs reported value differs by >10%
3700837504,Value Mismatch,valueusd,Calculated vs reported value differs by >10%
3700837505,Value Mismatch,valueusd,Calculated vs reported value differs by >10%
3700837026,Value Mismatch,valueusd,Calculated vs reported value differs by >10%
3700837064,Value Mismatch,valueusd,Calculated vs reported value differs by >10%
3700837027,Value Mismatch,valueusd,Calculated vs reported value differs by >10%
3700837027,Value Mismatch,valueusd,Calculated vs reported value differs by >10%
3700837025,Value Mismatch,valueusd,Calculated vs reported value differs by >10%
3700838771,Value Mismatch,valueusd,Calculated vs reported value differs by >10%
3700838772,Value Mismatch,valueusd,Calculated vs reported value differs by >10%
3700838770,Value Mismatch,valueusd,Calculated vs reported value differs by >10%
3700837025,Value Mismatch,valueusd,Calculated vs reported value differs by >10%
1062936140,Value Mismatch,valueusd,Calculated vs reported value differs by >10%
1106163557,Value Mismatch,valueusd,Calculated vs reported value differs by >10%
1030513438,Value Mismatch,valueusd,Calculated vs reported value differs by >10%
1010556295,Value Mismatch,valueusd,Calculated vs reported value differs by >10%
7855624736,Value Mismatch,valueusd,Calculated vs reported value differs by >10%
1417604668,Value Mismatch,valueusd,Calculated vs reported value differs by >10%
3700840298,Value Mismatch,valueusd,Calculated vs reported value differs by >10%
1417604669,Value Mismatch,valueusd,Calculated vs reported value differs by >10%
1417604670,Value Mismatch,valueusd,Calculated vs reported value differs by >10%
130969640,Value Mismatch,valueusd,Calculated vs reported value differs by >10%
3700840330,Value Mismatch,valueusd,Calculated vs reported value differs by >10%
3700838795,Value Mismatch,valueusd,Calculated vs reported value differs by >10%
3700838795,Value Mismatch,valueusd,Calculated vs reported value differs by >10%
3700838795,Value Mismatch,valueusd,Calculated vs reported value differs by >10%
3700578531,Value Mismatch,valueusd,Calculated vs reported value differs by >10%
3700578541,Value Mismatch,valueusd,Calculated vs reported value differs by >10%
3700578541,Value Mismatch,valueusd,Calculated vs reported value differs by >10%
3700578506,Value Mismatch,valueusd,Calculated vs reported value differs by >10%
3700578507,Value Mismatch,valueusd,Calculated vs reported value differs by >10%
3700578518,Value Mismatch,valueusd,Calculated vs reported value differs by >10%
3700578839,Value Mismatch,valueusd,Calculated vs reported value differs by >10%
3700578518,Value Mismatch,valueusd,Calculated vs reported value differs by >10%
3700578519,Value Mismatch,valueusd,Calculated vs reported value differs by >10%
3700578507,Value Mismatch,valueusd,Calculated vs reported value differs by >10%
3700578506,Value Mismatch,valueusd,Calculated vs reported value differs by >10%
3700578650,Value Mismatch,valueusd,Calculated vs reported value differs by >10%
3700578649,Value Mismatch,valueusd,Calculated vs reported value differs by >10%
3700578649,Value Mismatch,valueusd,Calculated vs reported value differs by >10%
3700578650,Value Mismatch,valueusd,Calculated vs reported value differs by >10%
130969643,Value Mismatch,valueusd,Calculated vs reported value differs by >10%
9862717617,Value Mismatch,valueusd,Calculated vs reported value differs by >10%
2077578231,Value Mismatch,valueusd,Calculated vs reported value differs by >10%
3700585685,Value Mismatch,valueusd,Calculated vs reported value differs by >10%
3700585685,Value Mismatch,valueusd,Calculated vs reported value differs by >10%
1419697645,Value Mismatch,valueusd,Calculated vs reported value differs by >10%
1419697646,Value Mismatch,valueusd,Calculated vs reported value differs by >10%
1419697648,Value Mismatch,valueusd,Calculated vs reported value differs by >10%
1419697647,Value Mismatch,valueusd,Calculated vs reported value differs by >10%
9326341001,Value Mismatch,valueusd,Calculated vs reported value differs by >10%
9326341001,Value Mismatch,valueusd,Calculated vs reported value differs by >10%
3700578545,Value Mismatch,valueusd,Calculated vs reported value differs by >10%
3700585859,Value Mismatch,valueusd,Calculated vs reported value differs by >10%
3700585860,Value Mismatch,valueusd,Calculated vs reported value differs by >10%
3700578539,Value Mismatch,valueusd,Calculated vs reported value differs by >10%
3700578540,Value Mismatch,valueusd,Calculated vs reported value differs by >10%
3700578539,Value Mismatch,valueusd,Calculated vs reported value differs by >10%
3700578505,Value Mismatch,valueusd,Calculated vs reported value differs by >10%
3700578834,Value Mismatch,valueusd,Calculated vs reported value differs by >10%
3700578834,Value Mismatch,valueusd,Calculated vs reported value differs by >10%
3700578505,Value Mismatch,valueusd,Calculated vs reported value differs by >10%
3700579003,Value Mismatch,valueusd,Calculated vs reported value differs by >10%
3700579002,Value Mismatch,valueusd,Calculated vs reported value differs by >10%
3700579003,Value Mismatch,valueusd,Calculated vs reported value differs by >10%
9326257425,Value Mismatch,valueusd,Calculated vs reported value differs by >10%
9326257423,Value Mismatch,valueusd,Calculated vs reported value differs by >10%
9326257425,Value Mismatch,valueusd,Calculated vs reported value differs by >10%
3700578836,Value Mismatch,valueusd,Calculated vs reported value differs by >10%
3700578836,Value Mismatch,valueusd,Calculated vs reported value differs by >10%
3700578813,Value Mismatch,valueusd,Calculated vs reported value differs by >10%
3700578841,Value Mismatch,valueusd,Calculated vs reported value differs by >10%
3700578814,Value Mismatch,valueusd,Calculated vs reported value differs by >10%
3700578813,Value Mismatch,valueusd,Calculated vs reported value differs by >10%
3701093566,Value Mismatch,valueusd,Calculated vs reported value differs by >10%
3699613603,Value Mismatch,valueusd,Calculated vs reported value differs by >10%
3699614895,Value Mismatch,valueusd,Calculated vs reported value differs by >10%
3699614896,Value Mismatch,valueusd,Calculated vs reported value differs by >10%
3699614895,Value Mismatch,valueusd,Calculated vs reported value differs by >10%
3699614896,Value Mismatch,valueusd,Calculated vs reported value differs by >10%
3699613602,Value Mismatch,valueusd,Calculated vs reported value differs by >10%
3699613602,Value Mismatch,valueusd,Calculated vs reported value differs by >10%
9326257423,Value Mismatch,valueusd,Calculated vs reported value differs by >10%
1108327750,Value Mismatch,valueusd,Calculated vs reported value differs by >10%
3701093620,Value Mismatch,valueusd,Calculated vs reported value differs by >10%
3701093567,Value Mismatch,valueusd,Calculated vs reported value differs by >10%
3701093568,Value Mismatch,valueusd,Calculated vs reported value differs by >10%
3701093567,Value Mismatch,valueusd,Calculated vs reported value differs by >10%
3701093568,Value Mismatch,valueusd,Calculated vs reported value differs by >10%
3701100562,Value Mismatch,valueusd,Calculated vs reported value differs by >10%
3699612436,Value Mismatch,valueusd,Calculated vs reported value differs by >10%
3699612437,Value Mismatch,valueusd,Calculated vs reported value differs by >10%
3699612437,Value Mismatch,valueusd,Calculated vs reported value differs by >10%
3699612436,Value Mismatch,valueusd,Calculated vs reported value differs by >10%
3701093615,Value Mismatch,valueusd,Calculated vs reported value differs by >10%
3701100561,Value Mismatch,valueusd,Calculated vs reported value differs by >10%
6977618055,Value Mismatch,valueusd,Calculated vs reported value differs by >10%
6977618054,Value Mismatch,valueusd,Calculated vs reported value differs by >10%
6979268578,Value Mismatch,valueusd,Calculated vs reported value differs by >10%
6979268577,Value Mismatch,valueusd,Calculated vs reported value differs by >10%
6978561505,Value Mismatch,valueusd,Calculated vs reported value differs by >10%
6979268605,Value Mismatch,valueusd,Calculated vs reported value differs by >10%
447160064,Value Mismatch,valueusd,Calculated vs reported value differs by >10%
447102825,Value Mismatch,valueusd,Calculated vs reported value differs by >10%
9200701555,Value Mismatch,valueusd,Calculated vs reported value differs by >10%
9199651870,Value Mismatch,valueusd,Calculated vs reported value differs by >10%
9199651873,Value Mismatch,valueusd,Calculated vs reported value differs by >10%
9199651866,Value Mismatch,valueusd,Calculated vs reported value differs by >10%
828927584,Value Mismatch,valueusd,Calculated vs reported value differs by >10%
828927586,Value Mismatch,valueusd,Calculated vs reported value differs by >10%
828927585,Value Mismatch,valueusd,Calculated vs reported value differs by >10%
6978560919,Value Mismatch,valueusd,Calculated vs reported value differs by >10%
6978560920,Value Mismatch,valueusd,Calculated vs reported value differs by >10%
6978560918,Value Mismatch,valueusd,Calculated vs reported value differs by >10%
6978561517,Value Mismatch,valueusd,Calculated vs reported value differs by >10%
6978561516,Value Mismatch,valueusd,Calculated vs reported value differs by >10%
6978561515,Value Mismatch,valueusd,Calculated vs reported value differs by >10%
6978561518,Value Mismatch,valueusd,Calculated vs reported value differs by >10%
3460262969,Value Mismatch,valueusd,Calculated vs reported value differs by >10%
3460262969,Value Mismatch,valueusd,Calculated vs reported value differs by >10%
0130969641,Value Mismatch,valueusd,Calculated vs reported value differs by >10%
6978560917,Value Mismatch,valueusd,Calculated vs reported value differs by >10%
6978561578,Value Mismatch,valueusd,Calculated vs reported value differs by >10%
0127516180,Value Mismatch,valueusd,Calculated vs reported value differs by >10%
6978561574,Value Mismatch,valueusd,Calculated vs reported value differs by >10%
3751650055,Value Mismatch,valueusd,Calculated vs reported value differs by >10%
6978561548,Value Mismatch,valueusd,Calculated vs reported value differs by >10%
6978561471,Value Mismatch,valueusd,Calculated vs reported value differs by >10%
3751309249,Value Mismatch,valueusd,Calculated vs reported value differs by >10%
6978561535,Value Mismatch,valueusd,Calculated vs reported value differs by >10%
6978561017,Value Mismatch,valueusd,Calculated vs reported value differs by >10%
6978561491,Value Mismatch,valueusd,Calculated vs reported value differs by >10%
6978561573,Value Mismatch,valueusd,Calculated vs reported value differs by >10%
6979002238,Value Mismatch,valueusd,Calculated vs reported value differs by >10%
6978936681,Value Mismatch,valueusd,Calculated vs reported value differs by >10%
6978368140,Value Mismatch,valueusd,Calculated vs reported value differs by >10%
6978371850,Value Mismatch,valueusd,Calculated vs reported value differs by >10%
6978368861,Value Mismatch,valueusd,Calculated vs reported value differs by >10%
6978995919,Value Mismatch,valueusd,Calculated vs reported value differs by >10%
6977188274,Value Mismatch,valueusd,Calculated vs reported value differs by >10%
6977188279,Value Mismatch,valueusd,Calculated vs reported value differs by >10%
6977197311,Value Mismatch,valueusd,Calculated vs reported value differs by >10%
6977191835,Value Mismatch,valueusd,Calculated vs reported value differs by >10%
6978367473,Value Mismatch,valueusd,Calculated vs reported value differs by >10%
6978369021,Value Mismatch,valueusd,Calculated vs reported value differs by >10%
6978367472,Value Mismatch,valueusd,Calculated vs reported value differs by >10%
6978371851,Value Mismatch,valueusd,Calculated vs reported value differs by >10%
6978400775,Value Mismatch,valueusd,Calculated vs reported value differs by >10%
6978368161,Value Mismatch,valueusd,Calculated vs reported value differs by >10%
6976926375,Value Mismatch,valueusd,Calculated vs reported value differs by >10%
6978253202,Value Mismatch,valueusd,Calculated vs reported value differs by >10%
6978253253,Value Mismatch,valueusd,Calculated vs reported value differs by >10%
6978297450,Value Mismatch,valueusd,Calculated vs reported value differs by >10%
6978778596,Value Mismatch,valueusd,Calculated vs reported value differs by >10%
6978778597,Value Mismatch,valueusd,Calculated vs reported value differs by >10%
6978254606,Value Mismatch,valueusd,Calculated vs reported value differs by >10%
6978253139,Value Mismatch,valueusd,Calculated vs reported value differs by >10%
6976919205,Value Mismatch,valueusd,Calculated vs reported value differs by >10%
6978250667,Value Mismatch,valueusd,Calculated vs reported value differs by >10%
6978254598,Value Mismatch,valueusd,Calculated vs reported value differs by >10%
6976824844,Value Mismatch,valueusd,Calculated vs reported value differs by >10%
3751144609,Value Mismatch,valueusd,Calculated vs reported value differs by >10%
6978807062,Value Mismatch,valueusd,Calculated vs reported value differs by >10%
6978806604,Value Mismatch,valueusd,Calculated vs reported value differs by >10%
6978738680,Value Mismatch,valueusd,Calculated vs reported value differs by >10%
6978778569,Value Mismatch,valueusd,Calculated vs reported value differs by >10%
6979608077,Value Mismatch,valueusd,Calculated vs reported value differs by >10%
6979612909,Value Mismatch,valueusd,Calculated vs reported value differs by >10%
6979608595,Value Mismatch,valueusd,Calculated vs reported value differs by >10%
8498495044,Value Mismatch,valueusd,Calculated vs reported value differs by >10%
8850040477,Value Mismatch,valueusd,Calculated vs reported value differs by >10%
8850040476,Value Mismatch,valueusd,Calculated vs reported value differs by >10%
8850040475,Value Mismatch,valueusd,Calculated vs reported value differs by >10%
8850040473,Value Mismatch,valueusd,Calculated vs reported value differs by >10%
8850040477,Value Mismatch,valueusd,Calculated vs reported value differs by >10%
6979607422,Value Mismatch,valueusd,Calculated vs reported value differs by >10%
6979612126,Value Mismatch,valueusd,Calculated vs reported value differs by >10%
6979609516,Value Mismatch,valueusd,Calculated vs reported value differs by >10%
6979612901,Value Mismatch,valueusd,Calculated vs reported value differs by >10%
6979607386,Value Mismatch,valueusd,Calculated vs reported value differs by >10%
6979502609,Value Mismatch,valueusd,Calculated vs reported value differs by >10%
6976581172,Value Mismatch,valueusd,Calculated vs reported value differs by >10%
6976234435,Value Mismatch,valueusd,Calculated vs reported value differs by >10%
6977972318,Value Mismatch,valueusd,Calculated vs reported value differs by >10%
9703187098,Value Mismatch,valueusd,Calculated vs reported value differs by >10%
9703082619,Value Mismatch,valueusd,Calculated vs reported value differs by >10%
9703181932,Value Mismatch,valueusd,Calculated vs reported value differs by >10%
9703181599,Value Mismatch,valueusd,Calculated vs reported value differs by >10%
9703172300,Value Mismatch,valueusd,Calculated vs reported value differs by >10%
9703187146,Value Mismatch,valueusd,Calculated vs reported value differs by >10%
9703187145,Value Mismatch,valueusd,Calculated vs reported value differs by >10%
9703187108,Value Mismatch,valueusd,Calculated vs reported value differs by >10%
9703187111,Value Mismatch,valueusd,Calculated vs reported value differs by >10%
9703187119,Value Mismatch,valueusd,Calculated vs reported value differs by >10%
9705952584,Value Mismatch,valueusd,Calculated vs reported value differs by >10%
9704797162,Value Mismatch,valueusd,Calculated vs reported value differs by >10%
9704797141,Value Mismatch,valueusd,Calculated vs reported value differs by >10%
9703185072,Value Mismatch,valueusd,Calculated vs reported value differs by >10%
9703181622,Value Mismatch,valueusd,Calculated vs reported value differs by >10%
9703181623,Value Mismatch,valueusd,Calculated vs reported value differs by >10%
9703181624,Value Mismatch,valueusd,Calculated vs reported value differs by >10%
8850040476,Value Mismatch,valueusd,Calculated vs reported value differs by >10%
8850040475,Value Mismatch,valueusd,Calculated vs reported value differs by >10%
9702762313,Value Mismatch,valueusd,Calculated vs reported value differs by >10%
8850040473,Value Mismatch,valueusd,Calculated vs reported value differs by >10%
8847230971,Value Mismatch,valueusd,Calculated vs reported value differs by >10%
8847230970,Value Mismatch,valueusd,Calculated vs reported value differs by >10%
8847085553,Value Mismatch,valueusd,Calculated vs reported value differs by >10%
8846993667,Value Mismatch,valueusd,Calculated vs reported value differs by >10%
9703755129,Value Mismatch,valueusd,Calculated vs reported value differs by >10%
8849359218,Value Mismatch,valueusd,Calculated vs reported value differs by >10%
7855326275,Value Mismatch,valueusd,Calculated vs reported value differs by >10%
9702762276,Value Mismatch,valueusd,Calculated vs reported value differs by >10%
9702762277,Value Mismatch,valueusd,Calculated vs reported value differs by >10%
9702842244,Value Mismatch,valueusd,Calculated vs reported value differs by >10%
9702842245,Value Mismatch,valueusd,Calculated vs reported value differs by >10%
9702762279,Value Mismatch,valueusd,Calculated vs reported value differs by >10%
9702762280,Value Mismatch,valueusd,Calculated vs reported value differs by >10%
9702762281,Value Mismatch,valueusd,Calculated vs reported value differs by >10%
9702762298,Value Mismatch,valueusd,Calculated vs reported value differs by >10%
9702762278,Value Mismatch,valueusd,Calculated vs reported value differs by >10%
9702762297,Value Mismatch,valueusd,Calculated vs reported value differs by >10%
9702762300,Value Mismatch,valueusd,Calculated vs reported value differs by >10%
9702801201,Value Mismatch,valueusd,Calculated vs reported value differs by >10%
9702762311,Value Mismatch,valueusd,Calculated vs reported value differs by >10%
9702762312,Value Mismatch,valueusd,Calculated vs reported value differs by >10%
0798342356,Value Mismatch,valueusd,Calculated vs reported value differs by >10%
9702801254,Value Mismatch,valueusd,Calculated vs reported value differs by >10%
9702841123,Value Mismatch,valueusd,Calculated vs reported value differs by >10%
9702299392,Value Mismatch,valueusd,Calculated vs reported value differs by >10%
9704168944,Value Mismatch,valueusd,Calculated vs reported value differs by >10%
0798342355,Value Mismatch,valueusd,Calculated vs reported value differs by >10%
9702394507,Value Mismatch,valueusd,Calculated vs reported value differs by >10%
9702394508,Value Mismatch,valueusd,Calculated vs reported value differs by >10%
9702259607,Value Mismatch,valueusd,Calculated vs reported value differs by >10%
9702378796,Value Mismatch,valueusd,Calculated vs reported value differs by >10%
9702394111,Value Mismatch,valueusd,Calculated vs reported value differs by >10%
9702394112,Value Mismatch,valueusd,Calculated vs reported value differs by >10%
0798342356,Value Mismatch,valueusd,Calculated vs reported value differs by >10%
9702378795,Value Mismatch,valueusd,Calculated vs reported value differs by >10%
9702259617,Value Mismatch,valueusd,Calculated vs reported value differs by >10%
9702212917,Value Mismatch,valueusd,Calculated vs reported value differs by >10%
0798342355,Value Mismatch,valueusd,Calculated vs reported value differs by >10%
9323878957,Value Mismatch,valueusd,Calculated vs reported value differs by >10%
9859246285,Value Mismatch,valueusd,Calculated vs reported value differs by >10%
9861034889,Value Mismatch,valueusd,Calculated vs reported value differs by >10%
9861034890,Value Mismatch,valueusd,Calculated vs reported value differs by >10%
9861034891,Value Mismatch,valueusd,Calculated vs reported value differs by >10%
9861034892,Value Mismatch,valueusd,Calculated vs reported value differs by >10%
9861034893,Value Mismatch,valueusd,Calculated vs reported value differs by >10%
9861034894,Value Mismatch,valueusd,Calculated vs reported value differs by >10%
9861034895,Value Mismatch,valueusd,Calculated vs reported value differs by >10%
9861034888,Value Mismatch,valueusd,Calculated vs reported value differs by >10%
9859244259,Value Mismatch,valueusd,Calculated vs reported value differs by >10%
9861035917,Value Mismatch,valueusd,Calculated vs reported value differs by >10%
9861035918,Value Mismatch,valueusd,Calculated vs reported value differs by >10%
9861035919,Value Mismatch,valueusd,Calculated vs reported value differs by >10%
9861035920,Value Mismatch,valueusd,Calculated vs reported value differs by >10%
9859246290,Value Mismatch,valueusd,Calculated vs reported value differs by >10%
9859234058,Value Mismatch,valueusd,Calculated vs reported value differs by >10%
9859234063,Value Mismatch,valueusd,Calculated vs reported value differs by >10%
9859246381,Value Mismatch,valueusd,Calculated vs reported value differs by >10%
5660983251,Value Mismatch,valueusd,Calculated vs reported value differs by >10%
9859804484,Value Mismatch,valueusd,Calculated vs reported value differs by >10%
9859244341,Value Mismatch,valueusd,Calculated vs reported value differs by >10%
9859244338,Value Mismatch,valueusd,Calculated vs reported value differs by >10%
9861787737,Value Mismatch,valueusd,Calculated vs reported value differs by >10%
9863738185,Value Mismatch,valueusd,Calculated vs reported value differs by >10%
9859827872,Value Mismatch,valueusd,Calculated vs reported value differs by >10%
9859827871,Value Mismatch,valueusd,Calculated vs reported value differs by >10%
9863738187,Value Mismatch,valueusd,Calculated vs reported value differs by >10%
9859957345,Value Mismatch,valueusd,Calculated vs reported value differs by >10%
9859804487,Value Mismatch,valueusd,Calculated vs reported value differs by >10%
9859804488,Value Mismatch,valueusd,Calculated vs reported value differs by >10%
9859987810,Value Mismatch,valueusd,Calculated vs reported value differs by >10%
9859987811,Value Mismatch,valueusd,Calculated vs reported value differs by >10%
9863738186,Value Mismatch,valueusd,Calculated vs reported value differs by >10%
9863738188,Value Mismatch,valueusd,Calculated vs reported value differs by >10%
9859776802,Value Mismatch,valueusd,Calculated vs reported value differs by >10%
9863149106,Value Mismatch,valueusd,Calculated vs reported value differs by >10%
9863149107,Value Mismatch,valueusd,Calculated vs reported value differs by >10%
9862731759,Value Mismatch,valueusd,Calculated vs reported value differs by >10%
9859917363,Value Mismatch,valueusd,Calculated vs reported value differs by >10%
9859917364,Value Mismatch,valueusd,Calculated vs reported value differs by >10%
9863737702,Value Mismatch,valueusd,Calculated vs reported value differs by >10%
9863761128,Value Mismatch,valueusd,Calculated vs reported value differs by >10%
9859840607,Value Mismatch,valueusd,Calculated vs reported value differs by >10%
9860998137,Value Mismatch,valueusd,Calculated vs reported value differs by >10%
9859386411,Value Mismatch,valueusd,Calculated vs reported value differs by >10%
9859386413,Value Mismatch,valueusd,Calculated vs reported value differs by >10%
5658803351,Value Mismatch,valueusd,Calculated vs reported value differs by >10%
8481540586,Value Mismatch,valueusd,Calculated vs reported value differs by >10%
9863122195,Value Mismatch,valueusd,Calculated vs reported value differs by >10%
9859852915,Value Mismatch,valueusd,Calculated vs reported value differs by >10%
9859386409,Value Mismatch,valueusd,Calculated vs reported value differs by >10%
9860991257,Value Mismatch,valueusd,Calculated vs reported value differs by >10%
9860998136,Value Mismatch,valueusd,Calculated vs reported value differs by >10%
9860998135,Value Mismatch,valueusd,Calculated vs reported value differs by >10%
9859800681,Value Mismatch,valueusd,Calculated vs reported value differs by >10%
9862740594,Value Mismatch,valueusd,Calculated vs reported value differs by >10%
9860986941,Value Mismatch,valueusd,Calculated vs reported value differs by >10%
9859386416,Value Mismatch,valueusd,Calculated vs reported value differs by >10%
8481540586,Value Mismatch,valueusd,Calculated vs reported value differs by >10%
9859808268,Value Mismatch,valueusd,Calculated vs reported value differs by >10%
9859879846,Value Mismatch,valueusd,Calculated vs reported value differs by >10%
9859879847,Value Mismatch,valueusd,Calculated vs reported value differs by >10%
9861786059,Value Mismatch,valueusd,Calculated vs reported value differs by >10%
9861786060,Value Mismatch,valueusd,Calculated vs reported value differs by >10%
9863033440,Value Mismatch,valueusd,Calculated vs reported value differs by >10%
9863033441,Value Mismatch,valueusd,Calculated vs reported value differs by >10%
9863033442,Value Mismatch,valueusd,Calculated vs reported value differs by >10%
9863033443,Value Mismatch,valueusd,Calculated vs reported value differs by >10%
9201300131,Value Mismatch,valueusd,Calculated vs reported value differs by >10%
9201300130,Value Mismatch,valueusd,Calculated vs reported value differs by >10%
0284716117,Value Mismatch,valueusd,Calculated vs reported value differs by >10%
1320214302,Value Mismatch,valueusd,Calculated vs reported value differs by >10%
9860999376,Value Mismatch,valueusd,Calculated vs reported value differs by >10%
9859259789,Value Mismatch,valueusd,Calculated vs reported value differs by >10%
9860999375,Value Mismatch,valueusd,Calculated vs reported value differs by >10%
1320214302,Value Mismatch,valueusd,Calculated vs reported value differs by >10%
1204805418,Value Mismatch,valueusd,Calculated vs reported value differs by >10%
7991065368,Value Mismatch,valueusd,Calculated vs reported value differs by >10%
1204805418,Value Mismatch,valueusd,Calculated vs reported value differs by >10%
1025266429,Value Mismatch,valueusd,Calculated vs reported value differs by >10%
1184348442,Value Mismatch,valueusd,Calculated vs reported value differs by >10%
1025266429,Value Mismatch,valueusd,Calculated vs reported value differs by >10%
7993800530,Value Mismatch,valueusd,Calculated vs reported value differs by >10%
7991013566,Value Mismatch,valueusd,Calculated vs reported value differs by >10%
7991065343,Value Mismatch,valueusd,Calculated vs reported value differs by >10%
7991080750,Value Mismatch,valueusd,Calculated vs reported value differs by >10%
7991014584,Value Mismatch,valueusd,Calculated vs reported value differs by >10%
7991078105,Value Mismatch,valueusd,Calculated vs reported value differs by >10%
7991090334,Value Mismatch,valueusd,Calculated vs reported value differs by >10%
7991080751,Value Mismatch,valueusd,Calculated vs reported value differs by >10%
7992057141,Value Mismatch,valueusd,Calculated vs reported value differs by >10%
7992054042,Value Mismatch,valueusd,Calculated vs reported value differs by >10%
7992069032,Value Mismatch,valueusd,Calculated vs reported value differs by >10%
7992054043,Value Mismatch,valueusd,Calculated vs reported value differs by >10%
7990408049,Value Mismatch,valueusd,Calculated vs reported value differs by >10%
7990419067,Value Mismatch,valueusd,Calculated vs reported value differs by >10%
1184348442,Value Mismatch,valueusd,Calculated vs reported value differs by >10%
1220725336,Value Mismatch,valueusd,Calculated vs reported value differs by >10%
1114661885,Value Mismatch,valueusd,Calculated vs reported value differs by >10%
7993511454,Value Mismatch,valueusd,Calculated vs reported value differs by >10%
7993479282,Value Mismatch,valueusd,Calculated vs reported value differs by >10%
7993506298,Value Mismatch,valueusd,Calculated vs reported value differs by >10%
1121301568,Value Mismatch,valueusd,Calculated vs reported value differs by >10%
7990396168,Value Mismatch,valueusd,Calculated vs reported value differs by >10%
7994054391,Value Mismatch,valueusd,Calculated vs reported value differs by >10%
7992057126,Value Mismatch,valueusd,Calculated vs reported value differs by >10%
7990430426,Value Mismatch,valueusd,Calculated vs reported value differs by >10%
7990407925,Value Mismatch,valueusd,Calculated vs reported value differs by >10%
7990450392,Value Mismatch,valueusd,Calculated vs reported value differs by >10%
7990419127,Value Mismatch,valueusd,Calculated vs reported value differs by >10%
7990412446,Value Mismatch,valueusd,Calculated vs reported value differs by >10%
7990473710,Value Mismatch,valueusd,Calculated vs reported value differs by >10%
7990430402,Value Mismatch,valueusd,Calculated vs reported value differs by >10%
7990407908,Value Mismatch,valueusd,Calculated vs reported value differs by >10%
7990396930,Value Mismatch,valueusd,Calculated vs reported value differs by >10%
1147536074,Value Mismatch,valueusd,Calculated vs reported value differs by >10%
1121301568,Value Mismatch,valueusd,Calculated vs reported value differs by >10%
1147536074,Value Mismatch,valueusd,Calculated vs reported value differs by >10%
7990392474,Value Mismatch,valueusd,Calculated vs reported value differs by >10%
7992081712,Value Mismatch,valueusd,Calculated vs reported value differs by >10%
7990404169,Value Mismatch,valueusd,Calculated vs reported value differs by >10%
1075662081,Value Mismatch,valueusd,Calculated vs reported value differs by >10%
7992056385,Value Mismatch,valueusd,Calculated vs reported value differs by >10%
7992067370,Value Mismatch,valueusd,Calculated vs reported value differs by >10%
7990396195,Value Mismatch,valueusd,Calculated vs reported value differs by >10%
7990396957,Value Mismatch,valueusd,Calculated vs reported value differs by >10%
7989946025,Value Mismatch,valueusd,Calculated vs reported value differs by >10%
7991606692,Value Mismatch,valueusd,Calculated vs reported value differs by >10%
7991591593,Value Mismatch,valueusd,Calculated vs reported value differs by >10%
1121658235,Value Mismatch,valueusd,Calculated vs reported value differs by >10%
1070949612,Value Mismatch,valueusd,Calculated vs reported value differs by >10%
7991627553,Value Mismatch,valueusd,Calculated vs reported value differs by >10%
7991627319,Value Mismatch,valueusd,Calculated vs reported value differs by >10%
1624781780,Value Mismatch,valueusd,Calculated vs reported value differs by >10%
1052732499,Value Mismatch,valueusd,Calculated vs reported value differs by >10%
1052732499,Value Mismatch,valueusd,Calculated vs reported value differs by >10%
1232106957,Value Mismatch,valueusd,Calculated vs reported value differs by >10%
7989975634,Value Mismatch,valueusd,Calculated vs reported value differs by >10%
7994054077,Value Mismatch,valueusd,Calculated vs reported value differs by >10%
7989947274,Value Mismatch,valueusd,Calculated vs reported value differs by >10%
7989946024,Value Mismatch,valueusd,Calculated vs reported value differs by >10%
7993204122,Value Mismatch,valueusd,Calculated vs reported value differs by >10%
7989999270,Value Mismatch,valueusd,Calculated vs reported value differs by >10%
7989977697,Value Mismatch,valueusd,Calculated vs reported value differs by >10%
7989928193,Value Mismatch,valueusd,Calculated vs reported value differs by >10%
7989952441,Value Mismatch,valueusd,Calculated vs reported value differs by >10%
7989943537,Value Mismatch,valueusd,Calculated vs reported value differs by >10%
7991629710,Value Mismatch,valueusd,Calculated vs reported value differs by >10%
1045865450,Value Mismatch,valueusd,Calculated vs reported value differs by >10%
1045865451,Value Mismatch,valueusd,Calculated vs reported value differs by >10%
1047027694,Value Mismatch,valueusd,Calculated vs reported value differs by >10%
1047027695,Value Mismatch,valueusd,Calculated vs reported value differs by >10%
1045865229,Value Mismatch,valueusd,Calculated vs reported value differs by >10%
1042913800,Value Mismatch,valueusd,Calculated vs reported value differs by >10%
1115571363,Value Mismatch,valueusd,Calculated vs reported value differs by >10%
1093792100,Value Mismatch,valueusd,Calculated vs reported value differs by >10%
1042783832,Value Mismatch,valueusd,Calculated vs reported value differs by >10%
1042783833,Value Mismatch,valueusd,Calculated vs reported value differs by >10%
1042752924,Value Mismatch,valueusd,Calculated vs reported value differs by >10%
1042765136,Value Mismatch,valueusd,Calculated vs reported value differs by >10%
1042765137,Value Mismatch,valueusd,Calculated vs reported value differs by >10%
1042739353,Value Mismatch,valueusd,Calculated vs reported value differs by >10%
1042752925,Value Mismatch,valueusd,Calculated vs reported value differs by >10%
1042739588,Value Mismatch,valueusd,Calculated vs reported value differs by >10%
1042734460,Value Mismatch,valueusd,Calculated vs reported value differs by >10%
1042737880,Value Mismatch,valueusd,Calculated vs reported value differs by >10%
1043806369,Value Mismatch,valueusd,Calculated vs reported value differs by >10%
1043806366,Value Mismatch,valueusd,Calculated vs reported value differs by >10%
1043806370,Value Mismatch,valueusd,Calculated vs reported value differs by >10%
1043829703,Value Mismatch,valueusd,Calculated vs reported value differs by >10%
1045461257,Value Mismatch,valueusd,Calculated vs reported value differs by >10%
1043751543,Value Mismatch,valueusd,Calculated vs reported value differs by >10%
1043764450,Value Mismatch,valueusd,Calculated vs reported value differs by >10%
1043764449,Value Mismatch,valueusd,Calculated vs reported value differs by >10%
1045445087,Value Mismatch,valueusd,Calculated vs reported value differs by >10%
1106418531,Value Mismatch,valueusd,Calculated vs reported value differs by >10%
1253775976,Value Mismatch,valueusd,Calculated vs reported value differs by >10%
1046898210,Value Mismatch,valueusd,Calculated vs reported value differs by >10%
1045393520,Value Mismatch,valueusd,Calculated vs reported value differs by >10%
1045393521,Value Mismatch,valueusd,Calculated vs reported value differs by >10%
1043635505,Value Mismatch,valueusd,Calculated vs reported value differs by >10%
1043623428,Value Mismatch,valueusd,Calculated vs reported value differs by >10%
1803789726,Value Mismatch,valueusd,Calculated vs reported value differs by >10%
1045366884,Value Mismatch,valueusd,Calculated vs reported value differs by >10%
1043600987,Value Mismatch,valueusd,Calculated vs reported value differs by >10%
1045366883,Value Mismatch,valueusd,Calculated vs reported value differs by >10%
1045363123,Value Mismatch,valueusd,Calculated vs reported value differs by >10%
1045363124,Value Mismatch,valueusd,Calculated vs reported value differs by >10%
1043579635,Value Mismatch,valueusd,Calculated vs reported value differs by >10%
1184574264,Value Mismatch,valueusd,Calculated vs reported value differs by >10%
1046465820,Value Mismatch,valueusd,Calculated vs reported value differs by >10%
1184574264,Value Mismatch,valueusd,Calculated vs reported value differs by >10%
1260989238,Value Mismatch,valueusd,Calculated vs reported value differs by >10%
1043501647,Value Mismatch,valueusd,Calculated vs reported value differs by >10%
6305505837,Value Mismatch,valueusd,Calculated vs reported value differs by >10%
1043415761,Value Mismatch,valueusd,Calculated vs reported value differs by >10%
1099600336,Value Mismatch,valueusd,Calculated vs reported value differs by >10%
1099600335,Value Mismatch,valueusd,Calculated vs reported value differs by >10%
1099604603,Value Mismatch,valueusd,Calculated vs reported value differs by >10%
1045076261,Value Mismatch,valueusd,Calculated vs reported value differs by >10%
1097495237,Value Mismatch,valueusd,Calculated vs reported value differs by >10%
1097492832,Value Mismatch,valueusd,Calculated vs reported value differs by >10%
1097538080,Value Mismatch,valueusd,Calculated vs reported value differs by >10%
1045076262,Value Mismatch,valueusd,Calculated vs reported value differs by >10%
1097465184,Value Mismatch,valueusd,Calculated vs reported value differs by >10%
1097465185,Value Mismatch,valueusd,Calculated vs reported value differs by >10%
1097412686,Value Mismatch,valueusd,Calculated vs reported value differs by >10%
1097412687,Value Mismatch,valueusd,Calculated vs reported value differs by >10%
1099526168,Value Mismatch,valueusd,Calculated vs reported value differs by >10%
1097363357,Value Mismatch,valueusd,Calculated vs reported value differs by >10%
1045076263,Value Mismatch,valueusd,Calculated vs reported value differs by >10%
1097311023,Value Mismatch,valueusd,Calculated vs reported value differs by >10%
1098390786,Value Mismatch,valueusd,Calculated vs reported value differs by >10%
1045076266,Value Mismatch,valueusd,Calculated vs reported value differs by >10%
218007207,Value Mismatch,valueusd,Calculated vs reported value differs by >10%
1099997703,Value Mismatch,valueusd,Calculated vs reported value differs by >10%
1099997701,Value Mismatch,valueusd,Calculated vs reported value differs by >10%
1099997704,Value Mismatch,valueusd,Calculated vs reported value differs by >10%
1099997708,Value Mismatch,valueusd,Calculated vs reported value differs by >10%
1099997707,Value Mismatch,valueusd,Calculated vs reported value differs by >10%
218007204,Value Mismatch,valueusd,Calculated vs reported value differs by >10%
1100583917,Value Mismatch,valueusd,Calculated vs reported value differs by >10%
1100938664,Value Mismatch,valueusd,Calculated vs reported value differs by >10%
1100938663,Value Mismatch,valueusd,Calculated vs reported value differs by >10%
218007206,Value Mismatch,valueusd,Calculated vs reported value differs by >10%
218007208,Value Mismatch,valueusd,Calculated vs reported value differs by >10%
218007205,Value Mismatch,valueusd,Calculated vs reported value differs by >10%
2077410947,Value Mismatch,valueusd,Calculated vs reported value differs by >10%
1098304143,Value Mismatch,valueusd,Calculated vs reported value differs by >10%
2077489315,Value Mismatch,valueusd,Calculated vs reported value differs by >10%
1098273095,Value Mismatch,valueusd,Calculated vs reported value differs by >10%
1098245008,Value Mismatch,valueusd,Calculated vs reported value differs by >10%
2077473471,Value Mismatch,valueusd,Calculated vs reported value differs by >10%
2077468979,Value Mismatch,valueusd,Calculated vs reported value differs by >10%
1098273050,Value Mismatch,valueusd,Calculated vs reported value differs by >10%
1098209098,Value Mismatch,valueusd,Calculated vs reported value differs by >10%
1098208238,Value Mismatch,valueusd,Calculated vs reported value differs by >10%
1099821113,Value Mismatch,valueusd,Calculated vs reported value differs by >10%
1099821115,Value Mismatch,valueusd,Calculated vs reported value differs by >10%
1099821112,Value Mismatch,valueusd,Calculated vs reported value differs by >10%
1099821114,Value Mismatch,valueusd,Calculated vs reported value differs by >10%
1099818637,Value Mismatch,valueusd,Calculated vs reported value differs by >10%
1099818368,Value Mismatch,valueusd,Calculated vs reported value differs by >10%
2077491109,Value Mismatch,valueusd,Calculated vs reported value differs by >10%
1098114177,Value Mismatch,valueusd,Calculated vs reported value differs by >10%
2077425451,Value Mismatch,valueusd,Calculated vs reported value differs by >10%
1098147612,Value Mismatch,valueusd,Calculated vs reported value differs by >10%
1098101002,Value Mismatch,valueusd,Calculated vs reported value differs by >10%
1098094784,Value Mismatch,valueusd,Calculated vs reported value differs by >10%
6305505828,Value Mismatch,valueusd,Calculated vs reported value differs by >10%
1101400009,Value Mismatch,valueusd,Calculated vs reported value differs by >10%
1100938617,Value Mismatch,valueusd,Calculated vs reported value differs by >10%
1099711447,Value Mismatch,valueusd,Calculated vs reported value differs by >10%
1099711446,Value Mismatch,valueusd,Calculated vs reported value differs by >10%
447224584,Value Mismatch,valueusd,Calculated vs reported value differs by >10%
447191991,Value Mismatch,valueusd,Calculated vs reported value differs by >10%
447191990,Value Mismatch,valueusd,Calculated vs reported value differs by >10%
449838466,Value Mismatch,valueusd,Calculated vs reported value differs by >10%
447160492,Value Mismatch,valueusd,Calculated vs reported value differs by >10%
6305794327,Value Mismatch,valueusd,Calculated vs reported value differs by >10%
6304867413,Value Mismatch,valueusd,Calculated vs reported value differs by >10%
6305367937,Value Mismatch,valueusd,Calculated vs reported value differs by >10%
6305367936,Value Mismatch,valueusd,Calculated vs reported value differs by >10%
447072527,Value Mismatch,valueusd,Calculated vs reported value differs by >10%
447066412,Value Mismatch,valueusd,Calculated vs reported value differs by >10%
449687696,Value Mismatch,valueusd,Calculated vs reported value differs by >10%
449687697,Value Mismatch,valueusd,Calculated vs reported value differs by >10%
447028105,Value Mismatch,valueusd,Calculated vs reported value differs by >10%
449437645,Value Mismatch,valueusd,Calculated vs reported value differs by >10%
446996290,Value Mismatch,valueusd,Calculated vs reported value differs by >10%
446955680,Value Mismatch,valueusd,Calculated vs reported value differs by >10%
446955679,Value Mismatch,valueusd,Calculated vs reported value differs by >10%
449114727,Value Mismatch,valueusd,Calculated vs reported value differs by >10%
447025010,Value Mismatch,valueusd,Calculated vs reported value differs by >10%
446906486,Value Mismatch,valueusd,Calculated vs reported value differs by >10%
446906484,Value Mismatch,valueusd,Calculated vs reported value differs by >10%
446906485,Value Mismatch,valueusd,Calculated vs reported value differs by >10%
6305366385,Value Mismatch,valueusd,Calculated vs reported value differs by >10%
446906487,Value Mismatch,valueusd,Calculated vs reported value differs by >10%
446906488,Value Mismatch,valueusd,Calculated vs reported value differs by >10%
446896000,Value Mismatch,valueusd,Calculated vs reported value differs by >10%
6305366386,Value Mismatch,valueusd,Calculated vs reported value differs by >10%
6304494998,Value Mismatch,valueusd,Calculated vs reported value differs by >10%
6304494997,Value Mismatch,valueusd,Calculated vs reported value differs by >10%
6302364203,Value Mismatch,valueusd,Calculated vs reported value differs by >10%
6305366387,Value Mismatch,valueusd,Calculated vs reported value differs by >10%
446910264,Value Mismatch,valueusd,Calculated vs reported value differs by >10%
446909481,Value Mismatch,valueusd,Calculated vs reported value differs by >10%
446895437,Value Mismatch,valueusd,Calculated vs reported value differs by >10%
6305366388,Value Mismatch,valueusd,Calculated vs reported value differs by >10%
6304232295,Value Mismatch,valueusd,Calculated vs reported value differs by >10%
446792355,Value Mismatch,valueusd,Calculated vs reported value differs by >10%
449008702,Value Mismatch,valueusd,Calculated vs reported value differs by >10%
448989570,Value Mismatch,valueusd,Calculated vs reported value differs by >10%
652865784,Value Mismatch,valueusd,Calculated vs reported value differs by >10%
652865783,Value Mismatch,valueusd,Calculated vs reported value differs by >10%
450299651,Value Mismatch,valueusd,Calculated vs reported value differs by >10%
450299652,Value Mismatch,valueusd,Calculated vs reported value differs by >10%
447782939,Value Mismatch,valueusd,Calculated vs reported value differs by >10%
447782942,Value Mismatch,valueusd,Calculated vs reported value differs by >10%
447782940,Value Mismatch,valueusd,Calculated vs reported value differs by >10%
650717075,Value Mismatch,valueusd,Calculated vs reported value differs by >10%
650717076,Value Mismatch,valueusd,Calculated vs reported value differs by >10%
447739791,Value Mismatch,valueusd,Calculated vs reported value differs by >10%
447684358,Value Mismatch,valueusd,Calculated vs reported value differs by >10%
447656122,Value Mismatch,valueusd,Calculated vs reported value differs by >10%
447656121,Value Mismatch,valueusd,Calculated vs reported value differs by >10%
447654081,Value Mismatch,valueusd,Calculated vs reported value differs by >10%
651132239,Value Mismatch,valueusd,Calculated vs reported value differs by >10%
447655113,Value Mismatch,valueusd,Calculated vs reported value differs by >10%
651132237,Value Mismatch,valueusd,Calculated vs reported value differs by >10%
651120004,Value Mismatch,valueusd,Calculated vs reported value differs by >10%
651120003,Value Mismatch,valueusd,Calculated vs reported value differs by >10%
447652788,Value Mismatch,valueusd,Calculated vs reported value differs by >10%
447658857,Value Mismatch,valueusd,Calculated vs reported value differs by >10%
447658859,Value Mismatch,valueusd,Calculated vs reported value differs by >10%
447655114,Value Mismatch,valueusd,Calculated vs reported value differs by >10%
447658854,Value Mismatch,valueusd,Calculated vs reported value differs by >10%
447652789,Value Mismatch,valueusd,Calculated vs reported value differs by >10%
450128331,Value Mismatch,valueusd,Calculated vs reported value differs by >10%
450128354,Value Mismatch,valueusd,Calculated vs reported value differs by >10%
447626000,Value Mismatch,valueusd,Calculated vs reported value differs by >10%
447562297,Value Mismatch,valueusd,Calculated vs reported value differs by >10%
447584375,Value Mismatch,valueusd,Calculated vs reported value differs by >10%
3973375905,Value Mismatch,valueusd,Calculated vs reported value differs by >10%
3973375904,Value Mismatch,valueusd,Calculated vs reported value differs by >10%
3975858477,Value Mismatch,valueusd,Calculated vs reported value differs by >10%
3973340919,Value Mismatch,valueusd,Calculated vs reported value differs by >10%
3973361410,Value Mismatch,valueusd,Calculated vs reported value differs by >10%
3973361409,Value Mismatch,valueusd,Calculated vs reported value differs by >10%
651120002,Value Mismatch,valueusd,Calculated vs reported value differs by >10%
651120001,Value Mismatch,valueusd,Calculated vs reported value differs by >10%
3973341680,Value Mismatch,valueusd,Calculated vs reported value differs by >10%
3975837565,Value Mismatch,valueusd,Calculated vs reported value differs by >10%
3975837566,Value Mismatch,valueusd,Calculated vs reported value differs by >10%
653217400,Value Mismatch,valueusd,Calculated vs reported value differs by >10%
3976192817,Value Mismatch,valueusd,Calculated vs reported value differs by >10%
3973184876,Value Mismatch,valueusd,Calculated vs reported value differs by >10%
3972929261,Value Mismatch,valueusd,Calculated vs reported value differs by >10%
6006128922,Value Mismatch,valueusd,Calculated vs reported value differs by >10%
3972870926,Value Mismatch,valueusd,Calculated vs reported value differs by >10%
3972873856,Value Mismatch,valueusd,Calculated vs reported value differs by >10%
653217430,Value Mismatch,valueusd,Calculated vs reported value differs by >10%
3972776687,Value Mismatch,valueusd,Calculated vs reported value differs by >10%
3972776688,Value Mismatch,valueusd,Calculated vs reported value differs by >10%
3700837507,Value Mismatch,valueusd,Calculated vs reported value differs by >10%
3972752701,Value Mismatch,valueusd,Calculated vs reported value differs by >10%
3972754472,Value Mismatch,valueusd,Calculated vs reported value differs by >10%
3972752702,Value Mismatch,valueusd,Calculated vs reported value differs by >10%
3700837069,Value Mismatch,valueusd,Calculated vs reported value differs by >10%
3700837068,Value Mismatch,valueusd,Calculated vs reported value differs by >10%
3700837069,Value Mismatch,valueusd,Calculated vs reported value differs by >10%
3974897292,Value Mismatch,valueusd,Calculated vs reported value differs by >10%
3974897291,Value Mismatch,valueusd,Calculated vs reported value differs by >10%
3972681602,Value Mismatch,valueusd,Calculated vs reported value differs by >10%
3700837508,Value Mismatch,valueusd,Calculated vs reported value differs by >10%
3972595719,Value Mismatch,valueusd,Calculated vs reported value differs by >10%
3972595717,Value Mismatch,valueusd,Calculated vs reported value differs by >10%
3972595713,Value Mismatch,valueusd,Calculated vs reported value differs by >10%
3700837508,Value Mismatch,valueusd,Calculated vs reported value differs by >10%
3700837508,Value Mismatch,valueusd,Calculated vs reported value differs by >10%
3972585055,Value Mismatch,valueusd,Calculated vs reported value differs by >10%
3972595716,Value Mismatch,valueusd,Calculated vs reported value differs by >10%
3972596205,Value Mismatch,valueusd,Calculated vs reported value differs by >10%
3972595714,Value Mismatch,valueusd,Calculated vs reported value differs by >10%
3700837510,Value Mismatch,valueusd,Calculated vs reported value differs by >10%
3974789290,Value Mismatch,valueusd,Calculated vs reported value differs by >10%
3975515371,Value Mismatch,valueusd,Calculated vs reported value differs by >10%
2777285022,Value Mismatch,valueusd,Calculated vs reported value differs by >10%
2777285021,Value Mismatch,valueusd,Calculated vs reported value differs by >10%
2775016063,Value Mismatch,valueusd,Calculated vs reported value differs by >10%
2775142478,Value Mismatch,valueusd,Calculated vs reported value differs by >10%
2775247319,Value Mismatch,valueusd,Calculated vs reported value differs by >10%
2777382423,Value Mismatch,valueusd,Calculated vs reported value differs by >10%
2775281212,Value Mismatch,valueusd,Calculated vs reported value differs by >10%
2775281213,Value Mismatch,valueusd,Calculated vs reported value differs by >10%
2777074447,Value Mismatch,valueusd,Calculated vs reported value differs by >10%
2777492998,Value Mismatch,valueusd,Calculated vs reported value differs by >10%
2774948804,Value Mismatch,valueusd,Calculated vs reported value differs by >10%
3700837509,Value Mismatch,valueusd,Calculated vs reported value differs by >10%
3700837510,Value Mismatch,valueusd,Calculated vs reported value differs by >10%
3700578542,Value Mismatch,valueusd,Calculated vs reported value differs by >10%
2777469491,Value Mismatch,valueusd,Calculated vs reported value differs by >10%
2777469492,Value Mismatch,valueusd,Calculated vs reported value differs by >10%
2777353439,Value Mismatch,valueusd,Calculated vs reported value differs by >10%
3700578543,Value Mismatch,valueusd,Calculated vs reported value differs by >10%
3700579006,Value Mismatch,valueusd,Calculated vs reported value differs by >10%
3700579005,Value Mismatch,valueusd,Calculated vs reported value differs by >10%
2777657413,Value Mismatch,valueusd,Calculated vs reported value differs by >10%
3700579006,Value Mismatch,valueusd,Calculated vs reported value differs by >10%
2775234782,Value Mismatch,valueusd,Calculated vs reported value differs by >10%
2775102133,Value Mismatch,valueusd,Calculated vs reported value differs by >10%
2776086648,Value Mismatch,valueusd,Calculated vs reported value differs by >10%
2776089133,Value Mismatch,valueusd,Calculated vs reported value differs by >10%
2775976396,Value Mismatch,valueusd,Calculated vs reported value differs by >10%
2778822460,Value Mismatch,valueusd,Calculated vs reported value differs by >10%
3700578543,Value Mismatch,valueusd,Calculated vs reported value differs by >10%
2776016956,Value Mismatch,valueusd,Calculated vs reported value differs by >10%
2775993249,Value Mismatch,valueusd,Calculated vs reported value differs by >10%
2778909802,Value Mismatch,valueusd,Calculated vs reported value differs by >10%
2774976691,Value Mismatch,valueusd,Calculated vs reported value differs by >10%
2778318783,Value Mismatch,valueusd,Calculated vs reported value differs by >10%
2778318784,Value Mismatch,valueusd,Calculated vs reported value differs by >10%
3700578544,Value Mismatch,valueusd,Calculated vs reported value differs by >10%
3700578783,Value Mismatch,valueusd,Calculated vs reported value differs by >10%
3700578782,Value Mismatch,valueusd,Calculated vs reported value differs by >10%
3700578783,Value Mismatch,valueusd,Calculated vs reported value differs by >10%
2776124752,Value Mismatch,valueusd,Calculated vs reported value differs by >10%
2776124749,Value Mismatch,valueusd,Calculated vs reported value differs by >10%
2776124750,Value Mismatch,valueusd,Calculated vs reported value differs by >10%
2776124751,Value Mismatch,valueusd,Calculated vs reported value differs by >10%
2775812607,Value Mismatch,valueusd,Calculated vs reported value differs by >10%
2774924412,Value Mismatch,valueusd,Calculated vs reported value differs by >10%
2775652305,Value Mismatch,valueusd,Calculated vs reported value differs by >10%
2775652306,Value Mismatch,valueusd,Calculated vs reported value differs by >10%
2774924408,Value Mismatch,valueusd,Calculated vs reported value differs by >10%
2775812606,Value Mismatch,valueusd,Calculated vs reported value differs by >10%
2776104897,Value Mismatch,valueusd,Calculated vs reported value differs by >10%
2776101721,Value Mismatch,valueusd,Calculated vs reported value differs by >10%
2776101722,Value Mismatch,valueusd,Calculated vs reported value differs by >10%
2776104898,Value Mismatch,valueusd,Calculated vs reported value differs by >10%
2775374883,Value Mismatch,valueusd,Calculated vs reported value differs by >10%
3701093621,Value Mismatch,valueusd,Calculated vs reported value differs by >10%
3701093621,Value Mismatch,valueusd,Calculated vs reported value differs by >10%
2778323548,Value Mismatch,valueusd,Calculated vs reported value differs by >10%
2778323547,Value Mismatch,valueusd,Calculated vs reported value differs by >10%
6978561509,Value Mismatch,valueusd,Calculated vs reported value differs by >10%
2775299093,Value Mismatch,valueusd,Calculated vs reported value differs by >10%
6978561508,Value Mismatch,valueusd,Calculated vs reported value differs by >10%
6978561506,Value Mismatch,valueusd,Calculated vs reported value differs by >10%
2777835616,Value Mismatch,valueusd,Calculated vs reported value differs by >10%
2775959508,Value Mismatch,valueusd,Calculated vs reported value differs by >10%
2775656713,Value Mismatch,valueusd,Calculated vs reported value differs by >10%
2775656712,Value Mismatch,valueusd,Calculated vs reported value differs by >10%
2775748274,Value Mismatch,valueusd,Calculated vs reported value differs by >10%
2775860594,Value Mismatch,valueusd,Calculated vs reported value differs by >10%
2775860595,Value Mismatch,valueusd,Calculated vs reported value differs by >10%
2775930400,Value Mismatch,valueusd,Calculated vs reported value differs by >10%
2775930399,Value Mismatch,valueusd,Calculated vs reported value differs by >10%
2775748716,Value Mismatch,valueusd,Calculated vs reported value differs by >10%
2775516539,Value Mismatch,valueusd,Calculated vs reported value differs by >10%
2775516541,Value Mismatch,valueusd,Calculated vs reported value differs by >10%
2775516537,Value Mismatch,valueusd,Calculated vs reported value differs by >10%
2775516540,Value Mismatch,valueusd,Calculated vs reported value differs by >10%
2775516538,Value Mismatch,valueusd,Calculated vs reported value differs by >10%
6978561507,Value Mismatch,valueusd,Calculated vs reported value differs by >10%
1420283402,Value Mismatch,valueusd,Calculated vs reported value differs by >10%
6978561510,Value Mismatch,valueusd,Calculated vs reported value differs by >10%
1417639399,Value Mismatch,valueusd,Calculated vs reported value differs by >10%
1417570056,Value Mismatch,valueusd,Calculated vs reported value differs by >10%
1420219372,Value Mismatch,valueusd,Calculated vs reported value differs by >10%
1420219371,Value Mismatch,valueusd,Calculated vs reported value differs by >10%
1420150541,Value Mismatch,valueusd,Calculated vs reported value differs by >10%
1417685649,Value Mismatch,valueusd,Calculated vs reported value differs by >10%
1417933169,Value Mismatch,valueusd,Calculated vs reported value differs by >10%
1417933168,Value Mismatch,valueusd,Calculated vs reported value differs by >10%
6978561511,Value Mismatch,valueusd,Calculated vs reported value differs by >10%
1420354491,Value Mismatch,valueusd,Calculated vs reported value differs by >10%
6978561512,Value Mismatch,valueusd,Calculated vs reported value differs by >10%
6978561513,Value Mismatch,valueusd,Calculated vs reported value differs by >10%
1417566763,Value Mismatch,valueusd,Calculated vs reported value differs by >10%
6978561514,Value Mismatch,valueusd,Calculated vs reported value differs by >10%
6979268606,Value Mismatch,valueusd,Calculated vs reported value differs by >10%
1417821531,Value Mismatch,valueusd,Calculated vs reported value differs by >10%
1417885529,Value Mismatch,valueusd,Calculated vs reported value differs by >10%
1417890118,Value Mismatch,valueusd,Calculated vs reported value differs by >10%
1417920381,Value Mismatch,valueusd,Calculated vs reported value differs by >10%
1417920382,Value Mismatch,valueusd,Calculated vs reported value differs by >10%
1417566764,Value Mismatch,valueusd,Calculated vs reported value differs by >10%
1417895592,Value Mismatch,valueusd,Calculated vs reported value differs by >10%
1420526431,Value Mismatch,valueusd,Calculated vs reported value differs by >10%
1420069058,Value Mismatch,valueusd,Calculated vs reported value differs by >10%
1420069059,Value Mismatch,valueusd,Calculated vs reported value differs by >10%
1420023702,Value Mismatch,valueusd,Calculated vs reported value differs by >10%
1420023703,Value Mismatch,valueusd,Calculated vs reported value differs by >10%
1417895980,Value Mismatch,valueusd,Calculated vs reported value differs by >10%
1417809877,Value Mismatch,valueusd,Calculated vs reported value differs by >10%
1417777724,Value Mismatch,valueusd,Calculated vs reported value differs by >10%
1419768700,Value Mismatch,valueusd,Calculated vs reported value differs by >10%
1419768699,Value Mismatch,valueusd,Calculated vs reported value differs by >10%
1419618002,Value Mismatch,valueusd,Calculated vs reported value differs by >10%
1419618003,Value Mismatch,valueusd,Calculated vs reported value differs by >10%
1417008081,Value Mismatch,valueusd,Calculated vs reported value differs by >10%
1417353449,Value Mismatch,valueusd,Calculated vs reported value differs by >10%
1419106861,Value Mismatch,valueusd,Calculated vs reported value differs by >10%
1417201797,Value Mismatch,valueusd,Calculated vs reported value differs by >10%
1417130041,Value Mismatch,valueusd,Calculated vs reported value differs by >10%
6979268607,Value Mismatch,valueusd,Calculated vs reported value differs by >10%
1417022532,Value Mismatch,valueusd,Calculated vs reported value differs by >10%
1416880323,Value Mismatch,valueusd,Calculated vs reported value differs by >10%
1418992327,Value Mismatch,valueusd,Calculated vs reported value differs by >10%
6978561579,Value Mismatch,valueusd,Calculated vs reported value differs by >10%
6977618035,Value Mismatch,valueusd,Calculated vs reported value differs by >10%
1419369933,Value Mismatch,valueusd,Calculated vs reported value differs by >10%
1417198067,Value Mismatch,valueusd,Calculated vs reported value differs by >10%
1417196050,Value Mismatch,valueusd,Calculated vs reported value differs by >10%
1416880900,Value Mismatch,valueusd,Calculated vs reported value differs by >10%
1418972217,Value Mismatch,valueusd,Calculated vs reported value differs by >10%
1418972216,Value Mismatch,valueusd,Calculated vs reported value differs by >10%
1416841083,Value Mismatch,valueusd,Calculated vs reported value differs by >10%
1416848348,Value Mismatch,valueusd,Calculated vs reported value differs by >10%
1417248294,Value Mismatch,valueusd,Calculated vs reported value differs by >10%
1417044366,Value Mismatch,valueusd,Calculated vs reported value differs by >10%
1417082217,Value Mismatch,valueusd,Calculated vs reported value differs by >10%
1416737542,Value Mismatch,valueusd,Calculated vs reported value differs by >10%
1417244874,Value Mismatch,valueusd,Calculated vs reported value differs by >10%
1417132120,Value Mismatch,valueusd,Calculated vs reported value differs by >10%
1416770747,Value Mismatch,valueusd,Calculated vs reported value differs by >10%
6979612958,Value Mismatch,valueusd,Calculated vs reported value differs by >10%
1417099696,Value Mismatch,valueusd,Calculated vs reported value differs by >10%
1416906724,Value Mismatch,valueusd,Calculated vs reported value differs by >10%
1419484582,Value Mismatch,valueusd,Calculated vs reported value differs by >10%
1419484581,Value Mismatch,valueusd,Calculated vs reported value differs by >10%
693898362,Value Mismatch,valueusd,Calculated vs reported value differs by >10%
693856562,Value Mismatch,valueusd,Calculated vs reported value differs by >10%
693856561,Value Mismatch,valueusd,Calculated vs reported value differs by >10%
693849603,Value Mismatch,valueusd,Calculated vs reported value differs by >10%
693849607,Value Mismatch,valueusd,Calculated vs reported value differs by >10%
693849605,Value Mismatch,valueusd,Calculated vs reported value differs by >10%
693849609,Value Mismatch,valueusd,Calculated vs reported value differs by >10%
693849601,Value Mismatch,valueusd,Calculated vs reported value differs by >10%
693803650,Value Mismatch,valueusd,Calculated vs reported value differs by >10%
6979612135,Value Mismatch,valueusd,Calculated vs reported value differs by >10%
6979607421,Value Mismatch,valueusd,Calculated vs reported value differs by >10%
693755814,Value Mismatch,valueusd,Calculated vs reported value differs by >10%
6979611771,Value Mismatch,valueusd,Calculated vs reported value differs by >10%
693603359,Value Mismatch,valueusd,Calculated vs reported value differs by >10%
693536306,Value Mismatch,valueusd,Calculated vs reported value differs by >10%
693432312,Value Mismatch,valueusd,Calculated vs reported value differs by >10%
693432433,Value Mismatch,valueusd,Calculated vs reported value differs by >10%
6979612136,Value Mismatch,valueusd,Calculated vs reported value differs by >10%
6979608161,Value Mismatch,valueusd,Calculated vs reported value differs by >10%
9705949117,Value Mismatch,valueusd,Calculated vs reported value differs by >10%
694015777,Value Mismatch,valueusd,Calculated vs reported value differs by >10%
694015778,Value Mismatch,valueusd,Calculated vs reported value differs by >10%
694015779,Value Mismatch,valueusd,Calculated vs reported value differs by >10%
694015780,Value Mismatch,valueusd,Calculated vs reported value differs by >10%
694015786,Value Mismatch,valueusd,Calculated vs reported value differs by >10%
694015785,Value Mismatch,valueusd,Calculated vs reported value differs by >10%
694015782,Value Mismatch,valueusd,Calculated vs reported value differs by >10%
694015784,Value Mismatch,valueusd,Calculated vs reported value differs by >10%
694015781,Value Mismatch,valueusd,Calculated vs reported value differs by >10%
694015783,Value Mismatch,valueusd,Calculated vs reported value differs by >10%
693962883,Value Mismatch,valueusd,Calculated vs reported value differs by >10%
696572315,Value Mismatch,valueusd,Calculated vs reported value differs by >10%
695841015,Value Mismatch,valueusd,Calculated vs reported value differs by >10%
9705949118,Value Mismatch,valueusd,Calculated vs reported value differs by >10%
9702762318,Value Mismatch,valueusd,Calculated vs reported value differs by >10%
9702762316,Value Mismatch,valueusd,Calculated vs reported value differs by >10%
9702762317,Value Mismatch,valueusd,Calculated vs reported value differs by >10%
9200694869,Value Mismatch,valueusd,Calculated vs reported value differs by >10%
9702762319,Value Mismatch,valueusd,Calculated vs reported value differs by >10%
9200378178,Value Mismatch,valueusd,Calculated vs reported value differs by >10%
9200378184,Value Mismatch,valueusd,Calculated vs reported value differs by >10%
9200346343,Value Mismatch,valueusd,Calculated vs reported value differs by >10%
9703755132,Value Mismatch,valueusd,Calculated vs reported value differs by >10%
9203118813,Value Mismatch,valueusd,Calculated vs reported value differs by >10%
9203118812,Value Mismatch,valueusd,Calculated vs reported value differs by >10%
9200624682,Value Mismatch,valueusd,Calculated vs reported value differs by >10%
9203067562,Value Mismatch,valueusd,Calculated vs reported value differs by >10%
9203067560,Value Mismatch,valueusd,Calculated vs reported value differs by >10%
9702801253,Value Mismatch,valueusd,Calculated vs reported value differs by >10%
9704168945,Value Mismatch,valueusd,Calculated vs reported value differs by >10%
9203202395,Value Mismatch,valueusd,Calculated vs reported value differs by >10%
9203202394,Value Mismatch,valueusd,Calculated vs reported value differs by >10%
9702259253,Value Mismatch,valueusd,Calculated vs reported value differs by >10%
9201911480,Value Mismatch,valueusd,Calculated vs reported value differs by >10%
9202234900,Value Mismatch,valueusd,Calculated vs reported value differs by >10%
9706255040,Value Mismatch,valueusd,Calculated vs reported value differs by >10%
9201911481,Value Mismatch,valueusd,Calculated vs reported value differs by >10%
9202487955,Value Mismatch,valueusd,Calculated vs reported value differs by >10%
9201911478,Value Mismatch,valueusd,Calculated vs reported value differs by >10%
9201665999,Value Mismatch,valueusd,Calculated vs reported value differs by >10%
9706255039,Value Mismatch,valueusd,Calculated vs reported value differs by >10%
9202341805,Value Mismatch,valueusd,Calculated vs reported value differs by >10%
9859246385,Value Mismatch,valueusd,Calculated vs reported value differs by >10%
9202023915,Value Mismatch,valueusd,Calculated vs reported value differs by >10%
9200062708,Value Mismatch,valueusd,Calculated vs reported value differs by >10%
9202497571,Value Mismatch,valueusd,Calculated vs reported value differs by >10%
9199684148,Value Mismatch,valueusd,Calculated vs reported value differs by >10%
9202412470,Value Mismatch,valueusd,Calculated vs reported value differs by >10%
9202051198,Value Mismatch,valueusd,Calculated vs reported value differs by >10%
9859386397,Value Mismatch,valueusd,Calculated vs reported value differs by >10%
9859386400,Value Mismatch,valueusd,Calculated vs reported value differs by >10%
9201977139,Value Mismatch,valueusd,Calculated vs reported value differs by >10%
9859874314,Value Mismatch,valueusd,Calculated vs reported value differs by >10%
831420310,Value Mismatch,valueusd,Calculated vs reported value differs by >10%
831420309,Value Mismatch,valueusd,Calculated vs reported value differs by >10%
829381674,Value Mismatch,valueusd,Calculated vs reported value differs by >10%
831850906,Value Mismatch,valueusd,Calculated vs reported value differs by >10%
829239692,Value Mismatch,valueusd,Calculated vs reported value differs by >10%
9859874315,Value Mismatch,valueusd,Calculated vs reported value differs by >10%
9859874316,Value Mismatch,valueusd,Calculated vs reported value differs by >10%
9859874313,Value Mismatch,valueusd,Calculated vs reported value differs by >10%
7993786817,Value Mismatch,valueusd,Calculated vs reported value differs by >10%
829303457,Value Mismatch,valueusd,Calculated vs reported value differs by >10%
831863945,Value Mismatch,valueusd,Calculated vs reported value differs by >10%
831863946,Value Mismatch,valueusd,Calculated vs reported value differs by >10%
7993796557,Value Mismatch,valueusd,Calculated vs reported value differs by >10%
831328772,Value Mismatch,valueusd,Calculated vs reported value differs by >10%
831328773,Value Mismatch,valueusd,Calculated vs reported value differs by >10%
831328774,Value Mismatch,valueusd,Calculated vs reported value differs by >10%
829203210,Value Mismatch,valueusd,Calculated vs reported value differs by >10%
831319089,Value Mismatch,valueusd,Calculated vs reported value differs by >10%
831319090,Value Mismatch,valueusd,Calculated vs reported value differs by >10%
829181086,Value Mismatch,valueusd,Calculated vs reported value differs by >10%
829126936,Value Mismatch,valueusd,Calculated vs reported value differs by >10%
829181085,Value Mismatch,valueusd,Calculated vs reported value differs by >10%
829115150,Value Mismatch,valueusd,Calculated vs reported value differs by >10%
829083976,Value Mismatch,valueusd,Calculated vs reported value differs by >10%
829044865,Value Mismatch,valueusd,Calculated vs reported value differs by >10%
829044866,Value Mismatch,valueusd,Calculated vs reported value differs by >10%
829041076,Value Mismatch,valueusd,Calculated vs reported value differs by >10%
829042452,Value Mismatch,valueusd,Calculated vs reported value differs by >10%
7991028435,Value Mismatch,valueusd,Calculated vs reported value differs by >10%
831675344,Value Mismatch,valueusd,Calculated vs reported value differs by >10%
7991065367,Value Mismatch,valueusd,Calculated vs reported value differs by >10%
829041075,Value Mismatch,valueusd,Calculated vs reported value differs by >10%
831248453,Value Mismatch,valueusd,Calculated vs reported value differs by >10%
831228814,Value Mismatch,valueusd,Calculated vs reported value differs by >10%
831672318,Value Mismatch,valueusd,Calculated vs reported value differs by >10%
828954836,Value Mismatch,valueusd,Calculated vs reported value differs by >10%
831217321,Value Mismatch,valueusd,Calculated vs reported value differs by >10%
831202883,Value Mismatch,valueusd,Calculated vs reported value differs by >10%
831202884,Value Mismatch,valueusd,Calculated vs reported value differs by >10%
831202882,Value Mismatch,valueusd,Calculated vs reported value differs by >10%
7994223975,Value Mismatch,valueusd,Calculated vs reported value differs by >10%
828911980,Value Mismatch,valueusd,Calculated vs reported value differs by >10%
7994223976,Value Mismatch,valueusd,Calculated vs reported value differs by >10%
7990408062,Value Mismatch,valueusd,Calculated vs reported value differs by >10%
831118301,Value Mismatch,valueusd,Calculated vs reported value differs by >10%
828837824,Value Mismatch,valueusd,Calculated vs reported value differs by >10%
828837769,Value Mismatch,valueusd,Calculated vs reported value differs by >10%
828837911,Value Mismatch,valueusd,Calculated vs reported value differs by >10%
828837910,Value Mismatch,valueusd,Calculated vs reported value differs by >10%
828837909,Value Mismatch,valueusd,Calculated vs reported value differs by >10%
828768865,Value Mismatch,valueusd,Calculated vs reported value differs by >10%
831079790,Value Mismatch,valueusd,Calculated vs reported value differs by >10%
828696458,Value Mismatch,valueusd,Calculated vs reported value differs by >10%
7990412396,Value Mismatch,valueusd,Calculated vs reported value differs by >10%
7990408063,Value Mismatch,valueusd,Calculated vs reported value differs by >10%
218252604,Value Mismatch,valueusd,Calculated vs reported value differs by >10%
218252674,Value Mismatch,valueusd,Calculated vs reported value differs by >10%
7990482594,Value Mismatch,valueusd,Calculated vs reported value differs by >10%
220016477,Value Mismatch,valueusd,Calculated vs reported value differs by >10%
219983162,Value Mismatch,valueusd,Calculated vs reported value differs by >10%
219983161,Value Mismatch,valueusd,Calculated vs reported value differs by >10%
219983165,Value Mismatch,valueusd,Calculated vs reported value differs by >10%
7992053737,Value Mismatch,valueusd,Calculated vs reported value differs by >10%
7992057140,Value Mismatch,valueusd,Calculated vs reported value differs by >10%
7990396931,Value Mismatch,valueusd,Calculated vs reported value differs by >10%
218083979,Value Mismatch,valueusd,Calculated vs reported value differs by >10%
218083980,Value Mismatch,valueusd,Calculated vs reported value differs by >10%
220498575,Value Mismatch,valueusd,Calculated vs reported value differs by >10%
7992068707,Value Mismatch,valueusd,Calculated vs reported value differs by >10%
7991591594,Value Mismatch,valueusd,Calculated vs reported value differs by >10%
218060816,Value Mismatch,valueusd,Calculated vs reported value differs by >10%
218038359,Value Mismatch,valueusd,Calculated vs reported value differs by >10%
7991627554,Value Mismatch,valueusd,Calculated vs reported value differs by >10%
218049710,Value Mismatch,valueusd,Calculated vs reported value differs by >10%
7989928191,Value Mismatch,valueusd,Calculated vs reported value differs by >10%
217935582,Value Mismatch,valueusd,Calculated vs reported value differs by >10%
219832522,Value Mismatch,valueusd,Calculated vs reported value differs by >10%
217849415,Value Mismatch,valueusd,Calculated vs reported value differs by >10%
217849414,Value Mismatch,valueusd,Calculated vs reported value differs by >10%
217849413,Value Mismatch,valueusd,Calculated vs reported value differs by >10%
7989999275,Value Mismatch,valueusd,Calculated vs reported value differs by >10%
7991618461,Value Mismatch,valueusd,Calculated vs reported value differs by >10%
1042912415,Value Mismatch,valueusd,Calculated vs reported value differs by >10%
220495754,Value Mismatch,valueusd,Calculated vs reported value differs by >10%
1042912414,Value Mismatch,valueusd,Calculated vs reported value differs by >10%
9455620890,Value Mismatch,valueusd,Calculated vs reported value differs by >10%
9455619681,Value Mismatch,valueusd,Calculated vs reported value differs by >10%
9455620659,Value Mismatch,valueusd,Calculated vs reported value differs by >10%
9455619738,Value Mismatch,valueusd,Calculated vs reported value differs by >10%
9455619737,Value Mismatch,valueusd,Calculated vs reported value differs by >10%
9456279380,Value Mismatch,valueusd,Calculated vs reported value differs by >10%
9455619736,Value Mismatch,valueusd,Calculated vs reported value differs by >10%
9455619734,Value Mismatch,valueusd,Calculated vs reported value differs by >10%
9455619733,Value Mismatch,valueusd,Calculated vs reported value differs by >10%
1043716955,Value Mismatch,valueusd,Calculated vs reported value differs by >10%
1045405600,Value Mismatch,valueusd,Calculated vs reported value differs by >10%
1099585644,Value Mismatch,valueusd,Calculated vs reported value differs by >10%
9454310331,Value Mismatch,valueusd,Calculated vs reported value differs by >10%
9454310331,Value Mismatch,valueusd,Calculated vs reported value differs by >10%
9454386406,Value Mismatch,valueusd,Calculated vs reported value differs by >10%
9454386406,Value Mismatch,valueusd,Calculated vs reported value differs by >10%
9456215619,Value Mismatch,valueusd,Calculated vs reported value differs by >10%
9456215618,Value Mismatch,valueusd,Calculated vs reported value differs by >10%
9456215620,Value Mismatch,valueusd,Calculated vs reported value differs by >10%
9454192926,Value Mismatch,valueusd,Calculated vs reported value differs by >10%
9454192926,Value Mismatch,valueusd,Calculated vs reported value differs by >10%
9454195855,Value Mismatch,valueusd,Calculated vs reported value differs by >10%
9454195082,Value Mismatch,valueusd,Calculated vs reported value differs by >10%
1097465182,Value Mismatch,valueusd,Calculated vs reported value differs by >10%
1100014264,Value Mismatch,valueusd,Calculated vs reported value differs by >10%
9454182751,Value Mismatch,valueusd,Calculated vs reported value differs by >10%
9454182752,Value Mismatch,valueusd,Calculated vs reported value differs by >10%
9454182752,Value Mismatch,valueusd,Calculated vs reported value differs by >10%
9454182751,Value Mismatch,valueusd,Calculated vs reported value differs by >10%
9454177849,Value Mismatch,valueusd,Calculated vs reported value differs by >10%
9454177847,Value Mismatch,valueusd,Calculated vs reported value differs by >10%
9454177848,Value Mismatch,valueusd,Calculated vs reported value differs by >10%
9454220979,Value Mismatch,valueusd,Calculated vs reported value differs by >10%
9454220979,Value Mismatch,valueusd,Calculated vs reported value differs by >10%
9456161843,Value Mismatch,valueusd,Calculated vs reported value differs by >10%
9456161843,Value Mismatch,valueusd,Calculated vs reported value differs by >10%
9456141252,Value Mismatch,valueusd,Calculated vs reported value differs by >10%
9456141252,Value Mismatch,valueusd,Calculated vs reported value differs by >10%
9454184574,Value Mismatch,valueusd,Calculated vs reported value differs by >10%
9454184574,Value Mismatch,valueusd,Calculated vs reported value differs by >10%
1098277967,Value Mismatch,valueusd,Calculated vs reported value differs by >10%
1098277966,Value Mismatch,valueusd,Calculated vs reported value differs by >10%
9456112806,Value Mismatch,valueusd,Calculated vs reported value differs by >10%
9456112806,Value Mismatch,valueusd,Calculated vs reported value differs by >10%
9456112805,Value Mismatch,valueusd,Calculated vs reported value differs by >10%
9456112805,Value Mismatch,valueusd,Calculated vs reported value differs by >10%
1098261672,Value Mismatch,valueusd,Calculated vs reported value differs by >10%
1098261669,Value Mismatch,valueusd,Calculated vs reported value differs by >10%
1098244831,Value Mismatch,valueusd,Calculated vs reported value differs by >10%
1101055183,Value Mismatch,valueusd,Calculated vs reported value differs by >10%
1101055184,Value Mismatch,valueusd,Calculated vs reported value differs by >10%
1099815714,Value Mismatch,valueusd,Calculated vs reported value differs by >10%
1098114178,Value Mismatch,valueusd,Calculated vs reported value differs by >10%
1101539821,Value Mismatch,valueusd,Calculated vs reported value differs by >10%
9453832996,Value Mismatch,valueusd,Calculated vs reported value differs by >10%
447187053,Value Mismatch,valueusd,Calculated vs reported value differs by >10%
447187052,Value Mismatch,valueusd,Calculated vs reported value differs by >10%
449172103,Value Mismatch,valueusd,Calculated vs reported value differs by >10%
447073108,Value Mismatch,valueusd,Calculated vs reported value differs by >10%
446909479,Value Mismatch,valueusd,Calculated vs reported value differs by >10%
9455601268,Value Mismatch,valueusd,Calculated vs reported value differs by >10%
9455601268,Value Mismatch,valueusd,Calculated vs reported value differs by >10%
446909478,Value Mismatch,valueusd,Calculated vs reported value differs by >10%
446909480,Value Mismatch,valueusd,Calculated vs reported value differs by >10%
446910266,Value Mismatch,valueusd,Calculated vs reported value differs by >10%
446910265,Value Mismatch,valueusd,Calculated vs reported value differs by >10%
446824552,Value Mismatch,valueusd,Calculated vs reported value differs by >10%
9453713959,Value Mismatch,valueusd,Calculated vs reported value differs by >10%
9453713959,Value Mismatch,valueusd,Calculated vs reported value differs by >10%
446824551,Value Mismatch,valueusd,Calculated vs reported value differs by >10%
447809943,Value Mismatch,valueusd,Calculated vs reported value differs by >10%
9453711785,Value Mismatch,valueusd,Calculated vs reported value differs by >10%
9453713461,Value Mismatch,valueusd,Calculated vs reported value differs by >10%
9453711785,Value Mismatch,valueusd,Calculated vs reported value differs by >10%
9453713461,Value Mismatch,valueusd,Calculated vs reported value differs by >10%
447745492,Value Mismatch,valueusd,Calculated vs reported value differs by >10%
447711044,Value Mismatch,valueusd,Calculated vs reported value differs by >10%
447652790,Value Mismatch,valueusd,Calculated vs reported value differs by >10%
450131154,Value Mismatch,valueusd,Calculated vs reported value differs by >10%
3463582569,Value Mismatch,valueusd,Calculated vs reported value differs by >10%
3463582569,Value Mismatch,valueusd,Calculated vs reported value differs by >10%
450131155,Value Mismatch,valueusd,Calculated vs reported value differs by >10%
3975526242,Value Mismatch,valueusd,Calculated vs reported value differs by >10%
3460514153,Value Mismatch,valueusd,Calculated vs reported value differs by >10%
3460615290,Value Mismatch,valueusd,Calculated vs reported value differs by >10%
3460615290,Value Mismatch,valueusd,Calculated vs reported value differs by >10%
3460514153,Value Mismatch,valueusd,Calculated vs reported value differs by >10%
3460478771,Value Mismatch,valueusd,Calculated vs reported value differs by >10%
3460478770,Value Mismatch,valueusd,Calculated vs reported value differs by >10%
3460478771,Value Mismatch,valueusd,Calculated vs reported value differs by >10%
3460478770,Value Mismatch,valueusd,Calculated vs reported value differs by >10%
3460497457,Value Mismatch,valueusd,Calculated vs reported value differs by >10%
3460497457,Value Mismatch,valueusd,Calculated vs reported value differs by >10%
3460274139,Value Mismatch,valueusd,Calculated vs reported value differs by >10%
3460274139,Value Mismatch,valueusd,Calculated vs reported value differs by >10%
3975526243,Value Mismatch,valueusd,Calculated vs reported value differs by >10%
3975224357,Value Mismatch,valueusd,Calculated vs reported value differs by >10%
3972754035,Value Mismatch,valueusd,Calculated vs reported value differs by >10%
3972754034,Value Mismatch,valueusd,Calculated vs reported value differs by >10%
3974896067,Value Mismatch,valueusd,Calculated vs reported value differs by >10%
3460598031,Value Mismatch,valueusd,Calculated vs reported value differs by >10%
3974831492,Value Mismatch,valueusd,Calculated vs reported value differs by >10%
3972595721,Value Mismatch,valueusd,Calculated vs reported value differs by >10%
3462316549,Value Mismatch,valueusd,Calculated vs reported value differs by >10%
3462316549,Value Mismatch,valueusd,Calculated vs reported value differs by >10%
3460133479,Value Mismatch,valueusd,Calculated vs reported value differs by >10%
3460133479,Value Mismatch,valueusd,Calculated vs reported value differs by >10%
3972595715,Value Mismatch,valueusd,Calculated vs reported value differs by >10%
3974789289,Value Mismatch,valueusd,Calculated vs reported value differs by >10%
3459700154,Value Mismatch,valueusd,Calculated vs reported value differs by >10%
3459700154,Value Mismatch,valueusd,Calculated vs reported value differs by >10%
2774905630,Value Mismatch,valueusd,Calculated vs reported value differs by >10%
2774905632,Value Mismatch,valueusd,Calculated vs reported value differs by >10%
3462553959,Value Mismatch,valueusd,Calculated vs reported value differs by >10%
3459950433,Value Mismatch,valueusd,Calculated vs reported value differs by >10%
3459560846,Value Mismatch,valueusd,Calculated vs reported value differs by >10%
3459560846,Value Mismatch,valueusd,Calculated vs reported value differs by >10%
2777358396,Value Mismatch,valueusd,Calculated vs reported value differs by >10%
2777353440,Value Mismatch,valueusd,Calculated vs reported value differs by >10%
2774855492,Value Mismatch,valueusd,Calculated vs reported value differs by >10%
3459699203,Value Mismatch,valueusd,Calculated vs reported value differs by >10%
3462047670,Value Mismatch,valueusd,Calculated vs reported value differs by >10%
3462047671,Value Mismatch,valueusd,Calculated vs reported value differs by >10%
2774855490,Value Mismatch,valueusd,Calculated vs reported value differs by >10%
2778822459,Value Mismatch,valueusd,Calculated vs reported value differs by >10%
3459601395,Value Mismatch,valueusd,Calculated vs reported value differs by >10%
3460163896,Value Mismatch,valueusd,Calculated vs reported value differs by >10%
3459600828,Value Mismatch,valueusd,Calculated vs reported value differs by >10%
3459601395,Value Mismatch,valueusd,Calculated vs reported value differs by >10%
3460163896,Value Mismatch,valueusd,Calculated vs reported value differs by >10%
3459600828,Value Mismatch,valueusd,Calculated vs reported value differs by >10%
2778846608,Value Mismatch,valueusd,Calculated vs reported value differs by >10%
2778846609,Value Mismatch,valueusd,Calculated vs reported value differs by >10%
2778863733,Value Mismatch,valueusd,Calculated vs reported value differs by >10%
2778863734,Value Mismatch,valueusd,Calculated vs reported value differs by >10%
130403117,Value Mismatch,valueusd,Calculated vs reported value differs by >10%
2775499078,Value Mismatch,valueusd,Calculated vs reported value differs by >10%
0130633397,Value Mismatch,valueusd,Calculated vs reported value differs by >10%
130633397,Value Mismatch,valueusd,Calculated vs reported value differs by >10%
127881848,Value Mismatch,valueusd,Calculated vs reported value differs by >10%
0127881848,Value Mismatch,valueusd,Calculated vs reported value differs by >10%
128054026,Value Mismatch,valueusd,Calculated vs reported value differs by >10%
0128054026,Value Mismatch,valueusd,Calculated vs reported value differs by >10%
2775697437,Value Mismatch,valueusd,Calculated vs reported value differs by >10%
2775957598,Value Mismatch,valueusd,Calculated vs reported value differs by >10%
2775969022,Value Mismatch,valueusd,Calculated vs reported value differs by >10%
2775969021,Value Mismatch,valueusd,Calculated vs reported value differs by >10%
1420259850,Value Mismatch,valueusd,Calculated vs reported value differs by >10%
1420278315,Value Mismatch,valueusd,Calculated vs reported value differs by >10%
1420354490,Value Mismatch,valueusd,Calculated vs reported value differs by >10%
130343772,Value Mismatch,valueusd,Calculated vs reported value differs by >10%
0130343772,Value Mismatch,valueusd,Calculated vs reported value differs by >10%
127715180,Value Mismatch,valueusd,Calculated vs reported value differs by >10%
0127715180,Value Mismatch,valueusd,Calculated vs reported value differs by >10%
129599370,Value Mismatch,valueusd,Calculated vs reported value differs by >10%
0129599370,Value Mismatch,valueusd,Calculated vs reported value differs by >10%
127403914,Value Mismatch,valueusd,Calculated vs reported value differs by >10%
0127403914,Value Mismatch,valueusd,Calculated vs reported value differs by >10%
130087032,Value Mismatch,valueusd,Calculated vs reported value differs by >10%
0130087032,Value Mismatch,valueusd,Calculated vs reported value differs by >10%
1418023431,Value Mismatch,valueusd,Calculated vs reported value differs by >10%
1418023432,Value Mismatch,valueusd,Calculated vs reported value differs by >10%
129400451,Value Mismatch,valueusd,Calculated vs reported value differs by >10%
0129400451,Value Mismatch,valueusd,Calculated vs reported value differs by >10%
127342800,Value Mismatch,valueusd,Calculated vs reported value differs by >10%
1417239581,Value Mismatch,valueusd,Calculated vs reported value differs by >10%
129464211,Value Mismatch,valueusd,Calculated vs reported value differs by >10%
1417305554,Value Mismatch,valueusd,Calculated vs reported value differs by >10%
1417305555,Value Mismatch,valueusd,Calculated vs reported value differs by >10%
693765962,Value Mismatch,valueusd,Calculated vs reported value differs by >10%
129415758,Value Mismatch,valueusd,Calculated vs reported value differs by >10%
126822950,Value Mismatch,valueusd,Calculated vs reported value differs by >10%
127376425,Value Mismatch,valueusd,Calculated vs reported value differs by >10%
0127376425,Value Mismatch,valueusd,Calculated vs reported value differs by >10%
127516180,Value Mismatch,valueusd,Calculated vs reported value differs by >10%
693765963,Value Mismatch,valueusd,Calculated vs reported value differs by >10%
693439832,Value Mismatch,valueusd,Calculated vs reported value differs by >10%
693439831,Value Mismatch,valueusd,Calculated vs reported value differs by >10%
3753953402,Value Mismatch,valueusd,Calculated vs reported value differs by >10%
3753953402,Value Mismatch,valueusd,Calculated vs reported value differs by >10%
3751650055,Value Mismatch,valueusd,Calculated vs reported value differs by >10%
3753419696,Value Mismatch,valueusd,Calculated vs reported value differs by >10%
3751555785,Value Mismatch,valueusd,Calculated vs reported value differs by >10%
3751555786,Value Mismatch,valueusd,Calculated vs reported value differs by >10%
3751555786,Value Mismatch,valueusd,Calculated vs reported value differs by >10%
3751555785,Value Mismatch,valueusd,Calculated vs reported value differs by >10%
3751553338,Value Mismatch,valueusd,Calculated vs reported value differs by >10%
3751553340,Value Mismatch,valueusd,Calculated vs reported value differs by >10%
3751553339,Value Mismatch,valueusd,Calculated vs reported value differs by >10%
3751553340,Value Mismatch,valueusd,Calculated vs reported value differs by >10%
3751553338,Value Mismatch,valueusd,Calculated vs reported value differs by >10%
3751553339,Value Mismatch,valueusd,Calculated vs reported value differs by >10%
3751553336,Value Mismatch,valueusd,Calculated vs reported value differs by >10%
3751553337,Value Mismatch,valueusd,Calculated vs reported value differs by >10%
695506067,Value Mismatch,valueusd,Calculated vs reported value differs by >10%
695821682,Value Mismatch,valueusd,Calculated vs reported value differs by >10%
695821683,Value Mismatch,valueusd,Calculated vs reported value differs by >10%
696134780,Value Mismatch,valueusd,Calculated vs reported value differs by >10%
3751521190,Value Mismatch,valueusd,Calculated vs reported value differs by >10%
3751521189,Value Mismatch,valueusd,Calculated vs reported value differs by >10%
3751500223,Value Mismatch,valueusd,Calculated vs reported value differs by >10%
3751500222,Value Mismatch,valueusd,Calculated vs reported value differs by >10%
3751521190,Value Mismatch,valueusd,Calculated vs reported value differs by >10%
3751521189,Value Mismatch,valueusd,Calculated vs reported value differs by >10%
3751500223,Value Mismatch,valueusd,Calculated vs reported value differs by >10%
3751500222,Value Mismatch,valueusd,Calculated vs reported value differs by >10%
3751531816,Value Mismatch,valueusd,Calculated vs reported value differs by >10%
3751531815,Value Mismatch,valueusd,Calculated vs reported value differs by >10%
3751531819,Value Mismatch,valueusd,Calculated vs reported value differs by >10%
3751531818,Value Mismatch,valueusd,Calculated vs reported value differs by >10%
3751531817,Value Mismatch,valueusd,Calculated vs reported value differs by >10%
3751500930,Value Mismatch,valueusd,Calculated vs reported value differs by >10%
3751500930,Value Mismatch,valueusd,Calculated vs reported value differs by >10%
3753342146,Value Mismatch,valueusd,Calculated vs reported value differs by >10%
696134779,Value Mismatch,valueusd,Calculated vs reported value differs by >10%
9202772199,Value Mismatch,valueusd,Calculated vs reported value differs by >10%
9200346342,Value Mismatch,valueusd,Calculated vs reported value differs by >10%
9202847047,Value Mismatch,valueusd,Calculated vs reported value differs by >10%
9202847048,Value Mismatch,valueusd,Calculated vs reported value differs by >10%
9202313443,Value Mismatch,valueusd,Calculated vs reported value differs by >10%
9201922611,Value Mismatch,valueusd,Calculated vs reported value differs by >10%
9201922610,Value Mismatch,valueusd,Calculated vs reported value differs by >10%
831375756,Value Mismatch,valueusd,Calculated vs reported value differs by >10%
831375755,Value Mismatch,valueusd,Calculated vs reported value differs by >10%
829252733,Value Mismatch,valueusd,Calculated vs reported value differs by >10%
829252730,Value Mismatch,valueusd,Calculated vs reported value differs by >10%
829042451,Value Mismatch,valueusd,Calculated vs reported value differs by >10%
831248481,Value Mismatch,valueusd,Calculated vs reported value differs by >10%
3753151170,Value Mismatch,valueusd,Calculated vs reported value differs by >10%
3753151171,Value Mismatch,valueusd,Calculated vs reported value differs by >10%
3753151170,Value Mismatch,valueusd,Calculated vs reported value differs by >10%
3753151171,Value Mismatch,valueusd,Calculated vs reported value differs by >10%
828934598,Value Mismatch,valueusd,Calculated vs reported value differs by >10%
828875293,Value Mismatch,valueusd,Calculated vs reported value differs by >10%
218252673,Value Mismatch,valueusd,Calculated vs reported value differs by >10%
220050991,Value Mismatch,valueusd,Calculated vs reported value differs by >10%
220337919,Value Mismatch,valueusd,Calculated vs reported value differs by >10%
219941490,Value Mismatch,valueusd,Calculated vs reported value differs by >10%
3754971994,Value Mismatch,valueusd,Calculated vs reported value differs by >10%
3754971995,Value Mismatch,valueusd,Calculated vs reported value differs by >10%
3751144029,Value Mismatch,valueusd,Calculated vs reported value differs by >10%
3751144609,Value Mismatch,valueusd,Calculated vs reported value differs by >10%
3751143623,Value Mismatch,valueusd,Calculated vs reported value differs by >10%
3751143621,Value Mismatch,valueusd,Calculated vs reported value differs by >10%
3751091260,Value Mismatch,valueusd,Calculated vs reported value differs by >10%
3751143621,Value Mismatch,valueusd,Calculated vs reported value differs by >10%
3751091260,Value Mismatch,valueusd,Calculated vs reported value differs by >10%
3751143623,Value Mismatch,valueusd,Calculated vs reported value differs by >10%
3751138462,Value Mismatch,valueusd,Calculated vs reported value differs by >10%
3751064724,Value Mismatch,valueusd,Calculated vs reported value differs by >10%
219941491,Value Mismatch,valueusd,Calculated vs reported value differs by >10%
3753947555,Value Mismatch,valueusd,Calculated vs reported value differs by >10%
3753947555,Value Mismatch,valueusd,Calculated vs reported value differs by >10%
218021848,Value Mismatch,valueusd,Calculated vs reported value differs by >10%
219911151,Value Mismatch,valueusd,Calculated vs reported value differs by >10%
217744338,Value Mismatch,valueusd,Calculated vs reported value differs by >10%
217744337,Value Mismatch,valueusd,Calculated vs reported value differs by >10%
8495907004,Value Mismatch,valueusd,Calculated vs reported value differs by >10%
8496142894,Value Mismatch,valueusd,Calculated vs reported value differs by >10%
8496136477,Value Mismatch,valueusd,Calculated vs reported value differs by >10%
8495765641,Value Mismatch,valueusd,Calculated vs reported value differs by >10%
8495765642,Value Mismatch,valueusd,Calculated vs reported value differs by >10%
8496136479,Value Mismatch,valueusd,Calculated vs reported value differs by >10%
8496136476,Value Mismatch,valueusd,Calculated vs reported value differs by >10%
8496136478,Value Mismatch,valueusd,Calculated vs reported value differs by >10%
8495947903,Value Mismatch,valueusd,Calculated vs reported value differs by >10%
8498527439,Value Mismatch,valueusd,Calculated vs reported value differs by >10%
8498445223,Value Mismatch,valueusd,Calculated vs reported value differs by >10%
8498609058,Value Mismatch,valueusd,Calculated vs reported value differs by >10%
8498349476,Value Mismatch,valueusd,Calculated vs reported value differs by >10%
8498349477,Value Mismatch,valueusd,Calculated vs reported value differs by >10%
8495650438,Value Mismatch,valueusd,Calculated vs reported value differs by >10%
8495650437,Value Mismatch,valueusd,Calculated vs reported value differs by >10%
8495650440,Value Mismatch,valueusd,Calculated vs reported value differs by >10%
8495650439,Value Mismatch,valueusd,Calculated vs reported value differs by >10%
8497347158,Value Mismatch,valueusd,Calculated vs reported value differs by >10%
8495140457,Value Mismatch,valueusd,Calculated vs reported value differs by >10%
8497756919,Value Mismatch,valueusd,Calculated vs reported value differs by >10%
220495755,Value Mismatch,valueusd,Calculated vs reported value differs by >10%
8497944756,Value Mismatch,valueusd,Calculated vs reported value differs by >10%
217613496,Value Mismatch,valueusd,Calculated vs reported value differs by >10%
9454195855,Value Mismatch,valueusd,Calculated vs reported value differs by >10%
8495044710,Value Mismatch,valueusd,Calculated vs reported value differs by >10%
8497619124,Value Mismatch,valueusd,Calculated vs reported value differs by >10%
8495673235,Value Mismatch,valueusd,Calculated vs reported value differs by >10%
8849140386,Value Mismatch,valueusd,Calculated vs reported value differs by >10%
9454195082,Value Mismatch,valueusd,Calculated vs reported value differs by >10%
9454060208,Value Mismatch,valueusd,Calculated vs reported value differs by >10%
9454060208,Value Mismatch,valueusd,Calculated vs reported value differs by >10%
9453944531,Value Mismatch,valueusd,Calculated vs reported value differs by >10%
8849618025,Value Mismatch,valueusd,Calculated vs reported value differs by >10%
8850040472,Value Mismatch,valueusd,Calculated vs reported value differs by >10%
8850040474,Value Mismatch,valueusd,Calculated vs reported value differs by >10%
8850040479,Value Mismatch,valueusd,Calculated vs reported value differs by >10%
8850040478,Value Mismatch,valueusd,Calculated vs reported value differs by >10%
8847299964,Value Mismatch,valueusd,Calculated vs reported value differs by >10%
9453944531,Value Mismatch,valueusd,Calculated vs reported value differs by >10%
8847300725,Value Mismatch,valueusd,Calculated vs reported value differs by >10%
8847172995,Value Mismatch,valueusd,Calculated vs reported value differs by >10%
8847172994,Value Mismatch,valueusd,Calculated vs reported value differs by >10%
9453939016,Value Mismatch,valueusd,Calculated vs reported value differs by >10%
9453940094,Value Mismatch,valueusd,Calculated vs reported value differs by >10%
8849519668,Value Mismatch,valueusd,Calculated vs reported value differs by >10%
8847097930,Value Mismatch,valueusd,Calculated vs reported value differs by >10%
8847085616,Value Mismatch,valueusd,Calculated vs reported value differs by >10%
8847085553,Value Mismatch,valueusd,Calculated vs reported value differs by >10%
8847085419,Value Mismatch,valueusd,Calculated vs reported value differs by >10%
8849454590,Value Mismatch,valueusd,Calculated vs reported value differs by >10%
8849454589,Value Mismatch,valueusd,Calculated vs reported value differs by >10%
9453940094,Value Mismatch,valueusd,Calculated vs reported value differs by >10%
9453939016,Value Mismatch,valueusd,Calculated vs reported value differs by >10%
9456014990,Value Mismatch,valueusd,Calculated vs reported value differs by >10%
9456014990,Value Mismatch,valueusd,Calculated vs reported value differs by >10%
9456010651,Value Mismatch,valueusd,Calculated vs reported value differs by >10%
9453798703,Value Mismatch,valueusd,Calculated vs reported value differs by >10%
8846993667,Value Mismatch,valueusd,Calculated vs reported value differs by >10%
8849359218,Value Mismatch,valueusd,Calculated vs reported value differs by >10%
8849359217,Value Mismatch,valueusd,Calculated vs reported value differs by >10%
8846912715,Value Mismatch,valueusd,Calculated vs reported value differs by >10%
8848958350,Value Mismatch,valueusd,Calculated vs reported value differs by >10%
8846817495,Value Mismatch,valueusd,Calculated vs reported value differs by >10%
8846817490,Value Mismatch,valueusd,Calculated vs reported value differs by >10%
8846809452,Value Mismatch,valueusd,Calculated vs reported value differs by >10%
9453798704,Value Mismatch,valueusd,Calculated vs reported value differs by >10%
9453798703,Value Mismatch,valueusd,Calculated vs reported value differs by >10%
1374586527,Value Mismatch,valueusd,Calculated vs reported value differs by >10%
1039388060,Value Mismatch,valueusd,Calculated vs reported value differs by >10%
1094151587,Value Mismatch,valueusd,Calculated vs reported value differs by >10%
9453798704,Value Mismatch,valueusd,Calculated vs reported value differs by >10%
1090739752,Value Mismatch,valueusd,Calculated vs reported value differs by >10%
9453726499,Value Mismatch,valueusd,Calculated vs reported value differs by >10%
9453726498,Value Mismatch,valueusd,Calculated vs reported value differs by >10%
9453726499,Value Mismatch,valueusd,Calculated vs reported value differs by >10%
1275836306,Value Mismatch,valueusd,Calculated vs reported value differs by >10%
9453726498,Value Mismatch,valueusd,Calculated vs reported value differs by >10%
9453713958,Value Mismatch,valueusd,Calculated vs reported value differs by >10%
9453713958,Value Mismatch,valueusd,Calculated vs reported value differs by >10%
3460497458,Value Mismatch,valueusd,Calculated vs reported value differs by >10%
3460497458,Value Mismatch,valueusd,Calculated vs reported value differs by >10%
3463435029,Value Mismatch,valueusd,Calculated vs reported value differs by >10%
3463019312,Value Mismatch,valueusd,Calculated vs reported value differs by >10%
3463435029,Value Mismatch,valueusd,Calculated vs reported value differs by >10%
3463019312,Value Mismatch,valueusd,Calculated vs reported value differs by >10%
3460693135,Value Mismatch,valueusd,Calculated vs reported value differs by >10%
6005158646,Value Mismatch,valueusd,Calculated vs reported value differs by >10%
6005158646,Value Mismatch,valueusd,Calculated vs reported value differs by >10%
3697944059,Value Mismatch,valueusd,Calculated vs reported value differs by >10%
7989990477,Value Mismatch,valueusd,Calculated vs reported value differs by >10%
3460598031,Value Mismatch,valueusd,Calculated vs reported value differs by >10%
3460693135,Value Mismatch,valueusd,Calculated vs reported value differs by >10%
3459948749,Value Mismatch,valueusd,Calculated vs reported value differs by >10%
3459948749,Value Mismatch,valueusd,Calculated vs reported value differs by >10%
3461851224,Value Mismatch,valueusd,Calculated vs reported value differs by >10%
3461851224,Value Mismatch,valueusd,Calculated vs reported value differs by >10%
3459567022,Value Mismatch,valueusd,Calculated vs reported value differs by >10%
3459567022,Value Mismatch,valueusd,Calculated vs reported value differs by >10%
3459719004,Value Mismatch,valueusd,Calculated vs reported value differs by >10%
3459719000,Value Mismatch,valueusd,Calculated vs reported value differs by >10%
3459719004,Value Mismatch,valueusd,Calculated vs reported value differs by >10%
3459719000,Value Mismatch,valueusd,Calculated vs reported value differs by >10%
0130403117,Value Mismatch,valueusd,Calculated vs reported value differs by >10%
128134441,Value Mismatch,valueusd,Calculated vs reported value differs by >10%
128134442,Value Mismatch,valueusd,Calculated vs reported value differs by >10%
0128134442,Value Mismatch,valueusd,Calculated vs reported value differs by >10%
0128134441,Value Mismatch,valueusd,Calculated vs reported value differs by >10%
127854517,Value Mismatch,valueusd,Calculated vs reported value differs by >10%
0127854517,Value Mismatch,valueusd,Calculated vs reported value differs by >10%
0127342800,Value Mismatch,valueusd,Calculated vs reported value differs by >10%
0129464211,Value Mismatch,valueusd,Calculated vs reported value differs by >10%
127115333,Value Mismatch,valueusd,Calculated vs reported value differs by >10%
0127115333,Value Mismatch,valueusd,Calculated vs reported value differs by >10%
3751733996,Value Mismatch,valueusd,Calculated vs reported value differs by >10%
3751733996,Value Mismatch,valueusd,Calculated vs reported value differs by >10%
3751553336,Value Mismatch,valueusd,Calculated vs reported value differs by >10%
3751553337,Value Mismatch,valueusd,Calculated vs reported value differs by >10%
3751503767,Value Mismatch,valueusd,Calculated vs reported value differs by >10%
3751503767,Value Mismatch,valueusd,Calculated vs reported value differs by >10%
3751279150,Value Mismatch,valueusd,Calculated vs reported value differs by >10%
3751279151,Value Mismatch,valueusd,Calculated vs reported value differs by >10%
3751279151,Value Mismatch,valueusd,Calculated vs reported value differs by >10%
3751279150,Value Mismatch,valueusd,Calculated vs reported value differs by >10%
3751217901,Value Mismatch,valueusd,Calculated vs reported value differs by >10%
3751224905,Value Mismatch,valueusd,Calculated vs reported value differs by >10%
3751169713,Value Mismatch,valueusd,Calculated vs reported value differs by >10%
3751176673,Value Mismatch,valueusd,Calculated vs reported value differs by >10%
3751224905,Value Mismatch,valueusd,Calculated vs reported value differs by >10%
3751217901,Value Mismatch,valueusd,Calculated vs reported value differs by >10%
3751176673,Value Mismatch,valueusd,Calculated vs reported value differs by >10%
3751169713,Value Mismatch,valueusd,Calculated vs reported value differs by >10%
3751172643,Value Mismatch,valueusd,Calculated vs reported value differs by >10%
3751172643,Value Mismatch,valueusd,Calculated vs reported value differs by >10%
3751172721,Value Mismatch,valueusd,Calculated vs reported value differs by >10%
3751173038,Value Mismatch,valueusd,Calculated vs reported value differs by >10%
3751173037,Value Mismatch,valueusd,Calculated vs reported value differs by >10%
3751173038,Value Mismatch,valueusd,Calculated vs reported value differs by >10%
3751172721,Value Mismatch,valueusd,Calculated vs reported value differs by >10%
3751173037,Value Mismatch,valueusd,Calculated vs reported value differs by >10%
3751064724,Value Mismatch,valueusd,Calculated vs reported value differs by >10%
8498495044,Value Mismatch,valueusd,Calculated vs reported value differs by >10%
8496214273,Value Mismatch,valueusd,Calculated vs reported value differs by >10%
8496214272,Value Mismatch,valueusd,Calculated vs reported value differs by >10%
8496126840,Value Mismatch,valueusd,Calculated vs reported value differs by >10%
8495122066,Value Mismatch,valueusd,Calculated vs reported value differs by >10%
8495374031,Value Mismatch,valueusd,Calculated vs reported value differs by >10%
8495333879,Value Mismatch,valueusd,Calculated vs reported value differs by >10%
8850040475,Value Mismatch,valueusd,Calculated vs reported value differs by >10%
8850040473,Value Mismatch,valueusd,Calculated vs reported value differs by >10%
8850040477,Value Mismatch,valueusd,Calculated vs reported value differs by >10%
8850040476,Value Mismatch,valueusd,Calculated vs reported value differs by >10%
8847230970,Value Mismatch,valueusd,Calculated vs reported value differs by >10%
8847230971,Value Mismatch,valueusd,Calculated vs reported value differs by >10%
8847038450,Value Mismatch,valueusd,Calculated vs reported value differs by >10%
8847038446,Value Mismatch,valueusd,Calculated vs reported value differs by >10%
8847038448,Value Mismatch,valueusd,Calculated vs reported value differs by >10%
8847038450,Value Mismatch,valueusd,Calculated vs reported value differs by >10%
8847038448,Value Mismatch,valueusd,Calculated vs reported value differs by >10%
8847038446,Value Mismatch,valueusd,Calculated vs reported value differs by >10%
0799013236,Value Mismatch,valueusd,Calculated vs reported value differs by >10%
0584332815,Value Mismatch,valueusd,Calculated vs reported value differs by >10%
1691940837,Value Mismatch,valueusd,Calculated vs reported value differs by >10%
1209369973,Value Mismatch,valueusd,Calculated vs reported value differs by >10%
1053418472,Value Mismatch,valueusd,Calculated vs reported value differs by >10%
1386749026,Value Mismatch,valueusd,Calculated vs reported value differs by >10%
1594127722,Value Mismatch,valueusd,Calculated vs reported value differs by >10%
9453820154,Value Mismatch,valueusd,Calculated vs reported value differs by >10%
9453820153,Value Mismatch,valueusd,Calculated vs reported value differs by >10%
6302660501,Value Mismatch,valueusd,Calculated vs reported value differs by >10%
1043557621,Value Mismatch,valueusd,Calculated vs reported value differs by >10%
2077453758,Value Mismatch,valueusd,Calculated vs reported value differs by >10%
2077845013,Value Mismatch,valueusd,Calculated vs reported value differs by >10%
2078378347,Value Mismatch,valueusd,Calculated vs reported value differs by >10%
6302660500,Value Mismatch,valueusd,Calculated vs reported value differs by >10%
6303457434,Value Mismatch,valueusd,Calculated vs reported value differs by >10%
6303448615,Value Mismatch,valueusd,Calculated vs reported value differs by >10%
6303468351,Value Mismatch,valueusd,Calculated vs reported value differs by >10%
6303468349,Value Mismatch,valueusd,Calculated vs reported value differs by >10%
6303675943,Value Mismatch,valueusd,Calculated vs reported value differs by >10%
6303675942,Value Mismatch,valueusd,Calculated vs reported value differs by >10%
6303675941,Value Mismatch,valueusd,Calculated vs reported value differs by >10%
6303397655,Value Mismatch,valueusd,Calculated vs reported value differs by >10%
6303334123,Value Mismatch,valueusd,Calculated vs reported value differs by >10%
6302050381,Value Mismatch,valueusd,Calculated vs reported value differs by >10%
6302090576,Value Mismatch,valueusd,Calculated vs reported value differs by >10%
6302056394,Value Mismatch,valueusd,Calculated vs reported value differs by >10%
6302050391,Value Mismatch,valueusd,Calculated vs reported value differs by >10%
6302050389,Value Mismatch,valueusd,Calculated vs reported value differs by >10%
6302050387,Value Mismatch,valueusd,Calculated vs reported value differs by >10%
6302050386,Value Mismatch,valueusd,Calculated vs reported value differs by >10%
6302050385,Value Mismatch,valueusd,Calculated vs reported value differs by >10%
6302050384,Value Mismatch,valueusd,Calculated vs reported value differs by >10%
6302050383,Value Mismatch,valueusd,Calculated vs reported value differs by >10%
6302050382,Value Mismatch,valueusd,Calculated vs reported value differs by >10%
6302050380,Value Mismatch,valueusd,Calculated vs reported value differs by >10%
6302050378,Value Mismatch,valueusd,Calculated vs reported value differs by >10%
6302050377,Value Mismatch,valueusd,Calculated vs reported value differs by >10%
6302048560,Value Mismatch,valueusd,Calculated vs reported value differs by >10%
6302174260,Value Mismatch,valueusd,Calculated vs reported value differs by >10%
6302174259,Value Mismatch,valueusd,Calculated vs reported value differs by >10%
6301875102,Value Mismatch,valueusd,Calculated vs reported value differs by >10%
6302271614,Value Mismatch,valueusd,Calculated vs reported value differs by >10%
6302067871,Value Mismatch,valueusd,Calculated vs reported value differs by >10%
6301835854,Value Mismatch,valueusd,Calculated vs reported value differs by >10%
6303423506,Value Mismatch,valueusd,Calculated vs reported value differs by >10%
6303456962,Value Mismatch,valueusd,Calculated vs reported value differs by >10%
6303448616,Value Mismatch,valueusd,Calculated vs reported value differs by >10%
6303662288,Value Mismatch,valueusd,Calculated vs reported value differs by >10%
6303603681,Value Mismatch,valueusd,Calculated vs reported value differs by >10%
6303597452,Value Mismatch,valueusd,Calculated vs reported value differs by >10%
6303597451,Value Mismatch,valueusd,Calculated vs reported value differs by >10%
6303319131,Value Mismatch,valueusd,Calculated vs reported value differs by >10%
6303319130,Value Mismatch,valueusd,Calculated vs reported value differs by >10%
6303311336,Value Mismatch,valueusd,Calculated vs reported value differs by >10%
6303311335,Value Mismatch,valueusd,Calculated vs reported value differs by >10%
6303652214,Value Mismatch,valueusd,Calculated vs reported value differs by >10%
6303629214,Value Mismatch,valueusd,Calculated vs reported value differs by >10%
6303629213,Value Mismatch,valueusd,Calculated vs reported value differs by >10%
6303628925,Value Mismatch,valueusd,Calculated vs reported value differs by >10%
6303628743,Value Mismatch,valueusd,Calculated vs reported value differs by >10%
6303635718,Value Mismatch,valueusd,Calculated vs reported value differs by >10%
6303635717,Value Mismatch,valueusd,Calculated vs reported value differs by >10%
6303294776,Value Mismatch,valueusd,Calculated vs reported value differs by >10%
6303779932,Value Mismatch,valueusd,Calculated vs reported value differs by >10%
6303334121,Value Mismatch,valueusd,Calculated vs reported value differs by >10%
6303549823,Value Mismatch,valueusd,Calculated vs reported value differs by >10%
6303548578,Value Mismatch,valueusd,Calculated vs reported value differs by >10%
6303544388,Value Mismatch,valueusd,Calculated vs reported value differs by >10%
6303541271,Value Mismatch,valueusd,Calculated vs reported value differs by >10%
6303728123,Value Mismatch,valueusd,Calculated vs reported value differs by >10%
6303722030,Value Mismatch,valueusd,Calculated vs reported value differs by >10%
651487265,Value Mismatch,valueusd,Calculated vs reported value differs by >10%
650722926,Value Mismatch,valueusd,Calculated vs reported value differs by >10%
650722925,Value Mismatch,valueusd,Calculated vs reported value differs by >10%
650707842,Value Mismatch,valueusd,Calculated vs reported value differs by >10%
650672435,Value Mismatch,valueusd,Calculated vs reported value differs by >10%
650672434,Value Mismatch,valueusd,Calculated vs reported value differs by >10%
650655236,Value Mismatch,valueusd,Calculated vs reported value differs by >10%
650655235,Value Mismatch,valueusd,Calculated vs reported value differs by >10%
650655234,Value Mismatch,valueusd,Calculated vs reported value differs by >10%
651514763,Value Mismatch,valueusd,Calculated vs reported value differs by >10%
650787888,Value Mismatch,valueusd,Calculated vs reported value differs by >10%
650787887,Value Mismatch,valueusd,Calculated vs reported value differs by >10%
650780429,Value Mismatch,valueusd,Calculated vs reported value differs by >10%
650777430,Value Mismatch,valueusd,Calculated vs reported value differs by >10%
650777429,Value Mismatch,valueusd,Calculated vs reported value differs by >10%
650776505,Value Mismatch,valueusd,Calculated vs reported value differs by >10%
650741841,Value Mismatch,valueusd,Calculated vs reported value differs by >10%
651551638,Value Mismatch,valueusd,Calculated vs reported value differs by >10%
651551356,Value Mismatch,valueusd,Calculated vs reported value differs by >10%
650761636,Value Mismatch,valueusd,Calculated vs reported value differs by >10%
650756613,Value Mismatch,valueusd,Calculated vs reported value differs by >10%
650754756,Value Mismatch,valueusd,Calculated vs reported value differs by >10%
650726875,Value Mismatch,valueusd,Calculated vs reported value differs by >10%
650749566,Value Mismatch,valueusd,Calculated vs reported value differs by >10%
650749565,Value Mismatch,valueusd,Calculated vs reported value differs by >10%
653838708,Value Mismatch,valueusd,Calculated vs reported value differs by >10%
653838707,Value Mismatch,valueusd,Calculated vs reported value differs by >10%
653838705,Value Mismatch,valueusd,Calculated vs reported value differs by >10%
653838703,Value Mismatch,valueusd,Calculated vs reported value differs by >10%
653838702,Value Mismatch,valueusd,Calculated vs reported value differs by >10%
653906499,Value Mismatch,valueusd,Calculated vs reported value differs by >10%
653819016,Value Mismatch,valueusd,Calculated vs reported value differs by >10%
653775342,Value Mismatch,valueusd,Calculated vs reported value differs by >10%
653862851,Value Mismatch,valueusd,Calculated vs reported value differs by >10%
652528922,Value Mismatch,valueusd,Calculated vs reported value differs by >10%
652528921,Value Mismatch,valueusd,Calculated vs reported value differs by >10%
652528920,Value Mismatch,valueusd,Calculated vs reported value differs by >10%
652179399,Value Mismatch,valueusd,Calculated vs reported value differs by >10%
652179398,Value Mismatch,valueusd,Calculated vs reported value differs by >10%
1119359230,Value Mismatch,valueusd,Calculated vs reported value differs by >10%
2077413668,Value Mismatch,valueusd,Calculated vs reported value differs by >10%
2077476212,Value Mismatch,valueusd,Calculated vs reported value differs by >10%
2077438743,Value Mismatch,valueusd,Calculated vs reported value differs by >10%
3975224356,Value Mismatch,valueusd,Calculated vs reported value differs by >10%
1000672895,Value Mismatch,valueusd,Calculated vs reported value differs by >10%
3700333722,Value Mismatch,valueusd,Calculated vs reported value differs by >10%
3700333724,Value Mismatch,valueusd,Calculated vs reported value differs by >10%
3700333722,Value Mismatch,valueusd,Calculated vs reported value differs by >10%
3700333723,Value Mismatch,valueusd,Calculated vs reported value differs by >10%
3700333724,Value Mismatch,valueusd,Calculated vs reported value differs by >10%
9703755160,Value Mismatch,valueusd,Calculated vs reported value differs by >10%
9703755161,Value Mismatch,valueusd,Calculated vs reported value differs by >10%
652175408,Value Mismatch,valueusd,Calculated vs reported value differs by >10%
652175407,Value Mismatch,valueusd,Calculated vs reported value differs by >10%
652175406,Value Mismatch,valueusd,Calculated vs reported value differs by >10%
652355314,Value Mismatch,valueusd,Calculated vs reported value differs by >10%
6979500075,Value Mismatch,valueusd,Calculated vs reported value differs by >10%
6979500083,Value Mismatch,valueusd,Calculated vs reported value differs by >10%
2077618185,Value Mismatch,valueusd,Calculated vs reported value differs by >10%
8496214273,Value Mismatch,valueusd,Calculated vs reported value differs by >10%
652701719,Value Mismatch,valueusd,Calculated vs reported value differs by >10%
652139221,Value Mismatch,valueusd,Calculated vs reported value differs by >10%
652139220,Value Mismatch,valueusd,Calculated vs reported value differs by >10%
652528927,Value Mismatch,valueusd,Calculated vs reported value differs by >10%
652528926,Value Mismatch,valueusd,Calculated vs reported value differs by >10%
652528925,Value Mismatch,valueusd,Calculated vs reported value differs by >10%
652528924,Value Mismatch,valueusd,Calculated vs reported value differs by >10%
652528923,Value Mismatch,valueusd,Calculated vs reported value differs by >10%
652528919,Value Mismatch,valueusd,Calculated vs reported value differs by >10%
652587055,Value Mismatch,valueusd,Calculated vs reported value differs by >10%
8496214272,Value Mismatch,valueusd,Calculated vs reported value differs by >10%
652587053,Value Mismatch,valueusd,Calculated vs reported value differs by >10%
8849140387,Value Mismatch,valueusd,Calculated vs reported value differs by >10%
8849140388,Value Mismatch,valueusd,Calculated vs reported value differs by >10%
8849140388,Value Mismatch,valueusd,Calculated vs reported value differs by >10%
8849140387,Value Mismatch,valueusd,Calculated vs reported value differs by >10%
7989939938,Value Mismatch,valueusd,Calculated vs reported value differs by >10%
3753947552,Value Mismatch,valueusd,Calculated vs reported value differs by >10%
8849298442,Value Mismatch,valueusd,Calculated vs reported value differs by >10%
8849298441,Value Mismatch,valueusd,Calculated vs reported value differs by >10%
8849298439,Value Mismatch,valueusd,Calculated vs reported value differs by >10%
9703755168,Value Mismatch,valueusd,Calculated vs reported value differs by >10%
8849247645,Value Mismatch,valueusd,Calculated vs reported value differs by >10%
652439208,Value Mismatch,valueusd,Calculated vs reported value differs by >10%
8849247650,Value Mismatch,valueusd,Calculated vs reported value differs by >10%
8849247650,Value Mismatch,valueusd,Calculated vs reported value differs by >10%
8849247645,Value Mismatch,valueusd,Calculated vs reported value differs by >10%
829047751,Value Mismatch,valueusd,Calculated vs reported value differs by >10%
829047749,Value Mismatch,valueusd,Calculated vs reported value differs by >10%
829047746,Value Mismatch,valueusd,Calculated vs reported value differs by >10%
829047750,Value Mismatch,valueusd,Calculated vs reported value differs by >10%
829047753,Value Mismatch,valueusd,Calculated vs reported value differs by >10%
829047748,Value Mismatch,valueusd,Calculated vs reported value differs by >10%
829047747,Value Mismatch,valueusd,Calculated vs reported value differs by >10%
829047752,Value Mismatch,valueusd,Calculated vs reported value differs by >10%
6005892221,Value Mismatch,valueusd,Calculated vs reported value differs by >10%
6005847171,Value Mismatch,valueusd,Calculated vs reported value differs by >10%
6005923455,Value Mismatch,valueusd,Calculated vs reported value differs by >10%
651803256,Value Mismatch,valueusd,Calculated vs reported value differs by >10%
651803255,Value Mismatch,valueusd,Calculated vs reported value differs by >10%
651803254,Value Mismatch,valueusd,Calculated vs reported value differs by >10%
651803253,Value Mismatch,valueusd,Calculated vs reported value differs by >10%
651803252,Value Mismatch,valueusd,Calculated vs reported value differs by >10%
6005840579,Value Mismatch,valueusd,Calculated vs reported value differs by >10%
6005892221,Value Mismatch,valueusd,Calculated vs reported value differs by >10%
6005847171,Value Mismatch,valueusd,Calculated vs reported value differs by >10%
6005756024,Value Mismatch,valueusd,Calculated vs reported value differs by >10%
6005923455,Value Mismatch,valueusd,Calculated vs reported value differs by >10%
652439207,Value Mismatch,valueusd,Calculated vs reported value differs by >10%
652214850,Value Mismatch,valueusd,Calculated vs reported value differs by >10%
652317644,Value Mismatch,valueusd,Calculated vs reported value differs by >10%
652425143,Value Mismatch,valueusd,Calculated vs reported value differs by >10%
652425142,Value Mismatch,valueusd,Calculated vs reported value differs by >10%
1150722940,Value Mismatch,valueusd,Calculated vs reported value differs by >10%
6302657705,Value Mismatch,valueusd,Calculated vs reported value differs by >10%
652425141,Value Mismatch,valueusd,Calculated vs reported value differs by >10%
652681622,Value Mismatch,valueusd,Calculated vs reported value differs by >10%
652310001,Value Mismatch,valueusd,Calculated vs reported value differs by >10%
652422227,Value Mismatch,valueusd,Calculated vs reported value differs by >10%
6302657704,Value Mismatch,valueusd,Calculated vs reported value differs by >10%
6302657703,Value Mismatch,valueusd,Calculated vs reported value differs by >10%
6302657702,Value Mismatch,valueusd,Calculated vs reported value differs by >10%
6302657701,Value Mismatch,valueusd,Calculated vs reported value differs by >10%
6302657700,Value Mismatch,valueusd,Calculated vs reported value differs by >10%
6302657699,Value Mismatch,valueusd,Calculated vs reported value differs by >10%
6302657698,Value Mismatch,valueusd,Calculated vs reported value differs by >10%
6302657697,Value Mismatch,valueusd,Calculated vs reported value differs by >10%
1169530896,Value Mismatch,valueusd,Calculated vs reported value differs by >10%
652677184,Value Mismatch,valueusd,Calculated vs reported value differs by >10%
219983160,Value Mismatch,valueusd,Calculated vs reported value differs by >10%
1133878518,Value Mismatch,valueusd,Calculated vs reported value differs by >10%
652677183,Value Mismatch,valueusd,Calculated vs reported value differs by >10%
1134162288,Value Mismatch,valueusd,Calculated vs reported value differs by >10%
6302507327,Value Mismatch,valueusd,Calculated vs reported value differs by >10%
7989939149,Value Mismatch,valueusd,Calculated vs reported value differs by >10%
652594236,Value Mismatch,valueusd,Calculated vs reported value differs by >10%
7990407924,Value Mismatch,valueusd,Calculated vs reported value differs by >10%
652282568,Value Mismatch,valueusd,Calculated vs reported value differs by >10%
652587054,Value Mismatch,valueusd,Calculated vs reported value differs by >10%
3697524269,Value Mismatch,valueusd,Calculated vs reported value differs by >10%
6751479022,Value Mismatch,valueusd,Calculated vs reported value differs by >10%
3697569428,Value Mismatch,valueusd,Calculated vs reported value differs by >10%
6978254559,Value Mismatch,valueusd,Calculated vs reported value differs by >10%
8849247648,Value Mismatch,valueusd,Calculated vs reported value differs by >10%
8849247648,Value Mismatch,valueusd,Calculated vs reported value differs by >10%
219983166,Value Mismatch,valueusd,Calculated vs reported value differs by >10%
7990435900,Value Mismatch,valueusd,Calculated vs reported value differs by >10%
7990008728,Value Mismatch,valueusd,Calculated vs reported value differs by >10%
7989983377,Value Mismatch,valueusd,Calculated vs reported value differs by >10%
7989885857,Value Mismatch,valueusd,Calculated vs reported value differs by >10%
7989928194,Value Mismatch,valueusd,Calculated vs reported value differs by >10%
7989939162,Value Mismatch,valueusd,Calculated vs reported value differs by >10%
7989930271,Value Mismatch,valueusd,Calculated vs reported value differs by >10%
7989939163,Value Mismatch,valueusd,Calculated vs reported value differs by >10%
6979500028,Value Mismatch,valueusd,Calculated vs reported value differs by >10%
8849454590,Value Mismatch,valueusd,Calculated vs reported value differs by >10%
8849454589,Value Mismatch,valueusd,Calculated vs reported value differs by >10%
7990008736,Value Mismatch,valueusd,Calculated vs reported value differs by >10%
1078671849,Value Mismatch,valueusd,Calculated vs reported value differs by >10%
650359193,Value Mismatch,valueusd,Calculated vs reported value differs by >10%
3974834418,Value Mismatch,valueusd,Calculated vs reported value differs by >10%
3697352683,Value Mismatch,valueusd,Calculated vs reported value differs by >10%
3697473936,Value Mismatch,valueusd,Calculated vs reported value differs by >10%
3697544140,Value Mismatch,valueusd,Calculated vs reported value differs by >10%
129934081,Value Mismatch,valueusd,Calculated vs reported value differs by >10%
0129934081,Value Mismatch,valueusd,Calculated vs reported value differs by >10%
3697665490,Value Mismatch,valueusd,Calculated vs reported value differs by >10%
0798425903,Value Mismatch,valueusd,Calculated vs reported value differs by >10%
3697665489,Value Mismatch,valueusd,Calculated vs reported value differs by >10%
8481785871,Value Mismatch,valueusd,Calculated vs reported value differs by >10%
2077605055,Value Mismatch,valueusd,Calculated vs reported value differs by >10%
2077677261,Value Mismatch,valueusd,Calculated vs reported value differs by >10%
3697665488,Value Mismatch,valueusd,Calculated vs reported value differs by >10%
3972605208,Value Mismatch,valueusd,Calculated vs reported value differs by >10%
3697653775,Value Mismatch,valueusd,Calculated vs reported value differs by >10%
3972639790,Value Mismatch,valueusd,Calculated vs reported value differs by >10%
3972639792,Value Mismatch,valueusd,Calculated vs reported value differs by >10%
3972639789,Value Mismatch,valueusd,Calculated vs reported value differs by >10%
3972639791,Value Mismatch,valueusd,Calculated vs reported value differs by >10%
7990008939,Value Mismatch,valueusd,Calculated vs reported value differs by >10%
8481958108,Value Mismatch,valueusd,Calculated vs reported value differs by >10%
1041045836,Value Mismatch,valueusd,Calculated vs reported value differs by >10%
1004160793,Value Mismatch,valueusd,Calculated vs reported value differs by >10%
1089037939,Value Mismatch,valueusd,Calculated vs reported value differs by >10%
1034539254,Value Mismatch,valueusd,Calculated vs reported value differs by >10%
1099997705,Value Mismatch,valueusd,Calculated vs reported value differs by >10%
1034375793,Value Mismatch,valueusd,Calculated vs reported value differs by >10%
6751479024,Value Mismatch,valueusd,Calculated vs reported value differs by >10%
9861167057,Value Mismatch,valueusd,Calculated vs reported value differs by >10%
9861167058,Value Mismatch,valueusd,Calculated vs reported value differs by >10%
9861167059,Value Mismatch,valueusd,Calculated vs reported value differs by >10%
9862717609,Value Mismatch,valueusd,Calculated vs reported value differs by >10%
1039142757,Value Mismatch,valueusd,Calculated vs reported value differs by >10%
9859386392,Value Mismatch,valueusd,Calculated vs reported value differs by >10%
1084919618,Value Mismatch,valueusd,Calculated vs reported value differs by >10%
3972605209,Value Mismatch,valueusd,Calculated vs reported value differs by >10%
2077517513,Value Mismatch,valueusd,Calculated vs reported value differs by >10%
1068641027,Value Mismatch,valueusd,Calculated vs reported value differs by >10%
3697944088,Value Mismatch,valueusd,Calculated vs reported value differs by >10%
3697944387,Value Mismatch,valueusd,Calculated vs reported value differs by >10%
3697653771,Value Mismatch,valueusd,Calculated vs reported value differs by >10%
3697944088,Value Mismatch,valueusd,Calculated vs reported value differs by >10%
3697322114,Value Mismatch,valueusd,Calculated vs reported value differs by >10%
9861167060,Value Mismatch,valueusd,Calculated vs reported value differs by >10%
9861167061,Value Mismatch,valueusd,Calculated vs reported value differs by >10%
3698538662,Value Mismatch,valueusd,Calculated vs reported value differs by >10%
2077585077,Value Mismatch,valueusd,Calculated vs reported value differs by >10%
3698538661,Value Mismatch,valueusd,Calculated vs reported value differs by >10%
3698548234,Value Mismatch,valueusd,Calculated vs reported value differs by >10%
3698548233,Value Mismatch,valueusd,Calculated vs reported value differs by >10%
6749190609,Value Mismatch,valueusd,Calculated vs reported value differs by >10%
7990404140,Value Mismatch,valueusd,Calculated vs reported value differs by >10%
7990408050,Value Mismatch,valueusd,Calculated vs reported value differs by >10%
6751638162,Value Mismatch,valueusd,Calculated vs reported value differs by >10%
2077607301,Value Mismatch,valueusd,Calculated vs reported value differs by >10%
6305804023,Value Mismatch,valueusd,Calculated vs reported value differs by >10%
3972605210,Value Mismatch,valueusd,Calculated vs reported value differs by >10%
9326590460,Value Mismatch,valueusd,Calculated vs reported value differs by >10%
23410300IM00085181,Value Mismatch,valueusd,Calculated vs reported value differs by >10%
23410300IM00085182,Value Mismatch,valueusd,Calculated vs reported value differs by >10%
23410300IM00085183,Value Mismatch,valueusd,Calculated vs reported value differs by >10%
23410300IM00081088,Value Mismatch,valueusd,Calculated vs reported value differs by >10%
23410300IM00081049,Value Mismatch,valueusd,Calculated vs reported value differs by >10%
3698548232,Value Mismatch,valueusd,Calculated vs reported value differs by >10%
3698541595,Value Mismatch,valueusd,Calculated vs reported value differs by >10%
3698538666,Value Mismatch,valueusd,Calculated vs reported value differs by >10%
23410300IM00081073,Value Mismatch,valueusd,Calculated vs reported value differs by >10%
23410300IM00079731,Value Mismatch,valueusd,Calculated vs reported value differs by >10%
23410300IM00079723,Value Mismatch,valueusd,Calculated vs reported value differs by >10%
23410300IM00078402,Value Mismatch,valueusd,Calculated vs reported value differs by >10%
23410300IM00070742,Value Mismatch,valueusd,Calculated vs reported value differs by >10%
23410300IM00070767,Value Mismatch,valueusd,Calculated vs reported value differs by >10%
1099892631,Value Mismatch,valueusd,Calculated vs reported value differs by >10%
0798274762,Value Mismatch,valueusd,Calculated vs reported value differs by >10%
3974834417,Value Mismatch,valueusd,Calculated vs reported value differs by >10%
1101114104,Value Mismatch,valueusd,Calculated vs reported value differs by >10%
1153178173,Value Mismatch,valueusd,Calculated vs reported value differs by >10%
3698538665,Value Mismatch,valueusd,Calculated vs reported value differs by >10%
3698538664,Value Mismatch,valueusd,Calculated vs reported value differs by >10%
3698538663,Value Mismatch,valueusd,Calculated vs reported value differs by >10%
3698536521,Value Mismatch,valueusd,Calculated vs reported value differs by >10%
3698528629,Value Mismatch,valueusd,Calculated vs reported value differs by >10%
3698400580,Value Mismatch,valueusd,Calculated vs reported value differs by >10%
1063222112,Value Mismatch,valueusd,Calculated vs reported value differs by >10%
219983159,Value Mismatch,valueusd,Calculated vs reported value differs by >10%
3698395287,Value Mismatch,valueusd,Calculated vs reported value differs by >10%
1019144934,Value Mismatch,valueusd,Calculated vs reported value differs by >10%
8846810240,Value Mismatch,valueusd,Calculated vs reported value differs by >10%
8846810240,Value Mismatch,valueusd,Calculated vs reported value differs by >10%
6749190608,Value Mismatch,valueusd,Calculated vs reported value differs by >10%
3698402466,Value Mismatch,valueusd,Calculated vs reported value differs by >10%
1007357124,Value Mismatch,valueusd,Calculated vs reported value differs by >10%
1030288161,Value Mismatch,valueusd,Calculated vs reported value differs by >10%
6751479032,Value Mismatch,valueusd,Calculated vs reported value differs by >10%
2077413083,Value Mismatch,valueusd,Calculated vs reported value differs by >10%
0129141639,Value Mismatch,valueusd,Calculated vs reported value differs by >10%
1009604566,Value Mismatch,valueusd,Calculated vs reported value differs by >10%
1305747752,Value Mismatch,valueusd,Calculated vs reported value differs by >10%
1335206894,Value Mismatch,valueusd,Calculated vs reported value differs by >10%
3698295983,Value Mismatch,valueusd,Calculated vs reported value differs by >10%
3698295873,Value Mismatch,valueusd,Calculated vs reported value differs by >10%
3698271258,Value Mismatch,valueusd,Calculated vs reported value differs by >10%
3698371301,Value Mismatch,valueusd,Calculated vs reported value differs by >10%
3972605207,Value Mismatch,valueusd,Calculated vs reported value differs by >10%
3698364762,Value Mismatch,valueusd,Calculated vs reported value differs by >10%
3698364761,Value Mismatch,valueusd,Calculated vs reported value differs by >10%
447070272,Value Mismatch,valueusd,Calculated vs reported value differs by >10%
447070271,Value Mismatch,valueusd,Calculated vs reported value differs by >10%
1003046800,Value Mismatch,valueusd,Calculated vs reported value differs by >10%
1417241604,Value Mismatch,valueusd,Calculated vs reported value differs by >10%
1417241603,Value Mismatch,valueusd,Calculated vs reported value differs by >10%
1417241602,Value Mismatch,valueusd,Calculated vs reported value differs by >10%
1417241601,Value Mismatch,valueusd,Calculated vs reported value differs by >10%
0798274763,Value Mismatch,valueusd,Calculated vs reported value differs by >10%
6751479023,Value Mismatch,valueusd,Calculated vs reported value differs by >10%
1419404663,Value Mismatch,valueusd,Calculated vs reported value differs by >10%
3698607756,Value Mismatch,valueusd,Calculated vs reported value differs by >10%
3698311051,Value Mismatch,valueusd,Calculated vs reported value differs by >10%
3698473113,Value Mismatch,valueusd,Calculated vs reported value differs by >10%
3698466010,Value Mismatch,valueusd,Calculated vs reported value differs by >10%
0129141634,Value Mismatch,valueusd,Calculated vs reported value differs by >10%
3698461454,Value Mismatch,valueusd,Calculated vs reported value differs by >10%
6978368887,Value Mismatch,valueusd,Calculated vs reported value differs by >10%
6302374103,Value Mismatch,valueusd,Calculated vs reported value differs by >10%
1005564306,Value Mismatch,valueusd,Calculated vs reported value differs by >10%
3974834416,Value Mismatch,valueusd,Calculated vs reported value differs by >10%
0798274764,Value Mismatch,valueusd,Calculated vs reported value differs by >10%
1037633478,Value Mismatch,valueusd,Calculated vs reported value differs by >10%
3698562210,Value Mismatch,valueusd,Calculated vs reported value differs by >10%
2778647413,Value Mismatch,valueusd,Calculated vs reported value differs by >10%
1417897997,Value Mismatch,valueusd,Calculated vs reported value differs by >10%
3753239678,Value Mismatch,valueusd,Calculated vs reported value differs by >10%
1038087110,Value Mismatch,valueusd,Calculated vs reported value differs by >10%
1099997706,Value Mismatch,valueusd,Calculated vs reported value differs by >10%
7990419053,Value Mismatch,valueusd,Calculated vs reported value differs by >10%
3701100575,Value Mismatch,valueusd,Calculated vs reported value differs by >10%
652357856,Value Mismatch,valueusd,Calculated vs reported value differs by >10%
446819697,Value Mismatch,valueusd,Calculated vs reported value differs by >10%
1000151342,Value Mismatch,valueusd,Calculated vs reported value differs by >10%
23410300IM00081379,Value Mismatch,valueusd,Calculated vs reported value differs by >10%
23410300IM00078417,Value Mismatch,valueusd,Calculated vs reported value differs by >10%
23410300IM00070779,Value Mismatch,valueusd,Calculated vs reported value differs by >10%
23410300IM00070755,Value Mismatch,valueusd,Calculated vs reported value differs by >10%
23410300IM00068746,Value Mismatch,valueusd,Calculated vs reported value differs by >10%
1846778597,Value Mismatch,valueusd,Calculated vs reported value differs by >10%
1098114127,Value Mismatch,valueusd,Calculated vs reported value differs by >10%
1098114126,Value Mismatch,valueusd,Calculated vs reported value differs by >10%
6751638165,Value Mismatch,valueusd,Calculated vs reported value differs by >10%
9326537057,Value Mismatch,valueusd,Calculated vs reported value differs by >10%
7853349554,Value Mismatch,valueusd,Calculated vs reported value differs by >10%
6305505829,Value Mismatch,valueusd,Calculated vs reported value differs by >10%
9200061671,Value Mismatch,valueusd,Calculated vs reported value differs by >10%
3751610856,Value Mismatch,valueusd,Calculated vs reported value differs by >10%
3751610856,Value Mismatch,valueusd,Calculated vs reported value differs by >10%
1045457272,Value Mismatch,valueusd,Calculated vs reported value differs by >10%
1045457270,Value Mismatch,valueusd,Calculated vs reported value differs by >10%
1045457278,Value Mismatch,valueusd,Calculated vs reported value differs by >10%
1088237042,Value Mismatch,valueusd,Calculated vs reported value differs by >10%
3973437636,Value Mismatch,valueusd,Calculated vs reported value differs by >10%
3973437639,Value Mismatch,valueusd,Calculated vs reported value differs by >10%
3973437635,Value Mismatch,valueusd,Calculated vs reported value differs by >10%
3973437641,Value Mismatch,valueusd,Calculated vs reported value differs by >10%
3973437640,Value Mismatch,valueusd,Calculated vs reported value differs by >10%
3973437637,Value Mismatch,valueusd,Calculated vs reported value differs by >10%
3973437638,Value Mismatch,valueusd,Calculated vs reported value differs by >10%
1096889443,Value Mismatch,valueusd,Calculated vs reported value differs by >10%
5658600690,Value Mismatch,valueusd,Calculated vs reported value differs by >10%
1037279173,Value Mismatch,valueusd,Calculated vs reported value differs by >10%
447110988,Value Mismatch,valueusd,Calculated vs reported value differs by >10%
447110989,Value Mismatch,valueusd,Calculated vs reported value differs by >10%
220495756,Value Mismatch,valueusd,Calculated vs reported value differs by >10%
1043865881,Value Mismatch,valueusd,Calculated vs reported value differs by >10%
9326590238,Value Mismatch,valueusd,Calculated vs reported value differs by >10%
1063040396,Value Mismatch,valueusd,Calculated vs reported value differs by >10%
1074223001,Value Mismatch,valueusd,Calculated vs reported value differs by >10%
1058485828,Value Mismatch,valueusd,Calculated vs reported value differs by >10%
1004300683,Value Mismatch,valueusd,Calculated vs reported value differs by >10%
2077516954,Value Mismatch,valueusd,Calculated vs reported value differs by >10%
8849335681,Value Mismatch,valueusd,Calculated vs reported value differs by >10%
8849335681,Value Mismatch,valueusd,Calculated vs reported value differs by >10%
1094300720,Value Mismatch,valueusd,Calculated vs reported value differs by >10%
7990408061,Value Mismatch,valueusd,Calculated vs reported value differs by >10%
1194607883,Value Mismatch,valueusd,Calculated vs reported value differs by >10%
9201911479,Value Mismatch,valueusd,Calculated vs reported value differs by >10%
1044279153,Value Mismatch,valueusd,Calculated vs reported value differs by >10%
1042805114,Value Mismatch,valueusd,Calculated vs reported value differs by >10%
9200061670,Value Mismatch,valueusd,Calculated vs reported value differs by >10%
1130742293,Value Mismatch,valueusd,Calculated vs reported value differs by >10%
1326912994,Value Mismatch,valueusd,Calculated vs reported value differs by >10%
2778711289,Value Mismatch,valueusd,Calculated vs reported value differs by >10%
1278116127,Value Mismatch,valueusd,Calculated vs reported value differs by >10%
8495392460,Value Mismatch,valueusd,Calculated vs reported value differs by >10%
8495392460,Value Mismatch,valueusd,Calculated vs reported value differs by >10%
23410300IM00082869,Value Mismatch,valueusd,Calculated vs reported value differs by >10%
23410300IM00085182,Value Mismatch,valueusd,Calculated vs reported value differs by >10%
23410300IM00085182,Value Mismatch,valueusd,Calculated vs reported value differs by >10%
23410300IM00081059,Value Mismatch,valueusd,Calculated vs reported value differs by >10%
23410300IM00081059,Value Mismatch,valueusd,Calculated vs reported value differs by >10%
23410300IM00079731,Value Mismatch,valueusd,Calculated vs reported value differs by >10%
23410300IM00078405,Value Mismatch,valueusd,Calculated vs reported value differs by >10%
23410300IM00075206,Value Mismatch,valueusd,Calculated vs reported value differs by >10%
23410300IM00075179,Value Mismatch,valueusd,Calculated vs reported value differs by >10%
23410300IM00070755,Value Mismatch,valueusd,Calculated vs reported value differs by >10%
23410300IM00070779,Value Mismatch,valueusd,Calculated vs reported value differs by >10%
23410300IM00070767,Value Mismatch,valueusd,Calculated vs reported value differs by >10%
23410300IM00069769,Value Mismatch,valueusd,Calculated vs reported value differs by >10%
23410300IM00069769,Value Mismatch,valueusd,Calculated vs reported value differs by >10%
23410300IM00067633,Value Mismatch,valueusd,Calculated vs reported value differs by >10%
219572922,Value Mismatch,valueusd,Calculated vs reported value differs by >10%
3697944058,Value Mismatch,valueusd,Calculated vs reported value differs by >10%
3697944058,Value Mismatch,valueusd,Calculated vs reported value differs by >10%
1602471367,Value Mismatch,valueusd,Calculated vs reported value differs by >10%
1059651833,Value Mismatch,valueusd,Calculated vs reported value differs by >10%
9859972404,Value Mismatch,valueusd,Calculated vs reported value differs by >10%
1058005901,Value Mismatch,valueusd,Calculated vs reported value differs by >10%
1063595608,Value Mismatch,valueusd,Calculated vs reported value differs by >10%
1001231964,Value Mismatch,valueusd,Calculated vs reported value differs by >10%
3459719002,Value Mismatch,valueusd,Calculated vs reported value differs by >10%
3459719003,Value Mismatch,valueusd,Calculated vs reported value differs by >10%
3459719001,Value Mismatch,valueusd,Calculated vs reported value differs by >10%
7989983331,Value Mismatch,valueusd,Calculated vs reported value differs by >10%
1098114129,Value Mismatch,valueusd,Calculated vs reported value differs by >10%
1098114128,Value Mismatch,valueusd,Calculated vs reported value differs by >10%
1097211027,Value Mismatch,valueusd,Calculated vs reported value differs by >10%
5660909111,Value Mismatch,valueusd,Calculated vs reported value differs by >10%
1107533864,Value Mismatch,valueusd,Calculated vs reported value differs by >10%
1098581863,Value Mismatch,valueusd,Calculated vs reported value differs by >10%
9202943412,Value Mismatch,valueusd,Calculated vs reported value differs by >10%
1006081965,Value Mismatch,valueusd,Calculated vs reported value differs by >10%
7853349558,Value Mismatch,valueusd,Calculated vs reported value differs by >10%
7853349553,Value Mismatch,valueusd,Calculated vs reported value differs by >10%
1310185052,Value Mismatch,valueusd,Calculated vs reported value differs by >10%
1114991741,Value Mismatch,valueusd,Calculated vs reported value differs by >10%
1141186974,Value Mismatch,valueusd,Calculated vs reported value differs by >10%
1099242680,Value Mismatch,valueusd,Calculated vs reported value differs by >10%
0795638010,Value Mismatch,valueusd,Calculated vs reported value differs by >10%
650359191,Value Mismatch,valueusd,Calculated vs reported value differs by >10%
1043865880,Value Mismatch,valueusd,Calculated vs reported value differs by >10%
1072932280,Value Mismatch,valueusd,Calculated vs reported value differs by >10%
6305505824,Value Mismatch,valueusd,Calculated vs reported value differs by >10%
2078429885,Value Mismatch,valueusd,Calculated vs reported value differs by >10%
2078518055,Value Mismatch,valueusd,Calculated vs reported value differs by >10%
1070673579,Value Mismatch,valueusd,Calculated vs reported value differs by >10%
8496126840,Value Mismatch,valueusd,Calculated vs reported value differs by >10%
1284087386,Value Mismatch,valueusd,Calculated vs reported value differs by >10%
23410300IM00083592,Value Mismatch,valueusd,Calculated vs reported value differs by >10%
23410300IM00081101,Value Mismatch,valueusd,Calculated vs reported value differs by >10%
23410300IM00078405,Value Mismatch,valueusd,Calculated vs reported value differs by >10%
23410300IM00075179,Value Mismatch,valueusd,Calculated vs reported value differs by >10%
23410300IM00070742,Value Mismatch,valueusd,Calculated vs reported value differs by >10%
1061220826,Value Mismatch,valueusd,Calculated vs reported value differs by >10%
1139726247,Value Mismatch,valueusd,Calculated vs reported value differs by >10%
1204708827,Value Mismatch,valueusd,Calculated vs reported value differs by >10%
1169524962,Value Mismatch,valueusd,Calculated vs reported value differs by >10%
1233275790,Value Mismatch,valueusd,Calculated vs reported value differs by >10%
1067192642,Value Mismatch,valueusd,Calculated vs reported value differs by >10%
1091233728,Value Mismatch,valueusd,Calculated vs reported value differs by >10%
1118438762,Value Mismatch,valueusd,Calculated vs reported value differs by >10%
1004508442,Value Mismatch,valueusd,Calculated vs reported value differs by >10%
1112712536,Value Mismatch,valueusd,Calculated vs reported value differs by >10%
1252679617,Value Mismatch,valueusd,Calculated vs reported value differs by >10%
1096426057,Value Mismatch,valueusd,Calculated vs reported value differs by >10%
2078373112,Value Mismatch,valueusd,Calculated vs reported value differs by >10%
1081025270,Value Mismatch,valueusd,Calculated vs reported value differs by >10%
1098588094,Value Mismatch,valueusd,Calculated vs reported value differs by >10%
8483969233,Value Mismatch,valueusd,Calculated vs reported value differs by >10%
3697944880,Value Mismatch,valueusd,Calculated vs reported value differs by >10%
3697944880,Value Mismatch,valueusd,Calculated vs reported value differs by >10%
3697944881,Value Mismatch,valueusd,Calculated vs reported value differs by >10%
1275854799,Value Mismatch,valueusd,Calculated vs reported value differs by >10%
1125045481,Value Mismatch,valueusd,Calculated vs reported value differs by >10%
1127351224,Value Mismatch,valueusd,Calculated vs reported value differs by >10%
1173575201,Value Mismatch,valueusd,Calculated vs reported value differs by >10%
1069123534,Value Mismatch,valueusd,Calculated vs reported value differs by >10%
1081587133,Value Mismatch,valueusd,Calculated vs reported value differs by >10%
1048977451,Value Mismatch,valueusd,Calculated vs reported value differs by >10%
2077468265,Value Mismatch,valueusd,Calculated vs reported value differs by >10%
7853349557,Value Mismatch,valueusd,Calculated vs reported value differs by >10%
1050764217,Value Mismatch,valueusd,Calculated vs reported value differs by >10%
8495852199,Value Mismatch,valueusd,Calculated vs reported value differs by >10%
1143799762,Value Mismatch,valueusd,Calculated vs reported value differs by >10%
1050234948,Value Mismatch,valueusd,Calculated vs reported value differs by >10%
1000528034,Value Mismatch,valueusd,Calculated vs reported value differs by >10%
1127090543,Value Mismatch,valueusd,Calculated vs reported value differs by >10%
9862647166,Value Mismatch,valueusd,Calculated vs reported value differs by >10%
1154758064,Value Mismatch,valueusd,Calculated vs reported value differs by >10%
23410300IM00067633,Value Mismatch,valueusd,Calculated vs reported value differs by >10%
23410300IM00081379,Value Mismatch,valueusd,Calculated vs reported value differs by >10%
23410300IM00081377,Value Mismatch,valueusd,Calculated vs reported value differs by >10%
23410300IM00081073,Value Mismatch,valueusd,Calculated vs reported value differs by >10%
0796585023,Value Mismatch,valueusd,Calculated vs reported value differs by >10%
9454302251,Value Mismatch,valueusd,Calculated vs reported value differs by >10%
3751610858,Value Mismatch,valueusd,Calculated vs reported value differs by >10%
3751610858,Value Mismatch,valueusd,Calculated vs reported value differs by >10%
9861811391,Value Mismatch,valueusd,Calculated vs reported value differs by >10%
1138514545,Value Mismatch,valueusd,Calculated vs reported value differs by >10%
9454302254,Value Mismatch,valueusd,Calculated vs reported value differs by >10%
6978368146,Value Mismatch,valueusd,Calculated vs reported value differs by >10%
6978368886,Value Mismatch,valueusd,Calculated vs reported value differs by >10%
1060986887,Value Mismatch,valueusd,Calculated vs reported value differs by >10%
8495140456,Value Mismatch,valueusd,Calculated vs reported value differs by >10%
1030125819,Value Mismatch,valueusd,Calculated vs reported value differs by >10%
23410300IM00078417,Value Mismatch,valueusd,Calculated vs reported value differs by >10%
23410300IM00068746,Value Mismatch,valueusd,Calculated vs reported value differs by >10%
3974834419,Value Mismatch,valueusd,Calculated vs reported value differs by >10%
129934082,Value Mismatch,valueusd,Calculated vs reported value differs by >10%
0129934082,Value Mismatch,valueusd,Calculated vs reported value differs by >10%
1149083624,Value Mismatch,valueusd,Calculated vs reported value differs by >10%
1121092419,Value Mismatch,valueusd,Calculated vs reported value differs by >10%
1022747386,Value Mismatch,valueusd,Calculated vs reported value differs by >10%
1095452487,Value Mismatch,valueusd,Calculated vs reported value differs by >10%
8495392462,Value Mismatch,valueusd,Calculated vs reported value differs by >10%
8846912713,Value Mismatch,valueusd,Calculated vs reported value differs by >10%
0796411578,Value Mismatch,valueusd,Calculated vs reported value differs by >10%
3751038916,Value Mismatch,valueusd,Calculated vs reported value differs by >10%
8495392462,Value Mismatch,valueusd,Calculated vs reported value differs by >10%
8846912713,Value Mismatch,valueusd,Calculated vs reported value differs by >10%
3751038916,Value Mismatch,valueusd,Calculated vs reported value differs by >10%
1022066016,Value Mismatch,valueusd,Calculated vs reported value differs by >10%
1045457275,Value Mismatch,valueusd,Calculated vs reported value differs by >10%
1045457276,Value Mismatch,valueusd,Calculated vs reported value differs by >10%
1045457268,Value Mismatch,valueusd,Calculated vs reported value differs by >10%
1045457279,Value Mismatch,valueusd,Calculated vs reported value differs by >10%
1045457273,Value Mismatch,valueusd,Calculated vs reported value differs by >10%
1655124570,Value Mismatch,valueusd,Calculated vs reported value differs by >10%
9200061673,Value Mismatch,valueusd,Calculated vs reported value differs by >10%
828763956,Value Mismatch,valueusd,Calculated vs reported value differs by >10%
828752733,Value Mismatch,valueusd,Calculated vs reported value differs by >10%
828763958,Value Mismatch,valueusd,Calculated vs reported value differs by >10%
1097503155,Value Mismatch,valueusd,Calculated vs reported value differs by >10%
0286760456,Value Mismatch,valueusd,Calculated vs reported value differs by >10%
1150243501,Value Mismatch,valueusd,Calculated vs reported value differs by >10%
447178221,Value Mismatch,valueusd,Calculated vs reported value differs by >10%
1127010862,Value Mismatch,valueusd,Calculated vs reported value differs by >10%
1150009508,Value Mismatch,valueusd,Calculated vs reported value differs by >10%
7853349555,Value Mismatch,valueusd,Calculated vs reported value differs by >10%
9861811392,Value Mismatch,valueusd,Calculated vs reported value differs by >10%
1073960464,Value Mismatch,valueusd,Calculated vs reported value differs by >10%
1042823719,Value Mismatch,valueusd,Calculated vs reported value differs by >10%
1014213457,Value Mismatch,valueusd,Calculated vs reported value differs by >10%
1045457271,Value Mismatch,valueusd,Calculated vs reported value differs by >10%
1045457277,Value Mismatch,valueusd,Calculated vs reported value differs by >10%
1045457269,Value Mismatch,valueusd,Calculated vs reported value differs by >10%
1045457267,Value Mismatch,valueusd,Calculated vs reported value differs by >10%
1045457274,Value Mismatch,valueusd,Calculated vs reported value differs by >10%
9202557053,Value Mismatch,valueusd,Calculated vs reported value differs by >10%
9861167077,Value Mismatch,valueusd,Calculated vs reported value differs by >10%
9861167076,Value Mismatch,valueusd,Calculated vs reported value differs by >10%
9861167075,Value Mismatch,valueusd,Calculated vs reported value differs by >10%
9861167074,Value Mismatch,valueusd,Calculated vs reported value differs by >10%
9861167073,Value Mismatch,valueusd,Calculated vs reported value differs by >10%
1183054998,Value Mismatch,valueusd,Calculated vs reported value differs by >10%
1027049357,Value Mismatch,valueusd,Calculated vs reported value differs by >10%
1146575066,Value Mismatch,valueusd,Calculated vs reported value differs by >10%
1029350523,Value Mismatch,valueusd,Calculated vs reported value differs by >10%
1325290269,Value Mismatch,valueusd,Calculated vs reported value differs by >10%
1166450471,Value Mismatch,valueusd,Calculated vs reported value differs by >10%
9326273348,Value Mismatch,valueusd,Calculated vs reported value differs by >10%
828763959,Value Mismatch,valueusd,Calculated vs reported value differs by >10%
8495852200,Value Mismatch,valueusd,Calculated vs reported value differs by >10%
1253611223,Value Mismatch,valueusd,Calculated vs reported value differs by >10%
9859879848,Value Mismatch,valueusd,Calculated vs reported value differs by >10%
9861811393,Value Mismatch,valueusd,Calculated vs reported value differs by >10%
7992105114,Value Mismatch,valueusd,Calculated vs reported value differs by >10%
3753443664,Value Mismatch,valueusd,Calculated vs reported value differs by >10%
3753443663,Value Mismatch,valueusd,Calculated vs reported value differs by >10%
3753443662,Value Mismatch,valueusd,Calculated vs reported value differs by >10%
3753443661,Value Mismatch,valueusd,Calculated vs reported value differs by >10%
3753443659,Value Mismatch,valueusd,Calculated vs reported value differs by >10%
3753443658,Value Mismatch,valueusd,Calculated vs reported value differs by >10%
6977618023,Value Mismatch,valueusd,Calculated vs reported value differs by >10%
1056365666,Value Mismatch,valueusd,Calculated vs reported value differs by >10%
829089002,Value Mismatch,valueusd,Calculated vs reported value differs by >10%
1042739355,Value Mismatch,valueusd,Calculated vs reported value differs by >10%
9454302253,Value Mismatch,valueusd,Calculated vs reported value differs by >10%
3751610853,Value Mismatch,valueusd,Calculated vs reported value differs by >10%
3751610853,Value Mismatch,valueusd,Calculated vs reported value differs by >10%
1167974796,Value Mismatch,valueusd,Calculated vs reported value differs by >10%
1103971859,Value Mismatch,valueusd,Calculated vs reported value differs by >10%
1023526512,Value Mismatch,valueusd,Calculated vs reported value differs by >10%
8481785875,Value Mismatch,valueusd,Calculated vs reported value differs by >10%
23410300IM00087021,Value Mismatch,valueusd,Calculated vs reported value differs by >10%
23410300IM00087012,Value Mismatch,valueusd,Calculated vs reported value differs by >10%
23410300IM00085181,Value Mismatch,valueusd,Calculated vs reported value differs by >10%
23410300IM00079732,Value Mismatch,valueusd,Calculated vs reported value differs by >10%
23410300IM00078402,Value Mismatch,valueusd,Calculated vs reported value differs by >10%
23410300IM00070723,Value Mismatch,valueusd,Calculated vs reported value differs by >10%
23410300IM00070735,Value Mismatch,valueusd,Calculated vs reported value differs by >10%
23410300IM00070729,Value Mismatch,valueusd,Calculated vs reported value differs by >10%
23410300IM00070714,Value Mismatch,valueusd,Calculated vs reported value differs by >10%
23410300IM00069434,Value Mismatch,valueusd,Calculated vs reported value differs by >10%
23410300IM00068747,Value Mismatch,valueusd,Calculated vs reported value differs by >10%
23410300IM00067623,Value Mismatch,valueusd,Calculated vs reported value differs by >10%
9859879849,Value Mismatch,valueusd,Calculated vs reported value differs by >10%
1068155673,Value Mismatch,valueusd,Calculated vs reported value differs by >10%
2077488441,Value Mismatch,valueusd,Calculated vs reported value differs by >10%
1087044747,Value Mismatch,valueusd,Calculated vs reported value differs by >10%
1098279014,Value Mismatch,valueusd,Calculated vs reported value differs by >10%
1677756597,Value Mismatch,valueusd,Calculated vs reported value differs by >10%
1099680994,Value Mismatch,valueusd,Calculated vs reported value differs by >10%
1078449280,Value Mismatch,valueusd,Calculated vs reported value differs by >10%
1145162868,Value Mismatch,valueusd,Calculated vs reported value differs by >10%
1000411087,Value Mismatch,valueusd,Calculated vs reported value differs by >10%
8495852198,Value Mismatch,valueusd,Calculated vs reported value differs by >10%
1148677266,Value Mismatch,valueusd,Calculated vs reported value differs by >10%
1001134286,Value Mismatch,valueusd,Calculated vs reported value differs by >10%
1368231109,Value Mismatch,valueusd,Calculated vs reported value differs by >10%
652357853,Value Mismatch,valueusd,Calculated vs reported value differs by >10%
8481785867,Value Mismatch,valueusd,Calculated vs reported value differs by >10%
1195971464,Value Mismatch,valueusd,Calculated vs reported value differs by >10%
7855413437,Value Mismatch,valueusd,Calculated vs reported value differs by >10%
9454302252,Value Mismatch,valueusd,Calculated vs reported value differs by >10%
3751610852,Value Mismatch,valueusd,Calculated vs reported value differs by >10%
3751038914,Value Mismatch,valueusd,Calculated vs reported value differs by >10%
8846912714,Value Mismatch,valueusd,Calculated vs reported value differs by >10%
8846912714,Value Mismatch,valueusd,Calculated vs reported value differs by >10%
3751610852,Value Mismatch,valueusd,Calculated vs reported value differs by >10%
3751038914,Value Mismatch,valueusd,Calculated vs reported value differs by >10%
9326612693,Value Mismatch,valueusd,Calculated vs reported value differs by >10%
9326612688,Value Mismatch,valueusd,Calculated vs reported value differs by >10%
693912208,Value Mismatch,valueusd,Calculated vs reported value differs by >10%
693912209,Value Mismatch,valueusd,Calculated vs reported value differs by >10%
9200378180,Value Mismatch,valueusd,Calculated vs reported value differs by >10%
9200378182,Value Mismatch,valueusd,Calculated vs reported value differs by >10%
1084031570,Value Mismatch,valueusd,Calculated vs reported value differs by >10%
5660793974,Value Mismatch,valueusd,Calculated vs reported value differs by >10%
1117470273,Value Mismatch,valueusd,Calculated vs reported value differs by >10%
1195405687,Value Mismatch,valueusd,Calculated vs reported value differs by >10%
1150690230,Value Mismatch,valueusd,Calculated vs reported value differs by >10%
1099892632,Value Mismatch,valueusd,Calculated vs reported value differs by >10%
1046350704,Value Mismatch,valueusd,Calculated vs reported value differs by >10%
1042765139,Value Mismatch,valueusd,Calculated vs reported value differs by >10%
7992054016,Value Mismatch,valueusd,Calculated vs reported value differs by >10%
129934083,Value Mismatch,valueusd,Calculated vs reported value differs by >10%
0129934083,Value Mismatch,valueusd,Calculated vs reported value differs by >10%
9859230423,Value Mismatch,valueusd,Calculated vs reported value differs by >10%
9859230429,Value Mismatch,valueusd,Calculated vs reported value differs by >10%
23410500IM00081800,Value Mismatch,valueusd,Calculated vs reported value differs by >10%
1130015251,Value Mismatch,valueusd,Calculated vs reported value differs by >10%
1065706430,Value Mismatch,valueusd,Calculated vs reported value differs by >10%
6749195258,Value Mismatch,valueusd,Calculated vs reported value differs by >10%
2078585049,Value Mismatch,valueusd,Calculated vs reported value differs by >10%
1006653460,Value Mismatch,valueusd,Calculated vs reported value differs by >10%
449199147,Value Mismatch,valueusd,Calculated vs reported value differs by >10%
449173393,Value Mismatch,valueusd,Calculated vs reported value differs by >10%
1013073940,Value Mismatch,valueusd,Calculated vs reported value differs by >10%
1042765138,Value Mismatch,valueusd,Calculated vs reported value differs by >10%
9859879850,Value Mismatch,valueusd,Calculated vs reported value differs by >10%
7990396196,Value Mismatch,valueusd,Calculated vs reported value differs by >10%
1084307791,Value Mismatch,valueusd,Calculated vs reported value differs by >10%
6749195259,Value Mismatch,valueusd,Calculated vs reported value differs by >10%
0286760455,Value Mismatch,valueusd,Calculated vs reported value differs by >10%
0286760457,Value Mismatch,valueusd,Calculated vs reported value differs by >10%
6302507328,Value Mismatch,valueusd,Calculated vs reported value differs by >10%
1111156057,Value Mismatch,valueusd,Calculated vs reported value differs by >10%
0284711533,Value Mismatch,valueusd,Calculated vs reported value differs by >10%
1038202958,Value Mismatch,valueusd,Calculated vs reported value differs by >10%
1169222895,Value Mismatch,valueusd,Calculated vs reported value differs by >10%
9859230432,Value Mismatch,valueusd,Calculated vs reported value differs by >10%
9859230438,Value Mismatch,valueusd,Calculated vs reported value differs by >10%
9859230436,Value Mismatch,valueusd,Calculated vs reported value differs by >10%
9859230440,Value Mismatch,valueusd,Calculated vs reported value differs by >10%
9859900407,Value Mismatch,valueusd,Calculated vs reported value differs by >10%
9859900408,Value Mismatch,valueusd,Calculated vs reported value differs by >10%
9859900409,Value Mismatch,valueusd,Calculated vs reported value differs by >10%
9859900410,Value Mismatch,valueusd,Calculated vs reported value differs by >10%
1138376424,Value Mismatch,valueusd,Calculated vs reported value differs by >10%
2077423031,Value Mismatch,valueusd,Calculated vs reported value differs by >10%
3974834415,Value Mismatch,valueusd,Calculated vs reported value differs by >10%
220033149,Value Mismatch,valueusd,Calculated vs reported value differs by >10%
828752734,Value Mismatch,valueusd,Calculated vs reported value differs by >10%
8481785869,Value Mismatch,valueusd,Calculated vs reported value differs by >10%
2078353778,Value Mismatch,valueusd,Calculated vs reported value differs by >10%
2078352909,Value Mismatch,valueusd,Calculated vs reported value differs by >10%
2078345802,Value Mismatch,valueusd,Calculated vs reported value differs by >10%
2078338637,Value Mismatch,valueusd,Calculated vs reported value differs by >10%
2078329831,Value Mismatch,valueusd,Calculated vs reported value differs by >10%
2078458598,Value Mismatch,valueusd,Calculated vs reported value differs by >10%
2078450558,Value Mismatch,valueusd,Calculated vs reported value differs by >10%
2078448719,Value Mismatch,valueusd,Calculated vs reported value differs by >10%
2078448142,Value Mismatch,valueusd,Calculated vs reported value differs by >10%
3751610849,Value Mismatch,valueusd,Calculated vs reported value differs by >10%
3751610849,Value Mismatch,valueusd,Calculated vs reported value differs by >10%
652357858,Value Mismatch,valueusd,Calculated vs reported value differs by >10%
9324120355,Value Mismatch,valueusd,Calculated vs reported value differs by >10%
2078443050,Value Mismatch,valueusd,Calculated vs reported value differs by >10%
2078358613,Value Mismatch,valueusd,Calculated vs reported value differs by >10%
8481638601,Value Mismatch,valueusd,Calculated vs reported value differs by >10%
1126459769,Value Mismatch,valueusd,Calculated vs reported value differs by >10%
9861811394,Value Mismatch,valueusd,Calculated vs reported value differs by >10%
2078355909,Value Mismatch,valueusd,Calculated vs reported value differs by >10%
7992074590,Value Mismatch,valueusd,Calculated vs reported value differs by >10%
2078442458,Value Mismatch,valueusd,Calculated vs reported value differs by >10%
1049451041,Value Mismatch,valueusd,Calculated vs reported value differs by >10%
2078354818,Value Mismatch,valueusd,Calculated vs reported value differs by >10%
1048676789,Value Mismatch,valueusd,Calculated vs reported value differs by >10%
2078484950,Value Mismatch,valueusd,Calculated vs reported value differs by >10%
1158035822,Value Mismatch,valueusd,Calculated vs reported value differs by >10%
2077523476,Value Mismatch,valueusd,Calculated vs reported value differs by >10%
2078436247,Value Mismatch,valueusd,Calculated vs reported value differs by >10%
2078435218,Value Mismatch,valueusd,Calculated vs reported value differs by >10%
6302507329,Value Mismatch,valueusd,Calculated vs reported value differs by >10%
1417372964,Value Mismatch,valueusd,Calculated vs reported value differs by >10%
1417372963,Value Mismatch,valueusd,Calculated vs reported value differs by >10%
1417372965,Value Mismatch,valueusd,Calculated vs reported value differs by >10%
2078554464,Value Mismatch,valueusd,Calculated vs reported value differs by >10%
1416936125,Value Mismatch,valueusd,Calculated vs reported value differs by >10%
2078551810,Value Mismatch,valueusd,Calculated vs reported value differs by >10%
1417372962,Value Mismatch,valueusd,Calculated vs reported value differs by >10%
2078548655,Value Mismatch,valueusd,Calculated vs reported value differs by >10%
2078543293,Value Mismatch,valueusd,Calculated vs reported value differs by >10%
1416936126,Value Mismatch,valueusd,Calculated vs reported value differs by >10%
1086117517,Value Mismatch,valueusd,Calculated vs reported value differs by >10%
2078539792,Value Mismatch,valueusd,Calculated vs reported value differs by >10%
5660793972,Value Mismatch,valueusd,Calculated vs reported value differs by >10%
1055026653,Value Mismatch,valueusd,Calculated vs reported value differs by >10%
2078536324,Value Mismatch,valueusd,Calculated vs reported value differs by >10%
2078535135,Value Mismatch,valueusd,Calculated vs reported value differs by >10%
1025295092,Value Mismatch,valueusd,Calculated vs reported value differs by >10%
2078533407,Value Mismatch,valueusd,Calculated vs reported value differs by >10%
2078426111,Value Mismatch,valueusd,Calculated vs reported value differs by >10%
2078422096,Value Mismatch,valueusd,Calculated vs reported value differs by >10%
652865313,Value Mismatch,valueusd,Calculated vs reported value differs by >10%
2078412922,Value Mismatch,valueusd,Calculated vs reported value differs by >10%
2078411553,Value Mismatch,valueusd,Calculated vs reported value differs by >10%
2078507880,Value Mismatch,valueusd,Calculated vs reported value differs by >10%
2078584578,Value Mismatch,valueusd,Calculated vs reported value differs by >10%
2078579164,Value Mismatch,valueusd,Calculated vs reported value differs by >10%
2078518426,Value Mismatch,valueusd,Calculated vs reported value differs by >10%
2078513861,Value Mismatch,valueusd,Calculated vs reported value differs by >10%
3753443287,Value Mismatch,valueusd,Calculated vs reported value differs by >10%
3753443287,Value Mismatch,valueusd,Calculated vs reported value differs by >10%
2775656711,Value Mismatch,valueusd,Calculated vs reported value differs by >10%
8483969235,Value Mismatch,valueusd,Calculated vs reported value differs by >10%
1099917050,Value Mismatch,valueusd,Calculated vs reported value differs by >10%
3697944055,Value Mismatch,valueusd,Calculated vs reported value differs by >10%
1090143213,Value Mismatch,valueusd,Calculated vs reported value differs by >10%
2078571210,Value Mismatch,valueusd,Calculated vs reported value differs by >10%
2078513024,Value Mismatch,valueusd,Calculated vs reported value differs by >10%
2078511900,Value Mismatch,valueusd,Calculated vs reported value differs by >10%
2078566565,Value Mismatch,valueusd,Calculated vs reported value differs by >10%
2078562917,Value Mismatch,valueusd,Calculated vs reported value differs by >10%
2078558728,Value Mismatch,valueusd,Calculated vs reported value differs by >10%
1095676868,Value Mismatch,valueusd,Calculated vs reported value differs by >10%
2078406929,Value Mismatch,valueusd,Calculated vs reported value differs by >10%
1114211400,Value Mismatch,valueusd,Calculated vs reported value differs by >10%
5660909110,Value Mismatch,valueusd,Calculated vs reported value differs by >10%
5660793973,Value Mismatch,valueusd,Calculated vs reported value differs by >10%
2078404512,Value Mismatch,valueusd,Calculated vs reported value differs by >10%
1097503153,Value Mismatch,valueusd,Calculated vs reported value differs by >10%
0795954681,Value Mismatch,valueusd,Calculated vs reported value differs by >10%
9202943411,Value Mismatch,valueusd,Calculated vs reported value differs by >10%
652357855,Value Mismatch,valueusd,Calculated vs reported value differs by >10%
1077643939,Value Mismatch,valueusd,Calculated vs reported value differs by >10%
2078361234,Value Mismatch,valueusd,Calculated vs reported value differs by >10%
1009575052,Value Mismatch,valueusd,Calculated vs reported value differs by >10%
2078494933,Value Mismatch,valueusd,Calculated vs reported value differs by >10%
2078493390,Value Mismatch,valueusd,Calculated vs reported value differs by >10%
1012546788,Value Mismatch,valueusd,Calculated vs reported value differs by >10%
3697944053,Value Mismatch,valueusd,Calculated vs reported value differs by >10%
2078491972,Value Mismatch,valueusd,Calculated vs reported value differs by >10%
3698993323,Value Mismatch,valueusd,Calculated vs reported value differs by >10%
0129934084,Value Mismatch,valueusd,Calculated vs reported value differs by >10%
129934084,Value Mismatch,valueusd,Calculated vs reported value differs by >10%
2078491428,Value Mismatch,valueusd,Calculated vs reported value differs by >10%
1040369721,Value Mismatch,valueusd,Calculated vs reported value differs by >10%
2078489297,Value Mismatch,valueusd,Calculated vs reported value differs by >10%
2078484465,Value Mismatch,valueusd,Calculated vs reported value differs by >10%
2078484093,Value Mismatch,valueusd,Calculated vs reported value differs by >10%
2078475411,Value Mismatch,valueusd,Calculated vs reported value differs by >10%
2078393961,Value Mismatch,valueusd,Calculated vs reported value differs by >10%
2078386388,Value Mismatch,valueusd,Calculated vs reported value differs by >10%
2078374539,Value Mismatch,valueusd,Calculated vs reported value differs by >10%
2078368155,Value Mismatch,valueusd,Calculated vs reported value differs by >10%
2078465477,Value Mismatch,valueusd,Calculated vs reported value differs by >10%
2078463014,Value Mismatch,valueusd,Calculated vs reported value differs by >10%
2078408964,Value Mismatch,valueusd,Calculated vs reported value differs by >10%
2077713526,Value Mismatch,valueusd,Calculated vs reported value differs by >10%
2077980403,Value Mismatch,valueusd,Calculated vs reported value differs by >10%
2077636792,Value Mismatch,valueusd,Calculated vs reported value differs by >10%
2077613130,Value Mismatch,valueusd,Calculated vs reported value differs by >10%
2077903112,Value Mismatch,valueusd,Calculated vs reported value differs by >10%
2078016703,Value Mismatch,valueusd,Calculated vs reported value differs by >10%
2078061425,Value Mismatch,valueusd,Calculated vs reported value differs by >10%
2077858446,Value Mismatch,valueusd,Calculated vs reported value differs by >10%
2077704927,Value Mismatch,valueusd,Calculated vs reported value differs by >10%
2077856409,Value Mismatch,valueusd,Calculated vs reported value differs by >10%
2078051934,Value Mismatch,valueusd,Calculated vs reported value differs by >10%
2077851362,Value Mismatch,valueusd,Calculated vs reported value differs by >10%
2077802274,Value Mismatch,valueusd,Calculated vs reported value differs by >10%
2077798599,Value Mismatch,valueusd,Calculated vs reported value differs by >10%
2077869370,Value Mismatch,valueusd,Calculated vs reported value differs by >10%
2077861929,Value Mismatch,valueusd,Calculated vs reported value differs by >10%
2077697228,Value Mismatch,valueusd,Calculated vs reported value differs by >10%
2077844239,Value Mismatch,valueusd,Calculated vs reported value differs by >10%
2077687664,Value Mismatch,valueusd,Calculated vs reported value differs by >10%
2077947354,Value Mismatch,valueusd,Calculated vs reported value differs by >10%
2078020553,Value Mismatch,valueusd,Calculated vs reported value differs by >10%
6302661429,Value Mismatch,valueusd,Calculated vs reported value differs by >10%
6305501754,Value Mismatch,valueusd,Calculated vs reported value differs by >10%
6305501755,Value Mismatch,valueusd,Calculated vs reported value differs by >10%
6305501753,Value Mismatch,valueusd,Calculated vs reported value differs by >10%
6305501752,Value Mismatch,valueusd,Calculated vs reported value differs by >10%
6302060655,Value Mismatch,valueusd,Calculated vs reported value differs by >10%
6302060654,Value Mismatch,valueusd,Calculated vs reported value differs by >10%
6302265488,Value Mismatch,valueusd,Calculated vs reported value differs by >10%
6303675944,Value Mismatch,valueusd,Calculated vs reported value differs by >10%
6302060653,Value Mismatch,valueusd,Calculated vs reported value differs by >10%
6302060652,Value Mismatch,valueusd,Calculated vs reported value differs by >10%
6302060651,Value Mismatch,valueusd,Calculated vs reported value differs by >10%
6302090575,Value Mismatch,valueusd,Calculated vs reported value differs by >10%
6302083133,Value Mismatch,valueusd,Calculated vs reported value differs by >10%
6302050390,Value Mismatch,valueusd,Calculated vs reported value differs by >10%
6302174261,Value Mismatch,valueusd,Calculated vs reported value differs by >10%
6302265489,Value Mismatch,valueusd,Calculated vs reported value differs by >10%
6302060661,Value Mismatch,valueusd,Calculated vs reported value differs by >10%
6302060660,Value Mismatch,valueusd,Calculated vs reported value differs by >10%
6302060659,Value Mismatch,valueusd,Calculated vs reported value differs by >10%
6302060658,Value Mismatch,valueusd,Calculated vs reported value differs by >10%
6302060657,Value Mismatch,valueusd,Calculated vs reported value differs by >10%
6302060656,Value Mismatch,valueusd,Calculated vs reported value differs by >10%
6302060650,Value Mismatch,valueusd,Calculated vs reported value differs by >10%
6302060649,Value Mismatch,valueusd,Calculated vs reported value differs by >10%
6302060648,Value Mismatch,valueusd,Calculated vs reported value differs by >10%
6302060647,Value Mismatch,valueusd,Calculated vs reported value differs by >10%
6302109061,Value Mismatch,valueusd,Calculated vs reported value differs by >10%
6302097013,Value Mismatch,valueusd,Calculated vs reported value differs by >10%
6302086310,Value Mismatch,valueusd,Calculated vs reported value differs by >10%
6302086309,Value Mismatch,valueusd,Calculated vs reported value differs by >10%
6302086308,Value Mismatch,valueusd,Calculated vs reported value differs by >10%
6302050379,Value Mismatch,valueusd,Calculated vs reported value differs by >10%
6302048562,Value Mismatch,valueusd,Calculated vs reported value differs by >10%
6302048561,Value Mismatch,valueusd,Calculated vs reported value differs by >10%
6302048559,Value Mismatch,valueusd,Calculated vs reported value differs by >10%
6302048118,Value Mismatch,valueusd,Calculated vs reported value differs by >10%
6303675946,Value Mismatch,valueusd,Calculated vs reported value differs by >10%
6302194954,Value Mismatch,valueusd,Calculated vs reported value differs by >10%
6302174262,Value Mismatch,valueusd,Calculated vs reported value differs by >10%
6301875101,Value Mismatch,valueusd,Calculated vs reported value differs by >10%
6301875100,Value Mismatch,valueusd,Calculated vs reported value differs by >10%
6301875099,Value Mismatch,valueusd,Calculated vs reported value differs by >10%
6301875098,Value Mismatch,valueusd,Calculated vs reported value differs by >10%
6301875097,Value Mismatch,valueusd,Calculated vs reported value differs by >10%
6301875096,Value Mismatch,valueusd,Calculated vs reported value differs by >10%
6301872410,Value Mismatch,valueusd,Calculated vs reported value differs by >10%
6301872409,Value Mismatch,valueusd,Calculated vs reported value differs by >10%
6301872408,Value Mismatch,valueusd,Calculated vs reported value differs by >10%
6302078018,Value Mismatch,valueusd,Calculated vs reported value differs by >10%
6302076160,Value Mismatch,valueusd,Calculated vs reported value differs by >10%
6302076159,Value Mismatch,valueusd,Calculated vs reported value differs by >10%
6301851668,Value Mismatch,valueusd,Calculated vs reported value differs by >10%
6301835856,Value Mismatch,valueusd,Calculated vs reported value differs by >10%
6303802220,Value Mismatch,valueusd,Calculated vs reported value differs by >10%
6302081076,Value Mismatch,valueusd,Calculated vs reported value differs by >10%
6302034631,Value Mismatch,valueusd,Calculated vs reported value differs by >10%
6302125624,Value Mismatch,valueusd,Calculated vs reported value differs by >10%
6302050388,Value Mismatch,valueusd,Calculated vs reported value differs by >10%
6301872414,Value Mismatch,valueusd,Calculated vs reported value differs by >10%
6301872413,Value Mismatch,valueusd,Calculated vs reported value differs by >10%
6301872412,Value Mismatch,valueusd,Calculated vs reported value differs by >10%
6301872411,Value Mismatch,valueusd,Calculated vs reported value differs by >10%
6302061803,Value Mismatch,valueusd,Calculated vs reported value differs by >10%
6303468350,Value Mismatch,valueusd,Calculated vs reported value differs by >10%
6303675945,Value Mismatch,valueusd,Calculated vs reported value differs by >10%
6305804164,Value Mismatch,valueusd,Calculated vs reported value differs by >10%
6305803956,Value Mismatch,valueusd,Calculated vs reported value differs by >10%
6301495553,Value Mismatch,valueusd,Calculated vs reported value differs by >10%
6301183596,Value Mismatch,valueusd,Calculated vs reported value differs by >10%
6301289018,Value Mismatch,valueusd,Calculated vs reported value differs by >10%
6301289017,Value Mismatch,valueusd,Calculated vs reported value differs by >10%
6301495552,Value Mismatch,valueusd,Calculated vs reported value differs by >10%
6301246610,Value Mismatch,valueusd,Calculated vs reported value differs by >10%
6301468472,Value Mismatch,valueusd,Calculated vs reported value differs by >10%
6301468471,Value Mismatch,valueusd,Calculated vs reported value differs by >10%
6301468470,Value Mismatch,valueusd,Calculated vs reported value differs by >10%
6301505126,Value Mismatch,valueusd,Calculated vs reported value differs by >10%
6301505125,Value Mismatch,valueusd,Calculated vs reported value differs by >10%
6301505124,Value Mismatch,valueusd,Calculated vs reported value differs by >10%
6301505123,Value Mismatch,valueusd,Calculated vs reported value differs by >10%
6301276054,Value Mismatch,valueusd,Calculated vs reported value differs by >10%
6301068118,Value Mismatch,valueusd,Calculated vs reported value differs by >10%
6301012495,Value Mismatch,valueusd,Calculated vs reported value differs by >10%
6301012494,Value Mismatch,valueusd,Calculated vs reported value differs by >10%
6301012493,Value Mismatch,valueusd,Calculated vs reported value differs by >10%
6301775669,Value Mismatch,valueusd,Calculated vs reported value differs by >10%
6301056585,Value Mismatch,valueusd,Calculated vs reported value differs by >10%
6301056582,Value Mismatch,valueusd,Calculated vs reported value differs by >10%
6301056580,Value Mismatch,valueusd,Calculated vs reported value differs by >10%
6301286507,Value Mismatch,valueusd,Calculated vs reported value differs by >10%
6301486111,Value Mismatch,valueusd,Calculated vs reported value differs by >10%
6301486110,Value Mismatch,valueusd,Calculated vs reported value differs by >10%
6301112052,Value Mismatch,valueusd,Calculated vs reported value differs by >10%
6301386246,Value Mismatch,valueusd,Calculated vs reported value differs by >10%
6301381570,Value Mismatch,valueusd,Calculated vs reported value differs by >10%
6301251656,Value Mismatch,valueusd,Calculated vs reported value differs by >10%
6301249780,Value Mismatch,valueusd,Calculated vs reported value differs by >10%
6301468473,Value Mismatch,valueusd,Calculated vs reported value differs by >10%
6301740627,Value Mismatch,valueusd,Calculated vs reported value differs by >10%
6301734191,Value Mismatch,valueusd,Calculated vs reported value differs by >10%
6301743389,Value Mismatch,valueusd,Calculated vs reported value differs by >10%
6301728240,Value Mismatch,valueusd,Calculated vs reported value differs by >10%
6301237147,Value Mismatch,valueusd,Calculated vs reported value differs by >10%
6301068115,Value Mismatch,valueusd,Calculated vs reported value differs by >10%
6301013323,Value Mismatch,valueusd,Calculated vs reported value differs by >10%
6301309124,Value Mismatch,valueusd,Calculated vs reported value differs by >10%
6301289486,Value Mismatch,valueusd,Calculated vs reported value differs by >10%
6301289019,Value Mismatch,valueusd,Calculated vs reported value differs by >10%
650717139,Value Mismatch,valueusd,Calculated vs reported value differs by >10%
651513139,Value Mismatch,valueusd,Calculated vs reported value differs by >10%
651513138,Value Mismatch,valueusd,Calculated vs reported value differs by >10%
651513137,Value Mismatch,valueusd,Calculated vs reported value differs by >10%
651513136,Value Mismatch,valueusd,Calculated vs reported value differs by >10%
651513135,Value Mismatch,valueusd,Calculated vs reported value differs by >10%
651513134,Value Mismatch,valueusd,Calculated vs reported value differs by >10%
651513133,Value Mismatch,valueusd,Calculated vs reported value differs by >10%
652355313,Value Mismatch,valueusd,Calculated vs reported value differs by >10%
652577029,Value Mismatch,valueusd,Calculated vs reported value differs by >10%
652630579,Value Mismatch,valueusd,Calculated vs reported value differs by >10%
650450957,Value Mismatch,valueusd,Calculated vs reported value differs by >10%
650401803,Value Mismatch,valueusd,Calculated vs reported value differs by >10%
650343978,Value Mismatch,valueusd,Calculated vs reported value differs by >10%
650315844,Value Mismatch,valueusd,Calculated vs reported value differs by >10%
650315843,Value Mismatch,valueusd,Calculated vs reported value differs by >10%
650532231,Value Mismatch,valueusd,Calculated vs reported value differs by >10%
650525164,Value Mismatch,valueusd,Calculated vs reported value differs by >10%
650521343,Value Mismatch,valueusd,Calculated vs reported value differs by >10%
650289620,Value Mismatch,valueusd,Calculated vs reported value differs by >10%
650311075,Value Mismatch,valueusd,Calculated vs reported value differs by >10%
650309854,Value Mismatch,valueusd,Calculated vs reported value differs by >10%
650309853,Value Mismatch,valueusd,Calculated vs reported value differs by >10%
650107954,Value Mismatch,valueusd,Calculated vs reported value differs by >10%
650429319,Value Mismatch,valueusd,Calculated vs reported value differs by >10%
650429318,Value Mismatch,valueusd,Calculated vs reported value differs by >10%
650156252,Value Mismatch,valueusd,Calculated vs reported value differs by >10%
650156251,Value Mismatch,valueusd,Calculated vs reported value differs by >10%
650217179,Value Mismatch,valueusd,Calculated vs reported value differs by >10%
650140979,Value Mismatch,valueusd,Calculated vs reported value differs by >10%
650394394,Value Mismatch,valueusd,Calculated vs reported value differs by >10%
650487693,Value Mismatch,valueusd,Calculated vs reported value differs by >10%
650487692,Value Mismatch,valueusd,Calculated vs reported value differs by >10%
650384995,Value Mismatch,valueusd,Calculated vs reported value differs by >10%
650384994,Value Mismatch,valueusd,Calculated vs reported value differs by >10%
650384993,Value Mismatch,valueusd,Calculated vs reported value differs by >10%
6005465900,Value Mismatch,valueusd,Calculated vs reported value differs by >10%
6005465900,Value Mismatch,valueusd,Calculated vs reported value differs by >10%
650336413,Value Mismatch,valueusd,Calculated vs reported value differs by >10%
650293457,Value Mismatch,valueusd,Calculated vs reported value differs by >10%
650306915,Value Mismatch,valueusd,Calculated vs reported value differs by >10%
650306914,Value Mismatch,valueusd,Calculated vs reported value differs by >10%
650306913,Value Mismatch,valueusd,Calculated vs reported value differs by >10%
650306912,Value Mismatch,valueusd,Calculated vs reported value differs by >10%
650306869,Value Mismatch,valueusd,Calculated vs reported value differs by >10%
650107951,Value Mismatch,valueusd,Calculated vs reported value differs by >10%
650156250,Value Mismatch,valueusd,Calculated vs reported value differs by >10%
650384992,Value Mismatch,valueusd,Calculated vs reported value differs by >10%
651870111,Value Mismatch,valueusd,Calculated vs reported value differs by >10%
652039069,Value Mismatch,valueusd,Calculated vs reported value differs by >10%
651838292,Value Mismatch,valueusd,Calculated vs reported value differs by >10%
651937554,Value Mismatch,valueusd,Calculated vs reported value differs by >10%
651787936,Value Mismatch,valueusd,Calculated vs reported value differs by >10%
651787935,Value Mismatch,valueusd,Calculated vs reported value differs by >10%
651992464,Value Mismatch,valueusd,Calculated vs reported value differs by >10%
651992461,Value Mismatch,valueusd,Calculated vs reported value differs by >10%
651870114,Value Mismatch,valueusd,Calculated vs reported value differs by >10%
651870113,Value Mismatch,valueusd,Calculated vs reported value differs by >10%
651870112,Value Mismatch,valueusd,Calculated vs reported value differs by >10%
651803794,Value Mismatch,valueusd,Calculated vs reported value differs by >10%
651803793,Value Mismatch,valueusd,Calculated vs reported value differs by >10%
651854079,Value Mismatch,valueusd,Calculated vs reported value differs by >10%
651850129,Value Mismatch,valueusd,Calculated vs reported value differs by >10%
651837822,Value Mismatch,valueusd,Calculated vs reported value differs by >10%
651837821,Value Mismatch,valueusd,Calculated vs reported value differs by >10%
651837820,Value Mismatch,valueusd,Calculated vs reported value differs by >10%
651874631,Value Mismatch,valueusd,Calculated vs reported value differs by >10%
651874630,Value Mismatch,valueusd,Calculated vs reported value differs by >10%
651937841,Value Mismatch,valueusd,Calculated vs reported value differs by >10%
651937840,Value Mismatch,valueusd,Calculated vs reported value differs by >10%
651937839,Value Mismatch,valueusd,Calculated vs reported value differs by >10%
651682088,Value Mismatch,valueusd,Calculated vs reported value differs by >10%
651682087,Value Mismatch,valueusd,Calculated vs reported value differs by >10%
651682086,Value Mismatch,valueusd,Calculated vs reported value differs by >10%
651787937,Value Mismatch,valueusd,Calculated vs reported value differs by >10%
651953295,Value Mismatch,valueusd,Calculated vs reported value differs by >10%
651953294,Value Mismatch,valueusd,Calculated vs reported value differs by >10%
651953293,Value Mismatch,valueusd,Calculated vs reported value differs by >10%
651992463,Value Mismatch,valueusd,Calculated vs reported value differs by >10%
651992462,Value Mismatch,valueusd,Calculated vs reported value differs by >10%
651992460,Value Mismatch,valueusd,Calculated vs reported value differs by >10%
651992459,Value Mismatch,valueusd,Calculated vs reported value differs by >10%
651990697,Value Mismatch,valueusd,Calculated vs reported value differs by >10%
3697707838,Value Mismatch,valueusd,Calculated vs reported value differs by >10%
3697362433,Value Mismatch,valueusd,Calculated vs reported value differs by >10%
3697362431,Value Mismatch,valueusd,Calculated vs reported value differs by >10%
3697481590,Value Mismatch,valueusd,Calculated vs reported value differs by >10%
3697481589,Value Mismatch,valueusd,Calculated vs reported value differs by >10%
3697389621,Value Mismatch,valueusd,Calculated vs reported value differs by >10%
3697389620,Value Mismatch,valueusd,Calculated vs reported value differs by >10%
3697389619,Value Mismatch,valueusd,Calculated vs reported value differs by >10%
3697389618,Value Mismatch,valueusd,Calculated vs reported value differs by >10%
3697389617,Value Mismatch,valueusd,Calculated vs reported value differs by >10%
3697389616,Value Mismatch,valueusd,Calculated vs reported value differs by >10%
3697389615,Value Mismatch,valueusd,Calculated vs reported value differs by >10%
3697389614,Value Mismatch,valueusd,Calculated vs reported value differs by >10%
3697389613,Value Mismatch,valueusd,Calculated vs reported value differs by >10%
3697389612,Value Mismatch,valueusd,Calculated vs reported value differs by >10%
3697389611,Value Mismatch,valueusd,Calculated vs reported value differs by >10%
3697653774,Value Mismatch,valueusd,Calculated vs reported value differs by >10%
3697653773,Value Mismatch,valueusd,Calculated vs reported value differs by >10%
3697481591,Value Mismatch,valueusd,Calculated vs reported value differs by >10%
3697543909,Value Mismatch,valueusd,Calculated vs reported value differs by >10%
3697649899,Value Mismatch,valueusd,Calculated vs reported value differs by >10%
3697480716,Value Mismatch,valueusd,Calculated vs reported value differs by >10%
3697391044,Value Mismatch,valueusd,Calculated vs reported value differs by >10%
3697541559,Value Mismatch,valueusd,Calculated vs reported value differs by >10%
3697665487,Value Mismatch,valueusd,Calculated vs reported value differs by >10%
3696944341,Value Mismatch,valueusd,Calculated vs reported value differs by >10%
3696944337,Value Mismatch,valueusd,Calculated vs reported value differs by >10%
3696944336,Value Mismatch,valueusd,Calculated vs reported value differs by >10%
3696944335,Value Mismatch,valueusd,Calculated vs reported value differs by >10%
3696944334,Value Mismatch,valueusd,Calculated vs reported value differs by >10%
3696944325,Value Mismatch,valueusd,Calculated vs reported value differs by >10%
3696944324,Value Mismatch,valueusd,Calculated vs reported value differs by >10%
3696944323,Value Mismatch,valueusd,Calculated vs reported value differs by >10%
3696944321,Value Mismatch,valueusd,Calculated vs reported value differs by >10%
3696944315,Value Mismatch,valueusd,Calculated vs reported value differs by >10%
3696944358,Value Mismatch,valueusd,Calculated vs reported value differs by >10%
3696944356,Value Mismatch,valueusd,Calculated vs reported value differs by >10%
3696944355,Value Mismatch,valueusd,Calculated vs reported value differs by >10%
3696944352,Value Mismatch,valueusd,Calculated vs reported value differs by >10%
3696944349,Value Mismatch,valueusd,Calculated vs reported value differs by >10%
3696944347,Value Mismatch,valueusd,Calculated vs reported value differs by >10%
3696944340,Value Mismatch,valueusd,Calculated vs reported value differs by >10%
3696944338,Value Mismatch,valueusd,Calculated vs reported value differs by >10%
3696944333,Value Mismatch,valueusd,Calculated vs reported value differs by >10%
3696944332,Value Mismatch,valueusd,Calculated vs reported value differs by >10%
3696944331,Value Mismatch,valueusd,Calculated vs reported value differs by >10%
3696944328,Value Mismatch,valueusd,Calculated vs reported value differs by >10%
3697138915,Value Mismatch,valueusd,Calculated vs reported value differs by >10%
3696944351,Value Mismatch,valueusd,Calculated vs reported value differs by >10%
3696944350,Value Mismatch,valueusd,Calculated vs reported value differs by >10%
3696944348,Value Mismatch,valueusd,Calculated vs reported value differs by >10%
3696944346,Value Mismatch,valueusd,Calculated vs reported value differs by >10%
3696944344,Value Mismatch,valueusd,Calculated vs reported value differs by >10%
3696944343,Value Mismatch,valueusd,Calculated vs reported value differs by >10%
3696944342,Value Mismatch,valueusd,Calculated vs reported value differs by >10%
3697116347,Value Mismatch,valueusd,Calculated vs reported value differs by >10%
3697115103,Value Mismatch,valueusd,Calculated vs reported value differs by >10%
3697115102,Value Mismatch,valueusd,Calculated vs reported value differs by >10%
3696945274,Value Mismatch,valueusd,Calculated vs reported value differs by >10%
3696945272,Value Mismatch,valueusd,Calculated vs reported value differs by >10%
3696945270,Value Mismatch,valueusd,Calculated vs reported value differs by >10%
3696945268,Value Mismatch,valueusd,Calculated vs reported value differs by >10%
3696945266,Value Mismatch,valueusd,Calculated vs reported value differs by >10%
3696945264,Value Mismatch,valueusd,Calculated vs reported value differs by >10%
3696945263,Value Mismatch,valueusd,Calculated vs reported value differs by >10%
3696945262,Value Mismatch,valueusd,Calculated vs reported value differs by >10%
3696944357,Value Mismatch,valueusd,Calculated vs reported value differs by >10%
3696944354,Value Mismatch,valueusd,Calculated vs reported value differs by >10%
3696944353,Value Mismatch,valueusd,Calculated vs reported value differs by >10%
3696944345,Value Mismatch,valueusd,Calculated vs reported value differs by >10%
3696944339,Value Mismatch,valueusd,Calculated vs reported value differs by >10%
3696944330,Value Mismatch,valueusd,Calculated vs reported value differs by >10%
3696944329,Value Mismatch,valueusd,Calculated vs reported value differs by >10%
3696944327,Value Mismatch,valueusd,Calculated vs reported value differs by >10%
3696944326,Value Mismatch,valueusd,Calculated vs reported value differs by >10%
3696944322,Value Mismatch,valueusd,Calculated vs reported value differs by >10%
3696944320,Value Mismatch,valueusd,Calculated vs reported value differs by >10%
3696944319,Value Mismatch,valueusd,Calculated vs reported value differs by >10%
3696944316,Value Mismatch,valueusd,Calculated vs reported value differs by >10%
3696944314,Value Mismatch,valueusd,Calculated vs reported value differs by >10%
3697146826,Value Mismatch,valueusd,Calculated vs reported value differs by >10%
3697138914,Value Mismatch,valueusd,Calculated vs reported value differs by >10%
3696960105,Value Mismatch,valueusd,Calculated vs reported value differs by >10%
3696960104,Value Mismatch,valueusd,Calculated vs reported value differs by >10%
3697135423,Value Mismatch,valueusd,Calculated vs reported value differs by >10%
3697135422,Value Mismatch,valueusd,Calculated vs reported value differs by >10%
3697135421,Value Mismatch,valueusd,Calculated vs reported value differs by >10%
3697135420,Value Mismatch,valueusd,Calculated vs reported value differs by >10%
3697134829,Value Mismatch,valueusd,Calculated vs reported value differs by >10%
3697172347,Value Mismatch,valueusd,Calculated vs reported value differs by >10%
3697282043,Value Mismatch,valueusd,Calculated vs reported value differs by >10%
3697262619,Value Mismatch,valueusd,Calculated vs reported value differs by >10%
3697119342,Value Mismatch,valueusd,Calculated vs reported value differs by >10%
3696945260,Value Mismatch,valueusd,Calculated vs reported value differs by >10%
3696945258,Value Mismatch,valueusd,Calculated vs reported value differs by >10%
3696944318,Value Mismatch,valueusd,Calculated vs reported value differs by >10%
3696944317,Value Mismatch,valueusd,Calculated vs reported value differs by >10%
3696938642,Value Mismatch,valueusd,Calculated vs reported value differs by >10%
3696937773,Value Mismatch,valueusd,Calculated vs reported value differs by >10%
3697137372,Value Mismatch,valueusd,Calculated vs reported value differs by >10%
3697134830,Value Mismatch,valueusd,Calculated vs reported value differs by >10%
3696937774,Value Mismatch,valueusd,Calculated vs reported value differs by >10%
3697132370,Value Mismatch,valueusd,Calculated vs reported value differs by >10%
3698551461,Value Mismatch,valueusd,Calculated vs reported value differs by >10%
3698551460,Value Mismatch,valueusd,Calculated vs reported value differs by >10%
3698551459,Value Mismatch,valueusd,Calculated vs reported value differs by >10%
3698175331,Value Mismatch,valueusd,Calculated vs reported value differs by >10%
3697949521,Value Mismatch,valueusd,Calculated vs reported value differs by >10%
2776445667,Value Mismatch,valueusd,Calculated vs reported value differs by >10%
9454138161,Value Mismatch,valueusd,Calculated vs reported value differs by >10%
127520786,Value Mismatch,valueusd,Calculated vs reported value differs by >10%
8495546301,Value Mismatch,valueusd,Calculated vs reported value differs by >10%
8495546301,Value Mismatch,valueusd,Calculated vs reported value differs by >10%
8495546301,Value Mismatch,valueusd,Calculated vs reported value differs by >10%
8496442387,Value Mismatch,valueusd,Calculated vs reported value differs by >10%
8496442386,Value Mismatch,valueusd,Calculated vs reported value differs by >10%
8495298961,Value Mismatch,valueusd,Calculated vs reported value differs by >10%
8847071268,Value Mismatch,valueusd,Calculated vs reported value differs by >10%
8847071267,Value Mismatch,valueusd,Calculated vs reported value differs by >10%
8847071266,Value Mismatch,valueusd,Calculated vs reported value differs by >10%
8847071265,Value Mismatch,valueusd,Calculated vs reported value differs by >10%
8847071264,Value Mismatch,valueusd,Calculated vs reported value differs by >10%
8846763628,Value Mismatch,valueusd,Calculated vs reported value differs by >10%
7854148585,Value Mismatch,valueusd,Calculated vs reported value differs by >10%
5658679381,Value Mismatch,valueusd,Calculated vs reported value differs by >10%
5658679381,Value Mismatch,valueusd,Calculated vs reported value differs by >10%
8481121314,Value Mismatch,valueusd,Calculated vs reported value differs by >10%
6750509108,Value Mismatch,valueusd,Calculated vs reported value differs by >10%
6750509109,Value Mismatch,valueusd,Calculated vs reported value differs by >10%
9203093703,Value Mismatch,valueusd,Calculated vs reported value differs by >10%
1325009293,Value Mismatch,valueusd,Calculated vs reported value differs by >10%
1325009292,Value Mismatch,valueusd,Calculated vs reported value differs by >10%
1324316562,Value Mismatch,valueusd,Calculated vs reported value differs by >10%
1167294663,Value Mismatch,valueusd,Calculated vs reported value differs by >10%
1090173673,Value Mismatch,valueusd,Calculated vs reported value differs by >10%
1027270414,Value Mismatch,valueusd,Calculated vs reported value differs by >10%
1054144356,Value Mismatch,valueusd,Calculated vs reported value differs by >10%
1054144356,Value Mismatch,valueusd,Calculated vs reported value differs by >10%
1078831929,Value Mismatch,valueusd,Calculated vs reported value differs by >10%
1074220455,Value Mismatch,valueusd,Calculated vs reported value differs by >10%
1039253788,Value Mismatch,valueusd,Calculated vs reported value differs by >10%
1536734484,Value Mismatch,valueusd,Calculated vs reported value differs by >10%
1203833076,Value Mismatch,valueusd,Calculated vs reported value differs by >10%
1288651786,Value Mismatch,valueusd,Calculated vs reported value differs by >10%
1167824565,Value Mismatch,valueusd,Calculated vs reported value differs by >10%
1225534984,Value Mismatch,valueusd,Calculated vs reported value differs by >10%
1195020264,Value Mismatch,valueusd,Calculated vs reported value differs by >10%
1166113756,Value Mismatch,valueusd,Calculated vs reported value differs by >10%
1052312231,Value Mismatch,valueusd,Calculated vs reported value differs by >10%
1023662159,Value Mismatch,valueusd,Calculated vs reported value differs by >10%
1059603934,Value Mismatch,valueusd,Calculated vs reported value differs by >10%
1092878128,Value Mismatch,valueusd,Calculated vs reported value differs by >10%
1237035050,Value Mismatch,valueusd,Calculated vs reported value differs by >10%
1237035050,Value Mismatch,valueusd,Calculated vs reported value differs by >10%
1079090904,Value Mismatch,valueusd,Calculated vs reported value differs by >10%
1009289747,Value Mismatch,valueusd,Calculated vs reported value differs by >10%
1081343413,Value Mismatch,valueusd,Calculated vs reported value differs by >10%
2077477312,Value Mismatch,valueusd,Calculated vs reported value differs by >10%
6305501766,Value Mismatch,valueusd,Calculated vs reported value differs by >10%
6305501765,Value Mismatch,valueusd,Calculated vs reported value differs by >10%
6305367943,Value Mismatch,valueusd,Calculated vs reported value differs by >10%
6305367942,Value Mismatch,valueusd,Calculated vs reported value differs by >10%
651119997,Value Mismatch,valueusd,Calculated vs reported value differs by >10%
651119996,Value Mismatch,valueusd,Calculated vs reported value differs by >10%
651119995,Value Mismatch,valueusd,Calculated vs reported value differs by >10%
651119994,Value Mismatch,valueusd,Calculated vs reported value differs by >10%
651119993,Value Mismatch,valueusd,Calculated vs reported value differs by >10%
651119992,Value Mismatch,valueusd,Calculated vs reported value differs by >10%
650320083,Value Mismatch,valueusd,Calculated vs reported value differs by >10%
6005256792,Value Mismatch,valueusd,Calculated vs reported value differs by >10%
6005286869,Value Mismatch,valueusd,Calculated vs reported value differs by >10%
650320196,Value Mismatch,valueusd,Calculated vs reported value differs by >10%
650320195,Value Mismatch,valueusd,Calculated vs reported value differs by >10%
6005286869,Value Mismatch,valueusd,Calculated vs reported value differs by >10%
6005256792,Value Mismatch,valueusd,Calculated vs reported value differs by >10%
6005246209,Value Mismatch,valueusd,Calculated vs reported value differs by >10%
650320169,Value Mismatch,valueusd,Calculated vs reported value differs by >10%
6005150141,Value Mismatch,valueusd,Calculated vs reported value differs by >10%
3700837039,Value Mismatch,valueusd,Calculated vs reported value differs by >10%
3700837034,Value Mismatch,valueusd,Calculated vs reported value differs by >10%
3700837035,Value Mismatch,valueusd,Calculated vs reported value differs by >10%
3700837038,Value Mismatch,valueusd,Calculated vs reported value differs by >10%
3700837039,Value Mismatch,valueusd,Calculated vs reported value differs by >10%
3700837040,Value Mismatch,valueusd,Calculated vs reported value differs by >10%
3700837041,Value Mismatch,valueusd,Calculated vs reported value differs by >10%
3700578786,Value Mismatch,valueusd,Calculated vs reported value differs by >10%
3700578786,Value Mismatch,valueusd,Calculated vs reported value differs by >10%
3700578526,Value Mismatch,valueusd,Calculated vs reported value differs by >10%
3700578527,Value Mismatch,valueusd,Calculated vs reported value differs by >10%
3700578526,Value Mismatch,valueusd,Calculated vs reported value differs by >10%
3699947102,Value Mismatch,valueusd,Calculated vs reported value differs by >10%
3699947102,Value Mismatch,valueusd,Calculated vs reported value differs by >10%
3699947101,Value Mismatch,valueusd,Calculated vs reported value differs by >10%
6978367268,Value Mismatch,valueusd,Calculated vs reported value differs by >10%
6978367518,Value Mismatch,valueusd,Calculated vs reported value differs by >10%
6978369010,Value Mismatch,valueusd,Calculated vs reported value differs by >10%
6978254605,Value Mismatch,valueusd,Calculated vs reported value differs by >10%
6978250684,Value Mismatch,valueusd,Calculated vs reported value differs by >10%
6978250685,Value Mismatch,valueusd,Calculated vs reported value differs by >10%
6978254599,Value Mismatch,valueusd,Calculated vs reported value differs by >10%
6976924024,Value Mismatch,valueusd,Calculated vs reported value differs by >10%
6978221340,Value Mismatch,valueusd,Calculated vs reported value differs by >10%
6978256634,Value Mismatch,valueusd,Calculated vs reported value differs by >10%
6978256667,Value Mismatch,valueusd,Calculated vs reported value differs by >10%
6978246477,Value Mismatch,valueusd,Calculated vs reported value differs by >10%
6979608602,Value Mismatch,valueusd,Calculated vs reported value differs by >10%
6979611724,Value Mismatch,valueusd,Calculated vs reported value differs by >10%
6979500086,Value Mismatch,valueusd,Calculated vs reported value differs by >10%
6979502610,Value Mismatch,valueusd,Calculated vs reported value differs by >10%
6979500117,Value Mismatch,valueusd,Calculated vs reported value differs by >10%
9703187120,Value Mismatch,valueusd,Calculated vs reported value differs by >10%
9703187136,Value Mismatch,valueusd,Calculated vs reported value differs by >10%
9703172299,Value Mismatch,valueusd,Calculated vs reported value differs by >10%
9703185173,Value Mismatch,valueusd,Calculated vs reported value differs by >10%
9702300642,Value Mismatch,valueusd,Calculated vs reported value differs by >10%
9702300643,Value Mismatch,valueusd,Calculated vs reported value differs by >10%
9702378778,Value Mismatch,valueusd,Calculated vs reported value differs by >10%
9702394506,Value Mismatch,valueusd,Calculated vs reported value differs by >10%
9704159262,Value Mismatch,valueusd,Calculated vs reported value differs by >10%
9861034896,Value Mismatch,valueusd,Calculated vs reported value differs by >10%
9861034904,Value Mismatch,valueusd,Calculated vs reported value differs by >10%
7991045517,Value Mismatch,valueusd,Calculated vs reported value differs by >10%
7991064144,Value Mismatch,valueusd,Calculated vs reported value differs by >10%
7991044099,Value Mismatch,valueusd,Calculated vs reported value differs by >10%
7990407975,Value Mismatch,valueusd,Calculated vs reported value differs by >10%
7990435835,Value Mismatch,valueusd,Calculated vs reported value differs by >10%
7992069031,Value Mismatch,valueusd,Calculated vs reported value differs by >10%
7990404156,Value Mismatch,valueusd,Calculated vs reported value differs by >10%
7990407907,Value Mismatch,valueusd,Calculated vs reported value differs by >10%
7990396169,Value Mismatch,valueusd,Calculated vs reported value differs by >10%
7992066117,Value Mismatch,valueusd,Calculated vs reported value differs by >10%
1042916489,Value Mismatch,valueusd,Calculated vs reported value differs by >10%
1042916487,Value Mismatch,valueusd,Calculated vs reported value differs by >10%
1042916488,Value Mismatch,valueusd,Calculated vs reported value differs by >10%
1042916486,Value Mismatch,valueusd,Calculated vs reported value differs by >10%
1042869204,Value Mismatch,valueusd,Calculated vs reported value differs by >10%
1042843028,Value Mismatch,valueusd,Calculated vs reported value differs by >10%
1042836065,Value Mismatch,valueusd,Calculated vs reported value differs by >10%
1043473981,Value Mismatch,valueusd,Calculated vs reported value differs by >10%
1097396552,Value Mismatch,valueusd,Calculated vs reported value differs by >10%
1098304343,Value Mismatch,valueusd,Calculated vs reported value differs by >10%
1098115637,Value Mismatch,valueusd,Calculated vs reported value differs by >10%
1098060811,Value Mismatch,valueusd,Calculated vs reported value differs by >10%
1098045978,Value Mismatch,valueusd,Calculated vs reported value differs by >10%
1097988363,Value Mismatch,valueusd,Calculated vs reported value differs by >10%
447224426,Value Mismatch,valueusd,Calculated vs reported value differs by >10%
450336898,Value Mismatch,valueusd,Calculated vs reported value differs by >10%
447102826,Value Mismatch,valueusd,Calculated vs reported value differs by >10%
449930107,Value Mismatch,valueusd,Calculated vs reported value differs by >10%
448849212,Value Mismatch,valueusd,Calculated vs reported value differs by >10%
446837502,Value Mismatch,valueusd,Calculated vs reported value differs by >10%
446837505,Value Mismatch,valueusd,Calculated vs reported value differs by >10%
446837504,Value Mismatch,valueusd,Calculated vs reported value differs by >10%
446837503,Value Mismatch,valueusd,Calculated vs reported value differs by >10%
3975766545,Value Mismatch,valueusd,Calculated vs reported value differs by >10%
3973386005,Value Mismatch,valueusd,Calculated vs reported value differs by >10%
3973332426,Value Mismatch,valueusd,Calculated vs reported value differs by >10%
3973322743,Value Mismatch,valueusd,Calculated vs reported value differs by >10%
3973322641,Value Mismatch,valueusd,Calculated vs reported value differs by >10%
3973183740,Value Mismatch,valueusd,Calculated vs reported value differs by >10%
3973183741,Value Mismatch,valueusd,Calculated vs reported value differs by >10%
3973195032,Value Mismatch,valueusd,Calculated vs reported value differs by >10%
3972678629,Value Mismatch,valueusd,Calculated vs reported value differs by >10%
3972678630,Value Mismatch,valueusd,Calculated vs reported value differs by >10%
3972595718,Value Mismatch,valueusd,Calculated vs reported value differs by >10%
2775243828,Value Mismatch,valueusd,Calculated vs reported value differs by >10%
2774976649,Value Mismatch,valueusd,Calculated vs reported value differs by >10%
2776125373,Value Mismatch,valueusd,Calculated vs reported value differs by >10%
2775605968,Value Mismatch,valueusd,Calculated vs reported value differs by >10%
2776125374,Value Mismatch,valueusd,Calculated vs reported value differs by >10%
1417807306,Value Mismatch,valueusd,Calculated vs reported value differs by >10%
1417762324,Value Mismatch,valueusd,Calculated vs reported value differs by >10%
1417762320,Value Mismatch,valueusd,Calculated vs reported value differs by >10%
1417762319,Value Mismatch,valueusd,Calculated vs reported value differs by >10%
1417762323,Value Mismatch,valueusd,Calculated vs reported value differs by >10%
1417180353,Value Mismatch,valueusd,Calculated vs reported value differs by >10%
1416857994,Value Mismatch,valueusd,Calculated vs reported value differs by >10%
1416940045,Value Mismatch,valueusd,Calculated vs reported value differs by >10%
1416916491,Value Mismatch,valueusd,Calculated vs reported value differs by >10%
693621379,Value Mismatch,valueusd,Calculated vs reported value differs by >10%
693621383,Value Mismatch,valueusd,Calculated vs reported value differs by >10%
693621382,Value Mismatch,valueusd,Calculated vs reported value differs by >10%
693621378,Value Mismatch,valueusd,Calculated vs reported value differs by >10%
694006475,Value Mismatch,valueusd,Calculated vs reported value differs by >10%
693920404,Value Mismatch,valueusd,Calculated vs reported value differs by >10%
693870142,Value Mismatch,valueusd,Calculated vs reported value differs by >10%
9201705232,Value Mismatch,valueusd,Calculated vs reported value differs by >10%
9200219756,Value Mismatch,valueusd,Calculated vs reported value differs by >10%
9199940312,Value Mismatch,valueusd,Calculated vs reported value differs by >10%
829098993,Value Mismatch,valueusd,Calculated vs reported value differs by >10%
828789967,Value Mismatch,valueusd,Calculated vs reported value differs by >10%
9455619798,Value Mismatch,valueusd,Calculated vs reported value differs by >10%
9455619863,Value Mismatch,valueusd,Calculated vs reported value differs by >10%
9455619798,Value Mismatch,valueusd,Calculated vs reported value differs by >10%
9455619863,Value Mismatch,valueusd,Calculated vs reported value differs by >10%
9454236133,Value Mismatch,valueusd,Calculated vs reported value differs by >10%
9454236132,Value Mismatch,valueusd,Calculated vs reported value differs by >10%
9454236133,Value Mismatch,valueusd,Calculated vs reported value differs by >10%
9454236132,Value Mismatch,valueusd,Calculated vs reported value differs by >10%
3460645563,Value Mismatch,valueusd,Calculated vs reported value differs by >10%
3460316741,Value Mismatch,valueusd,Calculated vs reported value differs by >10%
3460316741,Value Mismatch,valueusd,Calculated vs reported value differs by >10%
3459585678,Value Mismatch,valueusd,Calculated vs reported value differs by >10%
127678319,Value Mismatch,valueusd,Calculated vs reported value differs by >10%
0127678319,Value Mismatch,valueusd,Calculated vs reported value differs by >10%
0127033187,Value Mismatch,valueusd,Calculated vs reported value differs by >10%
126928374,Value Mismatch,valueusd,Calculated vs reported value differs by >10%
0126928374,Value Mismatch,valueusd,Calculated vs reported value differs by >10%
0127520786,Value Mismatch,valueusd,Calculated vs reported value differs by >10%
127546807,Value Mismatch,valueusd,Calculated vs reported value differs by >10%
0127546807,Value Mismatch,valueusd,Calculated vs reported value differs by >10%
3751612792,Value Mismatch,valueusd,Calculated vs reported value differs by >10%
3751612792,Value Mismatch,valueusd,Calculated vs reported value differs by >10%
3751475326,Value Mismatch,valueusd,Calculated vs reported value differs by >10%
3751475326,Value Mismatch,valueusd,Calculated vs reported value differs by >10%
3751369476,Value Mismatch,valueusd,Calculated vs reported value differs by >10%
3751369477,Value Mismatch,valueusd,Calculated vs reported value differs by >10%
3751369477,Value Mismatch,valueusd,Calculated vs reported value differs by >10%
3751369476,Value Mismatch,valueusd,Calculated vs reported value differs by >10%
3751321283,Value Mismatch,valueusd,Calculated vs reported value differs by >10%
3751339978,Value Mismatch,valueusd,Calculated vs reported value differs by >10%
3751321283,Value Mismatch,valueusd,Calculated vs reported value differs by >10%
3751339978,Value Mismatch,valueusd,Calculated vs reported value differs by >10%
3751241065,Value Mismatch,valueusd,Calculated vs reported value differs by >10%
3751039531,Value Mismatch,valueusd,Calculated vs reported value differs by >10%
3751039531,Value Mismatch,valueusd,Calculated vs reported value differs by >10%
8498480385,Value Mismatch,valueusd,Calculated vs reported value differs by >10%
8498480385,Value Mismatch,valueusd,Calculated vs reported value differs by >10%
8498480385,Value Mismatch,valueusd,Calculated vs reported value differs by >10%
8496346561,Value Mismatch,valueusd,Calculated vs reported value differs by >10%
8496346561,Value Mismatch,valueusd,Calculated vs reported value differs by >10%
8496346561,Value Mismatch,valueusd,Calculated vs reported value differs by >10%
8495902358,Value Mismatch,valueusd,Calculated vs reported value differs by >10%
8495902358,Value Mismatch,valueusd,Calculated vs reported value differs by >10%
8495902358,Value Mismatch,valueusd,Calculated vs reported value differs by >10%
8497831770,Value Mismatch,valueusd,Calculated vs reported value differs by >10%
8497831770,Value Mismatch,valueusd,Calculated vs reported value differs by >10%
8497831770,Value Mismatch,valueusd,Calculated vs reported value differs by >10%
8495122066,Value Mismatch,valueusd,Calculated vs reported value differs by >10%
8495374031,Value Mismatch,valueusd,Calculated vs reported value differs by >10%
8495333879,Value Mismatch,valueusd,Calculated vs reported value differs by >10%
8497531974,Value Mismatch,valueusd,Calculated vs reported value differs by >10%
8495497864,Value Mismatch,valueusd,Calculated vs reported value differs by >10%
8495497864,Value Mismatch,valueusd,Calculated vs reported value differs by >10%
8497531974,Value Mismatch,valueusd,Calculated vs reported value differs by >10%
8497531974,Value Mismatch,valueusd,Calculated vs reported value differs by >10%
8495497864,Value Mismatch,valueusd,Calculated vs reported value differs by >10%
8850039657,Value Mismatch,valueusd,Calculated vs reported value differs by >10%
8850039657,Value Mismatch,valueusd,Calculated vs reported value differs by >10%
8850039657,Value Mismatch,valueusd,Calculated vs reported value differs by >10%
8847080070,Value Mismatch,valueusd,Calculated vs reported value differs by >10%
8847080069,Value Mismatch,valueusd,Calculated vs reported value differs by >10%
8847080068,Value Mismatch,valueusd,Calculated vs reported value differs by >10%
8847080070,Value Mismatch,valueusd,Calculated vs reported value differs by >10%
8847080069,Value Mismatch,valueusd,Calculated vs reported value differs by >10%
8847080068,Value Mismatch,valueusd,Calculated vs reported value differs by >10%
8847080070,Value Mismatch,valueusd,Calculated vs reported value differs by >10%
8847080069,Value Mismatch,valueusd,Calculated vs reported value differs by >10%
8847080068,Value Mismatch,valueusd,Calculated vs reported value differs by >10%
8846995677,Value Mismatch,valueusd,Calculated vs reported value differs by >10%
8846995677,Value Mismatch,valueusd,Calculated vs reported value differs by >10%
8846995677,Value Mismatch,valueusd,Calculated vs reported value differs by >10%
0796074066,Value Mismatch,valueusd,Calculated vs reported value differs by >10%
0796267164,Value Mismatch,valueusd,Calculated vs reported value differs by >10%
0796267164,Value Mismatch,valueusd,Calculated vs reported value differs by >10%
0795722592,Value Mismatch,valueusd,Calculated vs reported value differs by >10%
0795523123,Value Mismatch,valueusd,Calculated vs reported value differs by >10%
0795523124,Value Mismatch,valueusd,Calculated vs reported value differs by >10%
0798428665,Value Mismatch,valueusd,Calculated vs reported value differs by >10%
0798428665,Value Mismatch,valueusd,Calculated vs reported value differs by >10%
9324281576,Value Mismatch,valueusd,Calculated vs reported value differs by >10%
9324281576,Value Mismatch,valueusd,Calculated vs reported value differs by >10%
9324192153,Value Mismatch,valueusd,Calculated vs reported value differs by >10%
9324192155,Value Mismatch,valueusd,Calculated vs reported value differs by >10%
9324170542,Value Mismatch,valueusd,Calculated vs reported value differs by >10%
9324170542,Value Mismatch,valueusd,Calculated vs reported value differs by >10%
9323937074,Value Mismatch,valueusd,Calculated vs reported value differs by >10%
9323937072,Value Mismatch,valueusd,Calculated vs reported value differs by >10%
9323937074,Value Mismatch,valueusd,Calculated vs reported value differs by >10%
9323937072,Value Mismatch,valueusd,Calculated vs reported value differs by >10%
5658581116,Value Mismatch,valueusd,Calculated vs reported value differs by >10%
8484271139,Value Mismatch,valueusd,Calculated vs reported value differs by >10%
8481910420,Value Mismatch,valueusd,Calculated vs reported value differs by >10%
8481910420,Value Mismatch,valueusd,Calculated vs reported value differs by >10%
8484067146,Value Mismatch,valueusd,Calculated vs reported value differs by >10%
8481567344,Value Mismatch,valueusd,Calculated vs reported value differs by >10%
8481445162,Value Mismatch,valueusd,Calculated vs reported value differs by >10%
6749421843,Value Mismatch,valueusd,Calculated vs reported value differs by >10%
6749421843,Value Mismatch,valueusd,Calculated vs reported value differs by >10%
6749484148,Value Mismatch,valueusd,Calculated vs reported value differs by >10%
6749476778,Value Mismatch,valueusd,Calculated vs reported value differs by >10%
6749484148,Value Mismatch,valueusd,Calculated vs reported value differs by >10%
6749476778,Value Mismatch,valueusd,Calculated vs reported value differs by >10%
6749386056,Value Mismatch,valueusd,Calculated vs reported value differs by >10%
6749386056,Value Mismatch,valueusd,Calculated vs reported value differs by >10%
6749321295,Value Mismatch,valueusd,Calculated vs reported value differs by >10%
6749180753,Value Mismatch,valueusd,Calculated vs reported value differs by >10%
6749180753,Value Mismatch,valueusd,Calculated vs reported value differs by >10%
9202697185,Value Mismatch,valueusd,Calculated vs reported value differs by >10%
9202419615,Value Mismatch,valueusd,Calculated vs reported value differs by >10%
9202419582,Value Mismatch,valueusd,Calculated vs reported value differs by >10%
0286743570,Value Mismatch,valueusd,Calculated vs reported value differs by >10%
0286743570,Value Mismatch,valueusd,Calculated vs reported value differs by >10%
1126839291,Value Mismatch,valueusd,Calculated vs reported value differs by >10%
1105910491,Value Mismatch,valueusd,Calculated vs reported value differs by >10%
1105910491,Value Mismatch,valueusd,Calculated vs reported value differs by >10%
1176151143,Value Mismatch,valueusd,Calculated vs reported value differs by >10%
1176151143,Value Mismatch,valueusd,Calculated vs reported value differs by >10%
1000840031,Value Mismatch,valueusd,Calculated vs reported value differs by >10%
1033822138,Value Mismatch,valueusd,Calculated vs reported value differs by >10%
1033822138,Value Mismatch,valueusd,Calculated vs reported value differs by >10%
1483564232,Value Mismatch,valueusd,Calculated vs reported value differs by >10%
1483564232,Value Mismatch,valueusd,Calculated vs reported value differs by >10%
1045044147,Value Mismatch,valueusd,Calculated vs reported value differs by >10%
1599433546,Value Mismatch,valueusd,Calculated vs reported value differs by >10%
1599433546,Value Mismatch,valueusd,Calculated vs reported value differs by >10%
1073361434,Value Mismatch,valueusd,Calculated vs reported value differs by >10%
1107858167,Value Mismatch,valueusd,Calculated vs reported value differs by >10%
1107858167,Value Mismatch,valueusd,Calculated vs reported value differs by >10%
1086148671,Value Mismatch,valueusd,Calculated vs reported value differs by >10%
1086148671,Value Mismatch,valueusd,Calculated vs reported value differs by >10%
1076662788,Value Mismatch,valueusd,Calculated vs reported value differs by >10%
1076662788,Value Mismatch,valueusd,Calculated vs reported value differs by >10%
1565609916,Value Mismatch,valueusd,Calculated vs reported value differs by >10%
1565609916,Value Mismatch,valueusd,Calculated vs reported value differs by >10%
1515072450,Value Mismatch,valueusd,Calculated vs reported value differs by >10%
1515072450,Value Mismatch,valueusd,Calculated vs reported value differs by >10%
1104026982,Value Mismatch,valueusd,Calculated vs reported value differs by >10%
1157341926,Value Mismatch,valueusd,Calculated vs reported value differs by >10%
1157341926,Value Mismatch,valueusd,Calculated vs reported value differs by >10%
1122608179,Value Mismatch,valueusd,Calculated vs reported value differs by >10%
1122608179,Value Mismatch,valueusd,Calculated vs reported value differs by >10%
1012474866,Value Mismatch,valueusd,Calculated vs reported value differs by >10%
1012474866,Value Mismatch,valueusd,Calculated vs reported value differs by >10%
1103346297,Value Mismatch,valueusd,Calculated vs reported value differs by >10%
1103346297,Value Mismatch,valueusd,Calculated vs reported value differs by >10%
1082523217,Value Mismatch,valueusd,Calculated vs reported value differs by >10%
1082523217,Value Mismatch,valueusd,Calculated vs reported value differs by >10%
1098650395,Value Mismatch,valueusd,Calculated vs reported value differs by >10%
1098650395,Value Mismatch,valueusd,Calculated vs reported value differs by >10%
1094995998,Value Mismatch,valueusd,Calculated vs reported value differs by >10%
1130922729,Value Mismatch,valueusd,Calculated vs reported value differs by >10%
1079175273,Value Mismatch,valueusd,Calculated vs reported value differs by >10%
1037624284,Value Mismatch,valueusd,Calculated vs reported value differs by >10%
1037624284,Value Mismatch,valueusd,Calculated vs reported value differs by >10%
1039312175,Value Mismatch,valueusd,Calculated vs reported value differs by >10%
1099078106,Value Mismatch,valueusd,Calculated vs reported value differs by >10%
1039117993,Value Mismatch,valueusd,Calculated vs reported value differs by >10%
1039117993,Value Mismatch,valueusd,Calculated vs reported value differs by >10%
1223026423,Value Mismatch,valueusd,Calculated vs reported value differs by >10%
1097678261,Value Mismatch,valueusd,Calculated vs reported value differs by >10%
1097678261,Value Mismatch,valueusd,Calculated vs reported value differs by >10%
1529623194,Value Mismatch,valueusd,Calculated vs reported value differs by >10%
1529623194,Value Mismatch,valueusd,Calculated vs reported value differs by >10%
1049179237,Value Mismatch,valueusd,Calculated vs reported value differs by >10%
1049179237,Value Mismatch,valueusd,Calculated vs reported value differs by >10%
1298879344,Value Mismatch,valueusd,Calculated vs reported value differs by >10%
1298879344,Value Mismatch,valueusd,Calculated vs reported value differs by >10%
1039397904,Value Mismatch,valueusd,Calculated vs reported value differs by >10%
1039397904,Value Mismatch,valueusd,Calculated vs reported value differs by >10%
1168850413,Value Mismatch,valueusd,Calculated vs reported value differs by >10%
1168850413,Value Mismatch,valueusd,Calculated vs reported value differs by >10%
1177768917,Value Mismatch,valueusd,Calculated vs reported value differs by >10%
1177768917,Value Mismatch,valueusd,Calculated vs reported value differs by >10%
1243989968,Value Mismatch,valueusd,Calculated vs reported value differs by >10%
1243989968,Value Mismatch,valueusd,Calculated vs reported value differs by >10%
1049085075,Value Mismatch,valueusd,Calculated vs reported value differs by >10%
1049085075,Value Mismatch,valueusd,Calculated vs reported value differs by >10%
2078342823,Value Mismatch,valueusd,Calculated vs reported value differs by >10%
2078325845,Value Mismatch,valueusd,Calculated vs reported value differs by >10%
2078321328,Value Mismatch,valueusd,Calculated vs reported value differs by >10%
2078458162,Value Mismatch,valueusd,Calculated vs reported value differs by >10%
2078450407,Value Mismatch,valueusd,Calculated vs reported value differs by >10%
2078444322,Value Mismatch,valueusd,Calculated vs reported value differs by >10%
2078441963,Value Mismatch,valueusd,Calculated vs reported value differs by >10%
2078359427,Value Mismatch,valueusd,Calculated vs reported value differs by >10%
2078359328,Value Mismatch,valueusd,Calculated vs reported value differs by >10%
2078537749,Value Mismatch,valueusd,Calculated vs reported value differs by >10%
2078534914,Value Mismatch,valueusd,Calculated vs reported value differs by >10%
2078586055,Value Mismatch,valueusd,Calculated vs reported value differs by >10%
2078422375,Value Mismatch,valueusd,Calculated vs reported value differs by >10%
2078417692,Value Mismatch,valueusd,Calculated vs reported value differs by >10%
2078507824,Value Mismatch,valueusd,Calculated vs reported value differs by >10%
2078502077,Value Mismatch,valueusd,Calculated vs reported value differs by >10%
2078528204,Value Mismatch,valueusd,Calculated vs reported value differs by >10%
2078574347,Value Mismatch,valueusd,Calculated vs reported value differs by >10%
2078402579,Value Mismatch,valueusd,Calculated vs reported value differs by >10%
2078497650,Value Mismatch,valueusd,Calculated vs reported value differs by >10%
2078486739,Value Mismatch,valueusd,Calculated vs reported value differs by >10%
2078388314,Value Mismatch,valueusd,Calculated vs reported value differs by >10%
2078387421,Value Mismatch,valueusd,Calculated vs reported value differs by >10%
2078386659,Value Mismatch,valueusd,Calculated vs reported value differs by >10%
2078379337,Value Mismatch,valueusd,Calculated vs reported value differs by >10%
2078467063,Value Mismatch,valueusd,Calculated vs reported value differs by >10%
2078465423,Value Mismatch,valueusd,Calculated vs reported value differs by >10%
2078461729,Value Mismatch,valueusd,Calculated vs reported value differs by >10%
2078406208,Value Mismatch,valueusd,Calculated vs reported value differs by >10%
2078646457,Value Mismatch,valueusd,Calculated vs reported value differs by >10%
2078645564,Value Mismatch,valueusd,Calculated vs reported value differs by >10%
2078660201,Value Mismatch,valueusd,Calculated vs reported value differs by >10%
2078660036,Value Mismatch,valueusd,Calculated vs reported value differs by >10%
2078659894,Value Mismatch,valueusd,Calculated vs reported value differs by >10%
2078642870,Value Mismatch,valueusd,Calculated vs reported value differs by >10%
2078642262,Value Mismatch,valueusd,Calculated vs reported value differs by >10%
2078658985,Value Mismatch,valueusd,Calculated vs reported value differs by >10%
2078658876,Value Mismatch,valueusd,Calculated vs reported value differs by >10%
2078657943,Value Mismatch,valueusd,Calculated vs reported value differs by >10%
2078657326,Value Mismatch,valueusd,Calculated vs reported value differs by >10%
2078655960,Value Mismatch,valueusd,Calculated vs reported value differs by >10%
2078652583,Value Mismatch,valueusd,Calculated vs reported value differs by >10%
2078651704,Value Mismatch,valueusd,Calculated vs reported value differs by >10%
2078638292,Value Mismatch,valueusd,Calculated vs reported value differs by >10%
2078581243,Value Mismatch,valueusd,Calculated vs reported value differs by >10%
2078635608,Value Mismatch,valueusd,Calculated vs reported value differs by >10%
2078634588,Value Mismatch,valueusd,Calculated vs reported value differs by >10%
2078633101,Value Mismatch,valueusd,Calculated vs reported value differs by >10%
2078631535,Value Mismatch,valueusd,Calculated vs reported value differs by >10%
2078631181,Value Mismatch,valueusd,Calculated vs reported value differs by >10%
2078650688,Value Mismatch,valueusd,Calculated vs reported value differs by >10%
2078628822,Value Mismatch,valueusd,Calculated vs reported value differs by >10%
2078627527,Value Mismatch,valueusd,Calculated vs reported value differs by >10%
2078623458,Value Mismatch,valueusd,Calculated vs reported value differs by >10%
2078621784,Value Mismatch,valueusd,Calculated vs reported value differs by >10%
2078766783,Value Mismatch,valueusd,Calculated vs reported value differs by >10%
2078611013,Value Mismatch,valueusd,Calculated vs reported value differs by >10%
2078763188,Value Mismatch,valueusd,Calculated vs reported value differs by >10%
2078761935,Value Mismatch,valueusd,Calculated vs reported value differs by >10%
2078607111,Value Mismatch,valueusd,Calculated vs reported value differs by >10%
2078604580,Value Mismatch,valueusd,Calculated vs reported value differs by >10%
2078603552,Value Mismatch,valueusd,Calculated vs reported value differs by >10%
2078602024,Value Mismatch,valueusd,Calculated vs reported value differs by >10%
2078601272,Value Mismatch,valueusd,Calculated vs reported value differs by >10%
2078599503,Value Mismatch,valueusd,Calculated vs reported value differs by >10%
2078597333,Value Mismatch,valueusd,Calculated vs reported value differs by >10%
2078596653,Value Mismatch,valueusd,Calculated vs reported value differs by >10%
2078595679,Value Mismatch,valueusd,Calculated vs reported value differs by >10%
2078593723,Value Mismatch,valueusd,Calculated vs reported value differs by >10%
2078592071,Value Mismatch,valueusd,Calculated vs reported value differs by >10%
2078591335,Value Mismatch,valueusd,Calculated vs reported value differs by >10%
2078590461,Value Mismatch,valueusd,Calculated vs reported value differs by >10%
2078586682,Value Mismatch,valueusd,Calculated vs reported value differs by >10%
2078668328,Value Mismatch,valueusd,Calculated vs reported value differs by >10%
2078667905,Value Mismatch,valueusd,Calculated vs reported value differs by >10%
2078665888,Value Mismatch,valueusd,Calculated vs reported value differs by >10%
2078664324,Value Mismatch,valueusd,Calculated vs reported value differs by >10%
2078710603,Value Mismatch,valueusd,Calculated vs reported value differs by >10%
2078709454,Value Mismatch,valueusd,Calculated vs reported value differs by >10%
2078706329,Value Mismatch,valueusd,Calculated vs reported value differs by >10%
2078582465,Value Mismatch,valueusd,Calculated vs reported value differs by >10%
2078580914,Value Mismatch,valueusd,Calculated vs reported value differs by >10%
2078578834,Value Mismatch,valueusd,Calculated vs reported value differs by >10%
2078610292,Value Mismatch,valueusd,Calculated vs reported value differs by >10%
2078714633,Value Mismatch,valueusd,Calculated vs reported value differs by >10%
2078712954,Value Mismatch,valueusd,Calculated vs reported value differs by >10%
2078712429,Value Mismatch,valueusd,Calculated vs reported value differs by >10%
2078754920,Value Mismatch,valueusd,Calculated vs reported value differs by >10%
2078754550,Value Mismatch,valueusd,Calculated vs reported value differs by >10%
2078753842,Value Mismatch,valueusd,Calculated vs reported value differs by >10%
2078750041,Value Mismatch,valueusd,Calculated vs reported value differs by >10%
2078698872,Value Mismatch,valueusd,Calculated vs reported value differs by >10%
2078696630,Value Mismatch,valueusd,Calculated vs reported value differs by >10%
2078695837,Value Mismatch,valueusd,Calculated vs reported value differs by >10%
2078694250,Value Mismatch,valueusd,Calculated vs reported value differs by >10%
2078693852,Value Mismatch,valueusd,Calculated vs reported value differs by >10%
2078688524,Value Mismatch,valueusd,Calculated vs reported value differs by >10%
2078685814,Value Mismatch,valueusd,Calculated vs reported value differs by >10%
2078685729,Value Mismatch,valueusd,Calculated vs reported value differs by >10%
2078682507,Value Mismatch,valueusd,Calculated vs reported value differs by >10%
2078681559,Value Mismatch,valueusd,Calculated vs reported value differs by >10%
2078680474,Value Mismatch,valueusd,Calculated vs reported value differs by >10%
2078679980,Value Mismatch,valueusd,Calculated vs reported value differs by >10%
2078679942,Value Mismatch,valueusd,Calculated vs reported value differs by >10%
2078679704,Value Mismatch,valueusd,Calculated vs reported value differs by >10%
2078743374,Value Mismatch,valueusd,Calculated vs reported value differs by >10%
2078741764,Value Mismatch,valueusd,Calculated vs reported value differs by >10%
2078740244,Value Mismatch,valueusd,Calculated vs reported value differs by >10%
2078736288,Value Mismatch,valueusd,Calculated vs reported value differs by >10%
2078677646,Value Mismatch,valueusd,Calculated vs reported value differs by >10%
2078728834,Value Mismatch,valueusd,Calculated vs reported value differs by >10%
2078728809,Value Mismatch,valueusd,Calculated vs reported value differs by >10%
2078727770,Value Mismatch,valueusd,Calculated vs reported value differs by >10%
2078727696,Value Mismatch,valueusd,Calculated vs reported value differs by >10%
2078726344,Value Mismatch,valueusd,Calculated vs reported value differs by >10%
2078724901,Value Mismatch,valueusd,Calculated vs reported value differs by >10%
2078723980,Value Mismatch,valueusd,Calculated vs reported value differs by >10%
2078675018,Value Mismatch,valueusd,Calculated vs reported value differs by >10%
2078723351,Value Mismatch,valueusd,Calculated vs reported value differs by >10%
2078722891,Value Mismatch,valueusd,Calculated vs reported value differs by >10%
2078722749,Value Mismatch,valueusd,Calculated vs reported value differs by >10%
2078721466,Value Mismatch,valueusd,Calculated vs reported value differs by >10%
2078721311,Value Mismatch,valueusd,Calculated vs reported value differs by >10%
2078719521,Value Mismatch,valueusd,Calculated vs reported value differs by >10%
2078719481,Value Mismatch,valueusd,Calculated vs reported value differs by >10%
2078644772,Value Mismatch,valueusd,Calculated vs reported value differs by >10%
2078658158,Value Mismatch,valueusd,Calculated vs reported value differs by >10%
2078656426,Value Mismatch,valueusd,Calculated vs reported value differs by >10%
2078654017,Value Mismatch,valueusd,Calculated vs reported value differs by >10%
2078653550,Value Mismatch,valueusd,Calculated vs reported value differs by >10%
2078647755,Value Mismatch,valueusd,Calculated vs reported value differs by >10%
2078629486,Value Mismatch,valueusd,Calculated vs reported value differs by >10%
2078621260,Value Mismatch,valueusd,Calculated vs reported value differs by >10%
2078739542,Value Mismatch,valueusd,Calculated vs reported value differs by >10%
2078765898,Value Mismatch,valueusd,Calculated vs reported value differs by >10%
2078605608,Value Mismatch,valueusd,Calculated vs reported value differs by >10%
2078604111,Value Mismatch,valueusd,Calculated vs reported value differs by >10%
2078590043,Value Mismatch,valueusd,Calculated vs reported value differs by >10%
2078666179,Value Mismatch,valueusd,Calculated vs reported value differs by >10%
2078662462,Value Mismatch,valueusd,Calculated vs reported value differs by >10%
2078583652,Value Mismatch,valueusd,Calculated vs reported value differs by >10%
2078572811,Value Mismatch,valueusd,Calculated vs reported value differs by >10%
2078715624,Value Mismatch,valueusd,Calculated vs reported value differs by >10%
2078711062,Value Mismatch,valueusd,Calculated vs reported value differs by >10%
2078694982,Value Mismatch,valueusd,Calculated vs reported value differs by >10%
2078683797,Value Mismatch,valueusd,Calculated vs reported value differs by >10%
2078680861,Value Mismatch,valueusd,Calculated vs reported value differs by >10%
2078748385,Value Mismatch,valueusd,Calculated vs reported value differs by >10%
2078735668,Value Mismatch,valueusd,Calculated vs reported value differs by >10%
2078722143,Value Mismatch,valueusd,Calculated vs reported value differs by >10%
2078714230,Value Mismatch,valueusd,Calculated vs reported value differs by >10%
2078752038,Value Mismatch,valueusd,Calculated vs reported value differs by >10%
2078749898,Value Mismatch,valueusd,Calculated vs reported value differs by >10%
2078641141,Value Mismatch,valueusd,Calculated vs reported value differs by >10%
2078649456,Value Mismatch,valueusd,Calculated vs reported value differs by >10%
2078625742,Value Mismatch,valueusd,Calculated vs reported value differs by >10%
2078762085,Value Mismatch,valueusd,Calculated vs reported value differs by >10%
2078596901,Value Mismatch,valueusd,Calculated vs reported value differs by >10%
2078661170,Value Mismatch,valueusd,Calculated vs reported value differs by >10%
6303890998,Value Mismatch,valueusd,Calculated vs reported value differs by >10%
6304029913,Value Mismatch,valueusd,Calculated vs reported value differs by >10%
6305070471,Value Mismatch,valueusd,Calculated vs reported value differs by >10%
6305070462,Value Mismatch,valueusd,Calculated vs reported value differs by >10%
6305183165,Value Mismatch,valueusd,Calculated vs reported value differs by >10%
6305069834,Value Mismatch,valueusd,Calculated vs reported value differs by >10%
6305070461,Value Mismatch,valueusd,Calculated vs reported value differs by >10%
6305070460,Value Mismatch,valueusd,Calculated vs reported value differs by >10%
6305070457,Value Mismatch,valueusd,Calculated vs reported value differs by >10%
6305070455,Value Mismatch,valueusd,Calculated vs reported value differs by >10%
6305069874,Value Mismatch,valueusd,Calculated vs reported value differs by >10%
6305069868,Value Mismatch,valueusd,Calculated vs reported value differs by >10%
6305069840,Value Mismatch,valueusd,Calculated vs reported value differs by >10%
6305069828,Value Mismatch,valueusd,Calculated vs reported value differs by >10%
6305069825,Value Mismatch,valueusd,Calculated vs reported value differs by >10%
6305069823,Value Mismatch,valueusd,Calculated vs reported value differs by >10%
6305069822,Value Mismatch,valueusd,Calculated vs reported value differs by >10%
6305069821,Value Mismatch,valueusd,Calculated vs reported value differs by >10%
6305070470,Value Mismatch,valueusd,Calculated vs reported value differs by >10%
6305070469,Value Mismatch,valueusd,Calculated vs reported value differs by >10%
6305070468,Value Mismatch,valueusd,Calculated vs reported value differs by >10%
6305070465,Value Mismatch,valueusd,Calculated vs reported value differs by >10%
6305070464,Value Mismatch,valueusd,Calculated vs reported value differs by >10%
6305070463,Value Mismatch,valueusd,Calculated vs reported value differs by >10%
6305070459,Value Mismatch,valueusd,Calculated vs reported value differs by >10%
6305070458,Value Mismatch,valueusd,Calculated vs reported value differs by >10%
6305070456,Value Mismatch,valueusd,Calculated vs reported value differs by >10%
6305070452,Value Mismatch,valueusd,Calculated vs reported value differs by >10%
6305070451,Value Mismatch,valueusd,Calculated vs reported value differs by >10%
6305070449,Value Mismatch,valueusd,Calculated vs reported value differs by >10%
6305070448,Value Mismatch,valueusd,Calculated vs reported value differs by >10%
6305069877,Value Mismatch,valueusd,Calculated vs reported value differs by >10%
6305069875,Value Mismatch,valueusd,Calculated vs reported value differs by >10%
6305069870,Value Mismatch,valueusd,Calculated vs reported value differs by >10%
6305069869,Value Mismatch,valueusd,Calculated vs reported value differs by >10%
6305069867,Value Mismatch,valueusd,Calculated vs reported value differs by >10%
6305069866,Value Mismatch,valueusd,Calculated vs reported value differs by >10%
6305069865,Value Mismatch,valueusd,Calculated vs reported value differs by >10%
6305069864,Value Mismatch,valueusd,Calculated vs reported value differs by >10%
6305069863,Value Mismatch,valueusd,Calculated vs reported value differs by >10%
6305069861,Value Mismatch,valueusd,Calculated vs reported value differs by >10%
6305069860,Value Mismatch,valueusd,Calculated vs reported value differs by >10%
6305069858,Value Mismatch,valueusd,Calculated vs reported value differs by >10%
6305069857,Value Mismatch,valueusd,Calculated vs reported value differs by >10%
6305069856,Value Mismatch,valueusd,Calculated vs reported value differs by >10%
6305069855,Value Mismatch,valueusd,Calculated vs reported value differs by >10%
6305069854,Value Mismatch,valueusd,Calculated vs reported value differs by >10%
6305069853,Value Mismatch,valueusd,Calculated vs reported value differs by >10%
6305069851,Value Mismatch,valueusd,Calculated vs reported value differs by >10%
6305069850,Value Mismatch,valueusd,Calculated vs reported value differs by >10%
6305069849,Value Mismatch,valueusd,Calculated vs reported value differs by >10%
6305069847,Value Mismatch,valueusd,Calculated vs reported value differs by >10%
6305069846,Value Mismatch,valueusd,Calculated vs reported value differs by >10%
6305069844,Value Mismatch,valueusd,Calculated vs reported value differs by >10%
6305069843,Value Mismatch,valueusd,Calculated vs reported value differs by >10%
6305069842,Value Mismatch,valueusd,Calculated vs reported value differs by >10%
6305069838,Value Mismatch,valueusd,Calculated vs reported value differs by >10%
6305069837,Value Mismatch,valueusd,Calculated vs reported value differs by >10%
6305069836,Value Mismatch,valueusd,Calculated vs reported value differs by >10%
6305069835,Value Mismatch,valueusd,Calculated vs reported value differs by >10%
6305069833,Value Mismatch,valueusd,Calculated vs reported value differs by >10%
6305069832,Value Mismatch,valueusd,Calculated vs reported value differs by >10%
6305069831,Value Mismatch,valueusd,Calculated vs reported value differs by >10%
6305069830,Value Mismatch,valueusd,Calculated vs reported value differs by >10%
6305069827,Value Mismatch,valueusd,Calculated vs reported value differs by >10%
6305069826,Value Mismatch,valueusd,Calculated vs reported value differs by >10%
6305069820,Value Mismatch,valueusd,Calculated vs reported value differs by >10%
6305069819,Value Mismatch,valueusd,Calculated vs reported value differs by >10%
6305069818,Value Mismatch,valueusd,Calculated vs reported value differs by >10%
6305069817,Value Mismatch,valueusd,Calculated vs reported value differs by >10%
6305069816,Value Mismatch,valueusd,Calculated vs reported value differs by >10%
6305069815,Value Mismatch,valueusd,Calculated vs reported value differs by >10%
6305069814,Value Mismatch,valueusd,Calculated vs reported value differs by >10%
6305069376,Value Mismatch,valueusd,Calculated vs reported value differs by >10%
6305069384,Value Mismatch,valueusd,Calculated vs reported value differs by >10%
6305069383,Value Mismatch,valueusd,Calculated vs reported value differs by >10%
6305069382,Value Mismatch,valueusd,Calculated vs reported value differs by >10%
6305069381,Value Mismatch,valueusd,Calculated vs reported value differs by >10%
6305069379,Value Mismatch,valueusd,Calculated vs reported value differs by >10%
6305069378,Value Mismatch,valueusd,Calculated vs reported value differs by >10%
6305069377,Value Mismatch,valueusd,Calculated vs reported value differs by >10%
6305069375,Value Mismatch,valueusd,Calculated vs reported value differs by >10%
6305069374,Value Mismatch,valueusd,Calculated vs reported value differs by >10%
6305069373,Value Mismatch,valueusd,Calculated vs reported value differs by >10%
6305069372,Value Mismatch,valueusd,Calculated vs reported value differs by >10%
6305069371,Value Mismatch,valueusd,Calculated vs reported value differs by >10%
6305069370,Value Mismatch,valueusd,Calculated vs reported value differs by >10%
6305069369,Value Mismatch,valueusd,Calculated vs reported value differs by >10%
6305069368,Value Mismatch,valueusd,Calculated vs reported value differs by >10%
6305069367,Value Mismatch,valueusd,Calculated vs reported value differs by >10%
6303464939,Value Mismatch,valueusd,Calculated vs reported value differs by >10%
6303322966,Value Mismatch,valueusd,Calculated vs reported value differs by >10%
6304853181,Value Mismatch,valueusd,Calculated vs reported value differs by >10%
6304853180,Value Mismatch,valueusd,Calculated vs reported value differs by >10%
6304848300,Value Mismatch,valueusd,Calculated vs reported value differs by >10%
6304845646,Value Mismatch,valueusd,Calculated vs reported value differs by >10%
6304845645,Value Mismatch,valueusd,Calculated vs reported value differs by >10%
6304733039,Value Mismatch,valueusd,Calculated vs reported value differs by >10%
6304733041,Value Mismatch,valueusd,Calculated vs reported value differs by >10%
6304733040,Value Mismatch,valueusd,Calculated vs reported value differs by >10%
6304940463,Value Mismatch,valueusd,Calculated vs reported value differs by >10%
6304940462,Value Mismatch,valueusd,Calculated vs reported value differs by >10%
6304940461,Value Mismatch,valueusd,Calculated vs reported value differs by >10%
6304676014,Value Mismatch,valueusd,Calculated vs reported value differs by >10%
6304676020,Value Mismatch,valueusd,Calculated vs reported value differs by >10%
6304676019,Value Mismatch,valueusd,Calculated vs reported value differs by >10%
6304676017,Value Mismatch,valueusd,Calculated vs reported value differs by >10%
6304676016,Value Mismatch,valueusd,Calculated vs reported value differs by >10%
6304676011,Value Mismatch,valueusd,Calculated vs reported value differs by >10%
6304676008,Value Mismatch,valueusd,Calculated vs reported value differs by >10%
6304675994,Value Mismatch,valueusd,Calculated vs reported value differs by >10%
6304675993,Value Mismatch,valueusd,Calculated vs reported value differs by >10%
6304675992,Value Mismatch,valueusd,Calculated vs reported value differs by >10%
6304675991,Value Mismatch,valueusd,Calculated vs reported value differs by >10%
6304675990,Value Mismatch,valueusd,Calculated vs reported value differs by >10%
6304676018,Value Mismatch,valueusd,Calculated vs reported value differs by >10%
6304676013,Value Mismatch,valueusd,Calculated vs reported value differs by >10%
6304676012,Value Mismatch,valueusd,Calculated vs reported value differs by >10%
6304676010,Value Mismatch,valueusd,Calculated vs reported value differs by >10%
6304676007,Value Mismatch,valueusd,Calculated vs reported value differs by >10%
6304676005,Value Mismatch,valueusd,Calculated vs reported value differs by >10%
6304676003,Value Mismatch,valueusd,Calculated vs reported value differs by >10%
6304676002,Value Mismatch,valueusd,Calculated vs reported value differs by >10%
6304676001,Value Mismatch,valueusd,Calculated vs reported value differs by >10%
6304676000,Value Mismatch,valueusd,Calculated vs reported value differs by >10%
6304675999,Value Mismatch,valueusd,Calculated vs reported value differs by >10%
6304675998,Value Mismatch,valueusd,Calculated vs reported value differs by >10%
6304675997,Value Mismatch,valueusd,Calculated vs reported value differs by >10%
6304675995,Value Mismatch,valueusd,Calculated vs reported value differs by >10%
6304675989,Value Mismatch,valueusd,Calculated vs reported value differs by >10%
6304675988,Value Mismatch,valueusd,Calculated vs reported value differs by >10%
6304675987,Value Mismatch,valueusd,Calculated vs reported value differs by >10%
6304675985,Value Mismatch,valueusd,Calculated vs reported value differs by >10%
6304874015,Value Mismatch,valueusd,Calculated vs reported value differs by >10%
6304874014,Value Mismatch,valueusd,Calculated vs reported value differs by >10%
6304874013,Value Mismatch,valueusd,Calculated vs reported value differs by >10%
6304874012,Value Mismatch,valueusd,Calculated vs reported value differs by >10%
6304874011,Value Mismatch,valueusd,Calculated vs reported value differs by >10%
6304874009,Value Mismatch,valueusd,Calculated vs reported value differs by >10%
6304874008,Value Mismatch,valueusd,Calculated vs reported value differs by >10%
6304874007,Value Mismatch,valueusd,Calculated vs reported value differs by >10%
6304874004,Value Mismatch,valueusd,Calculated vs reported value differs by >10%
6304874003,Value Mismatch,valueusd,Calculated vs reported value differs by >10%
6304873999,Value Mismatch,valueusd,Calculated vs reported value differs by >10%
6304873998,Value Mismatch,valueusd,Calculated vs reported value differs by >10%
6304873997,Value Mismatch,valueusd,Calculated vs reported value differs by >10%
6304873996,Value Mismatch,valueusd,Calculated vs reported value differs by >10%
6304873995,Value Mismatch,valueusd,Calculated vs reported value differs by >10%
6304873994,Value Mismatch,valueusd,Calculated vs reported value differs by >10%
6304873993,Value Mismatch,valueusd,Calculated vs reported value differs by >10%
6304873992,Value Mismatch,valueusd,Calculated vs reported value differs by >10%
6304873991,Value Mismatch,valueusd,Calculated vs reported value differs by >10%
6304873990,Value Mismatch,valueusd,Calculated vs reported value differs by >10%
6304873989,Value Mismatch,valueusd,Calculated vs reported value differs by >10%
6304873988,Value Mismatch,valueusd,Calculated vs reported value differs by >10%
6304873986,Value Mismatch,valueusd,Calculated vs reported value differs by >10%
6304873985,Value Mismatch,valueusd,Calculated vs reported value differs by >10%
6304873984,Value Mismatch,valueusd,Calculated vs reported value differs by >10%
6304873983,Value Mismatch,valueusd,Calculated vs reported value differs by >10%
6304873982,Value Mismatch,valueusd,Calculated vs reported value differs by >10%
6304873981,Value Mismatch,valueusd,Calculated vs reported value differs by >10%
6304873980,Value Mismatch,valueusd,Calculated vs reported value differs by >10%
6304873979,Value Mismatch,valueusd,Calculated vs reported value differs by >10%
6304873978,Value Mismatch,valueusd,Calculated vs reported value differs by >10%
6304873977,Value Mismatch,valueusd,Calculated vs reported value differs by >10%
6304873976,Value Mismatch,valueusd,Calculated vs reported value differs by >10%
6304873975,Value Mismatch,valueusd,Calculated vs reported value differs by >10%
6304874006,Value Mismatch,valueusd,Calculated vs reported value differs by >10%
6304874002,Value Mismatch,valueusd,Calculated vs reported value differs by >10%
6304874001,Value Mismatch,valueusd,Calculated vs reported value differs by >10%
6304874000,Value Mismatch,valueusd,Calculated vs reported value differs by >10%
6304873987,Value Mismatch,valueusd,Calculated vs reported value differs by >10%
6304873974,Value Mismatch,valueusd,Calculated vs reported value differs by >10%
6304958010,Value Mismatch,valueusd,Calculated vs reported value differs by >10%
6304958009,Value Mismatch,valueusd,Calculated vs reported value differs by >10%
6304958008,Value Mismatch,valueusd,Calculated vs reported value differs by >10%
6304958007,Value Mismatch,valueusd,Calculated vs reported value differs by >10%
6304958005,Value Mismatch,valueusd,Calculated vs reported value differs by >10%
6304958635,Value Mismatch,valueusd,Calculated vs reported value differs by >10%
6304958006,Value Mismatch,valueusd,Calculated vs reported value differs by >10%
6302906016,Value Mismatch,valueusd,Calculated vs reported value differs by >10%
6302993863,Value Mismatch,valueusd,Calculated vs reported value differs by >10%
6302885238,Value Mismatch,valueusd,Calculated vs reported value differs by >10%
6302878344,Value Mismatch,valueusd,Calculated vs reported value differs by >10%
6304314136,Value Mismatch,valueusd,Calculated vs reported value differs by >10%
6304444150,Value Mismatch,valueusd,Calculated vs reported value differs by >10%
6304444149,Value Mismatch,valueusd,Calculated vs reported value differs by >10%
6304429006,Value Mismatch,valueusd,Calculated vs reported value differs by >10%
6304429005,Value Mismatch,valueusd,Calculated vs reported value differs by >10%
6304314142,Value Mismatch,valueusd,Calculated vs reported value differs by >10%
6304314140,Value Mismatch,valueusd,Calculated vs reported value differs by >10%
6304314139,Value Mismatch,valueusd,Calculated vs reported value differs by >10%
6304314131,Value Mismatch,valueusd,Calculated vs reported value differs by >10%
6304314128,Value Mismatch,valueusd,Calculated vs reported value differs by >10%
6304314126,Value Mismatch,valueusd,Calculated vs reported value differs by >10%
6304314117,Value Mismatch,valueusd,Calculated vs reported value differs by >10%
6304314115,Value Mismatch,valueusd,Calculated vs reported value differs by >10%
6304314113,Value Mismatch,valueusd,Calculated vs reported value differs by >10%
6304314109,Value Mismatch,valueusd,Calculated vs reported value differs by >10%
6304314108,Value Mismatch,valueusd,Calculated vs reported value differs by >10%
6304314101,Value Mismatch,valueusd,Calculated vs reported value differs by >10%
6304314141,Value Mismatch,valueusd,Calculated vs reported value differs by >10%
6304314138,Value Mismatch,valueusd,Calculated vs reported value differs by >10%
6304314137,Value Mismatch,valueusd,Calculated vs reported value differs by >10%
6304314135,Value Mismatch,valueusd,Calculated vs reported value differs by >10%
6304314134,Value Mismatch,valueusd,Calculated vs reported value differs by >10%
6304314133,Value Mismatch,valueusd,Calculated vs reported value differs by >10%
6304314132,Value Mismatch,valueusd,Calculated vs reported value differs by >10%
6304314130,Value Mismatch,valueusd,Calculated vs reported value differs by >10%
6304314129,Value Mismatch,valueusd,Calculated vs reported value differs by >10%
6304314125,Value Mismatch,valueusd,Calculated vs reported value differs by >10%
6304314122,Value Mismatch,valueusd,Calculated vs reported value differs by >10%
6304314121,Value Mismatch,valueusd,Calculated vs reported value differs by >10%
6304314118,Value Mismatch,valueusd,Calculated vs reported value differs by >10%
6304314116,Value Mismatch,valueusd,Calculated vs reported value differs by >10%
6304314114,Value Mismatch,valueusd,Calculated vs reported value differs by >10%
6304314111,Value Mismatch,valueusd,Calculated vs reported value differs by >10%
6304314107,Value Mismatch,valueusd,Calculated vs reported value differs by >10%
6304314106,Value Mismatch,valueusd,Calculated vs reported value differs by >10%
6304314104,Value Mismatch,valueusd,Calculated vs reported value differs by >10%
6304314102,Value Mismatch,valueusd,Calculated vs reported value differs by >10%
6304314100,Value Mismatch,valueusd,Calculated vs reported value differs by >10%
6304314099,Value Mismatch,valueusd,Calculated vs reported value differs by >10%
6304314098,Value Mismatch,valueusd,Calculated vs reported value differs by >10%
6304314097,Value Mismatch,valueusd,Calculated vs reported value differs by >10%
6304314096,Value Mismatch,valueusd,Calculated vs reported value differs by >10%
6304334473,Value Mismatch,valueusd,Calculated vs reported value differs by >10%
6304334472,Value Mismatch,valueusd,Calculated vs reported value differs by >10%
6304505850,Value Mismatch,valueusd,Calculated vs reported value differs by >10%
6304505849,Value Mismatch,valueusd,Calculated vs reported value differs by >10%
6304317972,Value Mismatch,valueusd,Calculated vs reported value differs by >10%
6304317968,Value Mismatch,valueusd,Calculated vs reported value differs by >10%
6304317971,Value Mismatch,valueusd,Calculated vs reported value differs by >10%
6304317970,Value Mismatch,valueusd,Calculated vs reported value differs by >10%
6304317969,Value Mismatch,valueusd,Calculated vs reported value differs by >10%
6304317967,Value Mismatch,valueusd,Calculated vs reported value differs by >10%
6304590175,Value Mismatch,valueusd,Calculated vs reported value differs by >10%
6302839006,Value Mismatch,valueusd,Calculated vs reported value differs by >10%
653837758,Value Mismatch,valueusd,Calculated vs reported value differs by >10%
653838252,Value Mismatch,valueusd,Calculated vs reported value differs by >10%
653838251,Value Mismatch,valueusd,Calculated vs reported value differs by >10%
653838250,Value Mismatch,valueusd,Calculated vs reported value differs by >10%
653838249,Value Mismatch,valueusd,Calculated vs reported value differs by >10%
653838248,Value Mismatch,valueusd,Calculated vs reported value differs by >10%
653838247,Value Mismatch,valueusd,Calculated vs reported value differs by >10%
653838246,Value Mismatch,valueusd,Calculated vs reported value differs by >10%
653838245,Value Mismatch,valueusd,Calculated vs reported value differs by >10%
653838244,Value Mismatch,valueusd,Calculated vs reported value differs by >10%
653838243,Value Mismatch,valueusd,Calculated vs reported value differs by >10%
653838242,Value Mismatch,valueusd,Calculated vs reported value differs by >10%
653838241,Value Mismatch,valueusd,Calculated vs reported value differs by >10%
653838240,Value Mismatch,valueusd,Calculated vs reported value differs by >10%
653838239,Value Mismatch,valueusd,Calculated vs reported value differs by >10%
653838238,Value Mismatch,valueusd,Calculated vs reported value differs by >10%
653838237,Value Mismatch,valueusd,Calculated vs reported value differs by >10%
653838236,Value Mismatch,valueusd,Calculated vs reported value differs by >10%
653838235,Value Mismatch,valueusd,Calculated vs reported value differs by >10%
653838234,Value Mismatch,valueusd,Calculated vs reported value differs by >10%
653838233,Value Mismatch,valueusd,Calculated vs reported value differs by >10%
653838232,Value Mismatch,valueusd,Calculated vs reported value differs by >10%
653838230,Value Mismatch,valueusd,Calculated vs reported value differs by >10%
653838228,Value Mismatch,valueusd,Calculated vs reported value differs by >10%
653838227,Value Mismatch,valueusd,Calculated vs reported value differs by >10%
653838226,Value Mismatch,valueusd,Calculated vs reported value differs by >10%
653838225,Value Mismatch,valueusd,Calculated vs reported value differs by >10%
653838224,Value Mismatch,valueusd,Calculated vs reported value differs by >10%
653838223,Value Mismatch,valueusd,Calculated vs reported value differs by >10%
653838221,Value Mismatch,valueusd,Calculated vs reported value differs by >10%
653838220,Value Mismatch,valueusd,Calculated vs reported value differs by >10%
653838219,Value Mismatch,valueusd,Calculated vs reported value differs by >10%
653838218,Value Mismatch,valueusd,Calculated vs reported value differs by >10%
653838217,Value Mismatch,valueusd,Calculated vs reported value differs by >10%
653838216,Value Mismatch,valueusd,Calculated vs reported value differs by >10%
653838215,Value Mismatch,valueusd,Calculated vs reported value differs by >10%
653838213,Value Mismatch,valueusd,Calculated vs reported value differs by >10%
653838212,Value Mismatch,valueusd,Calculated vs reported value differs by >10%
653838211,Value Mismatch,valueusd,Calculated vs reported value differs by >10%
653838210,Value Mismatch,valueusd,Calculated vs reported value differs by >10%
653838209,Value Mismatch,valueusd,Calculated vs reported value differs by >10%
653838208,Value Mismatch,valueusd,Calculated vs reported value differs by >10%
653838207,Value Mismatch,valueusd,Calculated vs reported value differs by >10%
653838206,Value Mismatch,valueusd,Calculated vs reported value differs by >10%
653838205,Value Mismatch,valueusd,Calculated vs reported value differs by >10%
653838203,Value Mismatch,valueusd,Calculated vs reported value differs by >10%
653838202,Value Mismatch,valueusd,Calculated vs reported value differs by >10%
653838201,Value Mismatch,valueusd,Calculated vs reported value differs by >10%
653838199,Value Mismatch,valueusd,Calculated vs reported value differs by >10%
653838196,Value Mismatch,valueusd,Calculated vs reported value differs by >10%
653838195,Value Mismatch,valueusd,Calculated vs reported value differs by >10%
653838194,Value Mismatch,valueusd,Calculated vs reported value differs by >10%
653838193,Value Mismatch,valueusd,Calculated vs reported value differs by >10%
653837767,Value Mismatch,valueusd,Calculated vs reported value differs by >10%
653837766,Value Mismatch,valueusd,Calculated vs reported value differs by >10%
653837765,Value Mismatch,valueusd,Calculated vs reported value differs by >10%
653837764,Value Mismatch,valueusd,Calculated vs reported value differs by >10%
653837763,Value Mismatch,valueusd,Calculated vs reported value differs by >10%
653837762,Value Mismatch,valueusd,Calculated vs reported value differs by >10%
653837761,Value Mismatch,valueusd,Calculated vs reported value differs by >10%
653837760,Value Mismatch,valueusd,Calculated vs reported value differs by >10%
653837759,Value Mismatch,valueusd,Calculated vs reported value differs by >10%
653837757,Value Mismatch,valueusd,Calculated vs reported value differs by >10%
653837756,Value Mismatch,valueusd,Calculated vs reported value differs by >10%
653837755,Value Mismatch,valueusd,Calculated vs reported value differs by >10%
653837754,Value Mismatch,valueusd,Calculated vs reported value differs by >10%
653837753,Value Mismatch,valueusd,Calculated vs reported value differs by >10%
653837752,Value Mismatch,valueusd,Calculated vs reported value differs by >10%
653837751,Value Mismatch,valueusd,Calculated vs reported value differs by >10%
653837750,Value Mismatch,valueusd,Calculated vs reported value differs by >10%
653837749,Value Mismatch,valueusd,Calculated vs reported value differs by >10%
653837748,Value Mismatch,valueusd,Calculated vs reported value differs by >10%
653837747,Value Mismatch,valueusd,Calculated vs reported value differs by >10%
653837746,Value Mismatch,valueusd,Calculated vs reported value differs by >10%
653837745,Value Mismatch,valueusd,Calculated vs reported value differs by >10%
653837744,Value Mismatch,valueusd,Calculated vs reported value differs by >10%
653837743,Value Mismatch,valueusd,Calculated vs reported value differs by >10%
653837742,Value Mismatch,valueusd,Calculated vs reported value differs by >10%
653837741,Value Mismatch,valueusd,Calculated vs reported value differs by >10%
653837740,Value Mismatch,valueusd,Calculated vs reported value differs by >10%
653837739,Value Mismatch,valueusd,Calculated vs reported value differs by >10%
653837738,Value Mismatch,valueusd,Calculated vs reported value differs by >10%
653837737,Value Mismatch,valueusd,Calculated vs reported value differs by >10%
653837736,Value Mismatch,valueusd,Calculated vs reported value differs by >10%
653837735,Value Mismatch,valueusd,Calculated vs reported value differs by >10%
653837734,Value Mismatch,valueusd,Calculated vs reported value differs by >10%
653837733,Value Mismatch,valueusd,Calculated vs reported value differs by >10%
653837732,Value Mismatch,valueusd,Calculated vs reported value differs by >10%
653837731,Value Mismatch,valueusd,Calculated vs reported value differs by >10%
653837730,Value Mismatch,valueusd,Calculated vs reported value differs by >10%
653837729,Value Mismatch,valueusd,Calculated vs reported value differs by >10%
653837728,Value Mismatch,valueusd,Calculated vs reported value differs by >10%
653837727,Value Mismatch,valueusd,Calculated vs reported value differs by >10%
653837726,Value Mismatch,valueusd,Calculated vs reported value differs by >10%
653837725,Value Mismatch,valueusd,Calculated vs reported value differs by >10%
653837724,Value Mismatch,valueusd,Calculated vs reported value differs by >10%
653837723,Value Mismatch,valueusd,Calculated vs reported value differs by >10%
653837722,Value Mismatch,valueusd,Calculated vs reported value differs by >10%
653837721,Value Mismatch,valueusd,Calculated vs reported value differs by >10%
653837720,Value Mismatch,valueusd,Calculated vs reported value differs by >10%
653837719,Value Mismatch,valueusd,Calculated vs reported value differs by >10%
653837718,Value Mismatch,valueusd,Calculated vs reported value differs by >10%
653837717,Value Mismatch,valueusd,Calculated vs reported value differs by >10%
653837716,Value Mismatch,valueusd,Calculated vs reported value differs by >10%
653837715,Value Mismatch,valueusd,Calculated vs reported value differs by >10%
653837712,Value Mismatch,valueusd,Calculated vs reported value differs by >10%
653837711,Value Mismatch,valueusd,Calculated vs reported value differs by >10%
653837710,Value Mismatch,valueusd,Calculated vs reported value differs by >10%
653837709,Value Mismatch,valueusd,Calculated vs reported value differs by >10%
653837708,Value Mismatch,valueusd,Calculated vs reported value differs by >10%
653837707,Value Mismatch,valueusd,Calculated vs reported value differs by >10%
653837706,Value Mismatch,valueusd,Calculated vs reported value differs by >10%
653832416,Value Mismatch,valueusd,Calculated vs reported value differs by >10%
653832415,Value Mismatch,valueusd,Calculated vs reported value differs by >10%
653832414,Value Mismatch,valueusd,Calculated vs reported value differs by >10%
653832413,Value Mismatch,valueusd,Calculated vs reported value differs by >10%
653832412,Value Mismatch,valueusd,Calculated vs reported value differs by >10%
653832411,Value Mismatch,valueusd,Calculated vs reported value differs by >10%
653832410,Value Mismatch,valueusd,Calculated vs reported value differs by >10%
653832409,Value Mismatch,valueusd,Calculated vs reported value differs by >10%
653832408,Value Mismatch,valueusd,Calculated vs reported value differs by >10%
653832407,Value Mismatch,valueusd,Calculated vs reported value differs by >10%
653832406,Value Mismatch,valueusd,Calculated vs reported value differs by >10%
653832405,Value Mismatch,valueusd,Calculated vs reported value differs by >10%
653832404,Value Mismatch,valueusd,Calculated vs reported value differs by >10%
653832403,Value Mismatch,valueusd,Calculated vs reported value differs by >10%
653832402,Value Mismatch,valueusd,Calculated vs reported value differs by >10%
653832401,Value Mismatch,valueusd,Calculated vs reported value differs by >10%
653832400,Value Mismatch,valueusd,Calculated vs reported value differs by >10%
653832399,Value Mismatch,valueusd,Calculated vs reported value differs by >10%
653832396,Value Mismatch,valueusd,Calculated vs reported value differs by >10%
653832395,Value Mismatch,valueusd,Calculated vs reported value differs by >10%
653832394,Value Mismatch,valueusd,Calculated vs reported value differs by >10%
653832393,Value Mismatch,valueusd,Calculated vs reported value differs by >10%
653832392,Value Mismatch,valueusd,Calculated vs reported value differs by >10%
653832391,Value Mismatch,valueusd,Calculated vs reported value differs by >10%
653832390,Value Mismatch,valueusd,Calculated vs reported value differs by >10%
653832389,Value Mismatch,valueusd,Calculated vs reported value differs by >10%
653832388,Value Mismatch,valueusd,Calculated vs reported value differs by >10%
653832387,Value Mismatch,valueusd,Calculated vs reported value differs by >10%
653832386,Value Mismatch,valueusd,Calculated vs reported value differs by >10%
653832385,Value Mismatch,valueusd,Calculated vs reported value differs by >10%
653832384,Value Mismatch,valueusd,Calculated vs reported value differs by >10%
653832383,Value Mismatch,valueusd,Calculated vs reported value differs by >10%
653832382,Value Mismatch,valueusd,Calculated vs reported value differs by >10%
653832381,Value Mismatch,valueusd,Calculated vs reported value differs by >10%
653832377,Value Mismatch,valueusd,Calculated vs reported value differs by >10%
653832376,Value Mismatch,valueusd,Calculated vs reported value differs by >10%
653832374,Value Mismatch,valueusd,Calculated vs reported value differs by >10%
653832373,Value Mismatch,valueusd,Calculated vs reported value differs by >10%
653832372,Value Mismatch,valueusd,Calculated vs reported value differs by >10%
653832371,Value Mismatch,valueusd,Calculated vs reported value differs by >10%
653832370,Value Mismatch,valueusd,Calculated vs reported value differs by >10%
653832369,Value Mismatch,valueusd,Calculated vs reported value differs by >10%
653832368,Value Mismatch,valueusd,Calculated vs reported value differs by >10%
653832367,Value Mismatch,valueusd,Calculated vs reported value differs by >10%
653832366,Value Mismatch,valueusd,Calculated vs reported value differs by >10%
653832365,Value Mismatch,valueusd,Calculated vs reported value differs by >10%
653832364,Value Mismatch,valueusd,Calculated vs reported value differs by >10%
653832363,Value Mismatch,valueusd,Calculated vs reported value differs by >10%
653832362,Value Mismatch,valueusd,Calculated vs reported value differs by >10%
653832361,Value Mismatch,valueusd,Calculated vs reported value differs by >10%
653832360,Value Mismatch,valueusd,Calculated vs reported value differs by >10%
653832359,Value Mismatch,valueusd,Calculated vs reported value differs by >10%
653832358,Value Mismatch,valueusd,Calculated vs reported value differs by >10%
653832357,Value Mismatch,valueusd,Calculated vs reported value differs by >10%
653832355,Value Mismatch,valueusd,Calculated vs reported value differs by >10%
653832354,Value Mismatch,valueusd,Calculated vs reported value differs by >10%
653832353,Value Mismatch,valueusd,Calculated vs reported value differs by >10%
653832352,Value Mismatch,valueusd,Calculated vs reported value differs by >10%
653832351,Value Mismatch,valueusd,Calculated vs reported value differs by >10%
653832350,Value Mismatch,valueusd,Calculated vs reported value differs by >10%
653832349,Value Mismatch,valueusd,Calculated vs reported value differs by >10%
653832348,Value Mismatch,valueusd,Calculated vs reported value differs by >10%
653832347,Value Mismatch,valueusd,Calculated vs reported value differs by >10%
653832346,Value Mismatch,valueusd,Calculated vs reported value differs by >10%
653832345,Value Mismatch,valueusd,Calculated vs reported value differs by >10%
653832344,Value Mismatch,valueusd,Calculated vs reported value differs by >10%
653832343,Value Mismatch,valueusd,Calculated vs reported value differs by >10%
653832342,Value Mismatch,valueusd,Calculated vs reported value differs by >10%
653832341,Value Mismatch,valueusd,Calculated vs reported value differs by >10%
653832340,Value Mismatch,valueusd,Calculated vs reported value differs by >10%
653832339,Value Mismatch,valueusd,Calculated vs reported value differs by >10%
653832338,Value Mismatch,valueusd,Calculated vs reported value differs by >10%
653832337,Value Mismatch,valueusd,Calculated vs reported value differs by >10%
653832336,Value Mismatch,valueusd,Calculated vs reported value differs by >10%
653832335,Value Mismatch,valueusd,Calculated vs reported value differs by >10%
653832334,Value Mismatch,valueusd,Calculated vs reported value differs by >10%
653832333,Value Mismatch,valueusd,Calculated vs reported value differs by >10%
653832332,Value Mismatch,valueusd,Calculated vs reported value differs by >10%
653832331,Value Mismatch,valueusd,Calculated vs reported value differs by >10%
653832330,Value Mismatch,valueusd,Calculated vs reported value differs by >10%
653832329,Value Mismatch,valueusd,Calculated vs reported value differs by >10%
653832328,Value Mismatch,valueusd,Calculated vs reported value differs by >10%
653832327,Value Mismatch,valueusd,Calculated vs reported value differs by >10%
653832326,Value Mismatch,valueusd,Calculated vs reported value differs by >10%
653832325,Value Mismatch,valueusd,Calculated vs reported value differs by >10%
653832324,Value Mismatch,valueusd,Calculated vs reported value differs by >10%
653832323,Value Mismatch,valueusd,Calculated vs reported value differs by >10%
653832322,Value Mismatch,valueusd,Calculated vs reported value differs by >10%
653832321,Value Mismatch,valueusd,Calculated vs reported value differs by >10%
653832320,Value Mismatch,valueusd,Calculated vs reported value differs by >10%
653830651,Value Mismatch,valueusd,Calculated vs reported value differs by >10%
653830650,Value Mismatch,valueusd,Calculated vs reported value differs by >10%
653830649,Value Mismatch,valueusd,Calculated vs reported value differs by >10%
653830648,Value Mismatch,valueusd,Calculated vs reported value differs by >10%
653829913,Value Mismatch,valueusd,Calculated vs reported value differs by >10%
653823823,Value Mismatch,valueusd,Calculated vs reported value differs by >10%
653902908,Value Mismatch,valueusd,Calculated vs reported value differs by >10%
653902907,Value Mismatch,valueusd,Calculated vs reported value differs by >10%
653902906,Value Mismatch,valueusd,Calculated vs reported value differs by >10%
653902905,Value Mismatch,valueusd,Calculated vs reported value differs by >10%
653902904,Value Mismatch,valueusd,Calculated vs reported value differs by >10%
653902903,Value Mismatch,valueusd,Calculated vs reported value differs by >10%
653902902,Value Mismatch,valueusd,Calculated vs reported value differs by >10%
653902901,Value Mismatch,valueusd,Calculated vs reported value differs by >10%
653902900,Value Mismatch,valueusd,Calculated vs reported value differs by >10%
653902899,Value Mismatch,valueusd,Calculated vs reported value differs by >10%
653902898,Value Mismatch,valueusd,Calculated vs reported value differs by >10%
653902897,Value Mismatch,valueusd,Calculated vs reported value differs by >10%
653902896,Value Mismatch,valueusd,Calculated vs reported value differs by >10%
653902895,Value Mismatch,valueusd,Calculated vs reported value differs by >10%
653902894,Value Mismatch,valueusd,Calculated vs reported value differs by >10%
653902893,Value Mismatch,valueusd,Calculated vs reported value differs by >10%
653902892,Value Mismatch,valueusd,Calculated vs reported value differs by >10%
653902891,Value Mismatch,valueusd,Calculated vs reported value differs by >10%
653902890,Value Mismatch,valueusd,Calculated vs reported value differs by >10%
653902889,Value Mismatch,valueusd,Calculated vs reported value differs by >10%
653902888,Value Mismatch,valueusd,Calculated vs reported value differs by >10%
653902887,Value Mismatch,valueusd,Calculated vs reported value differs by >10%
653749475,Value Mismatch,valueusd,Calculated vs reported value differs by >10%
653766900,Value Mismatch,valueusd,Calculated vs reported value differs by >10%
653765349,Value Mismatch,valueusd,Calculated vs reported value differs by >10%
653761122,Value Mismatch,valueusd,Calculated vs reported value differs by >10%
653761121,Value Mismatch,valueusd,Calculated vs reported value differs by >10%
653753523,Value Mismatch,valueusd,Calculated vs reported value differs by >10%
653753522,Value Mismatch,valueusd,Calculated vs reported value differs by >10%
653753521,Value Mismatch,valueusd,Calculated vs reported value differs by >10%
653753520,Value Mismatch,valueusd,Calculated vs reported value differs by >10%
653753519,Value Mismatch,valueusd,Calculated vs reported value differs by >10%
653877970,Value Mismatch,valueusd,Calculated vs reported value differs by >10%
653872784,Value Mismatch,valueusd,Calculated vs reported value differs by >10%
653872783,Value Mismatch,valueusd,Calculated vs reported value differs by >10%
653872782,Value Mismatch,valueusd,Calculated vs reported value differs by >10%
653872781,Value Mismatch,valueusd,Calculated vs reported value differs by >10%
653872780,Value Mismatch,valueusd,Calculated vs reported value differs by >10%
653872779,Value Mismatch,valueusd,Calculated vs reported value differs by >10%
653872778,Value Mismatch,valueusd,Calculated vs reported value differs by >10%
653872777,Value Mismatch,valueusd,Calculated vs reported value differs by >10%
653872776,Value Mismatch,valueusd,Calculated vs reported value differs by >10%
653872775,Value Mismatch,valueusd,Calculated vs reported value differs by >10%
653872774,Value Mismatch,valueusd,Calculated vs reported value differs by >10%
653869942,Value Mismatch,valueusd,Calculated vs reported value differs by >10%
653869941,Value Mismatch,valueusd,Calculated vs reported value differs by >10%
653869940,Value Mismatch,valueusd,Calculated vs reported value differs by >10%
653867289,Value Mismatch,valueusd,Calculated vs reported value differs by >10%
652861380,Value Mismatch,valueusd,Calculated vs reported value differs by >10%
652861379,Value Mismatch,valueusd,Calculated vs reported value differs by >10%
652861378,Value Mismatch,valueusd,Calculated vs reported value differs by >10%
652861377,Value Mismatch,valueusd,Calculated vs reported value differs by >10%
652861376,Value Mismatch,valueusd,Calculated vs reported value differs by >10%
652405701,Value Mismatch,valueusd,Calculated vs reported value differs by >10%
651572502,Value Mismatch,valueusd,Calculated vs reported value differs by >10%
652162393,Value Mismatch,valueusd,Calculated vs reported value differs by >10%
652162392,Value Mismatch,valueusd,Calculated vs reported value differs by >10%
652162391,Value Mismatch,valueusd,Calculated vs reported value differs by >10%
652162390,Value Mismatch,valueusd,Calculated vs reported value differs by >10%
652162389,Value Mismatch,valueusd,Calculated vs reported value differs by >10%
652162388,Value Mismatch,valueusd,Calculated vs reported value differs by >10%
652162387,Value Mismatch,valueusd,Calculated vs reported value differs by >10%
652162386,Value Mismatch,valueusd,Calculated vs reported value differs by >10%
652162385,Value Mismatch,valueusd,Calculated vs reported value differs by >10%
652162384,Value Mismatch,valueusd,Calculated vs reported value differs by >10%
652355298,Value Mismatch,valueusd,Calculated vs reported value differs by >10%
652355297,Value Mismatch,valueusd,Calculated vs reported value differs by >10%
652355296,Value Mismatch,valueusd,Calculated vs reported value differs by >10%
652355295,Value Mismatch,valueusd,Calculated vs reported value differs by >10%
652543315,Value Mismatch,valueusd,Calculated vs reported value differs by >10%
652500560,Value Mismatch,valueusd,Calculated vs reported value differs by >10%
652533037,Value Mismatch,valueusd,Calculated vs reported value differs by >10%
652584254,Value Mismatch,valueusd,Calculated vs reported value differs by >10%
652584253,Value Mismatch,valueusd,Calculated vs reported value differs by >10%
652408390,Value Mismatch,valueusd,Calculated vs reported value differs by >10%
652240195,Value Mismatch,valueusd,Calculated vs reported value differs by >10%
652229169,Value Mismatch,valueusd,Calculated vs reported value differs by >10%
652441740,Value Mismatch,valueusd,Calculated vs reported value differs by >10%
652326001,Value Mismatch,valueusd,Calculated vs reported value differs by >10%
652324840,Value Mismatch,valueusd,Calculated vs reported value differs by >10%
652324839,Value Mismatch,valueusd,Calculated vs reported value differs by >10%
652324838,Value Mismatch,valueusd,Calculated vs reported value differs by >10%
652324837,Value Mismatch,valueusd,Calculated vs reported value differs by >10%
652452844,Value Mismatch,valueusd,Calculated vs reported value differs by >10%
652296458,Value Mismatch,valueusd,Calculated vs reported value differs by >10%
652318084,Value Mismatch,valueusd,Calculated vs reported value differs by >10%
652638510,Value Mismatch,valueusd,Calculated vs reported value differs by >10%
652421436,Value Mismatch,valueusd,Calculated vs reported value differs by >10%
652421435,Value Mismatch,valueusd,Calculated vs reported value differs by >10%
653405098,Value Mismatch,valueusd,Calculated vs reported value differs by >10%
653398345,Value Mismatch,valueusd,Calculated vs reported value differs by >10%
653563258,Value Mismatch,valueusd,Calculated vs reported value differs by >10%
653563257,Value Mismatch,valueusd,Calculated vs reported value differs by >10%
652378759,Value Mismatch,valueusd,Calculated vs reported value differs by >10%
652150837,Value Mismatch,valueusd,Calculated vs reported value differs by >10%
652147799,Value Mismatch,valueusd,Calculated vs reported value differs by >10%
652355182,Value Mismatch,valueusd,Calculated vs reported value differs by >10%
652355181,Value Mismatch,valueusd,Calculated vs reported value differs by >10%
652355179,Value Mismatch,valueusd,Calculated vs reported value differs by >10%
652355178,Value Mismatch,valueusd,Calculated vs reported value differs by >10%
652583785,Value Mismatch,valueusd,Calculated vs reported value differs by >10%
652583784,Value Mismatch,valueusd,Calculated vs reported value differs by >10%
652252571,Value Mismatch,valueusd,Calculated vs reported value differs by >10%
652250310,Value Mismatch,valueusd,Calculated vs reported value differs by >10%
652455102,Value Mismatch,valueusd,Calculated vs reported value differs by >10%
652291092,Value Mismatch,valueusd,Calculated vs reported value differs by >10%
653518319,Value Mismatch,valueusd,Calculated vs reported value differs by >10%
653641360,Value Mismatch,valueusd,Calculated vs reported value differs by >10%
653641359,Value Mismatch,valueusd,Calculated vs reported value differs by >10%
653418278,Value Mismatch,valueusd,Calculated vs reported value differs by >10%
653564050,Value Mismatch,valueusd,Calculated vs reported value differs by >10%
653564049,Value Mismatch,valueusd,Calculated vs reported value differs by >10%
653564047,Value Mismatch,valueusd,Calculated vs reported value differs by >10%
653564046,Value Mismatch,valueusd,Calculated vs reported value differs by >10%
653564045,Value Mismatch,valueusd,Calculated vs reported value differs by >10%
653564044,Value Mismatch,valueusd,Calculated vs reported value differs by >10%
653564043,Value Mismatch,valueusd,Calculated vs reported value differs by >10%
653564042,Value Mismatch,valueusd,Calculated vs reported value differs by >10%
653564041,Value Mismatch,valueusd,Calculated vs reported value differs by >10%
653564040,Value Mismatch,valueusd,Calculated vs reported value differs by >10%
653564039,Value Mismatch,valueusd,Calculated vs reported value differs by >10%
653564038,Value Mismatch,valueusd,Calculated vs reported value differs by >10%
653564037,Value Mismatch,valueusd,Calculated vs reported value differs by >10%
653564036,Value Mismatch,valueusd,Calculated vs reported value differs by >10%
653564035,Value Mismatch,valueusd,Calculated vs reported value differs by >10%
653564034,Value Mismatch,valueusd,Calculated vs reported value differs by >10%
653564033,Value Mismatch,valueusd,Calculated vs reported value differs by >10%
653564032,Value Mismatch,valueusd,Calculated vs reported value differs by >10%
653564031,Value Mismatch,valueusd,Calculated vs reported value differs by >10%
653564030,Value Mismatch,valueusd,Calculated vs reported value differs by >10%
653564029,Value Mismatch,valueusd,Calculated vs reported value differs by >10%
653564028,Value Mismatch,valueusd,Calculated vs reported value differs by >10%
653564027,Value Mismatch,valueusd,Calculated vs reported value differs by >10%
653564026,Value Mismatch,valueusd,Calculated vs reported value differs by >10%
653564025,Value Mismatch,valueusd,Calculated vs reported value differs by >10%
653564024,Value Mismatch,valueusd,Calculated vs reported value differs by >10%
653564023,Value Mismatch,valueusd,Calculated vs reported value differs by >10%
653563666,Value Mismatch,valueusd,Calculated vs reported value differs by >10%
653563665,Value Mismatch,valueusd,Calculated vs reported value differs by >10%
653563664,Value Mismatch,valueusd,Calculated vs reported value differs by >10%
653563663,Value Mismatch,valueusd,Calculated vs reported value differs by >10%
653563662,Value Mismatch,valueusd,Calculated vs reported value differs by >10%
653563661,Value Mismatch,valueusd,Calculated vs reported value differs by >10%
653563660,Value Mismatch,valueusd,Calculated vs reported value differs by >10%
653563659,Value Mismatch,valueusd,Calculated vs reported value differs by >10%
653563658,Value Mismatch,valueusd,Calculated vs reported value differs by >10%
653563657,Value Mismatch,valueusd,Calculated vs reported value differs by >10%
653563656,Value Mismatch,valueusd,Calculated vs reported value differs by >10%
653563655,Value Mismatch,valueusd,Calculated vs reported value differs by >10%
653563654,Value Mismatch,valueusd,Calculated vs reported value differs by >10%
653563653,Value Mismatch,valueusd,Calculated vs reported value differs by >10%
653563652,Value Mismatch,valueusd,Calculated vs reported value differs by >10%
653563651,Value Mismatch,valueusd,Calculated vs reported value differs by >10%
653563650,Value Mismatch,valueusd,Calculated vs reported value differs by >10%
653563649,Value Mismatch,valueusd,Calculated vs reported value differs by >10%
653563648,Value Mismatch,valueusd,Calculated vs reported value differs by >10%
653563647,Value Mismatch,valueusd,Calculated vs reported value differs by >10%
653563646,Value Mismatch,valueusd,Calculated vs reported value differs by >10%
653563645,Value Mismatch,valueusd,Calculated vs reported value differs by >10%
653563644,Value Mismatch,valueusd,Calculated vs reported value differs by >10%
653563643,Value Mismatch,valueusd,Calculated vs reported value differs by >10%
653563642,Value Mismatch,valueusd,Calculated vs reported value differs by >10%
653563641,Value Mismatch,valueusd,Calculated vs reported value differs by >10%
653563640,Value Mismatch,valueusd,Calculated vs reported value differs by >10%
653563639,Value Mismatch,valueusd,Calculated vs reported value differs by >10%
653563638,Value Mismatch,valueusd,Calculated vs reported value differs by >10%
653563637,Value Mismatch,valueusd,Calculated vs reported value differs by >10%
653563636,Value Mismatch,valueusd,Calculated vs reported value differs by >10%
653563635,Value Mismatch,valueusd,Calculated vs reported value differs by >10%
653563634,Value Mismatch,valueusd,Calculated vs reported value differs by >10%
653563633,Value Mismatch,valueusd,Calculated vs reported value differs by >10%
653563632,Value Mismatch,valueusd,Calculated vs reported value differs by >10%
653563631,Value Mismatch,valueusd,Calculated vs reported value differs by >10%
653563630,Value Mismatch,valueusd,Calculated vs reported value differs by >10%
653563629,Value Mismatch,valueusd,Calculated vs reported value differs by >10%
653563628,Value Mismatch,valueusd,Calculated vs reported value differs by >10%
653563627,Value Mismatch,valueusd,Calculated vs reported value differs by >10%
653563626,Value Mismatch,valueusd,Calculated vs reported value differs by >10%
653563625,Value Mismatch,valueusd,Calculated vs reported value differs by >10%
653563624,Value Mismatch,valueusd,Calculated vs reported value differs by >10%
653563623,Value Mismatch,valueusd,Calculated vs reported value differs by >10%
653563622,Value Mismatch,valueusd,Calculated vs reported value differs by >10%
653563621,Value Mismatch,valueusd,Calculated vs reported value differs by >10%
653563620,Value Mismatch,valueusd,Calculated vs reported value differs by >10%
653563619,Value Mismatch,valueusd,Calculated vs reported value differs by >10%
653563618,Value Mismatch,valueusd,Calculated vs reported value differs by >10%
653541425,Value Mismatch,valueusd,Calculated vs reported value differs by >10%
653539845,Value Mismatch,valueusd,Calculated vs reported value differs by >10%
653549601,Value Mismatch,valueusd,Calculated vs reported value differs by >10%
653549039,Value Mismatch,valueusd,Calculated vs reported value differs by >10%
653518318,Value Mismatch,valueusd,Calculated vs reported value differs by >10%
651870271,Value Mismatch,valueusd,Calculated vs reported value differs by >10%
651864736,Value Mismatch,valueusd,Calculated vs reported value differs by >10%
651858929,Value Mismatch,valueusd,Calculated vs reported value differs by >10%
651858928,Value Mismatch,valueusd,Calculated vs reported value differs by >10%
651853576,Value Mismatch,valueusd,Calculated vs reported value differs by >10%
651800345,Value Mismatch,valueusd,Calculated vs reported value differs by >10%
651800344,Value Mismatch,valueusd,Calculated vs reported value differs by >10%
651831161,Value Mismatch,valueusd,Calculated vs reported value differs by >10%
652004341,Value Mismatch,valueusd,Calculated vs reported value differs by >10%
651675073,Value Mismatch,valueusd,Calculated vs reported value differs by >10%
651664211,Value Mismatch,valueusd,Calculated vs reported value differs by >10%
651664210,Value Mismatch,valueusd,Calculated vs reported value differs by >10%
651664209,Value Mismatch,valueusd,Calculated vs reported value differs by >10%
651664208,Value Mismatch,valueusd,Calculated vs reported value differs by >10%
651664207,Value Mismatch,valueusd,Calculated vs reported value differs by >10%
651664206,Value Mismatch,valueusd,Calculated vs reported value differs by >10%
651664205,Value Mismatch,valueusd,Calculated vs reported value differs by >10%
651664204,Value Mismatch,valueusd,Calculated vs reported value differs by >10%
651664203,Value Mismatch,valueusd,Calculated vs reported value differs by >10%
651664202,Value Mismatch,valueusd,Calculated vs reported value differs by >10%
651664201,Value Mismatch,valueusd,Calculated vs reported value differs by >10%
651664200,Value Mismatch,valueusd,Calculated vs reported value differs by >10%
651664199,Value Mismatch,valueusd,Calculated vs reported value differs by >10%
3700334657,Value Mismatch,valueusd,Calculated vs reported value differs by >10%
3700334655,Value Mismatch,valueusd,Calculated vs reported value differs by >10%
3700334654,Value Mismatch,valueusd,Calculated vs reported value differs by >10%
3700334653,Value Mismatch,valueusd,Calculated vs reported value differs by >10%
3700340974,Value Mismatch,valueusd,Calculated vs reported value differs by >10%
3700422344,Value Mismatch,valueusd,Calculated vs reported value differs by >10%
3700415717,Value Mismatch,valueusd,Calculated vs reported value differs by >10%
3700415716,Value Mismatch,valueusd,Calculated vs reported value differs by >10%
3700464245,Value Mismatch,valueusd,Calculated vs reported value differs by >10%
3700464244,Value Mismatch,valueusd,Calculated vs reported value differs by >10%
3700464243,Value Mismatch,valueusd,Calculated vs reported value differs by >10%
3700464242,Value Mismatch,valueusd,Calculated vs reported value differs by >10%
3700464241,Value Mismatch,valueusd,Calculated vs reported value differs by >10%
3700464240,Value Mismatch,valueusd,Calculated vs reported value differs by >10%
3700464239,Value Mismatch,valueusd,Calculated vs reported value differs by >10%
3700464238,Value Mismatch,valueusd,Calculated vs reported value differs by >10%
3700464237,Value Mismatch,valueusd,Calculated vs reported value differs by >10%
3700464236,Value Mismatch,valueusd,Calculated vs reported value differs by >10%
3700464235,Value Mismatch,valueusd,Calculated vs reported value differs by >10%
3700464234,Value Mismatch,valueusd,Calculated vs reported value differs by >10%
3700464233,Value Mismatch,valueusd,Calculated vs reported value differs by >10%
3700464232,Value Mismatch,valueusd,Calculated vs reported value differs by >10%
3700464231,Value Mismatch,valueusd,Calculated vs reported value differs by >10%
3700464230,Value Mismatch,valueusd,Calculated vs reported value differs by >10%
3700464229,Value Mismatch,valueusd,Calculated vs reported value differs by >10%
3700464228,Value Mismatch,valueusd,Calculated vs reported value differs by >10%
3700464227,Value Mismatch,valueusd,Calculated vs reported value differs by >10%
3700464226,Value Mismatch,valueusd,Calculated vs reported value differs by >10%
3700464225,Value Mismatch,valueusd,Calculated vs reported value differs by >10%
3700464224,Value Mismatch,valueusd,Calculated vs reported value differs by >10%
3700464223,Value Mismatch,valueusd,Calculated vs reported value differs by >10%
3700464222,Value Mismatch,valueusd,Calculated vs reported value differs by >10%
3700464221,Value Mismatch,valueusd,Calculated vs reported value differs by >10%
3700464220,Value Mismatch,valueusd,Calculated vs reported value differs by >10%
3700464219,Value Mismatch,valueusd,Calculated vs reported value differs by >10%
3700455115,Value Mismatch,valueusd,Calculated vs reported value differs by >10%
3700341373,Value Mismatch,valueusd,Calculated vs reported value differs by >10%
3700341372,Value Mismatch,valueusd,Calculated vs reported value differs by >10%
3700341371,Value Mismatch,valueusd,Calculated vs reported value differs by >10%
3700341370,Value Mismatch,valueusd,Calculated vs reported value differs by >10%
3700341369,Value Mismatch,valueusd,Calculated vs reported value differs by >10%
3700341368,Value Mismatch,valueusd,Calculated vs reported value differs by >10%
3700341367,Value Mismatch,valueusd,Calculated vs reported value differs by >10%
3700341366,Value Mismatch,valueusd,Calculated vs reported value differs by >10%
3700341365,Value Mismatch,valueusd,Calculated vs reported value differs by >10%
3700341364,Value Mismatch,valueusd,Calculated vs reported value differs by >10%
3700341363,Value Mismatch,valueusd,Calculated vs reported value differs by >10%
3700341362,Value Mismatch,valueusd,Calculated vs reported value differs by >10%
3700341361,Value Mismatch,valueusd,Calculated vs reported value differs by >10%
3700341360,Value Mismatch,valueusd,Calculated vs reported value differs by >10%
3700341359,Value Mismatch,valueusd,Calculated vs reported value differs by >10%
3700341358,Value Mismatch,valueusd,Calculated vs reported value differs by >10%
3700341357,Value Mismatch,valueusd,Calculated vs reported value differs by >10%
3700341356,Value Mismatch,valueusd,Calculated vs reported value differs by >10%
3700341355,Value Mismatch,valueusd,Calculated vs reported value differs by >10%
3700341354,Value Mismatch,valueusd,Calculated vs reported value differs by >10%
3700341353,Value Mismatch,valueusd,Calculated vs reported value differs by >10%
3700341352,Value Mismatch,valueusd,Calculated vs reported value differs by >10%
3700341351,Value Mismatch,valueusd,Calculated vs reported value differs by >10%
3700341350,Value Mismatch,valueusd,Calculated vs reported value differs by >10%
3700341349,Value Mismatch,valueusd,Calculated vs reported value differs by >10%
3700341224,Value Mismatch,valueusd,Calculated vs reported value differs by >10%
3700341223,Value Mismatch,valueusd,Calculated vs reported value differs by >10%
3700341222,Value Mismatch,valueusd,Calculated vs reported value differs by >10%
3700341221,Value Mismatch,valueusd,Calculated vs reported value differs by >10%
3700341220,Value Mismatch,valueusd,Calculated vs reported value differs by >10%
3700341219,Value Mismatch,valueusd,Calculated vs reported value differs by >10%
3700341218,Value Mismatch,valueusd,Calculated vs reported value differs by >10%
3700341217,Value Mismatch,valueusd,Calculated vs reported value differs by >10%
3700341216,Value Mismatch,valueusd,Calculated vs reported value differs by >10%
3700341215,Value Mismatch,valueusd,Calculated vs reported value differs by >10%
3700341214,Value Mismatch,valueusd,Calculated vs reported value differs by >10%
3700341213,Value Mismatch,valueusd,Calculated vs reported value differs by >10%
3700341212,Value Mismatch,valueusd,Calculated vs reported value differs by >10%
3700341211,Value Mismatch,valueusd,Calculated vs reported value differs by >10%
3700341210,Value Mismatch,valueusd,Calculated vs reported value differs by >10%
3700341209,Value Mismatch,valueusd,Calculated vs reported value differs by >10%
3700341208,Value Mismatch,valueusd,Calculated vs reported value differs by >10%
3700341207,Value Mismatch,valueusd,Calculated vs reported value differs by >10%
3700341206,Value Mismatch,valueusd,Calculated vs reported value differs by >10%
3700341205,Value Mismatch,valueusd,Calculated vs reported value differs by >10%
3700341204,Value Mismatch,valueusd,Calculated vs reported value differs by >10%
3700341201,Value Mismatch,valueusd,Calculated vs reported value differs by >10%
3700341196,Value Mismatch,valueusd,Calculated vs reported value differs by >10%
3700341195,Value Mismatch,valueusd,Calculated vs reported value differs by >10%
3700341194,Value Mismatch,valueusd,Calculated vs reported value differs by >10%
3700341192,Value Mismatch,valueusd,Calculated vs reported value differs by >10%
3700341191,Value Mismatch,valueusd,Calculated vs reported value differs by >10%
3700341190,Value Mismatch,valueusd,Calculated vs reported value differs by >10%
3700341189,Value Mismatch,valueusd,Calculated vs reported value differs by >10%
3700341188,Value Mismatch,valueusd,Calculated vs reported value differs by >10%
3700341187,Value Mismatch,valueusd,Calculated vs reported value differs by >10%
3700341186,Value Mismatch,valueusd,Calculated vs reported value differs by >10%
3700341185,Value Mismatch,valueusd,Calculated vs reported value differs by >10%
3700341184,Value Mismatch,valueusd,Calculated vs reported value differs by >10%
3700341183,Value Mismatch,valueusd,Calculated vs reported value differs by >10%
3700341182,Value Mismatch,valueusd,Calculated vs reported value differs by >10%
3700341181,Value Mismatch,valueusd,Calculated vs reported value differs by >10%
3700341180,Value Mismatch,valueusd,Calculated vs reported value differs by >10%
3700341179,Value Mismatch,valueusd,Calculated vs reported value differs by >10%
3700341178,Value Mismatch,valueusd,Calculated vs reported value differs by >10%
3700341177,Value Mismatch,valueusd,Calculated vs reported value differs by >10%
3700341176,Value Mismatch,valueusd,Calculated vs reported value differs by >10%
3700341175,Value Mismatch,valueusd,Calculated vs reported value differs by >10%
3700340985,Value Mismatch,valueusd,Calculated vs reported value differs by >10%
3700340984,Value Mismatch,valueusd,Calculated vs reported value differs by >10%
3700340983,Value Mismatch,valueusd,Calculated vs reported value differs by >10%
3700340982,Value Mismatch,valueusd,Calculated vs reported value differs by >10%
3700340981,Value Mismatch,valueusd,Calculated vs reported value differs by >10%
3700340980,Value Mismatch,valueusd,Calculated vs reported value differs by >10%
3700340979,Value Mismatch,valueusd,Calculated vs reported value differs by >10%
3700340978,Value Mismatch,valueusd,Calculated vs reported value differs by >10%
3700340976,Value Mismatch,valueusd,Calculated vs reported value differs by >10%
3700340975,Value Mismatch,valueusd,Calculated vs reported value differs by >10%
3700340973,Value Mismatch,valueusd,Calculated vs reported value differs by >10%
3700340972,Value Mismatch,valueusd,Calculated vs reported value differs by >10%
3700340970,Value Mismatch,valueusd,Calculated vs reported value differs by >10%
3700340969,Value Mismatch,valueusd,Calculated vs reported value differs by >10%
3700340968,Value Mismatch,valueusd,Calculated vs reported value differs by >10%
3700340967,Value Mismatch,valueusd,Calculated vs reported value differs by >10%
3700340966,Value Mismatch,valueusd,Calculated vs reported value differs by >10%
3700340965,Value Mismatch,valueusd,Calculated vs reported value differs by >10%
3700340964,Value Mismatch,valueusd,Calculated vs reported value differs by >10%
3700340963,Value Mismatch,valueusd,Calculated vs reported value differs by >10%
3700340962,Value Mismatch,valueusd,Calculated vs reported value differs by >10%
3700340961,Value Mismatch,valueusd,Calculated vs reported value differs by >10%
3700340960,Value Mismatch,valueusd,Calculated vs reported value differs by >10%
3700340959,Value Mismatch,valueusd,Calculated vs reported value differs by >10%
3700340958,Value Mismatch,valueusd,Calculated vs reported value differs by >10%
3700340957,Value Mismatch,valueusd,Calculated vs reported value differs by >10%
3700340955,Value Mismatch,valueusd,Calculated vs reported value differs by >10%
3700340954,Value Mismatch,valueusd,Calculated vs reported value differs by >10%
3700340953,Value Mismatch,valueusd,Calculated vs reported value differs by >10%
3700340952,Value Mismatch,valueusd,Calculated vs reported value differs by >10%
3700340951,Value Mismatch,valueusd,Calculated vs reported value differs by >10%
3700340950,Value Mismatch,valueusd,Calculated vs reported value differs by >10%
3700340949,Value Mismatch,valueusd,Calculated vs reported value differs by >10%
3700340948,Value Mismatch,valueusd,Calculated vs reported value differs by >10%
3700340947,Value Mismatch,valueusd,Calculated vs reported value differs by >10%
3700340946,Value Mismatch,valueusd,Calculated vs reported value differs by >10%
3700340945,Value Mismatch,valueusd,Calculated vs reported value differs by >10%
3700340944,Value Mismatch,valueusd,Calculated vs reported value differs by >10%
3700340943,Value Mismatch,valueusd,Calculated vs reported value differs by >10%
3700340942,Value Mismatch,valueusd,Calculated vs reported value differs by >10%
3700340941,Value Mismatch,valueusd,Calculated vs reported value differs by >10%
3700340940,Value Mismatch,valueusd,Calculated vs reported value differs by >10%
3700340939,Value Mismatch,valueusd,Calculated vs reported value differs by >10%
3700340937,Value Mismatch,valueusd,Calculated vs reported value differs by >10%
3700340936,Value Mismatch,valueusd,Calculated vs reported value differs by >10%
3700340798,Value Mismatch,valueusd,Calculated vs reported value differs by >10%
3700340796,Value Mismatch,valueusd,Calculated vs reported value differs by >10%
3700340795,Value Mismatch,valueusd,Calculated vs reported value differs by >10%
3700340794,Value Mismatch,valueusd,Calculated vs reported value differs by >10%
3700340793,Value Mismatch,valueusd,Calculated vs reported value differs by >10%
3700340792,Value Mismatch,valueusd,Calculated vs reported value differs by >10%
3700340791,Value Mismatch,valueusd,Calculated vs reported value differs by >10%
3700340790,Value Mismatch,valueusd,Calculated vs reported value differs by >10%
3700340789,Value Mismatch,valueusd,Calculated vs reported value differs by >10%
3700340788,Value Mismatch,valueusd,Calculated vs reported value differs by >10%
3700340786,Value Mismatch,valueusd,Calculated vs reported value differs by >10%
3700340785,Value Mismatch,valueusd,Calculated vs reported value differs by >10%
3700340783,Value Mismatch,valueusd,Calculated vs reported value differs by >10%
3700340782,Value Mismatch,valueusd,Calculated vs reported value differs by >10%
3700340781,Value Mismatch,valueusd,Calculated vs reported value differs by >10%
3700340780,Value Mismatch,valueusd,Calculated vs reported value differs by >10%
3700340779,Value Mismatch,valueusd,Calculated vs reported value differs by >10%
3700340778,Value Mismatch,valueusd,Calculated vs reported value differs by >10%
3700340777,Value Mismatch,valueusd,Calculated vs reported value differs by >10%
3700340776,Value Mismatch,valueusd,Calculated vs reported value differs by >10%
3700340775,Value Mismatch,valueusd,Calculated vs reported value differs by >10%
3700340774,Value Mismatch,valueusd,Calculated vs reported value differs by >10%
3700340773,Value Mismatch,valueusd,Calculated vs reported value differs by >10%
3700340772,Value Mismatch,valueusd,Calculated vs reported value differs by >10%
3700335336,Value Mismatch,valueusd,Calculated vs reported value differs by >10%
3700335335,Value Mismatch,valueusd,Calculated vs reported value differs by >10%
3700335334,Value Mismatch,valueusd,Calculated vs reported value differs by >10%
3700335333,Value Mismatch,valueusd,Calculated vs reported value differs by >10%
3700335332,Value Mismatch,valueusd,Calculated vs reported value differs by >10%
3700335331,Value Mismatch,valueusd,Calculated vs reported value differs by >10%
3700335330,Value Mismatch,valueusd,Calculated vs reported value differs by >10%
3700335329,Value Mismatch,valueusd,Calculated vs reported value differs by >10%
3700335328,Value Mismatch,valueusd,Calculated vs reported value differs by >10%
3700335327,Value Mismatch,valueusd,Calculated vs reported value differs by >10%
3700335326,Value Mismatch,valueusd,Calculated vs reported value differs by >10%
3700335325,Value Mismatch,valueusd,Calculated vs reported value differs by >10%
3700335324,Value Mismatch,valueusd,Calculated vs reported value differs by >10%
3700335322,Value Mismatch,valueusd,Calculated vs reported value differs by >10%
3700335321,Value Mismatch,valueusd,Calculated vs reported value differs by >10%
3700335320,Value Mismatch,valueusd,Calculated vs reported value differs by >10%
3700335319,Value Mismatch,valueusd,Calculated vs reported value differs by >10%
3700335318,Value Mismatch,valueusd,Calculated vs reported value differs by >10%
3700335317,Value Mismatch,valueusd,Calculated vs reported value differs by >10%
3700335315,Value Mismatch,valueusd,Calculated vs reported value differs by >10%
3700335314,Value Mismatch,valueusd,Calculated vs reported value differs by >10%
3700335313,Value Mismatch,valueusd,Calculated vs reported value differs by >10%
3700335312,Value Mismatch,valueusd,Calculated vs reported value differs by >10%
3700335311,Value Mismatch,valueusd,Calculated vs reported value differs by >10%
3700335310,Value Mismatch,valueusd,Calculated vs reported value differs by >10%
3700335309,Value Mismatch,valueusd,Calculated vs reported value differs by >10%
3700335308,Value Mismatch,valueusd,Calculated vs reported value differs by >10%
3700335307,Value Mismatch,valueusd,Calculated vs reported value differs by >10%
3700335306,Value Mismatch,valueusd,Calculated vs reported value differs by >10%
3700335305,Value Mismatch,valueusd,Calculated vs reported value differs by >10%
3700335304,Value Mismatch,valueusd,Calculated vs reported value differs by >10%
3700335303,Value Mismatch,valueusd,Calculated vs reported value differs by >10%
3700335302,Value Mismatch,valueusd,Calculated vs reported value differs by >10%
3700335301,Value Mismatch,valueusd,Calculated vs reported value differs by >10%
3700335300,Value Mismatch,valueusd,Calculated vs reported value differs by >10%
3700334858,Value Mismatch,valueusd,Calculated vs reported value differs by >10%
3700334857,Value Mismatch,valueusd,Calculated vs reported value differs by >10%
3700334856,Value Mismatch,valueusd,Calculated vs reported value differs by >10%
3700334855,Value Mismatch,valueusd,Calculated vs reported value differs by >10%
3700334854,Value Mismatch,valueusd,Calculated vs reported value differs by >10%
3700334853,Value Mismatch,valueusd,Calculated vs reported value differs by >10%
3700334852,Value Mismatch,valueusd,Calculated vs reported value differs by >10%
3700334851,Value Mismatch,valueusd,Calculated vs reported value differs by >10%
3700334850,Value Mismatch,valueusd,Calculated vs reported value differs by >10%
3700334849,Value Mismatch,valueusd,Calculated vs reported value differs by >10%
3700334848,Value Mismatch,valueusd,Calculated vs reported value differs by >10%
3700334847,Value Mismatch,valueusd,Calculated vs reported value differs by >10%
3700334846,Value Mismatch,valueusd,Calculated vs reported value differs by >10%
3700334845,Value Mismatch,valueusd,Calculated vs reported value differs by >10%
3700334844,Value Mismatch,valueusd,Calculated vs reported value differs by >10%
3700334843,Value Mismatch,valueusd,Calculated vs reported value differs by >10%
3700334842,Value Mismatch,valueusd,Calculated vs reported value differs by >10%
3700334841,Value Mismatch,valueusd,Calculated vs reported value differs by >10%
3700334840,Value Mismatch,valueusd,Calculated vs reported value differs by >10%
3700334839,Value Mismatch,valueusd,Calculated vs reported value differs by >10%
3700334838,Value Mismatch,valueusd,Calculated vs reported value differs by >10%
3700334837,Value Mismatch,valueusd,Calculated vs reported value differs by >10%
3700334836,Value Mismatch,valueusd,Calculated vs reported value differs by >10%
3700334835,Value Mismatch,valueusd,Calculated vs reported value differs by >10%
3700334834,Value Mismatch,valueusd,Calculated vs reported value differs by >10%
3700334833,Value Mismatch,valueusd,Calculated vs reported value differs by >10%
3700334827,Value Mismatch,valueusd,Calculated vs reported value differs by >10%
3700334826,Value Mismatch,valueusd,Calculated vs reported value differs by >10%
3700334825,Value Mismatch,valueusd,Calculated vs reported value differs by >10%
3700334824,Value Mismatch,valueusd,Calculated vs reported value differs by >10%
3700334823,Value Mismatch,valueusd,Calculated vs reported value differs by >10%
3700334822,Value Mismatch,valueusd,Calculated vs reported value differs by >10%
3700334821,Value Mismatch,valueusd,Calculated vs reported value differs by >10%
3700334820,Value Mismatch,valueusd,Calculated vs reported value differs by >10%
3700334819,Value Mismatch,valueusd,Calculated vs reported value differs by >10%
3700334818,Value Mismatch,valueusd,Calculated vs reported value differs by >10%
3700334817,Value Mismatch,valueusd,Calculated vs reported value differs by >10%
3700334816,Value Mismatch,valueusd,Calculated vs reported value differs by >10%
3700334815,Value Mismatch,valueusd,Calculated vs reported value differs by >10%
3700334814,Value Mismatch,valueusd,Calculated vs reported value differs by >10%
3700334813,Value Mismatch,valueusd,Calculated vs reported value differs by >10%
3700334692,Value Mismatch,valueusd,Calculated vs reported value differs by >10%
3700334690,Value Mismatch,valueusd,Calculated vs reported value differs by >10%
3700334689,Value Mismatch,valueusd,Calculated vs reported value differs by >10%
3700334688,Value Mismatch,valueusd,Calculated vs reported value differs by >10%
3700334687,Value Mismatch,valueusd,Calculated vs reported value differs by >10%
3700334685,Value Mismatch,valueusd,Calculated vs reported value differs by >10%
3700334683,Value Mismatch,valueusd,Calculated vs reported value differs by >10%
3700334682,Value Mismatch,valueusd,Calculated vs reported value differs by >10%
3700334681,Value Mismatch,valueusd,Calculated vs reported value differs by >10%
3700334680,Value Mismatch,valueusd,Calculated vs reported value differs by >10%
3700334679,Value Mismatch,valueusd,Calculated vs reported value differs by >10%
3700334678,Value Mismatch,valueusd,Calculated vs reported value differs by >10%
3700334677,Value Mismatch,valueusd,Calculated vs reported value differs by >10%
3700334676,Value Mismatch,valueusd,Calculated vs reported value differs by >10%
3700334675,Value Mismatch,valueusd,Calculated vs reported value differs by >10%
3700334674,Value Mismatch,valueusd,Calculated vs reported value differs by >10%
3700334673,Value Mismatch,valueusd,Calculated vs reported value differs by >10%
3700334672,Value Mismatch,valueusd,Calculated vs reported value differs by >10%
3700334671,Value Mismatch,valueusd,Calculated vs reported value differs by >10%
3700334670,Value Mismatch,valueusd,Calculated vs reported value differs by >10%
3700334669,Value Mismatch,valueusd,Calculated vs reported value differs by >10%
3700334668,Value Mismatch,valueusd,Calculated vs reported value differs by >10%
3700334667,Value Mismatch,valueusd,Calculated vs reported value differs by >10%
3700334666,Value Mismatch,valueusd,Calculated vs reported value differs by >10%
3700334665,Value Mismatch,valueusd,Calculated vs reported value differs by >10%
3700334664,Value Mismatch,valueusd,Calculated vs reported value differs by >10%
3700334663,Value Mismatch,valueusd,Calculated vs reported value differs by >10%
3700334662,Value Mismatch,valueusd,Calculated vs reported value differs by >10%
3700334661,Value Mismatch,valueusd,Calculated vs reported value differs by >10%
3700334660,Value Mismatch,valueusd,Calculated vs reported value differs by >10%
3700334652,Value Mismatch,valueusd,Calculated vs reported value differs by >10%
3700334651,Value Mismatch,valueusd,Calculated vs reported value differs by >10%
3700334650,Value Mismatch,valueusd,Calculated vs reported value differs by >10%
3700334647,Value Mismatch,valueusd,Calculated vs reported value differs by >10%
3700334646,Value Mismatch,valueusd,Calculated vs reported value differs by >10%
3700334645,Value Mismatch,valueusd,Calculated vs reported value differs by >10%
3700334643,Value Mismatch,valueusd,Calculated vs reported value differs by >10%
3700334642,Value Mismatch,valueusd,Calculated vs reported value differs by >10%
3700334640,Value Mismatch,valueusd,Calculated vs reported value differs by >10%
3700334639,Value Mismatch,valueusd,Calculated vs reported value differs by >10%
3700334638,Value Mismatch,valueusd,Calculated vs reported value differs by >10%
3700334637,Value Mismatch,valueusd,Calculated vs reported value differs by >10%
3700334636,Value Mismatch,valueusd,Calculated vs reported value differs by >10%
3700334635,Value Mismatch,valueusd,Calculated vs reported value differs by >10%
3700334001,Value Mismatch,valueusd,Calculated vs reported value differs by >10%
3700334000,Value Mismatch,valueusd,Calculated vs reported value differs by >10%
3700333999,Value Mismatch,valueusd,Calculated vs reported value differs by >10%
3700333998,Value Mismatch,valueusd,Calculated vs reported value differs by >10%
3700333997,Value Mismatch,valueusd,Calculated vs reported value differs by >10%
3700333996,Value Mismatch,valueusd,Calculated vs reported value differs by >10%
3700333995,Value Mismatch,valueusd,Calculated vs reported value differs by >10%
3700333994,Value Mismatch,valueusd,Calculated vs reported value differs by >10%
3700333993,Value Mismatch,valueusd,Calculated vs reported value differs by >10%
3700333992,Value Mismatch,valueusd,Calculated vs reported value differs by >10%
3700333990,Value Mismatch,valueusd,Calculated vs reported value differs by >10%
3700333989,Value Mismatch,valueusd,Calculated vs reported value differs by >10%
3700333988,Value Mismatch,valueusd,Calculated vs reported value differs by >10%
3700333987,Value Mismatch,valueusd,Calculated vs reported value differs by >10%
3700333986,Value Mismatch,valueusd,Calculated vs reported value differs by >10%
3700333985,Value Mismatch,valueusd,Calculated vs reported value differs by >10%
3700333984,Value Mismatch,valueusd,Calculated vs reported value differs by >10%
3700333983,Value Mismatch,valueusd,Calculated vs reported value differs by >10%
3700333981,Value Mismatch,valueusd,Calculated vs reported value differs by >10%
3700333980,Value Mismatch,valueusd,Calculated vs reported value differs by >10%
3700333979,Value Mismatch,valueusd,Calculated vs reported value differs by >10%
3700333978,Value Mismatch,valueusd,Calculated vs reported value differs by >10%
3700333977,Value Mismatch,valueusd,Calculated vs reported value differs by >10%
3700333976,Value Mismatch,valueusd,Calculated vs reported value differs by >10%
3700333975,Value Mismatch,valueusd,Calculated vs reported value differs by >10%
3700333973,Value Mismatch,valueusd,Calculated vs reported value differs by >10%
3700333972,Value Mismatch,valueusd,Calculated vs reported value differs by >10%
3700333971,Value Mismatch,valueusd,Calculated vs reported value differs by >10%
3700333970,Value Mismatch,valueusd,Calculated vs reported value differs by >10%
3700333969,Value Mismatch,valueusd,Calculated vs reported value differs by >10%
3700333968,Value Mismatch,valueusd,Calculated vs reported value differs by >10%
3700333967,Value Mismatch,valueusd,Calculated vs reported value differs by >10%
3700333966,Value Mismatch,valueusd,Calculated vs reported value differs by >10%
3700333965,Value Mismatch,valueusd,Calculated vs reported value differs by >10%
3700333964,Value Mismatch,valueusd,Calculated vs reported value differs by >10%
3700333963,Value Mismatch,valueusd,Calculated vs reported value differs by >10%
3700333962,Value Mismatch,valueusd,Calculated vs reported value differs by >10%
3700333961,Value Mismatch,valueusd,Calculated vs reported value differs by >10%
3700333960,Value Mismatch,valueusd,Calculated vs reported value differs by >10%
3700333959,Value Mismatch,valueusd,Calculated vs reported value differs by >10%
3700333958,Value Mismatch,valueusd,Calculated vs reported value differs by >10%
3700333956,Value Mismatch,valueusd,Calculated vs reported value differs by >10%
3700333955,Value Mismatch,valueusd,Calculated vs reported value differs by >10%
3700333954,Value Mismatch,valueusd,Calculated vs reported value differs by >10%
3700333953,Value Mismatch,valueusd,Calculated vs reported value differs by >10%
3700333952,Value Mismatch,valueusd,Calculated vs reported value differs by >10%
3700333951,Value Mismatch,valueusd,Calculated vs reported value differs by >10%
3700451535,Value Mismatch,valueusd,Calculated vs reported value differs by >10%
3700440944,Value Mismatch,valueusd,Calculated vs reported value differs by >10%
3700386650,Value Mismatch,valueusd,Calculated vs reported value differs by >10%
3700386649,Value Mismatch,valueusd,Calculated vs reported value differs by >10%
3700370570,Value Mismatch,valueusd,Calculated vs reported value differs by >10%
3700363246,Value Mismatch,valueusd,Calculated vs reported value differs by >10%
3700315216,Value Mismatch,valueusd,Calculated vs reported value differs by >10%
3700315215,Value Mismatch,valueusd,Calculated vs reported value differs by >10%
3700439448,Value Mismatch,valueusd,Calculated vs reported value differs by >10%
3700435946,Value Mismatch,valueusd,Calculated vs reported value differs by >10%
3700435945,Value Mismatch,valueusd,Calculated vs reported value differs by >10%
3700432140,Value Mismatch,valueusd,Calculated vs reported value differs by >10%
3700429596,Value Mismatch,valueusd,Calculated vs reported value differs by >10%
3700429595,Value Mismatch,valueusd,Calculated vs reported value differs by >10%
3700429594,Value Mismatch,valueusd,Calculated vs reported value differs by >10%
3700429593,Value Mismatch,valueusd,Calculated vs reported value differs by >10%
3700165915,Value Mismatch,valueusd,Calculated vs reported value differs by >10%
3700165914,Value Mismatch,valueusd,Calculated vs reported value differs by >10%
3700161882,Value Mismatch,valueusd,Calculated vs reported value differs by >10%
3700161881,Value Mismatch,valueusd,Calculated vs reported value differs by >10%
3700161880,Value Mismatch,valueusd,Calculated vs reported value differs by >10%
3700161879,Value Mismatch,valueusd,Calculated vs reported value differs by >10%
3700161878,Value Mismatch,valueusd,Calculated vs reported value differs by >10%
3700161877,Value Mismatch,valueusd,Calculated vs reported value differs by >10%
3700161876,Value Mismatch,valueusd,Calculated vs reported value differs by >10%
3700161875,Value Mismatch,valueusd,Calculated vs reported value differs by >10%
3700161874,Value Mismatch,valueusd,Calculated vs reported value differs by >10%
3700161344,Value Mismatch,valueusd,Calculated vs reported value differs by >10%
3700161343,Value Mismatch,valueusd,Calculated vs reported value differs by >10%
3700161342,Value Mismatch,valueusd,Calculated vs reported value differs by >10%
3700161341,Value Mismatch,valueusd,Calculated vs reported value differs by >10%
3700326811,Value Mismatch,valueusd,Calculated vs reported value differs by >10%
3700389501,Value Mismatch,valueusd,Calculated vs reported value differs by >10%
3700313795,Value Mismatch,valueusd,Calculated vs reported value differs by >10%
3700437665,Value Mismatch,valueusd,Calculated vs reported value differs by >10%
3700437664,Value Mismatch,valueusd,Calculated vs reported value differs by >10%
3700311785,Value Mismatch,valueusd,Calculated vs reported value differs by >10%
3698789996,Value Mismatch,valueusd,Calculated vs reported value differs by >10%
3699300713,Value Mismatch,valueusd,Calculated vs reported value differs by >10%
3698760925,Value Mismatch,valueusd,Calculated vs reported value differs by >10%
3699217150,Value Mismatch,valueusd,Calculated vs reported value differs by >10%
3699212652,Value Mismatch,valueusd,Calculated vs reported value differs by >10%
3699212651,Value Mismatch,valueusd,Calculated vs reported value differs by >10%
6977622249,Value Mismatch,valueusd,Calculated vs reported value differs by >10%
6977622250,Value Mismatch,valueusd,Calculated vs reported value differs by >10%
3699212650,Value Mismatch,valueusd,Calculated vs reported value differs by >10%
3699201169,Value Mismatch,valueusd,Calculated vs reported value differs by >10%
3699003703,Value Mismatch,valueusd,Calculated vs reported value differs by >10%
3700342192,Value Mismatch,valueusd,Calculated vs reported value differs by >10%
3700392385,Value Mismatch,valueusd,Calculated vs reported value differs by >10%
3700335065,Value Mismatch,valueusd,Calculated vs reported value differs by >10%
3700389500,Value Mismatch,valueusd,Calculated vs reported value differs by >10%
3700388378,Value Mismatch,valueusd,Calculated vs reported value differs by >10%
3700388377,Value Mismatch,valueusd,Calculated vs reported value differs by >10%
3700388376,Value Mismatch,valueusd,Calculated vs reported value differs by >10%
3700388375,Value Mismatch,valueusd,Calculated vs reported value differs by >10%
3700439857,Value Mismatch,valueusd,Calculated vs reported value differs by >10%
3700435448,Value Mismatch,valueusd,Calculated vs reported value differs by >10%
3698533340,Value Mismatch,valueusd,Calculated vs reported value differs by >10%
3698430459,Value Mismatch,valueusd,Calculated vs reported value differs by >10%
3698419753,Value Mismatch,valueusd,Calculated vs reported value differs by >10%
3698399075,Value Mismatch,valueusd,Calculated vs reported value differs by >10%
3698399074,Value Mismatch,valueusd,Calculated vs reported value differs by >10%
3698398174,Value Mismatch,valueusd,Calculated vs reported value differs by >10%
3698398173,Value Mismatch,valueusd,Calculated vs reported value differs by >10%
3698398172,Value Mismatch,valueusd,Calculated vs reported value differs by >10%
3698394435,Value Mismatch,valueusd,Calculated vs reported value differs by >10%
3698394434,Value Mismatch,valueusd,Calculated vs reported value differs by >10%
3698416572,Value Mismatch,valueusd,Calculated vs reported value differs by >10%
3698390300,Value Mismatch,valueusd,Calculated vs reported value differs by >10%
3698413452,Value Mismatch,valueusd,Calculated vs reported value differs by >10%
3698402465,Value Mismatch,valueusd,Calculated vs reported value differs by >10%
3698402464,Value Mismatch,valueusd,Calculated vs reported value differs by >10%
3698299433,Value Mismatch,valueusd,Calculated vs reported value differs by >10%
3698280605,Value Mismatch,valueusd,Calculated vs reported value differs by >10%
3698280604,Value Mismatch,valueusd,Calculated vs reported value differs by >10%
3698495980,Value Mismatch,valueusd,Calculated vs reported value differs by >10%
3698365939,Value Mismatch,valueusd,Calculated vs reported value differs by >10%
3698621363,Value Mismatch,valueusd,Calculated vs reported value differs by >10%
3698616606,Value Mismatch,valueusd,Calculated vs reported value differs by >10%
3698604506,Value Mismatch,valueusd,Calculated vs reported value differs by >10%
3698604505,Value Mismatch,valueusd,Calculated vs reported value differs by >10%
3698345979,Value Mismatch,valueusd,Calculated vs reported value differs by >10%
3698345978,Value Mismatch,valueusd,Calculated vs reported value differs by >10%
3698345977,Value Mismatch,valueusd,Calculated vs reported value differs by >10%
3698591916,Value Mismatch,valueusd,Calculated vs reported value differs by >10%
3698474197,Value Mismatch,valueusd,Calculated vs reported value differs by >10%
3698474196,Value Mismatch,valueusd,Calculated vs reported value differs by >10%
3698474195,Value Mismatch,valueusd,Calculated vs reported value differs by >10%
3698474194,Value Mismatch,valueusd,Calculated vs reported value differs by >10%
3698474193,Value Mismatch,valueusd,Calculated vs reported value differs by >10%
3698466405,Value Mismatch,valueusd,Calculated vs reported value differs by >10%
3698453566,Value Mismatch,valueusd,Calculated vs reported value differs by >10%
3698453565,Value Mismatch,valueusd,Calculated vs reported value differs by >10%
3698453564,Value Mismatch,valueusd,Calculated vs reported value differs by >10%
3698451143,Value Mismatch,valueusd,Calculated vs reported value differs by >10%
3698451142,Value Mismatch,valueusd,Calculated vs reported value differs by >10%
3698553913,Value Mismatch,valueusd,Calculated vs reported value differs by >10%
3698553912,Value Mismatch,valueusd,Calculated vs reported value differs by >10%
3698553911,Value Mismatch,valueusd,Calculated vs reported value differs by >10%
3699975973,Value Mismatch,valueusd,Calculated vs reported value differs by >10%
3699974685,Value Mismatch,valueusd,Calculated vs reported value differs by >10%
3699948685,Value Mismatch,valueusd,Calculated vs reported value differs by >10%
3699948623,Value Mismatch,valueusd,Calculated vs reported value differs by >10%
3699948622,Value Mismatch,valueusd,Calculated vs reported value differs by >10%
3699948621,Value Mismatch,valueusd,Calculated vs reported value differs by >10%
3699948620,Value Mismatch,valueusd,Calculated vs reported value differs by >10%
3699948619,Value Mismatch,valueusd,Calculated vs reported value differs by >10%
3699948618,Value Mismatch,valueusd,Calculated vs reported value differs by >10%
3699948617,Value Mismatch,valueusd,Calculated vs reported value differs by >10%
3699948616,Value Mismatch,valueusd,Calculated vs reported value differs by >10%
3699948615,Value Mismatch,valueusd,Calculated vs reported value differs by >10%
3699948614,Value Mismatch,valueusd,Calculated vs reported value differs by >10%
3699948613,Value Mismatch,valueusd,Calculated vs reported value differs by >10%
3699948612,Value Mismatch,valueusd,Calculated vs reported value differs by >10%
3699948611,Value Mismatch,valueusd,Calculated vs reported value differs by >10%
3699948610,Value Mismatch,valueusd,Calculated vs reported value differs by >10%
3699948609,Value Mismatch,valueusd,Calculated vs reported value differs by >10%
3699948608,Value Mismatch,valueusd,Calculated vs reported value differs by >10%
3699948607,Value Mismatch,valueusd,Calculated vs reported value differs by >10%
3699948606,Value Mismatch,valueusd,Calculated vs reported value differs by >10%
3699948605,Value Mismatch,valueusd,Calculated vs reported value differs by >10%
3699948604,Value Mismatch,valueusd,Calculated vs reported value differs by >10%
3699948603,Value Mismatch,valueusd,Calculated vs reported value differs by >10%
3699948602,Value Mismatch,valueusd,Calculated vs reported value differs by >10%
3699948601,Value Mismatch,valueusd,Calculated vs reported value differs by >10%
3699948600,Value Mismatch,valueusd,Calculated vs reported value differs by >10%
3699948599,Value Mismatch,valueusd,Calculated vs reported value differs by >10%
3699948598,Value Mismatch,valueusd,Calculated vs reported value differs by >10%
3699948596,Value Mismatch,valueusd,Calculated vs reported value differs by >10%
3699948595,Value Mismatch,valueusd,Calculated vs reported value differs by >10%
3699948594,Value Mismatch,valueusd,Calculated vs reported value differs by >10%
3699948593,Value Mismatch,valueusd,Calculated vs reported value differs by >10%
3699948428,Value Mismatch,valueusd,Calculated vs reported value differs by >10%
3699948591,Value Mismatch,valueusd,Calculated vs reported value differs by >10%
3699948590,Value Mismatch,valueusd,Calculated vs reported value differs by >10%
3699948589,Value Mismatch,valueusd,Calculated vs reported value differs by >10%
3699948588,Value Mismatch,valueusd,Calculated vs reported value differs by >10%
3699948587,Value Mismatch,valueusd,Calculated vs reported value differs by >10%
3699948586,Value Mismatch,valueusd,Calculated vs reported value differs by >10%
3699948585,Value Mismatch,valueusd,Calculated vs reported value differs by >10%
3699948584,Value Mismatch,valueusd,Calculated vs reported value differs by >10%
3699948583,Value Mismatch,valueusd,Calculated vs reported value differs by >10%
3699948582,Value Mismatch,valueusd,Calculated vs reported value differs by >10%
3699948581,Value Mismatch,valueusd,Calculated vs reported value differs by >10%
3699948580,Value Mismatch,valueusd,Calculated vs reported value differs by >10%
3699948579,Value Mismatch,valueusd,Calculated vs reported value differs by >10%
3699948578,Value Mismatch,valueusd,Calculated vs reported value differs by >10%
3699948577,Value Mismatch,valueusd,Calculated vs reported value differs by >10%
3699948576,Value Mismatch,valueusd,Calculated vs reported value differs by >10%
3699948575,Value Mismatch,valueusd,Calculated vs reported value differs by >10%
3699948574,Value Mismatch,valueusd,Calculated vs reported value differs by >10%
3699948572,Value Mismatch,valueusd,Calculated vs reported value differs by >10%
3699948570,Value Mismatch,valueusd,Calculated vs reported value differs by >10%
3699948569,Value Mismatch,valueusd,Calculated vs reported value differs by >10%
3699948568,Value Mismatch,valueusd,Calculated vs reported value differs by >10%
3699948567,Value Mismatch,valueusd,Calculated vs reported value differs by >10%
3699948566,Value Mismatch,valueusd,Calculated vs reported value differs by >10%
3699948565,Value Mismatch,valueusd,Calculated vs reported value differs by >10%
8496644254,Value Mismatch,valueusd,Calculated vs reported value differs by >10%
8847322784,Value Mismatch,valueusd,Calculated vs reported value differs by >10%
8847322784,Value Mismatch,valueusd,Calculated vs reported value differs by >10%
8847322784,Value Mismatch,valueusd,Calculated vs reported value differs by >10%
8847097930,Value Mismatch,valueusd,Calculated vs reported value differs by >10%
8847120622,Value Mismatch,valueusd,Calculated vs reported value differs by >10%
8847120621,Value Mismatch,valueusd,Calculated vs reported value differs by >10%
8847120622,Value Mismatch,valueusd,Calculated vs reported value differs by >10%
8847120622,Value Mismatch,valueusd,Calculated vs reported value differs by >10%
8847120621,Value Mismatch,valueusd,Calculated vs reported value differs by >10%
8847120621,Value Mismatch,valueusd,Calculated vs reported value differs by >10%
3699948564,Value Mismatch,valueusd,Calculated vs reported value differs by >10%
8847071268,Value Mismatch,valueusd,Calculated vs reported value differs by >10%
8847071267,Value Mismatch,valueusd,Calculated vs reported value differs by >10%
8847071266,Value Mismatch,valueusd,Calculated vs reported value differs by >10%
8847071265,Value Mismatch,valueusd,Calculated vs reported value differs by >10%
8847071264,Value Mismatch,valueusd,Calculated vs reported value differs by >10%
8847071268,Value Mismatch,valueusd,Calculated vs reported value differs by >10%
8847071267,Value Mismatch,valueusd,Calculated vs reported value differs by >10%
8847071266,Value Mismatch,valueusd,Calculated vs reported value differs by >10%
8847071265,Value Mismatch,valueusd,Calculated vs reported value differs by >10%
8847071264,Value Mismatch,valueusd,Calculated vs reported value differs by >10%
3699948563,Value Mismatch,valueusd,Calculated vs reported value differs by >10%
3699948562,Value Mismatch,valueusd,Calculated vs reported value differs by >10%
3699948441,Value Mismatch,valueusd,Calculated vs reported value differs by >10%
3699948440,Value Mismatch,valueusd,Calculated vs reported value differs by >10%
3699948439,Value Mismatch,valueusd,Calculated vs reported value differs by >10%
3699948438,Value Mismatch,valueusd,Calculated vs reported value differs by >10%
3699948437,Value Mismatch,valueusd,Calculated vs reported value differs by >10%
3699948434,Value Mismatch,valueusd,Calculated vs reported value differs by >10%
3699948433,Value Mismatch,valueusd,Calculated vs reported value differs by >10%
3699948432,Value Mismatch,valueusd,Calculated vs reported value differs by >10%
3699948431,Value Mismatch,valueusd,Calculated vs reported value differs by >10%
3699948430,Value Mismatch,valueusd,Calculated vs reported value differs by >10%
7852771464,Value Mismatch,valueusd,Calculated vs reported value differs by >10%
7852771464,Value Mismatch,valueusd,Calculated vs reported value differs by >10%
3699948429,Value Mismatch,valueusd,Calculated vs reported value differs by >10%
9326341002,Value Mismatch,valueusd,Calculated vs reported value differs by >10%
9326341002,Value Mismatch,valueusd,Calculated vs reported value differs by >10%
3699948427,Value Mismatch,valueusd,Calculated vs reported value differs by >10%
3699948426,Value Mismatch,valueusd,Calculated vs reported value differs by >10%
9326257426,Value Mismatch,valueusd,Calculated vs reported value differs by >10%
9326257424,Value Mismatch,valueusd,Calculated vs reported value differs by >10%
9326257426,Value Mismatch,valueusd,Calculated vs reported value differs by >10%
9326257424,Value Mismatch,valueusd,Calculated vs reported value differs by >10%
3699948425,Value Mismatch,valueusd,Calculated vs reported value differs by >10%
3699948424,Value Mismatch,valueusd,Calculated vs reported value differs by >10%
3699948423,Value Mismatch,valueusd,Calculated vs reported value differs by >10%
3699948422,Value Mismatch,valueusd,Calculated vs reported value differs by >10%
3699948421,Value Mismatch,valueusd,Calculated vs reported value differs by >10%
3699948420,Value Mismatch,valueusd,Calculated vs reported value differs by >10%
3699948419,Value Mismatch,valueusd,Calculated vs reported value differs by >10%
3699948417,Value Mismatch,valueusd,Calculated vs reported value differs by >10%
3699948416,Value Mismatch,valueusd,Calculated vs reported value differs by >10%
3699948414,Value Mismatch,valueusd,Calculated vs reported value differs by >10%
6749243777,Value Mismatch,valueusd,Calculated vs reported value differs by >10%
6749243777,Value Mismatch,valueusd,Calculated vs reported value differs by >10%
3699948413,Value Mismatch,valueusd,Calculated vs reported value differs by >10%
3699948412,Value Mismatch,valueusd,Calculated vs reported value differs by >10%
3699948411,Value Mismatch,valueusd,Calculated vs reported value differs by >10%
3699948410,Value Mismatch,valueusd,Calculated vs reported value differs by >10%
3699948409,Value Mismatch,valueusd,Calculated vs reported value differs by >10%
3699948408,Value Mismatch,valueusd,Calculated vs reported value differs by >10%
3699948407,Value Mismatch,valueusd,Calculated vs reported value differs by >10%
3699936440,Value Mismatch,valueusd,Calculated vs reported value differs by >10%
3699936439,Value Mismatch,valueusd,Calculated vs reported value differs by >10%
3699934040,Value Mismatch,valueusd,Calculated vs reported value differs by >10%
3699932696,Value Mismatch,valueusd,Calculated vs reported value differs by >10%
3699932695,Value Mismatch,valueusd,Calculated vs reported value differs by >10%
3699835887,Value Mismatch,valueusd,Calculated vs reported value differs by >10%
3699835687,Value Mismatch,valueusd,Calculated vs reported value differs by >10%
3699835686,Value Mismatch,valueusd,Calculated vs reported value differs by >10%
3699835685,Value Mismatch,valueusd,Calculated vs reported value differs by >10%
3699854856,Value Mismatch,valueusd,Calculated vs reported value differs by >10%
3699854855,Value Mismatch,valueusd,Calculated vs reported value differs by >10%
3698544711,Value Mismatch,valueusd,Calculated vs reported value differs by >10%
3699955794,Value Mismatch,valueusd,Calculated vs reported value differs by >10%
3699954877,Value Mismatch,valueusd,Calculated vs reported value differs by >10%
3699954433,Value Mismatch,valueusd,Calculated vs reported value differs by >10%
3698392193,Value Mismatch,valueusd,Calculated vs reported value differs by >10%
3698391596,Value Mismatch,valueusd,Calculated vs reported value differs by >10%
3699942660,Value Mismatch,valueusd,Calculated vs reported value differs by >10%
1251734069,Value Mismatch,valueusd,Calculated vs reported value differs by >10%
3700009859,Value Mismatch,valueusd,Calculated vs reported value differs by >10%
3699841139,Value Mismatch,valueusd,Calculated vs reported value differs by >10%
3699836507,Value Mismatch,valueusd,Calculated vs reported value differs by >10%
3698464530,Value Mismatch,valueusd,Calculated vs reported value differs by >10%
3698457092,Value Mismatch,valueusd,Calculated vs reported value differs by >10%
3700000152,Value Mismatch,valueusd,Calculated vs reported value differs by >10%
3698561749,Value Mismatch,valueusd,Calculated vs reported value differs by >10%
1083569330,Value Mismatch,valueusd,Calculated vs reported value differs by >10%
3699983378,Value Mismatch,valueusd,Calculated vs reported value differs by >10%
1108736837,Value Mismatch,valueusd,Calculated vs reported value differs by >10%
1108736837,Value Mismatch,valueusd,Calculated vs reported value differs by >10%
3697812575,Value Mismatch,valueusd,Calculated vs reported value differs by >10%
3697810075,Value Mismatch,valueusd,Calculated vs reported value differs by >10%
3697984876,Value Mismatch,valueusd,Calculated vs reported value differs by >10%
1054378167,Value Mismatch,valueusd,Calculated vs reported value differs by >10%
1054378167,Value Mismatch,valueusd,Calculated vs reported value differs by >10%
3697981516,Value Mismatch,valueusd,Calculated vs reported value differs by >10%
3697975955,Value Mismatch,valueusd,Calculated vs reported value differs by >10%
3697886002,Value Mismatch,valueusd,Calculated vs reported value differs by >10%
3697949518,Value Mismatch,valueusd,Calculated vs reported value differs by >10%
3697949517,Value Mismatch,valueusd,Calculated vs reported value differs by >10%
3697949516,Value Mismatch,valueusd,Calculated vs reported value differs by >10%
3698154675,Value Mismatch,valueusd,Calculated vs reported value differs by >10%
3697940428,Value Mismatch,valueusd,Calculated vs reported value differs by >10%
3697863465,Value Mismatch,valueusd,Calculated vs reported value differs by >10%
448236523,Value Mismatch,valueusd,Calculated vs reported value differs by >10%
2778357043,Value Mismatch,valueusd,Calculated vs reported value differs by >10%
1418782187,Value Mismatch,valueusd,Calculated vs reported value differs by >10%
220306060,Value Mismatch,valueusd,Calculated vs reported value differs by >10%
218730853,Value Mismatch,valueusd,Calculated vs reported value differs by >10%
3462929038,Value Mismatch,valueusd,Calculated vs reported value differs by >10%
1248365971,Value Mismatch,valueusd,Calculated vs reported value differs by >10%
1248365971,Value Mismatch,valueusd,Calculated vs reported value differs by >10%
3463446626,Value Mismatch,valueusd,Calculated vs reported value differs by >10%
3751319218,Value Mismatch,valueusd,Calculated vs reported value differs by >10%
3751319218,Value Mismatch,valueusd,Calculated vs reported value differs by >10%
8484179349,Value Mismatch,valueusd,Calculated vs reported value differs by >10%
8484179349,Value Mismatch,valueusd,Calculated vs reported value differs by >10%
8481783929,Value Mismatch,valueusd,Calculated vs reported value differs by >10%
8481783929,Value Mismatch,valueusd,Calculated vs reported value differs by >10%
1048372894,Value Mismatch,valueusd,Calculated vs reported value differs by >10%
1048372894,Value Mismatch,valueusd,Calculated vs reported value differs by >10%
2077562703,Value Mismatch,valueusd,Calculated vs reported value differs by >10%
2077411689,Value Mismatch,valueusd,Calculated vs reported value differs by >10%
2077505156,Value Mismatch,valueusd,Calculated vs reported value differs by >10%
2077525029,Value Mismatch,valueusd,Calculated vs reported value differs by >10%
2077673845,Value Mismatch,valueusd,Calculated vs reported value differs by >10%
2077629480,Value Mismatch,valueusd,Calculated vs reported value differs by >10%
2077420383,Value Mismatch,valueusd,Calculated vs reported value differs by >10%
2077605710,Value Mismatch,valueusd,Calculated vs reported value differs by >10%
2078838024,Value Mismatch,valueusd,Calculated vs reported value differs by >10%
9199835868,Value Mismatch,valueusd,Calculated vs reported value differs by >10%
2077431384,Value Mismatch,valueusd,Calculated vs reported value differs by >10%
6305501776,Value Mismatch,valueusd,Calculated vs reported value differs by >10%
6305501774,Value Mismatch,valueusd,Calculated vs reported value differs by >10%
6305501773,Value Mismatch,valueusd,Calculated vs reported value differs by >10%
6305497111,Value Mismatch,valueusd,Calculated vs reported value differs by >10%
6305497018,Value Mismatch,valueusd,Calculated vs reported value differs by >10%
6305501708,Value Mismatch,valueusd,Calculated vs reported value differs by >10%
6305501767,Value Mismatch,valueusd,Calculated vs reported value differs by >10%
9200061672,Value Mismatch,valueusd,Calculated vs reported value differs by >10%
6305501702,Value Mismatch,valueusd,Calculated vs reported value differs by >10%
6305501704,Value Mismatch,valueusd,Calculated vs reported value differs by >10%
6305501703,Value Mismatch,valueusd,Calculated vs reported value differs by >10%
6305505839,Value Mismatch,valueusd,Calculated vs reported value differs by >10%
6305501777,Value Mismatch,valueusd,Calculated vs reported value differs by >10%
6305501764,Value Mismatch,valueusd,Calculated vs reported value differs by >10%
3459543002,Value Mismatch,valueusd,Calculated vs reported value differs by >10%
1010734535,Value Mismatch,valueusd,Calculated vs reported value differs by >10%
6305501782,Value Mismatch,valueusd,Calculated vs reported value differs by >10%
6305505825,Value Mismatch,valueusd,Calculated vs reported value differs by >10%
6305803970,Value Mismatch,valueusd,Calculated vs reported value differs by >10%
6305803985,Value Mismatch,valueusd,Calculated vs reported value differs by >10%
6305804021,Value Mismatch,valueusd,Calculated vs reported value differs by >10%
6304873963,Value Mismatch,valueusd,Calculated vs reported value differs by >10%
6305804042,Value Mismatch,valueusd,Calculated vs reported value differs by >10%
6305804043,Value Mismatch,valueusd,Calculated vs reported value differs by >10%
6305803957,Value Mismatch,valueusd,Calculated vs reported value differs by >10%
6305803978,Value Mismatch,valueusd,Calculated vs reported value differs by >10%
1111116522,Value Mismatch,valueusd,Calculated vs reported value differs by >10%
6305803977,Value Mismatch,valueusd,Calculated vs reported value differs by >10%
6305804039,Value Mismatch,valueusd,Calculated vs reported value differs by >10%
6305803964,Value Mismatch,valueusd,Calculated vs reported value differs by >10%
6304232300,Value Mismatch,valueusd,Calculated vs reported value differs by >10%
6305367944,Value Mismatch,valueusd,Calculated vs reported value differs by >10%
6305367938,Value Mismatch,valueusd,Calculated vs reported value differs by >10%
1031689077,Value Mismatch,valueusd,Calculated vs reported value differs by >10%
1101499437,Value Mismatch,valueusd,Calculated vs reported value differs by >10%
6305367946,Value Mismatch,valueusd,Calculated vs reported value differs by >10%
6302364222,Value Mismatch,valueusd,Calculated vs reported value differs by >10%
6302364220,Value Mismatch,valueusd,Calculated vs reported value differs by >10%
6302364218,Value Mismatch,valueusd,Calculated vs reported value differs by >10%
6302364216,Value Mismatch,valueusd,Calculated vs reported value differs by >10%
6302364214,Value Mismatch,valueusd,Calculated vs reported value differs by >10%
6302364212,Value Mismatch,valueusd,Calculated vs reported value differs by >10%
6302364210,Value Mismatch,valueusd,Calculated vs reported value differs by >10%
6302364208,Value Mismatch,valueusd,Calculated vs reported value differs by >10%
6302364207,Value Mismatch,valueusd,Calculated vs reported value differs by >10%
6302364205,Value Mismatch,valueusd,Calculated vs reported value differs by >10%
6305367945,Value Mismatch,valueusd,Calculated vs reported value differs by >10%
650717073,Value Mismatch,valueusd,Calculated vs reported value differs by >10%
652864975,Value Mismatch,valueusd,Calculated vs reported value differs by >10%
650704095,Value Mismatch,valueusd,Calculated vs reported value differs by >10%
650703451,Value Mismatch,valueusd,Calculated vs reported value differs by >10%
650704070,Value Mismatch,valueusd,Calculated vs reported value differs by >10%
650704069,Value Mismatch,valueusd,Calculated vs reported value differs by >10%
650704073,Value Mismatch,valueusd,Calculated vs reported value differs by >10%
651119989,Value Mismatch,valueusd,Calculated vs reported value differs by >10%
651120049,Value Mismatch,valueusd,Calculated vs reported value differs by >10%
651132227,Value Mismatch,valueusd,Calculated vs reported value differs by >10%
651119998,Value Mismatch,valueusd,Calculated vs reported value differs by >10%
651132218,Value Mismatch,valueusd,Calculated vs reported value differs by >10%
651119988,Value Mismatch,valueusd,Calculated vs reported value differs by >10%
1101499438,Value Mismatch,valueusd,Calculated vs reported value differs by >10%
1101499441,Value Mismatch,valueusd,Calculated vs reported value differs by >10%
1097503154,Value Mismatch,valueusd,Calculated vs reported value differs by >10%
1142053573,Value Mismatch,valueusd,Calculated vs reported value differs by >10%
652865312,Value Mismatch,valueusd,Calculated vs reported value differs by >10%
3698993324,Value Mismatch,valueusd,Calculated vs reported value differs by >10%
651119990,Value Mismatch,valueusd,Calculated vs reported value differs by >10%
651119986,Value Mismatch,valueusd,Calculated vs reported value differs by >10%
651119987,Value Mismatch,valueusd,Calculated vs reported value differs by >10%
651119991,Value Mismatch,valueusd,Calculated vs reported value differs by >10%
653562435,Value Mismatch,valueusd,Calculated vs reported value differs by >10%
651100869,Value Mismatch,valueusd,Calculated vs reported value differs by >10%
1097420837,Value Mismatch,valueusd,Calculated vs reported value differs by >10%
3697944054,Value Mismatch,valueusd,Calculated vs reported value differs by >10%
653562434,Value Mismatch,valueusd,Calculated vs reported value differs by >10%
653562433,Value Mismatch,valueusd,Calculated vs reported value differs by >10%
653562432,Value Mismatch,valueusd,Calculated vs reported value differs by >10%
653562431,Value Mismatch,valueusd,Calculated vs reported value differs by >10%
650320030,Value Mismatch,valueusd,Calculated vs reported value differs by >10%
6005171450,Value Mismatch,valueusd,Calculated vs reported value differs by >10%
6005083323,Value Mismatch,valueusd,Calculated vs reported value differs by >10%
650320082,Value Mismatch,valueusd,Calculated vs reported value differs by >10%
6005083323,Value Mismatch,valueusd,Calculated vs reported value differs by >10%
6005216544,Value Mismatch,valueusd,Calculated vs reported value differs by >10%
650320193,Value Mismatch,valueusd,Calculated vs reported value differs by >10%
6005216544,Value Mismatch,valueusd,Calculated vs reported value differs by >10%
0286760458,Value Mismatch,valueusd,Calculated vs reported value differs by >10%
1087973362,Value Mismatch,valueusd,Calculated vs reported value differs by >10%
8849618025,Value Mismatch,valueusd,Calculated vs reported value differs by >10%
1060558626,Value Mismatch,valueusd,Calculated vs reported value differs by >10%
3697944052,Value Mismatch,valueusd,Calculated vs reported value differs by >10%
8849335682,Value Mismatch,valueusd,Calculated vs reported value differs by >10%
8849335682,Value Mismatch,valueusd,Calculated vs reported value differs by >10%
0798274766,Value Mismatch,valueusd,Calculated vs reported value differs by >10%
6005267742,Value Mismatch,valueusd,Calculated vs reported value differs by >10%
650320198,Value Mismatch,valueusd,Calculated vs reported value differs by >10%
6005267742,Value Mismatch,valueusd,Calculated vs reported value differs by >10%
650320084,Value Mismatch,valueusd,Calculated vs reported value differs by >10%
6005305429,Value Mismatch,valueusd,Calculated vs reported value differs by >10%
650320062,Value Mismatch,valueusd,Calculated vs reported value differs by >10%
650320022,Value Mismatch,valueusd,Calculated vs reported value differs by >10%
6005219391,Value Mismatch,valueusd,Calculated vs reported value differs by >10%
650320199,Value Mismatch,valueusd,Calculated vs reported value differs by >10%
6005163927,Value Mismatch,valueusd,Calculated vs reported value differs by >10%
6005305429,Value Mismatch,valueusd,Calculated vs reported value differs by >10%
6005219391,Value Mismatch,valueusd,Calculated vs reported value differs by >10%
6005092163,Value Mismatch,valueusd,Calculated vs reported value differs by >10%
650320080,Value Mismatch,valueusd,Calculated vs reported value differs by >10%
6005171339,Value Mismatch,valueusd,Calculated vs reported value differs by >10%
6005070115,Value Mismatch,valueusd,Calculated vs reported value differs by >10%
650320206,Value Mismatch,valueusd,Calculated vs reported value differs by >10%
6005070115,Value Mismatch,valueusd,Calculated vs reported value differs by >10%
6005229409,Value Mismatch,valueusd,Calculated vs reported value differs by >10%
650320060,Value Mismatch,valueusd,Calculated vs reported value differs by >10%
6005229409,Value Mismatch,valueusd,Calculated vs reported value differs by >10%
1345015408,Value Mismatch,valueusd,Calculated vs reported value differs by >10%
6302507330,Value Mismatch,valueusd,Calculated vs reported value differs by >10%
650320138,Value Mismatch,valueusd,Calculated vs reported value differs by >10%
6005176292,Value Mismatch,valueusd,Calculated vs reported value differs by >10%
650320202,Value Mismatch,valueusd,Calculated vs reported value differs by >10%
6005107659,Value Mismatch,valueusd,Calculated vs reported value differs by >10%
6005176292,Value Mismatch,valueusd,Calculated vs reported value differs by >10%
6005292607,Value Mismatch,valueusd,Calculated vs reported value differs by >10%
650359114,Value Mismatch,valueusd,Calculated vs reported value differs by >10%
6005292607,Value Mismatch,valueusd,Calculated vs reported value differs by >10%
6005097528,Value Mismatch,valueusd,Calculated vs reported value differs by >10%
650320058,Value Mismatch,valueusd,Calculated vs reported value differs by >10%
6005097528,Value Mismatch,valueusd,Calculated vs reported value differs by >10%
6005174939,Value Mismatch,valueusd,Calculated vs reported value differs by >10%
650320056,Value Mismatch,valueusd,Calculated vs reported value differs by >10%
6005174939,Value Mismatch,valueusd,Calculated vs reported value differs by >10%
6005218439,Value Mismatch,valueusd,Calculated vs reported value differs by >10%
650320054,Value Mismatch,valueusd,Calculated vs reported value differs by >10%
6005218439,Value Mismatch,valueusd,Calculated vs reported value differs by >10%
650320135,Value Mismatch,valueusd,Calculated vs reported value differs by >10%
6005164482,Value Mismatch,valueusd,Calculated vs reported value differs by >10%
650320205,Value Mismatch,valueusd,Calculated vs reported value differs by >10%
6005161006,Value Mismatch,valueusd,Calculated vs reported value differs by >10%
650359175,Value Mismatch,valueusd,Calculated vs reported value differs by >10%
6005171403,Value Mismatch,valueusd,Calculated vs reported value differs by >10%
6005161006,Value Mismatch,valueusd,Calculated vs reported value differs by >10%
3700840333,Value Mismatch,valueusd,Calculated vs reported value differs by >10%
3700840333,Value Mismatch,valueusd,Calculated vs reported value differs by >10%
3700837033,Value Mismatch,valueusd,Calculated vs reported value differs by >10%
1049225658,Value Mismatch,valueusd,Calculated vs reported value differs by >10%
1049938066,Value Mismatch,valueusd,Calculated vs reported value differs by >10%
652357857,Value Mismatch,valueusd,Calculated vs reported value differs by >10%
5659017321,Value Mismatch,valueusd,Calculated vs reported value differs by >10%
1158488226,Value Mismatch,valueusd,Calculated vs reported value differs by >10%
652357854,Value Mismatch,valueusd,Calculated vs reported value differs by >10%
8849347945,Value Mismatch,valueusd,Calculated vs reported value differs by >10%
3700837032,Value Mismatch,valueusd,Calculated vs reported value differs by >10%
3700837032,Value Mismatch,valueusd,Calculated vs reported value differs by >10%
3700837042,Value Mismatch,valueusd,Calculated vs reported value differs by >10%
3700838773,Value Mismatch,valueusd,Calculated vs reported value differs by >10%
3700838773,Value Mismatch,valueusd,Calculated vs reported value differs by >10%
3700837043,Value Mismatch,valueusd,Calculated vs reported value differs by >10%
3700837043,Value Mismatch,valueusd,Calculated vs reported value differs by >10%
3700837066,Value Mismatch,valueusd,Calculated vs reported value differs by >10%
3700840327,Value Mismatch,valueusd,Calculated vs reported value differs by >10%
3700840327,Value Mismatch,valueusd,Calculated vs reported value differs by >10%
3700837037,Value Mismatch,valueusd,Calculated vs reported value differs by >10%
3700837482,Value Mismatch,valueusd,Calculated vs reported value differs by >10%
3700837482,Value Mismatch,valueusd,Calculated vs reported value differs by >10%
3700837466,Value Mismatch,valueusd,Calculated vs reported value differs by >10%
3700578807,Value Mismatch,valueusd,Calculated vs reported value differs by >10%
3700578837,Value Mismatch,valueusd,Calculated vs reported value differs by >10%
3700578807,Value Mismatch,valueusd,Calculated vs reported value differs by >10%
8849347943,Value Mismatch,valueusd,Calculated vs reported value differs by >10%
8849347942,Value Mismatch,valueusd,Calculated vs reported value differs by >10%
3700578838,Value Mismatch,valueusd,Calculated vs reported value differs by >10%
3700578838,Value Mismatch,valueusd,Calculated vs reported value differs by >10%
3700579004,Value Mismatch,valueusd,Calculated vs reported value differs by >10%
3700579004,Value Mismatch,valueusd,Calculated vs reported value differs by >10%
3700578530,Value Mismatch,valueusd,Calculated vs reported value differs by >10%
8849347944,Value Mismatch,valueusd,Calculated vs reported value differs by >10%
8849347938,Value Mismatch,valueusd,Calculated vs reported value differs by >10%
8849347941,Value Mismatch,valueusd,Calculated vs reported value differs by >10%
3700578805,Value Mismatch,valueusd,Calculated vs reported value differs by >10%
3700578805,Value Mismatch,valueusd,Calculated vs reported value differs by >10%
3700578552,Value Mismatch,valueusd,Calculated vs reported value differs by >10%
3700578552,Value Mismatch,valueusd,Calculated vs reported value differs by >10%
3700578551,Value Mismatch,valueusd,Calculated vs reported value differs by >10%
8849347939,Value Mismatch,valueusd,Calculated vs reported value differs by >10%
8849347940,Value Mismatch,valueusd,Calculated vs reported value differs by >10%
1020801150,Value Mismatch,valueusd,Calculated vs reported value differs by >10%
3698399987,Value Mismatch,valueusd,Calculated vs reported value differs by >10%
3698399987,Value Mismatch,valueusd,Calculated vs reported value differs by >10%
3698399988,Value Mismatch,valueusd,Calculated vs reported value differs by >10%
3700585858,Value Mismatch,valueusd,Calculated vs reported value differs by >10%
3700578520,Value Mismatch,valueusd,Calculated vs reported value differs by >10%
3700578520,Value Mismatch,valueusd,Calculated vs reported value differs by >10%
3700578835,Value Mismatch,valueusd,Calculated vs reported value differs by >10%
3700578835,Value Mismatch,valueusd,Calculated vs reported value differs by >10%
3700578525,Value Mismatch,valueusd,Calculated vs reported value differs by >10%
3699957173,Value Mismatch,valueusd,Calculated vs reported value differs by >10%
3700578525,Value Mismatch,valueusd,Calculated vs reported value differs by >10%
3699957173,Value Mismatch,valueusd,Calculated vs reported value differs by >10%
3699957174,Value Mismatch,valueusd,Calculated vs reported value differs by >10%
3700578840,Value Mismatch,valueusd,Calculated vs reported value differs by >10%
3700578546,Value Mismatch,valueusd,Calculated vs reported value differs by >10%
3700579001,Value Mismatch,valueusd,Calculated vs reported value differs by >10%
3700578840,Value Mismatch,valueusd,Calculated vs reported value differs by >10%
3700578513,Value Mismatch,valueusd,Calculated vs reported value differs by >10%
3699957175,Value Mismatch,valueusd,Calculated vs reported value differs by >10%
3699957174,Value Mismatch,valueusd,Calculated vs reported value differs by >10%
3700578508,Value Mismatch,valueusd,Calculated vs reported value differs by >10%
3700578529,Value Mismatch,valueusd,Calculated vs reported value differs by >10%
3700578529,Value Mismatch,valueusd,Calculated vs reported value differs by >10%
3700578509,Value Mismatch,valueusd,Calculated vs reported value differs by >10%
3700578508,Value Mismatch,valueusd,Calculated vs reported value differs by >10%
3700578538,Value Mismatch,valueusd,Calculated vs reported value differs by >10%
3701093577,Value Mismatch,valueusd,Calculated vs reported value differs by >10%
3701093577,Value Mismatch,valueusd,Calculated vs reported value differs by >10%
3701093552,Value Mismatch,valueusd,Calculated vs reported value differs by >10%
3701093552,Value Mismatch,valueusd,Calculated vs reported value differs by >10%
1078963148,Value Mismatch,valueusd,Calculated vs reported value differs by >10%
3697945053,Value Mismatch,valueusd,Calculated vs reported value differs by >10%
3697945053,Value Mismatch,valueusd,Calculated vs reported value differs by >10%
1097420838,Value Mismatch,valueusd,Calculated vs reported value differs by >10%
1131642361,Value Mismatch,valueusd,Calculated vs reported value differs by >10%
3699613576,Value Mismatch,valueusd,Calculated vs reported value differs by >10%
652357607,Value Mismatch,valueusd,Calculated vs reported value differs by >10%
447654080,Value Mismatch,valueusd,Calculated vs reported value differs by >10%
9861840720,Value Mismatch,valueusd,Calculated vs reported value differs by >10%
3701093610,Value Mismatch,valueusd,Calculated vs reported value differs by >10%
3701093609,Value Mismatch,valueusd,Calculated vs reported value differs by >10%
3701100560,Value Mismatch,valueusd,Calculated vs reported value differs by >10%
3701093611,Value Mismatch,valueusd,Calculated vs reported value differs by >10%
3701093611,Value Mismatch,valueusd,Calculated vs reported value differs by >10%
3701100740,Value Mismatch,valueusd,Calculated vs reported value differs by >10%
3701100740,Value Mismatch,valueusd,Calculated vs reported value differs by >10%
6978561565,Value Mismatch,valueusd,Calculated vs reported value differs by >10%
6979268592,Value Mismatch,valueusd,Calculated vs reported value differs by >10%
6979268588,Value Mismatch,valueusd,Calculated vs reported value differs by >10%
6978561480,Value Mismatch,valueusd,Calculated vs reported value differs by >10%
6978561504,Value Mismatch,valueusd,Calculated vs reported value differs by >10%
6978561469,Value Mismatch,valueusd,Calculated vs reported value differs by >10%
6978561556,Value Mismatch,valueusd,Calculated vs reported value differs by >10%
8481638600,Value Mismatch,valueusd,Calculated vs reported value differs by >10%
6978561476,Value Mismatch,valueusd,Calculated vs reported value differs by >10%
6978561490,Value Mismatch,valueusd,Calculated vs reported value differs by >10%
6978561470,Value Mismatch,valueusd,Calculated vs reported value differs by >10%
6978561016,Value Mismatch,valueusd,Calculated vs reported value differs by >10%
6978560887,Value Mismatch,valueusd,Calculated vs reported value differs by >10%
6978561549,Value Mismatch,valueusd,Calculated vs reported value differs by >10%
6978561551,Value Mismatch,valueusd,Calculated vs reported value differs by >10%
6978561550,Value Mismatch,valueusd,Calculated vs reported value differs by >10%
6979268589,Value Mismatch,valueusd,Calculated vs reported value differs by >10%
6978561475,Value Mismatch,valueusd,Calculated vs reported value differs by >10%
6978561481,Value Mismatch,valueusd,Calculated vs reported value differs by >10%
6979255217,Value Mismatch,valueusd,Calculated vs reported value differs by >10%
1098279818,Value Mismatch,valueusd,Calculated vs reported value differs by >10%
1098279817,Value Mismatch,valueusd,Calculated vs reported value differs by >10%
6978369063,Value Mismatch,valueusd,Calculated vs reported value differs by >10%
6978367254,Value Mismatch,valueusd,Calculated vs reported value differs by >10%
6977193228,Value Mismatch,valueusd,Calculated vs reported value differs by >10%
6978965009,Value Mismatch,valueusd,Calculated vs reported value differs by >10%
6978962165,Value Mismatch,valueusd,Calculated vs reported value differs by >10%
6978962206,Value Mismatch,valueusd,Calculated vs reported value differs by >10%
1097420836,Value Mismatch,valueusd,Calculated vs reported value differs by >10%
6978368162,Value Mismatch,valueusd,Calculated vs reported value differs by >10%
6978250683,Value Mismatch,valueusd,Calculated vs reported value differs by >10%
6978221372,Value Mismatch,valueusd,Calculated vs reported value differs by >10%
6978256666,Value Mismatch,valueusd,Calculated vs reported value differs by >10%
6978253195,Value Mismatch,valueusd,Calculated vs reported value differs by >10%
6978297451,Value Mismatch,valueusd,Calculated vs reported value differs by >10%
6978254600,Value Mismatch,valueusd,Calculated vs reported value differs by >10%
6978256695,Value Mismatch,valueusd,Calculated vs reported value differs by >10%
6978219830,Value Mismatch,valueusd,Calculated vs reported value differs by >10%
6978219837,Value Mismatch,valueusd,Calculated vs reported value differs by >10%
6978219829,Value Mismatch,valueusd,Calculated vs reported value differs by >10%
1085081405,Value Mismatch,valueusd,Calculated vs reported value differs by >10%
9326273347,Value Mismatch,valueusd,Calculated vs reported value differs by >10%
1150794721,Value Mismatch,valueusd,Calculated vs reported value differs by >10%
1087442614,Value Mismatch,valueusd,Calculated vs reported value differs by >10%
6978250686,Value Mismatch,valueusd,Calculated vs reported value differs by >10%
6978250643,Value Mismatch,valueusd,Calculated vs reported value differs by >10%
6978221371,Value Mismatch,valueusd,Calculated vs reported value differs by >10%
6978221370,Value Mismatch,valueusd,Calculated vs reported value differs by >10%
6978803307,Value Mismatch,valueusd,Calculated vs reported value differs by >10%
6978246482,Value Mismatch,valueusd,Calculated vs reported value differs by >10%
6978770694,Value Mismatch,valueusd,Calculated vs reported value differs by >10%
6978779227,Value Mismatch,valueusd,Calculated vs reported value differs by >10%
6978221374,Value Mismatch,valueusd,Calculated vs reported value differs by >10%
6978219820,Value Mismatch,valueusd,Calculated vs reported value differs by >10%
6978253254,Value Mismatch,valueusd,Calculated vs reported value differs by >10%
9704796703,Value Mismatch,valueusd,Calculated vs reported value differs by >10%
9862726940,Value Mismatch,valueusd,Calculated vs reported value differs by >10%
9199835869,Value Mismatch,valueusd,Calculated vs reported value differs by >10%
652865310,Value Mismatch,valueusd,Calculated vs reported value differs by >10%
6302374104,Value Mismatch,valueusd,Calculated vs reported value differs by >10%
6979609534,Value Mismatch,valueusd,Calculated vs reported value differs by >10%
1129114486,Value Mismatch,valueusd,Calculated vs reported value differs by >10%
6979610938,Value Mismatch,valueusd,Calculated vs reported value differs by >10%
6979607439,Value Mismatch,valueusd,Calculated vs reported value differs by >10%
9861811390,Value Mismatch,valueusd,Calculated vs reported value differs by >10%
6979608611,Value Mismatch,valueusd,Calculated vs reported value differs by >10%
6979610996,Value Mismatch,valueusd,Calculated vs reported value differs by >10%
6979610997,Value Mismatch,valueusd,Calculated vs reported value differs by >10%
6979607440,Value Mismatch,valueusd,Calculated vs reported value differs by >10%
6979611703,Value Mismatch,valueusd,Calculated vs reported value differs by >10%
6979612908,Value Mismatch,valueusd,Calculated vs reported value differs by >10%
6979610951,Value Mismatch,valueusd,Calculated vs reported value differs by >10%
6979609517,Value Mismatch,valueusd,Calculated vs reported value differs by >10%
6979608601,Value Mismatch,valueusd,Calculated vs reported value differs by >10%
6979609579,Value Mismatch,valueusd,Calculated vs reported value differs by >10%
6979611607,Value Mismatch,valueusd,Calculated vs reported value differs by >10%
6979607972,Value Mismatch,valueusd,Calculated vs reported value differs by >10%
6979607986,Value Mismatch,valueusd,Calculated vs reported value differs by >10%
6979611608,Value Mismatch,valueusd,Calculated vs reported value differs by >10%
6979510556,Value Mismatch,valueusd,Calculated vs reported value differs by >10%
6979501159,Value Mismatch,valueusd,Calculated vs reported value differs by >10%
6979510561,Value Mismatch,valueusd,Calculated vs reported value differs by >10%
6979510562,Value Mismatch,valueusd,Calculated vs reported value differs by >10%
6979504522,Value Mismatch,valueusd,Calculated vs reported value differs by >10%
6979500074,Value Mismatch,valueusd,Calculated vs reported value differs by >10%
6979510508,Value Mismatch,valueusd,Calculated vs reported value differs by >10%
6979499921,Value Mismatch,valueusd,Calculated vs reported value differs by >10%
6979501205,Value Mismatch,valueusd,Calculated vs reported value differs by >10%
6979500135,Value Mismatch,valueusd,Calculated vs reported value differs by >10%
6978046728,Value Mismatch,valueusd,Calculated vs reported value differs by >10%
6978058775,Value Mismatch,valueusd,Calculated vs reported value differs by >10%
6979499917,Value Mismatch,valueusd,Calculated vs reported value differs by >10%
6979504485,Value Mismatch,valueusd,Calculated vs reported value differs by >10%
6979504473,Value Mismatch,valueusd,Calculated vs reported value differs by >10%
6976546581,Value Mismatch,valueusd,Calculated vs reported value differs by >10%
6979502647,Value Mismatch,valueusd,Calculated vs reported value differs by >10%
6979504542,Value Mismatch,valueusd,Calculated vs reported value differs by >10%
6749094130,Value Mismatch,valueusd,Calculated vs reported value differs by >10%
1049215802,Value Mismatch,valueusd,Calculated vs reported value differs by >10%
6749195260,Value Mismatch,valueusd,Calculated vs reported value differs by >10%
9703187172,Value Mismatch,valueusd,Calculated vs reported value differs by >10%
9703187135,Value Mismatch,valueusd,Calculated vs reported value differs by >10%
1066153274,Value Mismatch,valueusd,Calculated vs reported value differs by >10%
829089001,Value Mismatch,valueusd,Calculated vs reported value differs by >10%
9703187137,Value Mismatch,valueusd,Calculated vs reported value differs by >10%
9703181664,Value Mismatch,valueusd,Calculated vs reported value differs by >10%
9703187134,Value Mismatch,valueusd,Calculated vs reported value differs by >10%
9703181620,Value Mismatch,valueusd,Calculated vs reported value differs by >10%
9703187149,Value Mismatch,valueusd,Calculated vs reported value differs by >10%
9703181641,Value Mismatch,valueusd,Calculated vs reported value differs by >10%
9703187099,Value Mismatch,valueusd,Calculated vs reported value differs by >10%
9703181659,Value Mismatch,valueusd,Calculated vs reported value differs by >10%
9703181656,Value Mismatch,valueusd,Calculated vs reported value differs by >10%
9703185174,Value Mismatch,valueusd,Calculated vs reported value differs by >10%
9703185175,Value Mismatch,valueusd,Calculated vs reported value differs by >10%
9703185179,Value Mismatch,valueusd,Calculated vs reported value differs by >10%
9703181610,Value Mismatch,valueusd,Calculated vs reported value differs by >10%
9703181617,Value Mismatch,valueusd,Calculated vs reported value differs by >10%
9703187106,Value Mismatch,valueusd,Calculated vs reported value differs by >10%
9703187121,Value Mismatch,valueusd,Calculated vs reported value differs by >10%
9703187107,Value Mismatch,valueusd,Calculated vs reported value differs by >10%
9703187096,Value Mismatch,valueusd,Calculated vs reported value differs by >10%
9703187097,Value Mismatch,valueusd,Calculated vs reported value differs by >10%
1081048330,Value Mismatch,valueusd,Calculated vs reported value differs by >10%
9703187150,Value Mismatch,valueusd,Calculated vs reported value differs by >10%
8846810242,Value Mismatch,valueusd,Calculated vs reported value differs by >10%
9705817131,Value Mismatch,valueusd,Calculated vs reported value differs by >10%
9705817132,Value Mismatch,valueusd,Calculated vs reported value differs by >10%
9702842240,Value Mismatch,valueusd,Calculated vs reported value differs by >10%
9702842241,Value Mismatch,valueusd,Calculated vs reported value differs by >10%
9702762275,Value Mismatch,valueusd,Calculated vs reported value differs by >10%
9702841120,Value Mismatch,valueusd,Calculated vs reported value differs by >10%
9702841139,Value Mismatch,valueusd,Calculated vs reported value differs by >10%
9702842237,Value Mismatch,valueusd,Calculated vs reported value differs by >10%
9702839103,Value Mismatch,valueusd,Calculated vs reported value differs by >10%
9702788651,Value Mismatch,valueusd,Calculated vs reported value differs by >10%
9702788652,Value Mismatch,valueusd,Calculated vs reported value differs by >10%
9702841132,Value Mismatch,valueusd,Calculated vs reported value differs by >10%
9702841131,Value Mismatch,valueusd,Calculated vs reported value differs by >10%
9705811670,Value Mismatch,valueusd,Calculated vs reported value differs by >10%
9705817437,Value Mismatch,valueusd,Calculated vs reported value differs by >10%
9702841133,Value Mismatch,valueusd,Calculated vs reported value differs by >10%
9702259593,Value Mismatch,valueusd,Calculated vs reported value differs by >10%
9702259605,Value Mismatch,valueusd,Calculated vs reported value differs by >10%
9702259601,Value Mismatch,valueusd,Calculated vs reported value differs by >10%
9702394113,Value Mismatch,valueusd,Calculated vs reported value differs by >10%
8846810242,Value Mismatch,valueusd,Calculated vs reported value differs by >10%
1330601461,Value Mismatch,valueusd,Calculated vs reported value differs by >10%
9702259595,Value Mismatch,valueusd,Calculated vs reported value differs by >10%
9702299380,Value Mismatch,valueusd,Calculated vs reported value differs by >10%
9702259599,Value Mismatch,valueusd,Calculated vs reported value differs by >10%
1678608175,Value Mismatch,valueusd,Calculated vs reported value differs by >10%
9702394500,Value Mismatch,valueusd,Calculated vs reported value differs by >10%
9702394505,Value Mismatch,valueusd,Calculated vs reported value differs by >10%
9702394499,Value Mismatch,valueusd,Calculated vs reported value differs by >10%
652865309,Value Mismatch,valueusd,Calculated vs reported value differs by >10%
446955678,Value Mismatch,valueusd,Calculated vs reported value differs by >10%
9702394107,Value Mismatch,valueusd,Calculated vs reported value differs by >10%
9702209258,Value Mismatch,valueusd,Calculated vs reported value differs by >10%
9702394509,Value Mismatch,valueusd,Calculated vs reported value differs by >10%
9702259597,Value Mismatch,valueusd,Calculated vs reported value differs by >10%
9705596806,Value Mismatch,valueusd,Calculated vs reported value differs by >10%
9704166746,Value Mismatch,valueusd,Calculated vs reported value differs by >10%
9704166747,Value Mismatch,valueusd,Calculated vs reported value differs by >10%
9702259294,Value Mismatch,valueusd,Calculated vs reported value differs by >10%
0796411580,Value Mismatch,valueusd,Calculated vs reported value differs by >10%
9702394497,Value Mismatch,valueusd,Calculated vs reported value differs by >10%
9705596165,Value Mismatch,valueusd,Calculated vs reported value differs by >10%
9705582896,Value Mismatch,valueusd,Calculated vs reported value differs by >10%
9702299381,Value Mismatch,valueusd,Calculated vs reported value differs by >10%
9202795245,Value Mismatch,valueusd,Calculated vs reported value differs by >10%
9859244326,Value Mismatch,valueusd,Calculated vs reported value differs by >10%
9859246306,Value Mismatch,valueusd,Calculated vs reported value differs by >10%
9859244253,Value Mismatch,valueusd,Calculated vs reported value differs by >10%
9859244313,Value Mismatch,valueusd,Calculated vs reported value differs by >10%
9859246294,Value Mismatch,valueusd,Calculated vs reported value differs by >10%
9859246302,Value Mismatch,valueusd,Calculated vs reported value differs by >10%
9859244322,Value Mismatch,valueusd,Calculated vs reported value differs by >10%
9859246324,Value Mismatch,valueusd,Calculated vs reported value differs by >10%
9859244263,Value Mismatch,valueusd,Calculated vs reported value differs by >10%
9859244287,Value Mismatch,valueusd,Calculated vs reported value differs by >10%
9859244268,Value Mismatch,valueusd,Calculated vs reported value differs by >10%
9859244272,Value Mismatch,valueusd,Calculated vs reported value differs by >10%
9859244279,Value Mismatch,valueusd,Calculated vs reported value differs by >10%
9859232976,Value Mismatch,valueusd,Calculated vs reported value differs by >10%
1085912977,Value Mismatch,valueusd,Calculated vs reported value differs by >10%
9861034489,Value Mismatch,valueusd,Calculated vs reported value differs by >10%
9861034490,Value Mismatch,valueusd,Calculated vs reported value differs by >10%
9861034903,Value Mismatch,valueusd,Calculated vs reported value differs by >10%
693934137,Value Mismatch,valueusd,Calculated vs reported value differs by >10%
9859246355,Value Mismatch,valueusd,Calculated vs reported value differs by >10%
9859246366,Value Mismatch,valueusd,Calculated vs reported value differs by >10%
9862748737,Value Mismatch,valueusd,Calculated vs reported value differs by >10%
9859246368,Value Mismatch,valueusd,Calculated vs reported value differs by >10%
9859246346,Value Mismatch,valueusd,Calculated vs reported value differs by >10%
9859246282,Value Mismatch,valueusd,Calculated vs reported value differs by >10%
9859232975,Value Mismatch,valueusd,Calculated vs reported value differs by >10%
9859804483,Value Mismatch,valueusd,Calculated vs reported value differs by >10%
9859813843,Value Mismatch,valueusd,Calculated vs reported value differs by >10%
9859804485,Value Mismatch,valueusd,Calculated vs reported value differs by >10%
9859804486,Value Mismatch,valueusd,Calculated vs reported value differs by >10%
9859827869,Value Mismatch,valueusd,Calculated vs reported value differs by >10%
9862722210,Value Mismatch,valueusd,Calculated vs reported value differs by >10%
6749094129,Value Mismatch,valueusd,Calculated vs reported value differs by >10%
9861014659,Value Mismatch,valueusd,Calculated vs reported value differs by >10%
9859800686,Value Mismatch,valueusd,Calculated vs reported value differs by >10%
9859917365,Value Mismatch,valueusd,Calculated vs reported value differs by >10%
9859917366,Value Mismatch,valueusd,Calculated vs reported value differs by >10%
9859917367,Value Mismatch,valueusd,Calculated vs reported value differs by >10%
9859972405,Value Mismatch,valueusd,Calculated vs reported value differs by >10%
9859972406,Value Mismatch,valueusd,Calculated vs reported value differs by >10%
9859386405,Value Mismatch,valueusd,Calculated vs reported value differs by >10%
9860902026,Value Mismatch,valueusd,Calculated vs reported value differs by >10%
9859916775,Value Mismatch,valueusd,Calculated vs reported value differs by >10%
9859916774,Value Mismatch,valueusd,Calculated vs reported value differs by >10%
9859840606,Value Mismatch,valueusd,Calculated vs reported value differs by >10%
9859386401,Value Mismatch,valueusd,Calculated vs reported value differs by >10%
9859386404,Value Mismatch,valueusd,Calculated vs reported value differs by >10%
9859800683,Value Mismatch,valueusd,Calculated vs reported value differs by >10%
9859386388,Value Mismatch,valueusd,Calculated vs reported value differs by >10%
9859852917,Value Mismatch,valueusd,Calculated vs reported value differs by >10%
9859852918,Value Mismatch,valueusd,Calculated vs reported value differs by >10%
9859386407,Value Mismatch,valueusd,Calculated vs reported value differs by >10%
9859386383,Value Mismatch,valueusd,Calculated vs reported value differs by >10%
9859386381,Value Mismatch,valueusd,Calculated vs reported value differs by >10%
9859386377,Value Mismatch,valueusd,Calculated vs reported value differs by >10%
9859800684,Value Mismatch,valueusd,Calculated vs reported value differs by >10%
9859800685,Value Mismatch,valueusd,Calculated vs reported value differs by >10%
9859800682,Value Mismatch,valueusd,Calculated vs reported value differs by >10%
9860991256,Value Mismatch,valueusd,Calculated vs reported value differs by >10%
9860991259,Value Mismatch,valueusd,Calculated vs reported value differs by >10%
9859809035,Value Mismatch,valueusd,Calculated vs reported value differs by >10%
9859809036,Value Mismatch,valueusd,Calculated vs reported value differs by >10%
9863278922,Value Mismatch,valueusd,Calculated vs reported value differs by >10%
9863160673,Value Mismatch,valueusd,Calculated vs reported value differs by >10%
9860967441,Value Mismatch,valueusd,Calculated vs reported value differs by >10%
6978369139,Value Mismatch,valueusd,Calculated vs reported value differs by >10%
7991091629,Value Mismatch,valueusd,Calculated vs reported value differs by >10%
7991024563,Value Mismatch,valueusd,Calculated vs reported value differs by >10%
1097535330,Value Mismatch,valueusd,Calculated vs reported value differs by >10%
7991047151,Value Mismatch,valueusd,Calculated vs reported value differs by >10%
7991064146,Value Mismatch,valueusd,Calculated vs reported value differs by >10%
9202267658,Value Mismatch,valueusd,Calculated vs reported value differs by >10%
7991028075,Value Mismatch,valueusd,Calculated vs reported value differs by >10%
650717072,Value Mismatch,valueusd,Calculated vs reported value differs by >10%
7991080758,Value Mismatch,valueusd,Calculated vs reported value differs by >10%
7993786630,Value Mismatch,valueusd,Calculated vs reported value differs by >10%
7991079591,Value Mismatch,valueusd,Calculated vs reported value differs by >10%
7991063808,Value Mismatch,valueusd,Calculated vs reported value differs by >10%
3700578528,Value Mismatch,valueusd,Calculated vs reported value differs by >10%
3700578528,Value Mismatch,valueusd,Calculated vs reported value differs by >10%
3700578806,Value Mismatch,valueusd,Calculated vs reported value differs by >10%
7992057128,Value Mismatch,valueusd,Calculated vs reported value differs by >10%
7992057127,Value Mismatch,valueusd,Calculated vs reported value differs by >10%
7992072968,Value Mismatch,valueusd,Calculated vs reported value differs by >10%
7992081723,Value Mismatch,valueusd,Calculated vs reported value differs by >10%
7992053715,Value Mismatch,valueusd,Calculated vs reported value differs by >10%
7992081722,Value Mismatch,valueusd,Calculated vs reported value differs by >10%
7990412443,Value Mismatch,valueusd,Calculated vs reported value differs by >10%
7990404155,Value Mismatch,valueusd,Calculated vs reported value differs by >10%
7990412444,Value Mismatch,valueusd,Calculated vs reported value differs by >10%
6978561557,Value Mismatch,valueusd,Calculated vs reported value differs by >10%
9859799027,Value Mismatch,valueusd,Calculated vs reported value differs by >10%
7989952440,Value Mismatch,valueusd,Calculated vs reported value differs by >10%
7990473575,Value Mismatch,valueusd,Calculated vs reported value differs by >10%
7990412408,Value Mismatch,valueusd,Calculated vs reported value differs by >10%
7990430401,Value Mismatch,valueusd,Calculated vs reported value differs by >10%
7990396179,Value Mismatch,valueusd,Calculated vs reported value differs by >10%
7990473717,Value Mismatch,valueusd,Calculated vs reported value differs by >10%
7990473562,Value Mismatch,valueusd,Calculated vs reported value differs by >10%
7993612006,Value Mismatch,valueusd,Calculated vs reported value differs by >10%
7993612007,Value Mismatch,valueusd,Calculated vs reported value differs by >10%
7993612005,Value Mismatch,valueusd,Calculated vs reported value differs by >10%
7990473561,Value Mismatch,valueusd,Calculated vs reported value differs by >10%
1043806367,Value Mismatch,valueusd,Calculated vs reported value differs by >10%
7989943536,Value Mismatch,valueusd,Calculated vs reported value differs by >10%
7989924532,Value Mismatch,valueusd,Calculated vs reported value differs by >10%
7989956028,Value Mismatch,valueusd,Calculated vs reported value differs by >10%
1043473988,Value Mismatch,valueusd,Calculated vs reported value differs by >10%
7989939093,Value Mismatch,valueusd,Calculated vs reported value differs by >10%
7989903306,Value Mismatch,valueusd,Calculated vs reported value differs by >10%
7989923807,Value Mismatch,valueusd,Calculated vs reported value differs by >10%
7989956026,Value Mismatch,valueusd,Calculated vs reported value differs by >10%
7989943535,Value Mismatch,valueusd,Calculated vs reported value differs by >10%
7989928111,Value Mismatch,valueusd,Calculated vs reported value differs by >10%
7989928110,Value Mismatch,valueusd,Calculated vs reported value differs by >10%
7989999276,Value Mismatch,valueusd,Calculated vs reported value differs by >10%
7989943527,Value Mismatch,valueusd,Calculated vs reported value differs by >10%
7989973589,Value Mismatch,valueusd,Calculated vs reported value differs by >10%
1042976846,Value Mismatch,valueusd,Calculated vs reported value differs by >10%
1098114195,Value Mismatch,valueusd,Calculated vs reported value differs by >10%
3972886683,Value Mismatch,valueusd,Calculated vs reported value differs by >10%
2774875255,Value Mismatch,valueusd,Calculated vs reported value differs by >10%
2775500702,Value Mismatch,valueusd,Calculated vs reported value differs by >10%
1042923061,Value Mismatch,valueusd,Calculated vs reported value differs by >10%
1042923717,Value Mismatch,valueusd,Calculated vs reported value differs by >10%
1042898917,Value Mismatch,valueusd,Calculated vs reported value differs by >10%
1042898918,Value Mismatch,valueusd,Calculated vs reported value differs by >10%
1042898916,Value Mismatch,valueusd,Calculated vs reported value differs by >10%
1042906576,Value Mismatch,valueusd,Calculated vs reported value differs by >10%
9202794363,Value Mismatch,valueusd,Calculated vs reported value differs by >10%
828833938,Value Mismatch,valueusd,Calculated vs reported value differs by >10%
219571218,Value Mismatch,valueusd,Calculated vs reported value differs by >10%
1042830684,Value Mismatch,valueusd,Calculated vs reported value differs by >10%
1042796202,Value Mismatch,valueusd,Calculated vs reported value differs by >10%
1042771773,Value Mismatch,valueusd,Calculated vs reported value differs by >10%
1042808795,Value Mismatch,valueusd,Calculated vs reported value differs by >10%
1042756155,Value Mismatch,valueusd,Calculated vs reported value differs by >10%
1042658007,Value Mismatch,valueusd,Calculated vs reported value differs by >10%
1043876634,Value Mismatch,valueusd,Calculated vs reported value differs by >10%
1043814562,Value Mismatch,valueusd,Calculated vs reported value differs by >10%
1043806368,Value Mismatch,valueusd,Calculated vs reported value differs by >10%
1043834479,Value Mismatch,valueusd,Calculated vs reported value differs by >10%
1043783708,Value Mismatch,valueusd,Calculated vs reported value differs by >10%
1043784025,Value Mismatch,valueusd,Calculated vs reported value differs by >10%
1043765599,Value Mismatch,valueusd,Calculated vs reported value differs by >10%
1043760807,Value Mismatch,valueusd,Calculated vs reported value differs by >10%
1043708361,Value Mismatch,valueusd,Calculated vs reported value differs by >10%
1046899330,Value Mismatch,valueusd,Calculated vs reported value differs by >10%
1043719424,Value Mismatch,valueusd,Calculated vs reported value differs by >10%
1043719425,Value Mismatch,valueusd,Calculated vs reported value differs by >10%
1043652765,Value Mismatch,valueusd,Calculated vs reported value differs by >10%
1043632807,Value Mismatch,valueusd,Calculated vs reported value differs by >10%
1043630778,Value Mismatch,valueusd,Calculated vs reported value differs by >10%
1043599328,Value Mismatch,valueusd,Calculated vs reported value differs by >10%
1043491273,Value Mismatch,valueusd,Calculated vs reported value differs by >10%
1043477135,Value Mismatch,valueusd,Calculated vs reported value differs by >10%
1043473982,Value Mismatch,valueusd,Calculated vs reported value differs by >10%
1043473983,Value Mismatch,valueusd,Calculated vs reported value differs by >10%
1043503715,Value Mismatch,valueusd,Calculated vs reported value differs by >10%
219550723,Value Mismatch,valueusd,Calculated vs reported value differs by >10%
9455619866,Value Mismatch,valueusd,Calculated vs reported value differs by >10%
1043436699,Value Mismatch,valueusd,Calculated vs reported value differs by >10%
1043436698,Value Mismatch,valueusd,Calculated vs reported value differs by >10%
1043390168,Value Mismatch,valueusd,Calculated vs reported value differs by >10%
1043390166,Value Mismatch,valueusd,Calculated vs reported value differs by >10%
1043390167,Value Mismatch,valueusd,Calculated vs reported value differs by >10%
1043390165,Value Mismatch,valueusd,Calculated vs reported value differs by >10%
1043374827,Value Mismatch,valueusd,Calculated vs reported value differs by >10%
1043374828,Value Mismatch,valueusd,Calculated vs reported value differs by >10%
1043374830,Value Mismatch,valueusd,Calculated vs reported value differs by >10%
1043374829,Value Mismatch,valueusd,Calculated vs reported value differs by >10%
1097510685,Value Mismatch,valueusd,Calculated vs reported value differs by >10%
1097484197,Value Mismatch,valueusd,Calculated vs reported value differs by >10%
1097475636,Value Mismatch,valueusd,Calculated vs reported value differs by >10%
1097475635,Value Mismatch,valueusd,Calculated vs reported value differs by >10%
1097531419,Value Mismatch,valueusd,Calculated vs reported value differs by >10%
1097524932,Value Mismatch,valueusd,Calculated vs reported value differs by >10%
1097524930,Value Mismatch,valueusd,Calculated vs reported value differs by >10%
9455619865,Value Mismatch,valueusd,Calculated vs reported value differs by >10%
1097465178,Value Mismatch,valueusd,Calculated vs reported value differs by >10%
1097465177,Value Mismatch,valueusd,Calculated vs reported value differs by >10%
1097465179,Value Mismatch,valueusd,Calculated vs reported value differs by >10%
1097465183,Value Mismatch,valueusd,Calculated vs reported value differs by >10%
1097465237,Value Mismatch,valueusd,Calculated vs reported value differs by >10%
1097440121,Value Mismatch,valueusd,Calculated vs reported value differs by >10%
1097440304,Value Mismatch,valueusd,Calculated vs reported value differs by >10%
1097440303,Value Mismatch,valueusd,Calculated vs reported value differs by >10%
1097440148,Value Mismatch,valueusd,Calculated vs reported value differs by >10%
1097431459,Value Mismatch,valueusd,Calculated vs reported value differs by >10%
1097395155,Value Mismatch,valueusd,Calculated vs reported value differs by >10%
9455619864,Value Mismatch,valueusd,Calculated vs reported value differs by >10%
1097361616,Value Mismatch,valueusd,Calculated vs reported value differs by >10%
1098428254,Value Mismatch,valueusd,Calculated vs reported value differs by >10%
1098462406,Value Mismatch,valueusd,Calculated vs reported value differs by >10%
1098444507,Value Mismatch,valueusd,Calculated vs reported value differs by >10%
1101404654,Value Mismatch,valueusd,Calculated vs reported value differs by >10%
1101404652,Value Mismatch,valueusd,Calculated vs reported value differs by >10%
1101404651,Value Mismatch,valueusd,Calculated vs reported value differs by >10%
9453776012,Value Mismatch,valueusd,Calculated vs reported value differs by >10%
0128102057,Value Mismatch,valueusd,Calculated vs reported value differs by >10%
1101404653,Value Mismatch,valueusd,Calculated vs reported value differs by >10%
127033189,Value Mismatch,valueusd,Calculated vs reported value differs by >10%
1098414302,Value Mismatch,valueusd,Calculated vs reported value differs by >10%
1098390785,Value Mismatch,valueusd,Calculated vs reported value differs by >10%
1098390784,Value Mismatch,valueusd,Calculated vs reported value differs by >10%
1098417602,Value Mismatch,valueusd,Calculated vs reported value differs by >10%
1098362656,Value Mismatch,valueusd,Calculated vs reported value differs by >10%
1098362658,Value Mismatch,valueusd,Calculated vs reported value differs by >10%
1098329896,Value Mismatch,valueusd,Calculated vs reported value differs by >10%
1099917049,Value Mismatch,valueusd,Calculated vs reported value differs by >10%
1098330803,Value Mismatch,valueusd,Calculated vs reported value differs by >10%
1098283481,Value Mismatch,valueusd,Calculated vs reported value differs by >10%
1098304187,Value Mismatch,valueusd,Calculated vs reported value differs by >10%
1098304169,Value Mismatch,valueusd,Calculated vs reported value differs by >10%
0127033189,Value Mismatch,valueusd,Calculated vs reported value differs by >10%
1098304046,Value Mismatch,valueusd,Calculated vs reported value differs by >10%
1098304129,Value Mismatch,valueusd,Calculated vs reported value differs by >10%
1098247053,Value Mismatch,valueusd,Calculated vs reported value differs by >10%
1098276475,Value Mismatch,valueusd,Calculated vs reported value differs by >10%
1100640803,Value Mismatch,valueusd,Calculated vs reported value differs by >10%
1098275343,Value Mismatch,valueusd,Calculated vs reported value differs by >10%
1098247104,Value Mismatch,valueusd,Calculated vs reported value differs by >10%
1098247105,Value Mismatch,valueusd,Calculated vs reported value differs by >10%
1098208915,Value Mismatch,valueusd,Calculated vs reported value differs by >10%
1098208783,Value Mismatch,valueusd,Calculated vs reported value differs by >10%
1098208189,Value Mismatch,valueusd,Calculated vs reported value differs by >10%
1098188298,Value Mismatch,valueusd,Calculated vs reported value differs by >10%
1098237433,Value Mismatch,valueusd,Calculated vs reported value differs by >10%
1098237432,Value Mismatch,valueusd,Calculated vs reported value differs by >10%
1098151787,Value Mismatch,valueusd,Calculated vs reported value differs by >10%
1100868369,Value Mismatch,valueusd,Calculated vs reported value differs by >10%
1101401937,Value Mismatch,valueusd,Calculated vs reported value differs by >10%
1101401924,Value Mismatch,valueusd,Calculated vs reported value differs by >10%
1098104208,Value Mismatch,valueusd,Calculated vs reported value differs by >10%
1098114168,Value Mismatch,valueusd,Calculated vs reported value differs by >10%
8847299965,Value Mismatch,valueusd,Calculated vs reported value differs by >10%
1098101982,Value Mismatch,valueusd,Calculated vs reported value differs by >10%
1098101984,Value Mismatch,valueusd,Calculated vs reported value differs by >10%
1098114149,Value Mismatch,valueusd,Calculated vs reported value differs by >10%
1098147611,Value Mismatch,valueusd,Calculated vs reported value differs by >10%
1101401352,Value Mismatch,valueusd,Calculated vs reported value differs by >10%
1098112915,Value Mismatch,valueusd,Calculated vs reported value differs by >10%
1098121098,Value Mismatch,valueusd,Calculated vs reported value differs by >10%
1098121099,Value Mismatch,valueusd,Calculated vs reported value differs by >10%
1098121101,Value Mismatch,valueusd,Calculated vs reported value differs by >10%
1098121100,Value Mismatch,valueusd,Calculated vs reported value differs by >10%
1098073226,Value Mismatch,valueusd,Calculated vs reported value differs by >10%
1098090243,Value Mismatch,valueusd,Calculated vs reported value differs by >10%
1098097398,Value Mismatch,valueusd,Calculated vs reported value differs by >10%
1098097399,Value Mismatch,valueusd,Calculated vs reported value differs by >10%
1098097401,Value Mismatch,valueusd,Calculated vs reported value differs by >10%
1098097400,Value Mismatch,valueusd,Calculated vs reported value differs by >10%
1101639186,Value Mismatch,valueusd,Calculated vs reported value differs by >10%
1101639187,Value Mismatch,valueusd,Calculated vs reported value differs by >10%
1101639185,Value Mismatch,valueusd,Calculated vs reported value differs by >10%
1098060756,Value Mismatch,valueusd,Calculated vs reported value differs by >10%
7852838302,Value Mismatch,valueusd,Calculated vs reported value differs by >10%
0796440454,Value Mismatch,valueusd,Calculated vs reported value differs by >10%
1097988362,Value Mismatch,valueusd,Calculated vs reported value differs by >10%
0795316044,Value Mismatch,valueusd,Calculated vs reported value differs by >10%
1098008248,Value Mismatch,valueusd,Calculated vs reported value differs by >10%
1098017484,Value Mismatch,valueusd,Calculated vs reported value differs by >10%
447231047,Value Mismatch,valueusd,Calculated vs reported value differs by >10%
447224583,Value Mismatch,valueusd,Calculated vs reported value differs by >10%
447224425,Value Mismatch,valueusd,Calculated vs reported value differs by >10%
5658457876,Value Mismatch,valueusd,Calculated vs reported value differs by >10%
447200835,Value Mismatch,valueusd,Calculated vs reported value differs by >10%
447200834,Value Mismatch,valueusd,Calculated vs reported value differs by >10%
447220743,Value Mismatch,valueusd,Calculated vs reported value differs by >10%
447167894,Value Mismatch,valueusd,Calculated vs reported value differs by >10%
447150616,Value Mismatch,valueusd,Calculated vs reported value differs by >10%
6751049353,Value Mismatch,valueusd,Calculated vs reported value differs by >10%
447105731,Value Mismatch,valueusd,Calculated vs reported value differs by >10%
449442814,Value Mismatch,valueusd,Calculated vs reported value differs by >10%
447076163,Value Mismatch,valueusd,Calculated vs reported value differs by >10%
449442694,Value Mismatch,valueusd,Calculated vs reported value differs by >10%
447124058,Value Mismatch,valueusd,Calculated vs reported value differs by >10%
6751049353,Value Mismatch,valueusd,Calculated vs reported value differs by >10%
447035834,Value Mismatch,valueusd,Calculated vs reported value differs by >10%
447020100,Value Mismatch,valueusd,Calculated vs reported value differs by >10%
447020095,Value Mismatch,valueusd,Calculated vs reported value differs by >10%
447020099,Value Mismatch,valueusd,Calculated vs reported value differs by >10%
447020102,Value Mismatch,valueusd,Calculated vs reported value differs by >10%
447020101,Value Mismatch,valueusd,Calculated vs reported value differs by >10%
447020096,Value Mismatch,valueusd,Calculated vs reported value differs by >10%
447020104,Value Mismatch,valueusd,Calculated vs reported value differs by >10%
447020103,Value Mismatch,valueusd,Calculated vs reported value differs by >10%
447020105,Value Mismatch,valueusd,Calculated vs reported value differs by >10%
446985595,Value Mismatch,valueusd,Calculated vs reported value differs by >10%
446985594,Value Mismatch,valueusd,Calculated vs reported value differs by >10%
449930108,Value Mismatch,valueusd,Calculated vs reported value differs by >10%
6749190610,Value Mismatch,valueusd,Calculated vs reported value differs by >10%
446937673,Value Mismatch,valueusd,Calculated vs reported value differs by >10%
446959073,Value Mismatch,valueusd,Calculated vs reported value differs by >10%
446958078,Value Mismatch,valueusd,Calculated vs reported value differs by >10%
446938538,Value Mismatch,valueusd,Calculated vs reported value differs by >10%
446867888,Value Mismatch,valueusd,Calculated vs reported value differs by >10%
446896002,Value Mismatch,valueusd,Calculated vs reported value differs by >10%
448847274,Value Mismatch,valueusd,Calculated vs reported value differs by >10%
6749190610,Value Mismatch,valueusd,Calculated vs reported value differs by >10%
446895435,Value Mismatch,valueusd,Calculated vs reported value differs by >10%
446895446,Value Mismatch,valueusd,Calculated vs reported value differs by >10%
446895439,Value Mismatch,valueusd,Calculated vs reported value differs by >10%
446895432,Value Mismatch,valueusd,Calculated vs reported value differs by >10%
446895438,Value Mismatch,valueusd,Calculated vs reported value differs by >10%
446907250,Value Mismatch,valueusd,Calculated vs reported value differs by >10%
448767370,Value Mismatch,valueusd,Calculated vs reported value differs by >10%
446817674,Value Mismatch,valueusd,Calculated vs reported value differs by >10%
446811673,Value Mismatch,valueusd,Calculated vs reported value differs by >10%
9202836314,Value Mismatch,valueusd,Calculated vs reported value differs by >10%
9202836314,Value Mismatch,valueusd,Calculated vs reported value differs by >10%
0287022609,Value Mismatch,valueusd,Calculated vs reported value differs by >10%
0287022609,Value Mismatch,valueusd,Calculated vs reported value differs by >10%
447744309,Value Mismatch,valueusd,Calculated vs reported value differs by >10%
447742345,Value Mismatch,valueusd,Calculated vs reported value differs by >10%
447744310,Value Mismatch,valueusd,Calculated vs reported value differs by >10%
447744013,Value Mismatch,valueusd,Calculated vs reported value differs by >10%
447732008,Value Mismatch,valueusd,Calculated vs reported value differs by >10%
447733238,Value Mismatch,valueusd,Calculated vs reported value differs by >10%
447722925,Value Mismatch,valueusd,Calculated vs reported value differs by >10%
447706094,Value Mismatch,valueusd,Calculated vs reported value differs by >10%
447780535,Value Mismatch,valueusd,Calculated vs reported value differs by >10%
447729362,Value Mismatch,valueusd,Calculated vs reported value differs by >10%
447648005,Value Mismatch,valueusd,Calculated vs reported value differs by >10%
447681857,Value Mismatch,valueusd,Calculated vs reported value differs by >10%
447649976,Value Mismatch,valueusd,Calculated vs reported value differs by >10%
447649972,Value Mismatch,valueusd,Calculated vs reported value differs by >10%
449980653,Value Mismatch,valueusd,Calculated vs reported value differs by >10%
447589268,Value Mismatch,valueusd,Calculated vs reported value differs by >10%
447625999,Value Mismatch,valueusd,Calculated vs reported value differs by >10%
447584382,Value Mismatch,valueusd,Calculated vs reported value differs by >10%
449929051,Value Mismatch,valueusd,Calculated vs reported value differs by >10%
449929050,Value Mismatch,valueusd,Calculated vs reported value differs by >10%
447584374,Value Mismatch,valueusd,Calculated vs reported value differs by >10%
3973436097,Value Mismatch,valueusd,Calculated vs reported value differs by >10%
3976034704,Value Mismatch,valueusd,Calculated vs reported value differs by >10%
3976034703,Value Mismatch,valueusd,Calculated vs reported value differs by >10%
3976034694,Value Mismatch,valueusd,Calculated vs reported value differs by >10%
3975766544,Value Mismatch,valueusd,Calculated vs reported value differs by >10%
0287094190,Value Mismatch,valueusd,Calculated vs reported value differs by >10%
3976032896,Value Mismatch,valueusd,Calculated vs reported value differs by >10%
3973399607,Value Mismatch,valueusd,Calculated vs reported value differs by >10%
0287094190,Value Mismatch,valueusd,Calculated vs reported value differs by >10%
3973396271,Value Mismatch,valueusd,Calculated vs reported value differs by >10%
3976237876,Value Mismatch,valueusd,Calculated vs reported value differs by >10%
3973332425,Value Mismatch,valueusd,Calculated vs reported value differs by >10%
3975855568,Value Mismatch,valueusd,Calculated vs reported value differs by >10%
3973353696,Value Mismatch,valueusd,Calculated vs reported value differs by >10%
3975476914,Value Mismatch,valueusd,Calculated vs reported value differs by >10%
3973354736,Value Mismatch,valueusd,Calculated vs reported value differs by >10%
3973354737,Value Mismatch,valueusd,Calculated vs reported value differs by >10%
1109275047,Value Mismatch,valueusd,Calculated vs reported value differs by >10%
3973333685,Value Mismatch,valueusd,Calculated vs reported value differs by >10%
3973322960,Value Mismatch,valueusd,Calculated vs reported value differs by >10%
3973322959,Value Mismatch,valueusd,Calculated vs reported value differs by >10%
3973323868,Value Mismatch,valueusd,Calculated vs reported value differs by >10%
3973323869,Value Mismatch,valueusd,Calculated vs reported value differs by >10%
1053598719,Value Mismatch,valueusd,Calculated vs reported value differs by >10%
1053598719,Value Mismatch,valueusd,Calculated vs reported value differs by >10%
3975476755,Value Mismatch,valueusd,Calculated vs reported value differs by >10%
3973284347,Value Mismatch,valueusd,Calculated vs reported value differs by >10%
1086173075,Value Mismatch,valueusd,Calculated vs reported value differs by >10%
1026118367,Value Mismatch,valueusd,Calculated vs reported value differs by >10%
1026118367,Value Mismatch,valueusd,Calculated vs reported value differs by >10%
3972925470,Value Mismatch,valueusd,Calculated vs reported value differs by >10%
3972920020,Value Mismatch,valueusd,Calculated vs reported value differs by >10%
3972920024,Value Mismatch,valueusd,Calculated vs reported value differs by >10%
3972920022,Value Mismatch,valueusd,Calculated vs reported value differs by >10%
3972920023,Value Mismatch,valueusd,Calculated vs reported value differs by >10%
3972920021,Value Mismatch,valueusd,Calculated vs reported value differs by >10%
3972906824,Value Mismatch,valueusd,Calculated vs reported value differs by >10%
3972878381,Value Mismatch,valueusd,Calculated vs reported value differs by >10%
1124643683,Value Mismatch,valueusd,Calculated vs reported value differs by >10%
1124643683,Value Mismatch,valueusd,Calculated vs reported value differs by >10%
3974909517,Value Mismatch,valueusd,Calculated vs reported value differs by >10%
3972764879,Value Mismatch,valueusd,Calculated vs reported value differs by >10%
3972761706,Value Mismatch,valueusd,Calculated vs reported value differs by >10%
1054703262,Value Mismatch,valueusd,Calculated vs reported value differs by >10%
1127668479,Value Mismatch,valueusd,Calculated vs reported value differs by >10%
3972673080,Value Mismatch,valueusd,Calculated vs reported value differs by >10%
3972673081,Value Mismatch,valueusd,Calculated vs reported value differs by >10%
3972673082,Value Mismatch,valueusd,Calculated vs reported value differs by >10%
3972642956,Value Mismatch,valueusd,Calculated vs reported value differs by >10%
3972609087,Value Mismatch,valueusd,Calculated vs reported value differs by >10%
3974828367,Value Mismatch,valueusd,Calculated vs reported value differs by >10%
3974571943,Value Mismatch,valueusd,Calculated vs reported value differs by >10%
3972595722,Value Mismatch,valueusd,Calculated vs reported value differs by >10%
3972596200,Value Mismatch,valueusd,Calculated vs reported value differs by >10%
3972595720,Value Mismatch,valueusd,Calculated vs reported value differs by >10%
1080248933,Value Mismatch,valueusd,Calculated vs reported value differs by >10%
3972595806,Value Mismatch,valueusd,Calculated vs reported value differs by >10%
3972595805,Value Mismatch,valueusd,Calculated vs reported value differs by >10%
3972564375,Value Mismatch,valueusd,Calculated vs reported value differs by >10%
1080248933,Value Mismatch,valueusd,Calculated vs reported value differs by >10%
2775177812,Value Mismatch,valueusd,Calculated vs reported value differs by >10%
2775056882,Value Mismatch,valueusd,Calculated vs reported value differs by >10%
2775293892,Value Mismatch,valueusd,Calculated vs reported value differs by >10%
2774998338,Value Mismatch,valueusd,Calculated vs reported value differs by >10%
2775234781,Value Mismatch,valueusd,Calculated vs reported value differs by >10%
2775525743,Value Mismatch,valueusd,Calculated vs reported value differs by >10%
2775982287,Value Mismatch,valueusd,Calculated vs reported value differs by >10%
2776058892,Value Mismatch,valueusd,Calculated vs reported value differs by >10%
2775553018,Value Mismatch,valueusd,Calculated vs reported value differs by >10%
2774976648,Value Mismatch,valueusd,Calculated vs reported value differs by >10%
1715969128,Value Mismatch,valueusd,Calculated vs reported value differs by >10%
2774976692,Value Mismatch,valueusd,Calculated vs reported value differs by >10%
2775510620,Value Mismatch,valueusd,Calculated vs reported value differs by >10%
2775510621,Value Mismatch,valueusd,Calculated vs reported value differs by >10%
2775420128,Value Mismatch,valueusd,Calculated vs reported value differs by >10%
2775960939,Value Mismatch,valueusd,Calculated vs reported value differs by >10%
2775801113,Value Mismatch,valueusd,Calculated vs reported value differs by >10%
1195813416,Value Mismatch,valueusd,Calculated vs reported value differs by >10%
1292691887,Value Mismatch,valueusd,Calculated vs reported value differs by >10%
1086596216,Value Mismatch,valueusd,Calculated vs reported value differs by >10%
2777863744,Value Mismatch,valueusd,Calculated vs reported value differs by >10%
2777863746,Value Mismatch,valueusd,Calculated vs reported value differs by >10%
2777863745,Value Mismatch,valueusd,Calculated vs reported value differs by >10%
2777863747,Value Mismatch,valueusd,Calculated vs reported value differs by >10%
2775874614,Value Mismatch,valueusd,Calculated vs reported value differs by >10%
2775521451,Value Mismatch,valueusd,Calculated vs reported value differs by >10%
2775926730,Value Mismatch,valueusd,Calculated vs reported value differs by >10%
2775616142,Value Mismatch,valueusd,Calculated vs reported value differs by >10%
2775422674,Value Mismatch,valueusd,Calculated vs reported value differs by >10%
1086596216,Value Mismatch,valueusd,Calculated vs reported value differs by >10%
1417976936,Value Mismatch,valueusd,Calculated vs reported value differs by >10%
1095708730,Value Mismatch,valueusd,Calculated vs reported value differs by >10%
1278554754,Value Mismatch,valueusd,Calculated vs reported value differs by >10%
1091201154,Value Mismatch,valueusd,Calculated vs reported value differs by >10%
1091201154,Value Mismatch,valueusd,Calculated vs reported value differs by >10%
1417762318,Value Mismatch,valueusd,Calculated vs reported value differs by >10%
1418013366,Value Mismatch,valueusd,Calculated vs reported value differs by >10%
1417710642,Value Mismatch,valueusd,Calculated vs reported value differs by >10%
1417710641,Value Mismatch,valueusd,Calculated vs reported value differs by >10%
1417573812,Value Mismatch,valueusd,Calculated vs reported value differs by >10%
1418003680,Value Mismatch,valueusd,Calculated vs reported value differs by >10%
1420687113,Value Mismatch,valueusd,Calculated vs reported value differs by >10%
1420631278,Value Mismatch,valueusd,Calculated vs reported value differs by >10%
1420166992,Value Mismatch,valueusd,Calculated vs reported value differs by >10%
1420356812,Value Mismatch,valueusd,Calculated vs reported value differs by >10%
1419973056,Value Mismatch,valueusd,Calculated vs reported value differs by >10%
1417100657,Value Mismatch,valueusd,Calculated vs reported value differs by >10%
1417103191,Value Mismatch,valueusd,Calculated vs reported value differs by >10%
1416913703,Value Mismatch,valueusd,Calculated vs reported value differs by >10%
1417230388,Value Mismatch,valueusd,Calculated vs reported value differs by >10%
1417133044,Value Mismatch,valueusd,Calculated vs reported value differs by >10%
1016239735,Value Mismatch,valueusd,Calculated vs reported value differs by >10%
1417502088,Value Mismatch,valueusd,Calculated vs reported value differs by >10%
1021883490,Value Mismatch,valueusd,Calculated vs reported value differs by >10%
1416863046,Value Mismatch,valueusd,Calculated vs reported value differs by >10%
1416863055,Value Mismatch,valueusd,Calculated vs reported value differs by >10%
1416863088,Value Mismatch,valueusd,Calculated vs reported value differs by >10%
1416863086,Value Mismatch,valueusd,Calculated vs reported value differs by >10%
1419620285,Value Mismatch,valueusd,Calculated vs reported value differs by >10%
1419620286,Value Mismatch,valueusd,Calculated vs reported value differs by >10%
1419620287,Value Mismatch,valueusd,Calculated vs reported value differs by >10%
1419620288,Value Mismatch,valueusd,Calculated vs reported value differs by >10%
1417083801,Value Mismatch,valueusd,Calculated vs reported value differs by >10%
1419752468,Value Mismatch,valueusd,Calculated vs reported value differs by >10%
1021883490,Value Mismatch,valueusd,Calculated vs reported value differs by >10%
1416880179,Value Mismatch,valueusd,Calculated vs reported value differs by >10%
1416875887,Value Mismatch,valueusd,Calculated vs reported value differs by >10%
1001173671,Value Mismatch,valueusd,Calculated vs reported value differs by >10%
1879197725,Value Mismatch,valueusd,Calculated vs reported value differs by >10%
1416940046,Value Mismatch,valueusd,Calculated vs reported value differs by >10%
1417027056,Value Mismatch,valueusd,Calculated vs reported value differs by >10%
1416775850,Value Mismatch,valueusd,Calculated vs reported value differs by >10%
1417000966,Value Mismatch,valueusd,Calculated vs reported value differs by >10%
1302513162,Value Mismatch,valueusd,Calculated vs reported value differs by >10%
696133303,Value Mismatch,valueusd,Calculated vs reported value differs by >10%
693857628,Value Mismatch,valueusd,Calculated vs reported value differs by >10%
693903779,Value Mismatch,valueusd,Calculated vs reported value differs by >10%
693856355,Value Mismatch,valueusd,Calculated vs reported value differs by >10%
693856352,Value Mismatch,valueusd,Calculated vs reported value differs by >10%
693856354,Value Mismatch,valueusd,Calculated vs reported value differs by >10%
693856353,Value Mismatch,valueusd,Calculated vs reported value differs by >10%
693856351,Value Mismatch,valueusd,Calculated vs reported value differs by >10%
693847632,Value Mismatch,valueusd,Calculated vs reported value differs by >10%
693828227,Value Mismatch,valueusd,Calculated vs reported value differs by >10%
693795065,Value Mismatch,valueusd,Calculated vs reported value differs by >10%
693755812,Value Mismatch,valueusd,Calculated vs reported value differs by >10%
693755813,Value Mismatch,valueusd,Calculated vs reported value differs by >10%
693684459,Value Mismatch,valueusd,Calculated vs reported value differs by >10%
693684461,Value Mismatch,valueusd,Calculated vs reported value differs by >10%
693659032,Value Mismatch,valueusd,Calculated vs reported value differs by >10%
693658803,Value Mismatch,valueusd,Calculated vs reported value differs by >10%
693658804,Value Mismatch,valueusd,Calculated vs reported value differs by >10%
693627044,Value Mismatch,valueusd,Calculated vs reported value differs by >10%
693621577,Value Mismatch,valueusd,Calculated vs reported value differs by >10%
693627043,Value Mismatch,valueusd,Calculated vs reported value differs by >10%
1302513162,Value Mismatch,valueusd,Calculated vs reported value differs by >10%
6305501779,Value Mismatch,valueusd,Calculated vs reported value differs by >10%
6305501778,Value Mismatch,valueusd,Calculated vs reported value differs by >10%
650704078,Value Mismatch,valueusd,Calculated vs reported value differs by >10%
693621380,Value Mismatch,valueusd,Calculated vs reported value differs by >10%
693621381,Value Mismatch,valueusd,Calculated vs reported value differs by >10%
693638349,Value Mismatch,valueusd,Calculated vs reported value differs by >10%
693638352,Value Mismatch,valueusd,Calculated vs reported value differs by >10%
693638350,Value Mismatch,valueusd,Calculated vs reported value differs by >10%
693638353,Value Mismatch,valueusd,Calculated vs reported value differs by >10%
693638351,Value Mismatch,valueusd,Calculated vs reported value differs by >10%
693514898,Value Mismatch,valueusd,Calculated vs reported value differs by >10%
693533786,Value Mismatch,valueusd,Calculated vs reported value differs by >10%
696108982,Value Mismatch,valueusd,Calculated vs reported value differs by >10%
693432313,Value Mismatch,valueusd,Calculated vs reported value differs by >10%
695333502,Value Mismatch,valueusd,Calculated vs reported value differs by >10%
3698400514,Value Mismatch,valueusd,Calculated vs reported value differs by >10%
693400203,Value Mismatch,valueusd,Calculated vs reported value differs by >10%
695187228,Value Mismatch,valueusd,Calculated vs reported value differs by >10%
693327856,Value Mismatch,valueusd,Calculated vs reported value differs by >10%
693327858,Value Mismatch,valueusd,Calculated vs reported value differs by >10%
3698400514,Value Mismatch,valueusd,Calculated vs reported value differs by >10%
693984443,Value Mismatch,valueusd,Calculated vs reported value differs by >10%
6978561493,Value Mismatch,valueusd,Calculated vs reported value differs by >10%
696135576,Value Mismatch,valueusd,Calculated vs reported value differs by >10%
696135577,Value Mismatch,valueusd,Calculated vs reported value differs by >10%
6978561560,Value Mismatch,valueusd,Calculated vs reported value differs by >10%
693938987,Value Mismatch,valueusd,Calculated vs reported value differs by >10%
9200624596,Value Mismatch,valueusd,Calculated vs reported value differs by >10%
9200580802,Value Mismatch,valueusd,Calculated vs reported value differs by >10%
9200373325,Value Mismatch,valueusd,Calculated vs reported value differs by >10%
9202845794,Value Mismatch,valueusd,Calculated vs reported value differs by >10%
9200762530,Value Mismatch,valueusd,Calculated vs reported value differs by >10%
9203021211,Value Mismatch,valueusd,Calculated vs reported value differs by >10%
9200467839,Value Mismatch,valueusd,Calculated vs reported value differs by >10%
9200702822,Value Mismatch,valueusd,Calculated vs reported value differs by >10%
9200610136,Value Mismatch,valueusd,Calculated vs reported value differs by >10%
9199896509,Value Mismatch,valueusd,Calculated vs reported value differs by >10%
9202621849,Value Mismatch,valueusd,Calculated vs reported value differs by >10%
9199616958,Value Mismatch,valueusd,Calculated vs reported value differs by >10%
6976893928,Value Mismatch,valueusd,Calculated vs reported value differs by >10%
9200165165,Value Mismatch,valueusd,Calculated vs reported value differs by >10%
9200165166,Value Mismatch,valueusd,Calculated vs reported value differs by >10%
9199708936,Value Mismatch,valueusd,Calculated vs reported value differs by >10%
9199867273,Value Mismatch,valueusd,Calculated vs reported value differs by >10%
9199867270,Value Mismatch,valueusd,Calculated vs reported value differs by >10%
9199706218,Value Mismatch,valueusd,Calculated vs reported value differs by >10%
9703755131,Value Mismatch,valueusd,Calculated vs reported value differs by >10%
9199864959,Value Mismatch,valueusd,Calculated vs reported value differs by >10%
9202559508,Value Mismatch,valueusd,Calculated vs reported value differs by >10%
9199823984,Value Mismatch,valueusd,Calculated vs reported value differs by >10%
9703755128,Value Mismatch,valueusd,Calculated vs reported value differs by >10%
9200003499,Value Mismatch,valueusd,Calculated vs reported value differs by >10%
9200003500,Value Mismatch,valueusd,Calculated vs reported value differs by >10%
9859883537,Value Mismatch,valueusd,Calculated vs reported value differs by >10%
829421459,Value Mismatch,valueusd,Calculated vs reported value differs by >10%
829421458,Value Mismatch,valueusd,Calculated vs reported value differs by >10%
830745948,Value Mismatch,valueusd,Calculated vs reported value differs by >10%
829281732,Value Mismatch,valueusd,Calculated vs reported value differs by >10%
829276788,Value Mismatch,valueusd,Calculated vs reported value differs by >10%
7989973588,Value Mismatch,valueusd,Calculated vs reported value differs by >10%
829228652,Value Mismatch,valueusd,Calculated vs reported value differs by >10%
831975808,Value Mismatch,valueusd,Calculated vs reported value differs by >10%
829200006,Value Mismatch,valueusd,Calculated vs reported value differs by >10%
829208214,Value Mismatch,valueusd,Calculated vs reported value differs by >10%
829191337,Value Mismatch,valueusd,Calculated vs reported value differs by >10%
829205143,Value Mismatch,valueusd,Calculated vs reported value differs by >10%
829131698,Value Mismatch,valueusd,Calculated vs reported value differs by >10%
829125006,Value Mismatch,valueusd,Calculated vs reported value differs by >10%
831975210,Value Mismatch,valueusd,Calculated vs reported value differs by >10%
831975208,Value Mismatch,valueusd,Calculated vs reported value differs by >10%
830910219,Value Mismatch,valueusd,Calculated vs reported value differs by >10%
1043623432,Value Mismatch,valueusd,Calculated vs reported value differs by >10%
829080603,Value Mismatch,valueusd,Calculated vs reported value differs by >10%
829080604,Value Mismatch,valueusd,Calculated vs reported value differs by >10%
829080601,Value Mismatch,valueusd,Calculated vs reported value differs by >10%
829080602,Value Mismatch,valueusd,Calculated vs reported value differs by >10%
829080600,Value Mismatch,valueusd,Calculated vs reported value differs by >10%
829079147,Value Mismatch,valueusd,Calculated vs reported value differs by >10%
828983546,Value Mismatch,valueusd,Calculated vs reported value differs by >10%
828966029,Value Mismatch,valueusd,Calculated vs reported value differs by >10%
828966027,Value Mismatch,valueusd,Calculated vs reported value differs by >10%
828942897,Value Mismatch,valueusd,Calculated vs reported value differs by >10%
828907942,Value Mismatch,valueusd,Calculated vs reported value differs by >10%
828922207,Value Mismatch,valueusd,Calculated vs reported value differs by >10%
828911979,Value Mismatch,valueusd,Calculated vs reported value differs by >10%
828922209,Value Mismatch,valueusd,Calculated vs reported value differs by >10%
1043583263,Value Mismatch,valueusd,Calculated vs reported value differs by >10%
828868585,Value Mismatch,valueusd,Calculated vs reported value differs by >10%
828748719,Value Mismatch,valueusd,Calculated vs reported value differs by >10%
828794541,Value Mismatch,valueusd,Calculated vs reported value differs by >10%
828794542,Value Mismatch,valueusd,Calculated vs reported value differs by >10%
1043554683,Value Mismatch,valueusd,Calculated vs reported value differs by >10%
828763201,Value Mismatch,valueusd,Calculated vs reported value differs by >10%
830736099,Value Mismatch,valueusd,Calculated vs reported value differs by >10%
1043554682,Value Mismatch,valueusd,Calculated vs reported value differs by >10%
830736052,Value Mismatch,valueusd,Calculated vs reported value differs by >10%
830736054,Value Mismatch,valueusd,Calculated vs reported value differs by >10%
830736056,Value Mismatch,valueusd,Calculated vs reported value differs by >10%
830736050,Value Mismatch,valueusd,Calculated vs reported value differs by >10%
830736049,Value Mismatch,valueusd,Calculated vs reported value differs by >10%
828646642,Value Mismatch,valueusd,Calculated vs reported value differs by >10%
218151790,Value Mismatch,valueusd,Calculated vs reported value differs by >10%
218082685,Value Mismatch,valueusd,Calculated vs reported value differs by >10%
219574202,Value Mismatch,valueusd,Calculated vs reported value differs by >10%
218065782,Value Mismatch,valueusd,Calculated vs reported value differs by >10%
219572926,Value Mismatch,valueusd,Calculated vs reported value differs by >10%
218038360,Value Mismatch,valueusd,Calculated vs reported value differs by >10%
218028126,Value Mismatch,valueusd,Calculated vs reported value differs by >10%
219909828,Value Mismatch,valueusd,Calculated vs reported value differs by >10%
219915808,Value Mismatch,valueusd,Calculated vs reported value differs by >10%
219909830,Value Mismatch,valueusd,Calculated vs reported value differs by >10%
1043454647,Value Mismatch,valueusd,Calculated vs reported value differs by >10%
217931824,Value Mismatch,valueusd,Calculated vs reported value differs by >10%
217931865,Value Mismatch,valueusd,Calculated vs reported value differs by >10%
217975681,Value Mismatch,valueusd,Calculated vs reported value differs by >10%
217969765,Value Mismatch,valueusd,Calculated vs reported value differs by >10%
217969766,Value Mismatch,valueusd,Calculated vs reported value differs by >10%
217969767,Value Mismatch,valueusd,Calculated vs reported value differs by >10%
219880035,Value Mismatch,valueusd,Calculated vs reported value differs by >10%
217947239,Value Mismatch,valueusd,Calculated vs reported value differs by >10%
217901687,Value Mismatch,valueusd,Calculated vs reported value differs by >10%
217883323,Value Mismatch,valueusd,Calculated vs reported value differs by >10%
217890714,Value Mismatch,valueusd,Calculated vs reported value differs by >10%
217824194,Value Mismatch,valueusd,Calculated vs reported value differs by >10%
217890715,Value Mismatch,valueusd,Calculated vs reported value differs by >10%
217800322,Value Mismatch,valueusd,Calculated vs reported value differs by >10%
217777814,Value Mismatch,valueusd,Calculated vs reported value differs by >10%
217666923,Value Mismatch,valueusd,Calculated vs reported value differs by >10%
217659022,Value Mismatch,valueusd,Calculated vs reported value differs by >10%
217660314,Value Mismatch,valueusd,Calculated vs reported value differs by >10%
9454395851,Value Mismatch,valueusd,Calculated vs reported value differs by >10%
9454395851,Value Mismatch,valueusd,Calculated vs reported value differs by >10%
9455619735,Value Mismatch,valueusd,Calculated vs reported value differs by >10%
9455619735,Value Mismatch,valueusd,Calculated vs reported value differs by >10%
9455619732,Value Mismatch,valueusd,Calculated vs reported value differs by >10%
9455619732,Value Mismatch,valueusd,Calculated vs reported value differs by >10%
9454350122,Value Mismatch,valueusd,Calculated vs reported value differs by >10%
9454350122,Value Mismatch,valueusd,Calculated vs reported value differs by >10%
1097380851,Value Mismatch,valueusd,Calculated vs reported value differs by >10%
1098395782,Value Mismatch,valueusd,Calculated vs reported value differs by >10%
1099997702,Value Mismatch,valueusd,Calculated vs reported value differs by >10%
449561402,Value Mismatch,valueusd,Calculated vs reported value differs by >10%
9454250591,Value Mismatch,valueusd,Calculated vs reported value differs by >10%
9454250591,Value Mismatch,valueusd,Calculated vs reported value differs by >10%
448989573,Value Mismatch,valueusd,Calculated vs reported value differs by >10%
3975842401,Value Mismatch,valueusd,Calculated vs reported value differs by >10%
3972926385,Value Mismatch,valueusd,Calculated vs reported value differs by >10%
3972773346,Value Mismatch,valueusd,Calculated vs reported value differs by >10%
9454193143,Value Mismatch,valueusd,Calculated vs reported value differs by >10%
9454193143,Value Mismatch,valueusd,Calculated vs reported value differs by >10%
9454194563,Value Mismatch,valueusd,Calculated vs reported value differs by >10%
9454194563,Value Mismatch,valueusd,Calculated vs reported value differs by >10%
9454138161,Value Mismatch,valueusd,Calculated vs reported value differs by >10%
9455616159,Value Mismatch,valueusd,Calculated vs reported value differs by >10%
9455616159,Value Mismatch,valueusd,Calculated vs reported value differs by >10%
9455614853,Value Mismatch,valueusd,Calculated vs reported value differs by >10%
9455615554,Value Mismatch,valueusd,Calculated vs reported value differs by >10%
9455615196,Value Mismatch,valueusd,Calculated vs reported value differs by >10%
9455614853,Value Mismatch,valueusd,Calculated vs reported value differs by >10%
9455615554,Value Mismatch,valueusd,Calculated vs reported value differs by >10%
9455615196,Value Mismatch,valueusd,Calculated vs reported value differs by >10%
9454114161,Value Mismatch,valueusd,Calculated vs reported value differs by >10%
9454114161,Value Mismatch,valueusd,Calculated vs reported value differs by >10%
9455614808,Value Mismatch,valueusd,Calculated vs reported value differs by >10%
9455614809,Value Mismatch,valueusd,Calculated vs reported value differs by >10%
9455614810,Value Mismatch,valueusd,Calculated vs reported value differs by >10%
9455614806,Value Mismatch,valueusd,Calculated vs reported value differs by >10%
9455614807,Value Mismatch,valueusd,Calculated vs reported value differs by >10%
9455614670,Value Mismatch,valueusd,Calculated vs reported value differs by >10%
9455614805,Value Mismatch,valueusd,Calculated vs reported value differs by >10%
9455614808,Value Mismatch,valueusd,Calculated vs reported value differs by >10%
9455614809,Value Mismatch,valueusd,Calculated vs reported value differs by >10%
9455614810,Value Mismatch,valueusd,Calculated vs reported value differs by >10%
9455614806,Value Mismatch,valueusd,Calculated vs reported value differs by >10%
9455614807,Value Mismatch,valueusd,Calculated vs reported value differs by >10%
9455614670,Value Mismatch,valueusd,Calculated vs reported value differs by >10%
9455614805,Value Mismatch,valueusd,Calculated vs reported value differs by >10%
9454091719,Value Mismatch,valueusd,Calculated vs reported value differs by >10%
9454091719,Value Mismatch,valueusd,Calculated vs reported value differs by >10%
9454059205,Value Mismatch,valueusd,Calculated vs reported value differs by >10%
9454059205,Value Mismatch,valueusd,Calculated vs reported value differs by >10%
9455612336,Value Mismatch,valueusd,Calculated vs reported value differs by >10%
9455612336,Value Mismatch,valueusd,Calculated vs reported value differs by >10%
9456040355,Value Mismatch,valueusd,Calculated vs reported value differs by >10%
9456040355,Value Mismatch,valueusd,Calculated vs reported value differs by >10%
9453844483,Value Mismatch,valueusd,Calculated vs reported value differs by >10%
9453844483,Value Mismatch,valueusd,Calculated vs reported value differs by >10%
9455603238,Value Mismatch,valueusd,Calculated vs reported value differs by >10%
9455603238,Value Mismatch,valueusd,Calculated vs reported value differs by >10%
9453810635,Value Mismatch,valueusd,Calculated vs reported value differs by >10%
9453810635,Value Mismatch,valueusd,Calculated vs reported value differs by >10%
9453826899,Value Mismatch,valueusd,Calculated vs reported value differs by >10%
9453826899,Value Mismatch,valueusd,Calculated vs reported value differs by >10%
9455957759,Value Mismatch,valueusd,Calculated vs reported value differs by >10%
3460758482,Value Mismatch,valueusd,Calculated vs reported value differs by >10%
3460758482,Value Mismatch,valueusd,Calculated vs reported value differs by >10%
3463028669,Value Mismatch,valueusd,Calculated vs reported value differs by >10%
3463028669,Value Mismatch,valueusd,Calculated vs reported value differs by >10%
3460645563,Value Mismatch,valueusd,Calculated vs reported value differs by >10%
2777439461,Value Mismatch,valueusd,Calculated vs reported value differs by >10%
1417637407,Value Mismatch,valueusd,Calculated vs reported value differs by >10%
1417165334,Value Mismatch,valueusd,Calculated vs reported value differs by >10%
3460329080,Value Mismatch,valueusd,Calculated vs reported value differs by >10%
3460557207,Value Mismatch,valueusd,Calculated vs reported value differs by >10%
3460329080,Value Mismatch,valueusd,Calculated vs reported value differs by >10%
3460557207,Value Mismatch,valueusd,Calculated vs reported value differs by >10%
3461654203,Value Mismatch,valueusd,Calculated vs reported value differs by >10%
693768728,Value Mismatch,valueusd,Calculated vs reported value differs by >10%
3459888351,Value Mismatch,valueusd,Calculated vs reported value differs by >10%
3459888351,Value Mismatch,valueusd,Calculated vs reported value differs by >10%
3459919700,Value Mismatch,valueusd,Calculated vs reported value differs by >10%
3459919700,Value Mismatch,valueusd,Calculated vs reported value differs by >10%
3459597081,Value Mismatch,valueusd,Calculated vs reported value differs by >10%
3459597079,Value Mismatch,valueusd,Calculated vs reported value differs by >10%
3459597081,Value Mismatch,valueusd,Calculated vs reported value differs by >10%
3459597079,Value Mismatch,valueusd,Calculated vs reported value differs by >10%
3460153127,Value Mismatch,valueusd,Calculated vs reported value differs by >10%
3460153127,Value Mismatch,valueusd,Calculated vs reported value differs by >10%
3459879571,Value Mismatch,valueusd,Calculated vs reported value differs by >10%
3459879571,Value Mismatch,valueusd,Calculated vs reported value differs by >10%
3459928661,Value Mismatch,valueusd,Calculated vs reported value differs by >10%
3459928661,Value Mismatch,valueusd,Calculated vs reported value differs by >10%
3459585678,Value Mismatch,valueusd,Calculated vs reported value differs by >10%
9203122697,Value Mismatch,valueusd,Calculated vs reported value differs by >10%
3459591694,Value Mismatch,valueusd,Calculated vs reported value differs by >10%
3459591694,Value Mismatch,valueusd,Calculated vs reported value differs by >10%
3459664495,Value Mismatch,valueusd,Calculated vs reported value differs by >10%
9199710592,Value Mismatch,valueusd,Calculated vs reported value differs by >10%
3460275340,Value Mismatch,valueusd,Calculated vs reported value differs by >10%
3460275340,Value Mismatch,valueusd,Calculated vs reported value differs by >10%
3460160639,Value Mismatch,valueusd,Calculated vs reported value differs by >10%
3460160639,Value Mismatch,valueusd,Calculated vs reported value differs by >10%
3459952349,Value Mismatch,valueusd,Calculated vs reported value differs by >10%
3459652021,Value Mismatch,valueusd,Calculated vs reported value differs by >10%
3459952349,Value Mismatch,valueusd,Calculated vs reported value differs by >10%
3459652021,Value Mismatch,valueusd,Calculated vs reported value differs by >10%
3460207800,Value Mismatch,valueusd,Calculated vs reported value differs by >10%
130640540,Value Mismatch,valueusd,Calculated vs reported value differs by >10%
0130640540,Value Mismatch,valueusd,Calculated vs reported value differs by >10%
127844406,Value Mismatch,valueusd,Calculated vs reported value differs by >10%
127844407,Value Mismatch,valueusd,Calculated vs reported value differs by >10%
0127844406,Value Mismatch,valueusd,Calculated vs reported value differs by >10%
0127844407,Value Mismatch,valueusd,Calculated vs reported value differs by >10%
128083919,Value Mismatch,valueusd,Calculated vs reported value differs by >10%
0128083919,Value Mismatch,valueusd,Calculated vs reported value differs by >10%
128083918,Value Mismatch,valueusd,Calculated vs reported value differs by >10%
0128083918,Value Mismatch,valueusd,Calculated vs reported value differs by >10%
130969644,Value Mismatch,valueusd,Calculated vs reported value differs by >10%
0130969644,Value Mismatch,valueusd,Calculated vs reported value differs by >10%
127999544,Value Mismatch,valueusd,Calculated vs reported value differs by >10%
0127999544,Value Mismatch,valueusd,Calculated vs reported value differs by >10%
127998204,Value Mismatch,valueusd,Calculated vs reported value differs by >10%
127967713,Value Mismatch,valueusd,Calculated vs reported value differs by >10%
0127998204,Value Mismatch,valueusd,Calculated vs reported value differs by >10%
0127967713,Value Mismatch,valueusd,Calculated vs reported value differs by >10%
127640572,Value Mismatch,valueusd,Calculated vs reported value differs by >10%
0127640572,Value Mismatch,valueusd,Calculated vs reported value differs by >10%
127242798,Value Mismatch,valueusd,Calculated vs reported value differs by >10%
0127242798,Value Mismatch,valueusd,Calculated vs reported value differs by >10%
127494772,Value Mismatch,valueusd,Calculated vs reported value differs by >10%
0127494772,Value Mismatch,valueusd,Calculated vs reported value differs by >10%
127157949,Value Mismatch,valueusd,Calculated vs reported value differs by >10%
127508826,Value Mismatch,valueusd,Calculated vs reported value differs by >10%
0127157949,Value Mismatch,valueusd,Calculated vs reported value differs by >10%
0127508826,Value Mismatch,valueusd,Calculated vs reported value differs by >10%
129738754,Value Mismatch,valueusd,Calculated vs reported value differs by >10%
127174459,Value Mismatch,valueusd,Calculated vs reported value differs by >10%
0127174459,Value Mismatch,valueusd,Calculated vs reported value differs by >10%
831863948,Value Mismatch,valueusd,Calculated vs reported value differs by >10%
831129457,Value Mismatch,valueusd,Calculated vs reported value differs by >10%
127033187,Value Mismatch,valueusd,Calculated vs reported value differs by >10%
828646643,Value Mismatch,valueusd,Calculated vs reported value differs by >10%
127033188,Value Mismatch,valueusd,Calculated vs reported value differs by >10%
0127033188,Value Mismatch,valueusd,Calculated vs reported value differs by >10%
0127078122,Value Mismatch,valueusd,Calculated vs reported value differs by >10%
127078122,Value Mismatch,valueusd,Calculated vs reported value differs by >10%
219983163,Value Mismatch,valueusd,Calculated vs reported value differs by >10%
219983164,Value Mismatch,valueusd,Calculated vs reported value differs by >10%
9455619866,Value Mismatch,valueusd,Calculated vs reported value differs by >10%
9455619864,Value Mismatch,valueusd,Calculated vs reported value differs by >10%
9455619865,Value Mismatch,valueusd,Calculated vs reported value differs by >10%
127410392,Value Mismatch,valueusd,Calculated vs reported value differs by >10%
0127410392,Value Mismatch,valueusd,Calculated vs reported value differs by >10%
127267309,Value Mismatch,valueusd,Calculated vs reported value differs by >10%
0127267309,Value Mismatch,valueusd,Calculated vs reported value differs by >10%
0129879821,Value Mismatch,valueusd,Calculated vs reported value differs by >10%
127581651,Value Mismatch,valueusd,Calculated vs reported value differs by >10%
0127581651,Value Mismatch,valueusd,Calculated vs reported value differs by >10%
3751641430,Value Mismatch,valueusd,Calculated vs reported value differs by >10%
3751641430,Value Mismatch,valueusd,Calculated vs reported value differs by >10%
3751647035,Value Mismatch,valueusd,Calculated vs reported value differs by >10%
3751647034,Value Mismatch,valueusd,Calculated vs reported value differs by >10%
3751647035,Value Mismatch,valueusd,Calculated vs reported value differs by >10%
3751647034,Value Mismatch,valueusd,Calculated vs reported value differs by >10%
3751643922,Value Mismatch,valueusd,Calculated vs reported value differs by >10%
3751640719,Value Mismatch,valueusd,Calculated vs reported value differs by >10%
3751643922,Value Mismatch,valueusd,Calculated vs reported value differs by >10%
3751640719,Value Mismatch,valueusd,Calculated vs reported value differs by >10%
9453776012,Value Mismatch,valueusd,Calculated vs reported value differs by >10%
9453738692,Value Mismatch,valueusd,Calculated vs reported value differs by >10%
9453738691,Value Mismatch,valueusd,Calculated vs reported value differs by >10%
9453738692,Value Mismatch,valueusd,Calculated vs reported value differs by >10%
9453738691,Value Mismatch,valueusd,Calculated vs reported value differs by >10%
3460275341,Value Mismatch,valueusd,Calculated vs reported value differs by >10%
3460275343,Value Mismatch,valueusd,Calculated vs reported value differs by >10%
128102057,Value Mismatch,valueusd,Calculated vs reported value differs by >10%
127403913,Value Mismatch,valueusd,Calculated vs reported value differs by >10%
0127403913,Value Mismatch,valueusd,Calculated vs reported value differs by >10%
3751343161,Value Mismatch,valueusd,Calculated vs reported value differs by >10%
3751343161,Value Mismatch,valueusd,Calculated vs reported value differs by >10%
8847299965,Value Mismatch,valueusd,Calculated vs reported value differs by >10%
1165187130,Value Mismatch,valueusd,Calculated vs reported value differs by >10%
1417895593,Value Mismatch,valueusd,Calculated vs reported value differs by >10%
1083910117,Value Mismatch,valueusd,Calculated vs reported value differs by >10%
3751339624,Value Mismatch,valueusd,Calculated vs reported value differs by >10%
3751339623,Value Mismatch,valueusd,Calculated vs reported value differs by >10%
3751339623,Value Mismatch,valueusd,Calculated vs reported value differs by >10%
3751339624,Value Mismatch,valueusd,Calculated vs reported value differs by >10%
3751243174,Value Mismatch,valueusd,Calculated vs reported value differs by >10%
3751243176,Value Mismatch,valueusd,Calculated vs reported value differs by >10%
3751243175,Value Mismatch,valueusd,Calculated vs reported value differs by >10%
3751243174,Value Mismatch,valueusd,Calculated vs reported value differs by >10%
3751243176,Value Mismatch,valueusd,Calculated vs reported value differs by >10%
3751243175,Value Mismatch,valueusd,Calculated vs reported value differs by >10%
3751241065,Value Mismatch,valueusd,Calculated vs reported value differs by >10%
9703082620,Value Mismatch,valueusd,Calculated vs reported value differs by >10%
3751240849,Value Mismatch,valueusd,Calculated vs reported value differs by >10%
3751240849,Value Mismatch,valueusd,Calculated vs reported value differs by >10%
3752717926,Value Mismatch,valueusd,Calculated vs reported value differs by >10%
3752717925,Value Mismatch,valueusd,Calculated vs reported value differs by >10%
3752717924,Value Mismatch,valueusd,Calculated vs reported value differs by >10%
3752717923,Value Mismatch,valueusd,Calculated vs reported value differs by >10%
3752717922,Value Mismatch,valueusd,Calculated vs reported value differs by >10%
3752717918,Value Mismatch,valueusd,Calculated vs reported value differs by >10%
3752717917,Value Mismatch,valueusd,Calculated vs reported value differs by >10%
3751141972,Value Mismatch,valueusd,Calculated vs reported value differs by >10%
3751141972,Value Mismatch,valueusd,Calculated vs reported value differs by >10%
3751143627,Value Mismatch,valueusd,Calculated vs reported value differs by >10%
3751143627,Value Mismatch,valueusd,Calculated vs reported value differs by >10%
3752714765,Value Mismatch,valueusd,Calculated vs reported value differs by >10%
3752714765,Value Mismatch,valueusd,Calculated vs reported value differs by >10%
1078225896,Value Mismatch,valueusd,Calculated vs reported value differs by >10%
2775313399,Value Mismatch,valueusd,Calculated vs reported value differs by >10%
693934136,Value Mismatch,valueusd,Calculated vs reported value differs by >10%
1128578361,Value Mismatch,valueusd,Calculated vs reported value differs by >10%
9202795243,Value Mismatch,valueusd,Calculated vs reported value differs by >10%
8495798037,Value Mismatch,valueusd,Calculated vs reported value differs by >10%
8495798038,Value Mismatch,valueusd,Calculated vs reported value differs by >10%
8495798038,Value Mismatch,valueusd,Calculated vs reported value differs by >10%
8495798037,Value Mismatch,valueusd,Calculated vs reported value differs by >10%
8495798038,Value Mismatch,valueusd,Calculated vs reported value differs by >10%
8495798037,Value Mismatch,valueusd,Calculated vs reported value differs by >10%
8496142894,Value Mismatch,valueusd,Calculated vs reported value differs by >10%
8498391301,Value Mismatch,valueusd,Calculated vs reported value differs by >10%
8498517024,Value Mismatch,valueusd,Calculated vs reported value differs by >10%
8498912847,Value Mismatch,valueusd,Calculated vs reported value differs by >10%
8498517026,Value Mismatch,valueusd,Calculated vs reported value differs by >10%
8498912846,Value Mismatch,valueusd,Calculated vs reported value differs by >10%
8498729241,Value Mismatch,valueusd,Calculated vs reported value differs by >10%
8498729240,Value Mismatch,valueusd,Calculated vs reported value differs by >10%
1247228188,Value Mismatch,valueusd,Calculated vs reported value differs by >10%
2775313400,Value Mismatch,valueusd,Calculated vs reported value differs by >10%
9324145506,Value Mismatch,valueusd,Calculated vs reported value differs by >10%
8496023503,Value Mismatch,valueusd,Calculated vs reported value differs by >10%
8496023503,Value Mismatch,valueusd,Calculated vs reported value differs by >10%
8496023503,Value Mismatch,valueusd,Calculated vs reported value differs by >10%
8496147476,Value Mismatch,valueusd,Calculated vs reported value differs by >10%
8496147476,Value Mismatch,valueusd,Calculated vs reported value differs by >10%
8496147476,Value Mismatch,valueusd,Calculated vs reported value differs by >10%
1126919011,Value Mismatch,valueusd,Calculated vs reported value differs by >10%
1034507508,Value Mismatch,valueusd,Calculated vs reported value differs by >10%
1330597680,Value Mismatch,valueusd,Calculated vs reported value differs by >10%
8496127416,Value Mismatch,valueusd,Calculated vs reported value differs by >10%
8496137477,Value Mismatch,valueusd,Calculated vs reported value differs by >10%
8496307323,Value Mismatch,valueusd,Calculated vs reported value differs by >10%
8496307323,Value Mismatch,valueusd,Calculated vs reported value differs by >10%
8496307323,Value Mismatch,valueusd,Calculated vs reported value differs by >10%
8499053072,Value Mismatch,valueusd,Calculated vs reported value differs by >10%
8499053072,Value Mismatch,valueusd,Calculated vs reported value differs by >10%
8499053072,Value Mismatch,valueusd,Calculated vs reported value differs by >10%
8495900106,Value Mismatch,valueusd,Calculated vs reported value differs by >10%
8498445223,Value Mismatch,valueusd,Calculated vs reported value differs by >10%
8498609058,Value Mismatch,valueusd,Calculated vs reported value differs by >10%
8495986515,Value Mismatch,valueusd,Calculated vs reported value differs by >10%
8495986515,Value Mismatch,valueusd,Calculated vs reported value differs by >10%
8495986515,Value Mismatch,valueusd,Calculated vs reported value differs by >10%
8498827070,Value Mismatch,valueusd,Calculated vs reported value differs by >10%
8498827070,Value Mismatch,valueusd,Calculated vs reported value differs by >10%
8498827070,Value Mismatch,valueusd,Calculated vs reported value differs by >10%
8498349477,Value Mismatch,valueusd,Calculated vs reported value differs by >10%
8498349476,Value Mismatch,valueusd,Calculated vs reported value differs by >10%
8498561613,Value Mismatch,valueusd,Calculated vs reported value differs by >10%
8498561613,Value Mismatch,valueusd,Calculated vs reported value differs by >10%
8498561613,Value Mismatch,valueusd,Calculated vs reported value differs by >10%
220033148,Value Mismatch,valueusd,Calculated vs reported value differs by >10%
1026086702,Value Mismatch,valueusd,Calculated vs reported value differs by >10%
446819698,Value Mismatch,valueusd,Calculated vs reported value differs by >10%
8495350423,Value Mismatch,valueusd,Calculated vs reported value differs by >10%
8495350423,Value Mismatch,valueusd,Calculated vs reported value differs by >10%
8495350423,Value Mismatch,valueusd,Calculated vs reported value differs by >10%
8495416322,Value Mismatch,valueusd,Calculated vs reported value differs by >10%
8495416322,Value Mismatch,valueusd,Calculated vs reported value differs by >10%
8495416322,Value Mismatch,valueusd,Calculated vs reported value differs by >10%
8497756919,Value Mismatch,valueusd,Calculated vs reported value differs by >10%
5660798158,Value Mismatch,valueusd,Calculated vs reported value differs by >10%
8497944756,Value Mismatch,valueusd,Calculated vs reported value differs by >10%
1323521615,Value Mismatch,valueusd,Calculated vs reported value differs by >10%
6977181485,Value Mismatch,valueusd,Calculated vs reported value differs by >10%
652865311,Value Mismatch,valueusd,Calculated vs reported value differs by >10%
2078742418,Value Mismatch,valueusd,Calculated vs reported value differs by >10%
6305069873,Value Mismatch,valueusd,Calculated vs reported value differs by >10%
6305069848,Value Mismatch,valueusd,Calculated vs reported value differs by >10%
6305069824,Value Mismatch,valueusd,Calculated vs reported value differs by >10%
653838253,Value Mismatch,valueusd,Calculated vs reported value differs by >10%
8497515126,Value Mismatch,valueusd,Calculated vs reported value differs by >10%
8497515126,Value Mismatch,valueusd,Calculated vs reported value differs by >10%
8497515126,Value Mismatch,valueusd,Calculated vs reported value differs by >10%
8495673235,Value Mismatch,valueusd,Calculated vs reported value differs by >10%
8497485001,Value Mismatch,valueusd,Calculated vs reported value differs by >10%
8497485001,Value Mismatch,valueusd,Calculated vs reported value differs by >10%
653838200,Value Mismatch,valueusd,Calculated vs reported value differs by >10%
3700340787,Value Mismatch,valueusd,Calculated vs reported value differs by >10%
3700335323,Value Mismatch,valueusd,Calculated vs reported value differs by >10%
3700334691,Value Mismatch,valueusd,Calculated vs reported value differs by >10%
8847233840,Value Mismatch,valueusd,Calculated vs reported value differs by >10%
8849540138,Value Mismatch,valueusd,Calculated vs reported value differs by >10%
8849540138,Value Mismatch,valueusd,Calculated vs reported value differs by >10%
8849540138,Value Mismatch,valueusd,Calculated vs reported value differs by >10%
8847233840,Value Mismatch,valueusd,Calculated vs reported value differs by >10%
8847233840,Value Mismatch,valueusd,Calculated vs reported value differs by >10%
8847291934,Value Mismatch,valueusd,Calculated vs reported value differs by >10%
8849519668,Value Mismatch,valueusd,Calculated vs reported value differs by >10%
8847156531,Value Mismatch,valueusd,Calculated vs reported value differs by >10%
8847161406,Value Mismatch,valueusd,Calculated vs reported value differs by >10%
8847161406,Value Mismatch,valueusd,Calculated vs reported value differs by >10%
8847156531,Value Mismatch,valueusd,Calculated vs reported value differs by >10%
8847161406,Value Mismatch,valueusd,Calculated vs reported value differs by >10%
8847156531,Value Mismatch,valueusd,Calculated vs reported value differs by >10%
8847108693,Value Mismatch,valueusd,Calculated vs reported value differs by >10%
8847108693,Value Mismatch,valueusd,Calculated vs reported value differs by >10%
8847108693,Value Mismatch,valueusd,Calculated vs reported value differs by >10%
8491023340,Value Mismatch,valueusd,Calculated vs reported value differs by >10%
8847085616,Value Mismatch,valueusd,Calculated vs reported value differs by >10%
8847085419,Value Mismatch,valueusd,Calculated vs reported value differs by >10%
3699948624,Value Mismatch,valueusd,Calculated vs reported value differs by >10%
1045365473,Value Mismatch,valueusd,Calculated vs reported value differs by >10%
1045365476,Value Mismatch,valueusd,Calculated vs reported value differs by >10%
1045365475,Value Mismatch,valueusd,Calculated vs reported value differs by >10%
1045365474,Value Mismatch,valueusd,Calculated vs reported value differs by >10%
1045365477,Value Mismatch,valueusd,Calculated vs reported value differs by >10%
1045365472,Value Mismatch,valueusd,Calculated vs reported value differs by >10%
1045365471,Value Mismatch,valueusd,Calculated vs reported value differs by >10%
1045365479,Value Mismatch,valueusd,Calculated vs reported value differs by >10%
8847021162,Value Mismatch,valueusd,Calculated vs reported value differs by >10%
8847021158,Value Mismatch,valueusd,Calculated vs reported value differs by >10%
8847021162,Value Mismatch,valueusd,Calculated vs reported value differs by >10%
8847021158,Value Mismatch,valueusd,Calculated vs reported value differs by >10%
8847021162,Value Mismatch,valueusd,Calculated vs reported value differs by >10%
8847021158,Value Mismatch,valueusd,Calculated vs reported value differs by >10%
1045365478,Value Mismatch,valueusd,Calculated vs reported value differs by >10%
1045365470,Value Mismatch,valueusd,Calculated vs reported value differs by >10%
3753443662,Value Mismatch,valueusd,Calculated vs reported value differs by >10%
8849372127,Value Mismatch,valueusd,Calculated vs reported value differs by >10%
8849372127,Value Mismatch,valueusd,Calculated vs reported value differs by >10%
8849372127,Value Mismatch,valueusd,Calculated vs reported value differs by >10%
8848963947,Value Mismatch,valueusd,Calculated vs reported value differs by >10%
8848963947,Value Mismatch,valueusd,Calculated vs reported value differs by >10%
8848963947,Value Mismatch,valueusd,Calculated vs reported value differs by >10%
8846974185,Value Mismatch,valueusd,Calculated vs reported value differs by >10%
8846892207,Value Mismatch,valueusd,Calculated vs reported value differs by >10%
8846846478,Value Mismatch,valueusd,Calculated vs reported value differs by >10%
8846846478,Value Mismatch,valueusd,Calculated vs reported value differs by >10%
8846846478,Value Mismatch,valueusd,Calculated vs reported value differs by >10%
8848958350,Value Mismatch,valueusd,Calculated vs reported value differs by >10%
8846810509,Value Mismatch,valueusd,Calculated vs reported value differs by >10%
8846810509,Value Mismatch,valueusd,Calculated vs reported value differs by >10%
8846810509,Value Mismatch,valueusd,Calculated vs reported value differs by >10%
7856067419,Value Mismatch,valueusd,Calculated vs reported value differs by >10%
7856067418,Value Mismatch,valueusd,Calculated vs reported value differs by >10%
7856067417,Value Mismatch,valueusd,Calculated vs reported value differs by >10%
7853410614,Value Mismatch,valueusd,Calculated vs reported value differs by >10%
7853410614,Value Mismatch,valueusd,Calculated vs reported value differs by >10%
7853449093,Value Mismatch,valueusd,Calculated vs reported value differs by >10%
7853449093,Value Mismatch,valueusd,Calculated vs reported value differs by >10%
7855703673,Value Mismatch,valueusd,Calculated vs reported value differs by >10%
7853770505,Value Mismatch,valueusd,Calculated vs reported value differs by >10%
7853770505,Value Mismatch,valueusd,Calculated vs reported value differs by >10%
7856378349,Value Mismatch,valueusd,Calculated vs reported value differs by >10%
7853839392,Value Mismatch,valueusd,Calculated vs reported value differs by >10%
7853839392,Value Mismatch,valueusd,Calculated vs reported value differs by >10%
7856210794,Value Mismatch,valueusd,Calculated vs reported value differs by >10%
7856210794,Value Mismatch,valueusd,Calculated vs reported value differs by >10%
7856403025,Value Mismatch,valueusd,Calculated vs reported value differs by >10%
7853629262,Value Mismatch,valueusd,Calculated vs reported value differs by >10%
7853629262,Value Mismatch,valueusd,Calculated vs reported value differs by >10%
7855326279,Value Mismatch,valueusd,Calculated vs reported value differs by >10%
7855326276,Value Mismatch,valueusd,Calculated vs reported value differs by >10%
7855326277,Value Mismatch,valueusd,Calculated vs reported value differs by >10%
7852771870,Value Mismatch,valueusd,Calculated vs reported value differs by >10%
7855308598,Value Mismatch,valueusd,Calculated vs reported value differs by >10%
7853158957,Value Mismatch,valueusd,Calculated vs reported value differs by >10%
7852726860,Value Mismatch,valueusd,Calculated vs reported value differs by >10%
7852726860,Value Mismatch,valueusd,Calculated vs reported value differs by >10%
7853142957,Value Mismatch,valueusd,Calculated vs reported value differs by >10%
7853142957,Value Mismatch,valueusd,Calculated vs reported value differs by >10%
7853142955,Value Mismatch,valueusd,Calculated vs reported value differs by >10%
7853142955,Value Mismatch,valueusd,Calculated vs reported value differs by >10%
7853142959,Value Mismatch,valueusd,Calculated vs reported value differs by >10%
7853142959,Value Mismatch,valueusd,Calculated vs reported value differs by >10%
0795968562,Value Mismatch,valueusd,Calculated vs reported value differs by >10%
0795968562,Value Mismatch,valueusd,Calculated vs reported value differs by >10%
0795998687,Value Mismatch,valueusd,Calculated vs reported value differs by >10%
0795998687,Value Mismatch,valueusd,Calculated vs reported value differs by >10%
0795959403,Value Mismatch,valueusd,Calculated vs reported value differs by >10%
0795959403,Value Mismatch,valueusd,Calculated vs reported value differs by >10%
0795904662,Value Mismatch,valueusd,Calculated vs reported value differs by >10%
0795904662,Value Mismatch,valueusd,Calculated vs reported value differs by >10%
0798704369,Value Mismatch,valueusd,Calculated vs reported value differs by >10%
0798704369,Value Mismatch,valueusd,Calculated vs reported value differs by >10%
3753443663,Value Mismatch,valueusd,Calculated vs reported value differs by >10%
0799467243,Value Mismatch,valueusd,Calculated vs reported value differs by >10%
0799404691,Value Mismatch,valueusd,Calculated vs reported value differs by >10%
0799404691,Value Mismatch,valueusd,Calculated vs reported value differs by >10%
0799404690,Value Mismatch,valueusd,Calculated vs reported value differs by >10%
0799404690,Value Mismatch,valueusd,Calculated vs reported value differs by >10%
0799224650,Value Mismatch,valueusd,Calculated vs reported value differs by >10%
0799224650,Value Mismatch,valueusd,Calculated vs reported value differs by >10%
0799224651,Value Mismatch,valueusd,Calculated vs reported value differs by >10%
0799224651,Value Mismatch,valueusd,Calculated vs reported value differs by >10%
0796494489,Value Mismatch,valueusd,Calculated vs reported value differs by >10%
0796494489,Value Mismatch,valueusd,Calculated vs reported value differs by >10%
3753443664,Value Mismatch,valueusd,Calculated vs reported value differs by >10%
3753443661,Value Mismatch,valueusd,Calculated vs reported value differs by >10%
0799418537,Value Mismatch,valueusd,Calculated vs reported value differs by >10%
0798887492,Value Mismatch,valueusd,Calculated vs reported value differs by >10%
0798887492,Value Mismatch,valueusd,Calculated vs reported value differs by >10%
0795561493,Value Mismatch,valueusd,Calculated vs reported value differs by >10%
0795561493,Value Mismatch,valueusd,Calculated vs reported value differs by >10%
0795553405,Value Mismatch,valueusd,Calculated vs reported value differs by >10%
0795553405,Value Mismatch,valueusd,Calculated vs reported value differs by >10%
0797838698,Value Mismatch,valueusd,Calculated vs reported value differs by >10%
0797838698,Value Mismatch,valueusd,Calculated vs reported value differs by >10%
3753443658,Value Mismatch,valueusd,Calculated vs reported value differs by >10%
0795781745,Value Mismatch,valueusd,Calculated vs reported value differs by >10%
0795417378,Value Mismatch,valueusd,Calculated vs reported value differs by >10%
0795413489,Value Mismatch,valueusd,Calculated vs reported value differs by >10%
0795417378,Value Mismatch,valueusd,Calculated vs reported value differs by >10%
0795413489,Value Mismatch,valueusd,Calculated vs reported value differs by >10%
0795372156,Value Mismatch,valueusd,Calculated vs reported value differs by >10%
0795372156,Value Mismatch,valueusd,Calculated vs reported value differs by >10%
0795353071,Value Mismatch,valueusd,Calculated vs reported value differs by >10%
0795353071,Value Mismatch,valueusd,Calculated vs reported value differs by >10%
0795477011,Value Mismatch,valueusd,Calculated vs reported value differs by >10%
0795477011,Value Mismatch,valueusd,Calculated vs reported value differs by >10%
0795872959,Value Mismatch,valueusd,Calculated vs reported value differs by >10%
0795872959,Value Mismatch,valueusd,Calculated vs reported value differs by >10%
3753443659,Value Mismatch,valueusd,Calculated vs reported value differs by >10%
8846991529,Value Mismatch,valueusd,Calculated vs reported value differs by >10%
0795484433,Value Mismatch,valueusd,Calculated vs reported value differs by >10%
0798235187,Value Mismatch,valueusd,Calculated vs reported value differs by >10%
0798235186,Value Mismatch,valueusd,Calculated vs reported value differs by >10%
0798235187,Value Mismatch,valueusd,Calculated vs reported value differs by >10%
0798235186,Value Mismatch,valueusd,Calculated vs reported value differs by >10%
0795345965,Value Mismatch,valueusd,Calculated vs reported value differs by >10%
0795345965,Value Mismatch,valueusd,Calculated vs reported value differs by >10%
0795483587,Value Mismatch,valueusd,Calculated vs reported value differs by >10%
0795483587,Value Mismatch,valueusd,Calculated vs reported value differs by >10%
0795506867,Value Mismatch,valueusd,Calculated vs reported value differs by >10%
0795506866,Value Mismatch,valueusd,Calculated vs reported value differs by >10%
0795506867,Value Mismatch,valueusd,Calculated vs reported value differs by >10%
0795506866,Value Mismatch,valueusd,Calculated vs reported value differs by >10%
0795474390,Value Mismatch,valueusd,Calculated vs reported value differs by >10%
0795474390,Value Mismatch,valueusd,Calculated vs reported value differs by >10%
8846991529,Value Mismatch,valueusd,Calculated vs reported value differs by >10%
8846991529,Value Mismatch,valueusd,Calculated vs reported value differs by >10%
0795828153,Value Mismatch,valueusd,Calculated vs reported value differs by >10%
0795699877,Value Mismatch,valueusd,Calculated vs reported value differs by >10%
0795828153,Value Mismatch,valueusd,Calculated vs reported value differs by >10%
0795699877,Value Mismatch,valueusd,Calculated vs reported value differs by >10%
9325641035,Value Mismatch,valueusd,Calculated vs reported value differs by >10%
9325641035,Value Mismatch,valueusd,Calculated vs reported value differs by >10%
6750543869,Value Mismatch,valueusd,Calculated vs reported value differs by >10%
9200290865,Value Mismatch,valueusd,Calculated vs reported value differs by >10%
9324276174,Value Mismatch,valueusd,Calculated vs reported value differs by >10%
9324276174,Value Mismatch,valueusd,Calculated vs reported value differs by >10%
0697398338,Value Mismatch,valueusd,Calculated vs reported value differs by >10%
9325639970,Value Mismatch,valueusd,Calculated vs reported value differs by >10%
9325639970,Value Mismatch,valueusd,Calculated vs reported value differs by >10%
9325640111,Value Mismatch,valueusd,Calculated vs reported value differs by >10%
9324136584,Value Mismatch,valueusd,Calculated vs reported value differs by >10%
9324136584,Value Mismatch,valueusd,Calculated vs reported value differs by >10%
9200290865,Value Mismatch,valueusd,Calculated vs reported value differs by >10%
9200290865,Value Mismatch,valueusd,Calculated vs reported value differs by >10%
9324146482,Value Mismatch,valueusd,Calculated vs reported value differs by >10%
9324146482,Value Mismatch,valueusd,Calculated vs reported value differs by >10%
9326590461,Value Mismatch,valueusd,Calculated vs reported value differs by >10%
9326590461,Value Mismatch,valueusd,Calculated vs reported value differs by >10%
1071255256,Value Mismatch,valueusd,Calculated vs reported value differs by >10%
1240119954,Value Mismatch,valueusd,Calculated vs reported value differs by >10%
9324084845,Value Mismatch,valueusd,Calculated vs reported value differs by >10%
0697399563,Value Mismatch,valueusd,Calculated vs reported value differs by >10%
0697398851,Value Mismatch,valueusd,Calculated vs reported value differs by >10%
9325827707,Value Mismatch,valueusd,Calculated vs reported value differs by >10%
9325827706,Value Mismatch,valueusd,Calculated vs reported value differs by >10%
9325827707,Value Mismatch,valueusd,Calculated vs reported value differs by >10%
9325827706,Value Mismatch,valueusd,Calculated vs reported value differs by >10%
1057986676,Value Mismatch,valueusd,Calculated vs reported value differs by >10%
1023145411,Value Mismatch,valueusd,Calculated vs reported value differs by >10%
1021881920,Value Mismatch,valueusd,Calculated vs reported value differs by >10%
1021881920,Value Mismatch,valueusd,Calculated vs reported value differs by >10%
9323948558,Value Mismatch,valueusd,Calculated vs reported value differs by >10%
9326216069,Value Mismatch,valueusd,Calculated vs reported value differs by >10%
9326216069,Value Mismatch,valueusd,Calculated vs reported value differs by >10%
9326164305,Value Mismatch,valueusd,Calculated vs reported value differs by >10%
9323834163,Value Mismatch,valueusd,Calculated vs reported value differs by >10%
9323834163,Value Mismatch,valueusd,Calculated vs reported value differs by >10%
9323758827,Value Mismatch,valueusd,Calculated vs reported value differs by >10%
5658959492,Value Mismatch,valueusd,Calculated vs reported value differs by >10%
5661015840,Value Mismatch,valueusd,Calculated vs reported value differs by >10%
5661015840,Value Mismatch,valueusd,Calculated vs reported value differs by >10%
5658892965,Value Mismatch,valueusd,Calculated vs reported value differs by >10%
5658892965,Value Mismatch,valueusd,Calculated vs reported value differs by >10%
5661296671,Value Mismatch,valueusd,Calculated vs reported value differs by >10%
5660339757,Value Mismatch,valueusd,Calculated vs reported value differs by >10%
5660339757,Value Mismatch,valueusd,Calculated vs reported value differs by >10%
5660338895,Value Mismatch,valueusd,Calculated vs reported value differs by >10%
5660335624,Value Mismatch,valueusd,Calculated vs reported value differs by >10%
5658698121,Value Mismatch,valueusd,Calculated vs reported value differs by >10%
5658608194,Value Mismatch,valueusd,Calculated vs reported value differs by >10%
5658608193,Value Mismatch,valueusd,Calculated vs reported value differs by >10%
5658608194,Value Mismatch,valueusd,Calculated vs reported value differs by >10%
5658608193,Value Mismatch,valueusd,Calculated vs reported value differs by >10%
5658575706,Value Mismatch,valueusd,Calculated vs reported value differs by >10%
6305794386,Value Mismatch,valueusd,Calculated vs reported value differs by >10%
5658581151,Value Mismatch,valueusd,Calculated vs reported value differs by >10%
5658581151,Value Mismatch,valueusd,Calculated vs reported value differs by >10%
5658513712,Value Mismatch,valueusd,Calculated vs reported value differs by >10%
5661439124,Value Mismatch,valueusd,Calculated vs reported value differs by >10%
6979255290,Value Mismatch,valueusd,Calculated vs reported value differs by >10%
8481924751,Value Mismatch,valueusd,Calculated vs reported value differs by >10%
8481924751,Value Mismatch,valueusd,Calculated vs reported value differs by >10%
9859244333,Value Mismatch,valueusd,Calculated vs reported value differs by >10%
7991333423,Value Mismatch,valueusd,Calculated vs reported value differs by >10%
8481757553,Value Mismatch,valueusd,Calculated vs reported value differs by >10%
8481757553,Value Mismatch,valueusd,Calculated vs reported value differs by >10%
8481777488,Value Mismatch,valueusd,Calculated vs reported value differs by >10%
8481715823,Value Mismatch,valueusd,Calculated vs reported value differs by >10%
8481730379,Value Mismatch,valueusd,Calculated vs reported value differs by >10%
8481730379,Value Mismatch,valueusd,Calculated vs reported value differs by >10%
8483552368,Value Mismatch,valueusd,Calculated vs reported value differs by >10%
8483552368,Value Mismatch,valueusd,Calculated vs reported value differs by >10%
8481681519,Value Mismatch,valueusd,Calculated vs reported value differs by >10%
8481681519,Value Mismatch,valueusd,Calculated vs reported value differs by >10%
8483549939,Value Mismatch,valueusd,Calculated vs reported value differs by >10%
8483549939,Value Mismatch,valueusd,Calculated vs reported value differs by >10%
3972878382,Value Mismatch,valueusd,Calculated vs reported value differs by >10%
8481533989,Value Mismatch,valueusd,Calculated vs reported value differs by >10%
8481533989,Value Mismatch,valueusd,Calculated vs reported value differs by >10%
8484545785,Value Mismatch,valueusd,Calculated vs reported value differs by >10%
1416875111,Value Mismatch,valueusd,Calculated vs reported value differs by >10%
8481441172,Value Mismatch,valueusd,Calculated vs reported value differs by >10%
8481441172,Value Mismatch,valueusd,Calculated vs reported value differs by >10%
8481441171,Value Mismatch,valueusd,Calculated vs reported value differs by >10%
8481441171,Value Mismatch,valueusd,Calculated vs reported value differs by >10%
8483997403,Value Mismatch,valueusd,Calculated vs reported value differs by >10%
8483997403,Value Mismatch,valueusd,Calculated vs reported value differs by >10%
828820388,Value Mismatch,valueusd,Calculated vs reported value differs by >10%
8483969234,Value Mismatch,valueusd,Calculated vs reported value differs by >10%
8483969234,Value Mismatch,valueusd,Calculated vs reported value differs by >10%
6749706132,Value Mismatch,valueusd,Calculated vs reported value differs by >10%
6749704070,Value Mismatch,valueusd,Calculated vs reported value differs by >10%
6749706132,Value Mismatch,valueusd,Calculated vs reported value differs by >10%
6749704070,Value Mismatch,valueusd,Calculated vs reported value differs by >10%
6751063776,Value Mismatch,valueusd,Calculated vs reported value differs by >10%
6749702734,Value Mismatch,valueusd,Calculated vs reported value differs by >10%
6749702734,Value Mismatch,valueusd,Calculated vs reported value differs by >10%
6749581825,Value Mismatch,valueusd,Calculated vs reported value differs by >10%
6749545892,Value Mismatch,valueusd,Calculated vs reported value differs by >10%
6749545892,Value Mismatch,valueusd,Calculated vs reported value differs by >10%
3460071549,Value Mismatch,valueusd,Calculated vs reported value differs by >10%
1062292013,Value Mismatch,valueusd,Calculated vs reported value differs by >10%
1062292013,Value Mismatch,valueusd,Calculated vs reported value differs by >10%
0798274767,Value Mismatch,valueusd,Calculated vs reported value differs by >10%
0798274767,Value Mismatch,valueusd,Calculated vs reported value differs by >10%
6305803962,Value Mismatch,valueusd,Calculated vs reported value differs by >10%
6749485417,Value Mismatch,valueusd,Calculated vs reported value differs by >10%
6749485417,Value Mismatch,valueusd,Calculated vs reported value differs by >10%
6305803963,Value Mismatch,valueusd,Calculated vs reported value differs by >10%
650717229,Value Mismatch,valueusd,Calculated vs reported value differs by >10%
6751054954,Value Mismatch,valueusd,Calculated vs reported value differs by >10%
6751054953,Value Mismatch,valueusd,Calculated vs reported value differs by >10%
6751054952,Value Mismatch,valueusd,Calculated vs reported value differs by >10%
6751054951,Value Mismatch,valueusd,Calculated vs reported value differs by >10%
6751054954,Value Mismatch,valueusd,Calculated vs reported value differs by >10%
6751054953,Value Mismatch,valueusd,Calculated vs reported value differs by >10%
6751054952,Value Mismatch,valueusd,Calculated vs reported value differs by >10%
6751054951,Value Mismatch,valueusd,Calculated vs reported value differs by >10%
447654082,Value Mismatch,valueusd,Calculated vs reported value differs by >10%
6751479028,Value Mismatch,valueusd,Calculated vs reported value differs by >10%
6751479028,Value Mismatch,valueusd,Calculated vs reported value differs by >10%
6749180329,Value Mismatch,valueusd,Calculated vs reported value differs by >10%
6749180329,Value Mismatch,valueusd,Calculated vs reported value differs by >10%
1417903926,Value Mismatch,valueusd,Calculated vs reported value differs by >10%
129934080,Value Mismatch,valueusd,Calculated vs reported value differs by >10%
6751047843,Value Mismatch,valueusd,Calculated vs reported value differs by >10%
6751047758,Value Mismatch,valueusd,Calculated vs reported value differs by >10%
6751047843,Value Mismatch,valueusd,Calculated vs reported value differs by >10%
6751047758,Value Mismatch,valueusd,Calculated vs reported value differs by >10%
6749138436,Value Mismatch,valueusd,Calculated vs reported value differs by >10%
9203005871,Value Mismatch,valueusd,Calculated vs reported value differs by >10%
9203005871,Value Mismatch,valueusd,Calculated vs reported value differs by >10%
9202986748,Value Mismatch,valueusd,Calculated vs reported value differs by >10%
9202986748,Value Mismatch,valueusd,Calculated vs reported value differs by >10%
9202885236,Value Mismatch,valueusd,Calculated vs reported value differs by >10%
9202885236,Value Mismatch,valueusd,Calculated vs reported value differs by >10%
9202837058,Value Mismatch,valueusd,Calculated vs reported value differs by >10%
9202837058,Value Mismatch,valueusd,Calculated vs reported value differs by >10%
9200218543,Value Mismatch,valueusd,Calculated vs reported value differs by >10%
9200218543,Value Mismatch,valueusd,Calculated vs reported value differs by >10%
9202792617,Value Mismatch,valueusd,Calculated vs reported value differs by >10%
9202792617,Value Mismatch,valueusd,Calculated vs reported value differs by >10%
2078133129,Value Mismatch,valueusd,Calculated vs reported value differs by >10%
9202684751,Value Mismatch,valueusd,Calculated vs reported value differs by >10%
9202684751,Value Mismatch,valueusd,Calculated vs reported value differs by >10%
9200178206,Value Mismatch,valueusd,Calculated vs reported value differs by >10%
9200178207,Value Mismatch,valueusd,Calculated vs reported value differs by >10%
9200178207,Value Mismatch,valueusd,Calculated vs reported value differs by >10%
9200178208,Value Mismatch,valueusd,Calculated vs reported value differs by >10%
9200178208,Value Mismatch,valueusd,Calculated vs reported value differs by >10%
2078178781,Value Mismatch,valueusd,Calculated vs reported value differs by >10%
2078166858,Value Mismatch,valueusd,Calculated vs reported value differs by >10%
1323699424,Value Mismatch,valueusd,Calculated vs reported value differs by >10%
1325922626,Value Mismatch,valueusd,Calculated vs reported value differs by >10%
1325922626,Value Mismatch,valueusd,Calculated vs reported value differs by >10%
1323519539,Value Mismatch,valueusd,Calculated vs reported value differs by >10%
1323519539,Value Mismatch,valueusd,Calculated vs reported value differs by >10%
0287027143,Value Mismatch,valueusd,Calculated vs reported value differs by >10%
0287027143,Value Mismatch,valueusd,Calculated vs reported value differs by >10%
0287027226,Value Mismatch,valueusd,Calculated vs reported value differs by >10%
0287027226,Value Mismatch,valueusd,Calculated vs reported value differs by >10%
0283524852,Value Mismatch,valueusd,Calculated vs reported value differs by >10%
6303559219,Value Mismatch,valueusd,Calculated vs reported value differs by >10%
1115557903,Value Mismatch,valueusd,Calculated vs reported value differs by >10%
0283514523,Value Mismatch,valueusd,Calculated vs reported value differs by >10%
0283514523,Value Mismatch,valueusd,Calculated vs reported value differs by >10%
0286716502,Value Mismatch,valueusd,Calculated vs reported value differs by >10%
0286716501,Value Mismatch,valueusd,Calculated vs reported value differs by >10%
0286716500,Value Mismatch,valueusd,Calculated vs reported value differs by >10%
0286716502,Value Mismatch,valueusd,Calculated vs reported value differs by >10%
0286716501,Value Mismatch,valueusd,Calculated vs reported value differs by >10%
0286716500,Value Mismatch,valueusd,Calculated vs reported value differs by >10%
0287352807,Value Mismatch,valueusd,Calculated vs reported value differs by >10%
0284257795,Value Mismatch,valueusd,Calculated vs reported value differs by >10%
0287044971,Value Mismatch,valueusd,Calculated vs reported value differs by >10%
0287044971,Value Mismatch,valueusd,Calculated vs reported value differs by >10%
1191697378,Value Mismatch,valueusd,Calculated vs reported value differs by >10%
1191697378,Value Mismatch,valueusd,Calculated vs reported value differs by >10%
1118290592,Value Mismatch,valueusd,Calculated vs reported value differs by >10%
1118290592,Value Mismatch,valueusd,Calculated vs reported value differs by >10%
1242245414,Value Mismatch,valueusd,Calculated vs reported value differs by >10%
1315552890,Value Mismatch,valueusd,Calculated vs reported value differs by >10%
1163281330,Value Mismatch,valueusd,Calculated vs reported value differs by >10%
1163281330,Value Mismatch,valueusd,Calculated vs reported value differs by >10%
1407473803,Value Mismatch,valueusd,Calculated vs reported value differs by >10%
1171463162,Value Mismatch,valueusd,Calculated vs reported value differs by >10%
1171463162,Value Mismatch,valueusd,Calculated vs reported value differs by >10%
1113653320,Value Mismatch,valueusd,Calculated vs reported value differs by >10%
1113653320,Value Mismatch,valueusd,Calculated vs reported value differs by >10%
1163184908,Value Mismatch,valueusd,Calculated vs reported value differs by >10%
1163184908,Value Mismatch,valueusd,Calculated vs reported value differs by >10%
1169711802,Value Mismatch,valueusd,Calculated vs reported value differs by >10%
1169711802,Value Mismatch,valueusd,Calculated vs reported value differs by >10%
1080052331,Value Mismatch,valueusd,Calculated vs reported value differs by >10%
1080052331,Value Mismatch,valueusd,Calculated vs reported value differs by >10%
1173749520,Value Mismatch,valueusd,Calculated vs reported value differs by >10%
1173749520,Value Mismatch,valueusd,Calculated vs reported value differs by >10%
1155146249,Value Mismatch,valueusd,Calculated vs reported value differs by >10%
1155146249,Value Mismatch,valueusd,Calculated vs reported value differs by >10%
1029627353,Value Mismatch,valueusd,Calculated vs reported value differs by >10%
1029627353,Value Mismatch,valueusd,Calculated vs reported value differs by >10%
1174747086,Value Mismatch,valueusd,Calculated vs reported value differs by >10%
1174747086,Value Mismatch,valueusd,Calculated vs reported value differs by >10%
1123782371,Value Mismatch,valueusd,Calculated vs reported value differs by >10%
1123782371,Value Mismatch,valueusd,Calculated vs reported value differs by >10%
1279507345,Value Mismatch,valueusd,Calculated vs reported value differs by >10%
1279507345,Value Mismatch,valueusd,Calculated vs reported value differs by >10%
1234078967,Value Mismatch,valueusd,Calculated vs reported value differs by >10%
1129713664,Value Mismatch,valueusd,Calculated vs reported value differs by >10%
1098445388,Value Mismatch,valueusd,Calculated vs reported value differs by >10%
3700840714,Value Mismatch,valueusd,Calculated vs reported value differs by >10%
1046465612,Value Mismatch,valueusd,Calculated vs reported value differs by >10%
1059905600,Value Mismatch,valueusd,Calculated vs reported value differs by >10%
1059905600,Value Mismatch,valueusd,Calculated vs reported value differs by >10%
1420337497,Value Mismatch,valueusd,Calculated vs reported value differs by >10%
1420337498,Value Mismatch,valueusd,Calculated vs reported value differs by >10%
1051588484,Value Mismatch,valueusd,Calculated vs reported value differs by >10%
1051588484,Value Mismatch,valueusd,Calculated vs reported value differs by >10%
1420337500,Value Mismatch,valueusd,Calculated vs reported value differs by >10%
1183554432,Value Mismatch,valueusd,Calculated vs reported value differs by >10%
1194375086,Value Mismatch,valueusd,Calculated vs reported value differs by >10%
1183554432,Value Mismatch,valueusd,Calculated vs reported value differs by >10%
1194375086,Value Mismatch,valueusd,Calculated vs reported value differs by >10%
1057194784,Value Mismatch,valueusd,Calculated vs reported value differs by >10%
1123179876,Value Mismatch,valueusd,Calculated vs reported value differs by >10%
1057194784,Value Mismatch,valueusd,Calculated vs reported value differs by >10%
1123179876,Value Mismatch,valueusd,Calculated vs reported value differs by >10%
1028792355,Value Mismatch,valueusd,Calculated vs reported value differs by >10%
1079819472,Value Mismatch,valueusd,Calculated vs reported value differs by >10%
1079819472,Value Mismatch,valueusd,Calculated vs reported value differs by >10%
1128706685,Value Mismatch,valueusd,Calculated vs reported value differs by >10%
1128706685,Value Mismatch,valueusd,Calculated vs reported value differs by >10%
1118364141,Value Mismatch,valueusd,Calculated vs reported value differs by >10%
1419687605,Value Mismatch,valueusd,Calculated vs reported value differs by >10%
219396602,Value Mismatch,valueusd,Calculated vs reported value differs by >10%
1030688205,Value Mismatch,valueusd,Calculated vs reported value differs by >10%
1030688205,Value Mismatch,valueusd,Calculated vs reported value differs by >10%
1000588357,Value Mismatch,valueusd,Calculated vs reported value differs by >10%
1125907343,Value Mismatch,valueusd,Calculated vs reported value differs by >10%
1096940055,Value Mismatch,valueusd,Calculated vs reported value differs by >10%
1133784918,Value Mismatch,valueusd,Calculated vs reported value differs by >10%
1038742484,Value Mismatch,valueusd,Calculated vs reported value differs by >10%
1019975837,Value Mismatch,valueusd,Calculated vs reported value differs by >10%
1141357164,Value Mismatch,valueusd,Calculated vs reported value differs by >10%
1141357164,Value Mismatch,valueusd,Calculated vs reported value differs by >10%
1019357290,Value Mismatch,valueusd,Calculated vs reported value differs by >10%
1019357290,Value Mismatch,valueusd,Calculated vs reported value differs by >10%
1036724791,Value Mismatch,valueusd,Calculated vs reported value differs by >10%
1036724791,Value Mismatch,valueusd,Calculated vs reported value differs by >10%
1052025032,Value Mismatch,valueusd,Calculated vs reported value differs by >10%
1052025032,Value Mismatch,valueusd,Calculated vs reported value differs by >10%
1105667734,Value Mismatch,valueusd,Calculated vs reported value differs by >10%
1105667734,Value Mismatch,valueusd,Calculated vs reported value differs by >10%
1031983658,Value Mismatch,valueusd,Calculated vs reported value differs by >10%
1031983658,Value Mismatch,valueusd,Calculated vs reported value differs by >10%
1327430207,Value Mismatch,valueusd,Calculated vs reported value differs by >10%
3752717922,Value Mismatch,valueusd,Calculated vs reported value differs by >10%
3752717926,Value Mismatch,valueusd,Calculated vs reported value differs by >10%
3752717924,Value Mismatch,valueusd,Calculated vs reported value differs by >10%
1660615541,Value Mismatch,valueusd,Calculated vs reported value differs by >10%
1009874564,Value Mismatch,valueusd,Calculated vs reported value differs by >10%
1009874564,Value Mismatch,valueusd,Calculated vs reported value differs by >10%
1191070339,Value Mismatch,valueusd,Calculated vs reported value differs by >10%
1191070339,Value Mismatch,valueusd,Calculated vs reported value differs by >10%
1166465087,Value Mismatch,valueusd,Calculated vs reported value differs by >10%
1022225682,Value Mismatch,valueusd,Calculated vs reported value differs by >10%
1022225682,Value Mismatch,valueusd,Calculated vs reported value differs by >10%
1447614054,Value Mismatch,valueusd,Calculated vs reported value differs by >10%
1083436433,Value Mismatch,valueusd,Calculated vs reported value differs by >10%
1138429145,Value Mismatch,valueusd,Calculated vs reported value differs by >10%
1340790519,Value Mismatch,valueusd,Calculated vs reported value differs by >10%
1018961456,Value Mismatch,valueusd,Calculated vs reported value differs by >10%
1328632960,Value Mismatch,valueusd,Calculated vs reported value differs by >10%
1091510223,Value Mismatch,valueusd,Calculated vs reported value differs by >10%
1328632960,Value Mismatch,valueusd,Calculated vs reported value differs by >10%
1091510223,Value Mismatch,valueusd,Calculated vs reported value differs by >10%
1385429160,Value Mismatch,valueusd,Calculated vs reported value differs by >10%
1318258813,Value Mismatch,valueusd,Calculated vs reported value differs by >10%
1385429160,Value Mismatch,valueusd,Calculated vs reported value differs by >10%
1318258813,Value Mismatch,valueusd,Calculated vs reported value differs by >10%
1524453811,Value Mismatch,valueusd,Calculated vs reported value differs by >10%
1524453811,Value Mismatch,valueusd,Calculated vs reported value differs by >10%
3752717925,Value Mismatch,valueusd,Calculated vs reported value differs by >10%
3752717923,Value Mismatch,valueusd,Calculated vs reported value differs by >10%
1060259065,Value Mismatch,valueusd,Calculated vs reported value differs by >10%
1229560844,Value Mismatch,valueusd,Calculated vs reported value differs by >10%
3752717918,Value Mismatch,valueusd,Calculated vs reported value differs by >10%
1086164013,Value Mismatch,valueusd,Calculated vs reported value differs by >10%
1068398117,Value Mismatch,valueusd,Calculated vs reported value differs by >10%
1322850239,Value Mismatch,valueusd,Calculated vs reported value differs by >10%
1322850239,Value Mismatch,valueusd,Calculated vs reported value differs by >10%
1002002009,Value Mismatch,valueusd,Calculated vs reported value differs by >10%
1033603402,Value Mismatch,valueusd,Calculated vs reported value differs by >10%
1033603402,Value Mismatch,valueusd,Calculated vs reported value differs by >10%
1333362111,Value Mismatch,valueusd,Calculated vs reported value differs by >10%
1333362111,Value Mismatch,valueusd,Calculated vs reported value differs by >10%
1183894433,Value Mismatch,valueusd,Calculated vs reported value differs by >10%
1183894433,Value Mismatch,valueusd,Calculated vs reported value differs by >10%
1040932891,Value Mismatch,valueusd,Calculated vs reported value differs by >10%
1040932891,Value Mismatch,valueusd,Calculated vs reported value differs by >10%
1095979636,Value Mismatch,valueusd,Calculated vs reported value differs by >10%
1095979636,Value Mismatch,valueusd,Calculated vs reported value differs by >10%
1111124811,Value Mismatch,valueusd,Calculated vs reported value differs by >10%
1079302290,Value Mismatch,valueusd,Calculated vs reported value differs by >10%
1019026957,Value Mismatch,valueusd,Calculated vs reported value differs by >10%
1019026957,Value Mismatch,valueusd,Calculated vs reported value differs by >10%
3752717917,Value Mismatch,valueusd,Calculated vs reported value differs by >10%
0798853061,Value Mismatch,valueusd,Calculated vs reported value differs by >10%
1133951377,Value Mismatch,valueusd,Calculated vs reported value differs by >10%
1059755137,Value Mismatch,valueusd,Calculated vs reported value differs by >10%
1094013515,Value Mismatch,valueusd,Calculated vs reported value differs by >10%
1094013515,Value Mismatch,valueusd,Calculated vs reported value differs by >10%
1094753398,Value Mismatch,valueusd,Calculated vs reported value differs by >10%
1094753398,Value Mismatch,valueusd,Calculated vs reported value differs by >10%
1105470397,Value Mismatch,valueusd,Calculated vs reported value differs by >10%
1105470397,Value Mismatch,valueusd,Calculated vs reported value differs by >10%
1060556828,Value Mismatch,valueusd,Calculated vs reported value differs by >10%
1060556828,Value Mismatch,valueusd,Calculated vs reported value differs by >10%
6305187585,Value Mismatch,valueusd,Calculated vs reported value differs by >10%
653562430,Value Mismatch,valueusd,Calculated vs reported value differs by >10%
1005030681,Value Mismatch,valueusd,Calculated vs reported value differs by >10%
1088697304,Value Mismatch,valueusd,Calculated vs reported value differs by >10%
1001832123,Value Mismatch,valueusd,Calculated vs reported value differs by >10%
1001832123,Value Mismatch,valueusd,Calculated vs reported value differs by >10%
1089473951,Value Mismatch,valueusd,Calculated vs reported value differs by >10%
1275336177,Value Mismatch,valueusd,Calculated vs reported value differs by >10%
1275336177,Value Mismatch,valueusd,Calculated vs reported value differs by >10%
653562429,Value Mismatch,valueusd,Calculated vs reported value differs by >10%
3699613574,Value Mismatch,valueusd,Calculated vs reported value differs by >10%
3699613575,Value Mismatch,valueusd,Calculated vs reported value differs by >10%
3699613575,Value Mismatch,valueusd,Calculated vs reported value differs by >10%
1128786164,Value Mismatch,valueusd,Calculated vs reported value differs by >10%
3699613575,Value Mismatch,valueusd,Calculated vs reported value differs by >10%
1304924966,Value Mismatch,valueusd,Calculated vs reported value differs by >10%
3699613574,Value Mismatch,valueusd,Calculated vs reported value differs by >10%
3699613577,Value Mismatch,valueusd,Calculated vs reported value differs by >10%
1164059496,Value Mismatch,valueusd,Calculated vs reported value differs by >10%
1164059496,Value Mismatch,valueusd,Calculated vs reported value differs by >10%
1016852654,Value Mismatch,valueusd,Calculated vs reported value differs by >10%
1307249777,Value Mismatch,valueusd,Calculated vs reported value differs by >10%
1123081837,Value Mismatch,valueusd,Calculated vs reported value differs by >10%
1017638855,Value Mismatch,valueusd,Calculated vs reported value differs by >10%
1056324926,Value Mismatch,valueusd,Calculated vs reported value differs by >10%
1056324926,Value Mismatch,valueusd,Calculated vs reported value differs by >10%
1227313547,Value Mismatch,valueusd,Calculated vs reported value differs by >10%
1283543722,Value Mismatch,valueusd,Calculated vs reported value differs by >10%
1283543722,Value Mismatch,valueusd,Calculated vs reported value differs by >10%
1293592672,Value Mismatch,valueusd,Calculated vs reported value differs by >10%
1293592672,Value Mismatch,valueusd,Calculated vs reported value differs by >10%
1007820896,Value Mismatch,valueusd,Calculated vs reported value differs by >10%
1269062356,Value Mismatch,valueusd,Calculated vs reported value differs by >10%
1109025633,Value Mismatch,valueusd,Calculated vs reported value differs by >10%
3699613576,Value Mismatch,valueusd,Calculated vs reported value differs by >10%
3699613577,Value Mismatch,valueusd,Calculated vs reported value differs by >10%
1088517897,Value Mismatch,valueusd,Calculated vs reported value differs by >10%
1123397102,Value Mismatch,valueusd,Calculated vs reported value differs by >10%
1007259306,Value Mismatch,valueusd,Calculated vs reported value differs by >10%
1090371267,Value Mismatch,valueusd,Calculated vs reported value differs by >10%
1111220110,Value Mismatch,valueusd,Calculated vs reported value differs by >10%
1106709234,Value Mismatch,valueusd,Calculated vs reported value differs by >10%
1226108108,Value Mismatch,valueusd,Calculated vs reported value differs by >10%
1106709234,Value Mismatch,valueusd,Calculated vs reported value differs by >10%
1226108108,Value Mismatch,valueusd,Calculated vs reported value differs by >10%
1120441991,Value Mismatch,valueusd,Calculated vs reported value differs by >10%
1180295341,Value Mismatch,valueusd,Calculated vs reported value differs by >10%
1060896800,Value Mismatch,valueusd,Calculated vs reported value differs by >10%
1165067911,Value Mismatch,valueusd,Calculated vs reported value differs by >10%
1085772669,Value Mismatch,valueusd,Calculated vs reported value differs by >10%
9705596164,Value Mismatch,valueusd,Calculated vs reported value differs by >10%
9863341326,Value Mismatch,valueusd,Calculated vs reported value differs by >10%
7993241835,Value Mismatch,valueusd,Calculated vs reported value differs by >10%
1046465284,Value Mismatch,valueusd,Calculated vs reported value differs by >10%
1179922777,Value Mismatch,valueusd,Calculated vs reported value differs by >10%
1206200598,Value Mismatch,valueusd,Calculated vs reported value differs by >10%
1179922777,Value Mismatch,valueusd,Calculated vs reported value differs by >10%
1206200598,Value Mismatch,valueusd,Calculated vs reported value differs by >10%
1130430253,Value Mismatch,valueusd,Calculated vs reported value differs by >10%
1101404655,Value Mismatch,valueusd,Calculated vs reported value differs by >10%
1101404650,Value Mismatch,valueusd,Calculated vs reported value differs by >10%
1101404656,Value Mismatch,valueusd,Calculated vs reported value differs by >10%
3974574239,Value Mismatch,valueusd,Calculated vs reported value differs by >10%
1073404972,Value Mismatch,valueusd,Calculated vs reported value differs by >10%
1065326448,Value Mismatch,valueusd,Calculated vs reported value differs by >10%
1134659349,Value Mismatch,valueusd,Calculated vs reported value differs by >10%
1134659349,Value Mismatch,valueusd,Calculated vs reported value differs by >10%
1114331812,Value Mismatch,valueusd,Calculated vs reported value differs by >10%
1114331812,Value Mismatch,valueusd,Calculated vs reported value differs by >10%
1078181048,Value Mismatch,valueusd,Calculated vs reported value differs by >10%
1194466332,Value Mismatch,valueusd,Calculated vs reported value differs by >10%
1131964534,Value Mismatch,valueusd,Calculated vs reported value differs by >10%
1131964534,Value Mismatch,valueusd,Calculated vs reported value differs by >10%
1082945934,Value Mismatch,valueusd,Calculated vs reported value differs by >10%
1082945934,Value Mismatch,valueusd,Calculated vs reported value differs by >10%
1420002408,Value Mismatch,valueusd,Calculated vs reported value differs by >10%
695187564,Value Mismatch,valueusd,Calculated vs reported value differs by >10%
1153123833,Value Mismatch,valueusd,Calculated vs reported value differs by >10%
1153123833,Value Mismatch,valueusd,Calculated vs reported value differs by >10%
1083670389,Value Mismatch,valueusd,Calculated vs reported value differs by >10%
1095378638,Value Mismatch,valueusd,Calculated vs reported value differs by >10%
1095378638,Value Mismatch,valueusd,Calculated vs reported value differs by >10%
1101201241,Value Mismatch,valueusd,Calculated vs reported value differs by >10%
1101201241,Value Mismatch,valueusd,Calculated vs reported value differs by >10%
1006834714,Value Mismatch,valueusd,Calculated vs reported value differs by >10%
830745307,Value Mismatch,valueusd,Calculated vs reported value differs by >10%
1057965207,Value Mismatch,valueusd,Calculated vs reported value differs by >10%
1057965207,Value Mismatch,valueusd,Calculated vs reported value differs by >10%
1147443439,Value Mismatch,valueusd,Calculated vs reported value differs by >10%
1012548353,Value Mismatch,valueusd,Calculated vs reported value differs by >10%
1012548353,Value Mismatch,valueusd,Calculated vs reported value differs by >10%
1009932725,Value Mismatch,valueusd,Calculated vs reported value differs by >10%
1009932725,Value Mismatch,valueusd,Calculated vs reported value differs by >10%
1021830851,Value Mismatch,valueusd,Calculated vs reported value differs by >10%
1143522939,Value Mismatch,valueusd,Calculated vs reported value differs by >10%
830736098,Value Mismatch,valueusd,Calculated vs reported value differs by >10%
1006492359,Value Mismatch,valueusd,Calculated vs reported value differs by >10%
1035954437,Value Mismatch,valueusd,Calculated vs reported value differs by >10%
1035954437,Value Mismatch,valueusd,Calculated vs reported value differs by >10%
1086753032,Value Mismatch,valueusd,Calculated vs reported value differs by >10%
1071540411,Value Mismatch,valueusd,Calculated vs reported value differs by >10%
1127994644,Value Mismatch,valueusd,Calculated vs reported value differs by >10%
1127994644,Value Mismatch,valueusd,Calculated vs reported value differs by >10%
1037479417,Value Mismatch,valueusd,Calculated vs reported value differs by >10%
1037479417,Value Mismatch,valueusd,Calculated vs reported value differs by >10%
1042292132,Value Mismatch,valueusd,Calculated vs reported value differs by >10%
1042292132,Value Mismatch,valueusd,Calculated vs reported value differs by >10%
1031069609,Value Mismatch,valueusd,Calculated vs reported value differs by >10%
1031069609,Value Mismatch,valueusd,Calculated vs reported value differs by >10%
1091055779,Value Mismatch,valueusd,Calculated vs reported value differs by >10%
1091055779,Value Mismatch,valueusd,Calculated vs reported value differs by >10%
1121281759,Value Mismatch,valueusd,Calculated vs reported value differs by >10%
1121281759,Value Mismatch,valueusd,Calculated vs reported value differs by >10%
219909829,Value Mismatch,valueusd,Calculated vs reported value differs by >10%
1006523786,Value Mismatch,valueusd,Calculated vs reported value differs by >10%
3461654204,Value Mismatch,valueusd,Calculated vs reported value differs by >10%
3752726116,Value Mismatch,valueusd,Calculated vs reported value differs by >10%
3752726116,Value Mismatch,valueusd,Calculated vs reported value differs by >10%
1093791131,Value Mismatch,valueusd,Calculated vs reported value differs by >10%
1093791131,Value Mismatch,valueusd,Calculated vs reported value differs by >10%
1061154885,Value Mismatch,valueusd,Calculated vs reported value differs by >10%
1118214163,Value Mismatch,valueusd,Calculated vs reported value differs by >10%
8497485001,Value Mismatch,valueusd,Calculated vs reported value differs by >10%
1192754479,Value Mismatch,valueusd,Calculated vs reported value differs by >10%
1116160804,Value Mismatch,valueusd,Calculated vs reported value differs by >10%
1359896914,Value Mismatch,valueusd,Calculated vs reported value differs by >10%
1359896914,Value Mismatch,valueusd,Calculated vs reported value differs by >10%
7853827743,Value Mismatch,valueusd,Calculated vs reported value differs by >10%
1322424791,Value Mismatch,valueusd,Calculated vs reported value differs by >10%
1322424790,Value Mismatch,valueusd,Calculated vs reported value differs by >10%
1059268779,Value Mismatch,valueusd,Calculated vs reported value differs by >10%
1059268779,Value Mismatch,valueusd,Calculated vs reported value differs by >10%
1073860961,Value Mismatch,valueusd,Calculated vs reported value differs by >10%
1409454750,Value Mismatch,valueusd,Calculated vs reported value differs by >10%
1089896448,Value Mismatch,valueusd,Calculated vs reported value differs by >10%
1089896448,Value Mismatch,valueusd,Calculated vs reported value differs by >10%
1002770188,Value Mismatch,valueusd,Calculated vs reported value differs by >10%
1082571799,Value Mismatch,valueusd,Calculated vs reported value differs by >10%
1010665153,Value Mismatch,valueusd,Calculated vs reported value differs by >10%
0285161857,Value Mismatch,valueusd,Calculated vs reported value differs by >10%
1159515629,Value Mismatch,valueusd,Calculated vs reported value differs by >10%
1553570345,Value Mismatch,valueusd,Calculated vs reported value differs by >10%
1064513387,Value Mismatch,valueusd,Calculated vs reported value differs by >10%
1005696491,Value Mismatch,valueusd,Calculated vs reported value differs by >10%
1291183138,Value Mismatch,valueusd,Calculated vs reported value differs by >10%
1650845062,Value Mismatch,valueusd,Calculated vs reported value differs by >10%
1154000222,Value Mismatch,valueusd,Calculated vs reported value differs by >10%
1154000222,Value Mismatch,valueusd,Calculated vs reported value differs by >10%
1046773786,Value Mismatch,valueusd,Calculated vs reported value differs by >10%
1099703481,Value Mismatch,valueusd,Calculated vs reported value differs by >10%
1111500503,Value Mismatch,valueusd,Calculated vs reported value differs by >10%
1125058287,Value Mismatch,valueusd,Calculated vs reported value differs by >10%
1125058287,Value Mismatch,valueusd,Calculated vs reported value differs by >10%
1135824709,Value Mismatch,valueusd,Calculated vs reported value differs by >10%
1183762463,Value Mismatch,valueusd,Calculated vs reported value differs by >10%
1063882426,Value Mismatch,valueusd,Calculated vs reported value differs by >10%
1054880988,Value Mismatch,valueusd,Calculated vs reported value differs by >10%
1004847483,Value Mismatch,valueusd,Calculated vs reported value differs by >10%
1185765392,Value Mismatch,valueusd,Calculated vs reported value differs by >10%
1190237961,Value Mismatch,valueusd,Calculated vs reported value differs by >10%
1154769167,Value Mismatch,valueusd,Calculated vs reported value differs by >10%
3753443660,Value Mismatch,valueusd,Calculated vs reported value differs by >10%
8849347945,Value Mismatch,valueusd,Calculated vs reported value differs by >10%
8849347944,Value Mismatch,valueusd,Calculated vs reported value differs by >10%
8849347943,Value Mismatch,valueusd,Calculated vs reported value differs by >10%
8849347942,Value Mismatch,valueusd,Calculated vs reported value differs by >10%
8849347941,Value Mismatch,valueusd,Calculated vs reported value differs by >10%
8849347940,Value Mismatch,valueusd,Calculated vs reported value differs by >10%
8849347939,Value Mismatch,valueusd,Calculated vs reported value differs by >10%
8849347938,Value Mismatch,valueusd,Calculated vs reported value differs by >10%
9326612692,Value Mismatch,valueusd,Calculated vs reported value differs by >10%
9326612694,Value Mismatch,valueusd,Calculated vs reported value differs by >10%
9326612689,Value Mismatch,valueusd,Calculated vs reported value differs by >10%
9326612690,Value Mismatch,valueusd,Calculated vs reported value differs by >10%
9326612687,Value Mismatch,valueusd,Calculated vs reported value differs by >10%
9326612691,Value Mismatch,valueusd,Calculated vs reported value differs by >10%
2078506818,Low Price,unit_price,Suspiciously low unit price (31.0)
2078525439,Low Price,unit_price,Suspiciously low unit price (48.0)
2078489353,Low Price,unit_price,Suspiciously low unit price (16.0)
652357920,Low Price,unit_price,Suspiciously low unit price (47.0)
6303457434,Low Price,unit_price,Suspiciously low unit price (27.0)
6303448615,Low Price,unit_price,Suspiciously low unit price (22.0)
6303468351,Low Price,unit_price,Suspiciously low unit price (14.0)
6303397655,Low Price,unit_price,Suspiciously low unit price (12.0)
6303334123,Low Price,unit_price,Suspiciously low unit price (14.0)
6302050381,Low Price,unit_price,Suspiciously low unit price (32.0)
6302090576,Low Price,unit_price,Suspiciously low unit price (27.0)
6302050389,Low Price,unit_price,Suspiciously low unit price (16.0)
6302050385,Low Price,unit_price,Suspiciously low unit price (35.0)
6302050384,Low Price,unit_price,Suspiciously low unit price (28.0)
6302050383,Low Price,unit_price,Suspiciously low unit price (9.0)
6302050382,Low Price,unit_price,Suspiciously low unit price (29.0)
6302050380,Low Price,unit_price,Suspiciously low unit price (29.0)
6302050377,Low Price,unit_price,Suspiciously low unit price (34.0)
6302048560,Low Price,unit_price,Suspiciously low unit price (12.0)
6302271614,Low Price,unit_price,Suspiciously low unit price (23.0)
6302067871,Low Price,unit_price,Suspiciously low unit price (14.0)
6301835854,Low Price,unit_price,Suspiciously low unit price (2.0)
6303423506,Low Price,unit_price,Suspiciously low unit price (4.0)
6303662288,Low Price,unit_price,Suspiciously low unit price (40.0)
6303319131,Low Price,unit_price,Suspiciously low unit price (18.0)
6303319130,Low Price,unit_price,Suspiciously low unit price (2.0)
6303311335,Low Price,unit_price,Suspiciously low unit price (6.0)
6303652214,Low Price,unit_price,Suspiciously low unit price (9.0)
6303629214,Low Price,unit_price,Suspiciously low unit price (27.0)
6303629213,Low Price,unit_price,Suspiciously low unit price (7.0)
6303628925,Low Price,unit_price,Suspiciously low unit price (5.0)
6303635718,Low Price,unit_price,Suspiciously low unit price (26.0)
6303294776,Low Price,unit_price,Suspiciously low unit price (19.0)
6303779932,Low Price,unit_price,Suspiciously low unit price (19.0)
6303334121,Low Price,unit_price,Suspiciously low unit price (2.0)
6303549823,Low Price,unit_price,Suspiciously low unit price (31.0)
6303544388,Low Price,unit_price,Suspiciously low unit price (2.0)
651487265,Low Price,unit_price,Suspiciously low unit price (5.0)
650722926,Low Price,unit_price,Suspiciously low unit price (13.0)
650722925,Low Price,unit_price,Suspiciously low unit price (6.0)
650707842,Low Price,unit_price,Suspiciously low unit price (9.0)
650672434,Low Price,unit_price,Suspiciously low unit price (5.0)
650655236,Low Price,unit_price,Suspiciously low unit price (21.0)
650655235,Low Price,unit_price,Suspiciously low unit price (25.0)
650655234,Low Price,unit_price,Suspiciously low unit price (21.0)
651514763,Low Price,unit_price,Suspiciously low unit price (12.0)
650777429,Low Price,unit_price,Suspiciously low unit price (6.0)
650776505,Low Price,unit_price,Suspiciously low unit price (17.0)
650741841,Low Price,unit_price,Suspiciously low unit price (20.0)
651551638,Low Price,unit_price,Suspiciously low unit price (1.0)
650761636,Low Price,unit_price,Suspiciously low unit price (7.0)
650756613,Low Price,unit_price,Suspiciously low unit price (5.0)
650749566,Low Price,unit_price,Suspiciously low unit price (15.0)
650749565,Low Price,unit_price,Suspiciously low unit price (8.0)
653838707,Low Price,unit_price,Suspiciously low unit price (13.0)
653819016,Low Price,unit_price,Suspiciously low unit price (5.0)
653775342,Low Price,unit_price,Suspiciously low unit price (3.0)
652528922,Low Price,unit_price,Suspiciously low unit price (9.0)
652528921,Low Price,unit_price,Suspiciously low unit price (27.0)
652528920,Low Price,unit_price,Suspiciously low unit price (5.0)
652179399,Low Price,unit_price,Suspiciously low unit price (33.0)
652179398,Low Price,unit_price,Suspiciously low unit price (2.0)
652175408,Low Price,unit_price,Suspiciously low unit price (1.0)
652175407,Low Price,unit_price,Suspiciously low unit price (1.0)
652175406,Low Price,unit_price,Suspiciously low unit price (20.0)
652701719,Low Price,unit_price,Suspiciously low unit price (19.0)
652139221,Low Price,unit_price,Suspiciously low unit price (1.0)
652139220,Low Price,unit_price,Suspiciously low unit price (1.0)
652528927,Low Price,unit_price,Suspiciously low unit price (1.0)
652528926,Low Price,unit_price,Suspiciously low unit price (28.0)
652528925,Low Price,unit_price,Suspiciously low unit price (25.0)
652528924,Low Price,unit_price,Suspiciously low unit price (34.0)
652528923,Low Price,unit_price,Suspiciously low unit price (16.0)
652214850,Low Price,unit_price,Suspiciously low unit price (1.0)
652425143,Low Price,unit_price,Suspiciously low unit price (15.0)
652425142,Low Price,unit_price,Suspiciously low unit price (14.0)
652425141,Low Price,unit_price,Suspiciously low unit price (2.0)
652310001,Low Price,unit_price,Suspiciously low unit price (15.0)
652594236,Low Price,unit_price,Suspiciously low unit price (26.0)
652282568,Low Price,unit_price,Suspiciously low unit price (2.0)
3697352683,Low Price,unit_price,Suspiciously low unit price (12.0)
3697653775,Low Price,unit_price,Suspiciously low unit price (9.0)
3697322114,Low Price,unit_price,Suspiciously low unit price (3.0)
3698538662,Low Price,unit_price,Suspiciously low unit price (8.0)
3698538661,Low Price,unit_price,Suspiciously low unit price (24.0)
3698548233,Low Price,unit_price,Suspiciously low unit price (25.0)
3698548232,Low Price,unit_price,Suspiciously low unit price (7.0)
3698538665,Low Price,unit_price,Suspiciously low unit price (15.0)
3698538664,Low Price,unit_price,Suspiciously low unit price (31.0)
3698538663,Low Price,unit_price,Suspiciously low unit price (33.0)
3698536521,Low Price,unit_price,Suspiciously low unit price (5.0)
3698528629,Low Price,unit_price,Suspiciously low unit price (49.0)
3698400580,Low Price,unit_price,Suspiciously low unit price (28.0)
3698395287,Low Price,unit_price,Suspiciously low unit price (25.0)
3698402466,Low Price,unit_price,Suspiciously low unit price (7.0)
3698295983,Low Price,unit_price,Suspiciously low unit price (16.0)
3698295873,Low Price,unit_price,Suspiciously low unit price (2.0)
3698271258,Low Price,unit_price,Suspiciously low unit price (5.0)
3698371301,Low Price,unit_price,Suspiciously low unit price (3.0)
3698364762,Low Price,unit_price,Suspiciously low unit price (29.0)
3698364761,Low Price,unit_price,Suspiciously low unit price (24.0)
3698311051,Low Price,unit_price,Suspiciously low unit price (10.0)
3698473113,Low Price,unit_price,Suspiciously low unit price (14.0)
3698466010,Low Price,unit_price,Suspiciously low unit price (20.0)
3698461454,Low Price,unit_price,Suspiciously low unit price (14.0)
3698562210,Low Price,unit_price,Suspiciously low unit price (37.0)
2078338637,Low Price,unit_price,Suspiciously low unit price (47.0)
2078329831,Low Price,unit_price,Suspiciously low unit price (39.0)
2078448719,Low Price,unit_price,Suspiciously low unit price (2.0)
2078448142,Low Price,unit_price,Suspiciously low unit price (15.0)
2078358613,Low Price,unit_price,Suspiciously low unit price (2.0)
2078354818,Low Price,unit_price,Suspiciously low unit price (48.0)
2078484950,Low Price,unit_price,Suspiciously low unit price (9.0)
2078435218,Low Price,unit_price,Suspiciously low unit price (15.0)
2078548655,Low Price,unit_price,Suspiciously low unit price (40.0)
2078543293,Low Price,unit_price,Suspiciously low unit price (41.0)
2078539792,Low Price,unit_price,Suspiciously low unit price (18.0)
2078535135,Low Price,unit_price,Suspiciously low unit price (28.0)
2078533407,Low Price,unit_price,Suspiciously low unit price (3.0)
2078426111,Low Price,unit_price,Suspiciously low unit price (36.0)
2078422096,Low Price,unit_price,Suspiciously low unit price (30.0)
2078412922,Low Price,unit_price,Suspiciously low unit price (23.0)
2078411553,Low Price,unit_price,Suspiciously low unit price (14.0)
2078507880,Low Price,unit_price,Suspiciously low unit price (4.0)
2078579164,Low Price,unit_price,Suspiciously low unit price (3.0)
2078518426,Low Price,unit_price,Suspiciously low unit price (21.0)
2078513861,Low Price,unit_price,Suspiciously low unit price (23.0)
2078571210,Low Price,unit_price,Suspiciously low unit price (25.0)
2078513024,Low Price,unit_price,Suspiciously low unit price (17.0)
2078511900,Low Price,unit_price,Suspiciously low unit price (25.0)
2078566565,Low Price,unit_price,Suspiciously low unit price (34.0)
2078562917,Low Price,unit_price,Suspiciously low unit price (16.0)
2078406929,Low Price,unit_price,Suspiciously low unit price (49.0)
2078404512,Low Price,unit_price,Suspiciously low unit price (48.0)
2078361234,Low Price,unit_price,Suspiciously low unit price (34.0)
2078494933,Low Price,unit_price,Suspiciously low unit price (18.0)
2078493390,Low Price,unit_price,Suspiciously low unit price (4.0)
2078489297,Low Price,unit_price,Suspiciously low unit price (37.0)
2078484465,Low Price,unit_price,Suspiciously low unit price (18.0)
2078484093,Low Price,unit_price,Suspiciously low unit price (1.0)
2078475411,Low Price,unit_price,Suspiciously low unit price (38.0)
2078393961,Low Price,unit_price,Suspiciously low unit price (18.0)
2078368155,Low Price,unit_price,Suspiciously low unit price (25.0)
2078465477,Low Price,unit_price,Suspiciously low unit price (20.0)
2077713526,Low Price,unit_price,Suspiciously low unit price (1.0)
2077636792,Low Price,unit_price,Suspiciously low unit price (1.0)
2077613130,Low Price,unit_price,Suspiciously low unit price (1.0)
2077903112,Low Price,unit_price,Suspiciously low unit price (2.0)
2078016703,Low Price,unit_price,Suspiciously low unit price (1.0)
2078061425,Low Price,unit_price,Suspiciously low unit price (1.0)
2077858446,Low Price,unit_price,Suspiciously low unit price (1.0)
2077704927,Low Price,unit_price,Suspiciously low unit price (42.0)
2077869370,Low Price,unit_price,Suspiciously low unit price (10.0)
2077861929,Low Price,unit_price,Suspiciously low unit price (2.0)
2077844239,Low Price,unit_price,Suspiciously low unit price (1.0)
2077947354,Low Price,unit_price,Suspiciously low unit price (43.0)
2078020553,Low Price,unit_price,Suspiciously low unit price (1.0)
6302090575,Low Price,unit_price,Suspiciously low unit price (7.0)
6302050390,Low Price,unit_price,Suspiciously low unit price (28.0)
6302174261,Low Price,unit_price,Suspiciously low unit price (28.0)
6302265489,Low Price,unit_price,Suspiciously low unit price (13.0)
6302060661,Low Price,unit_price,Suspiciously low unit price (8.0)
6302060660,Low Price,unit_price,Suspiciously low unit price (9.0)
6302060659,Low Price,unit_price,Suspiciously low unit price (2.0)
6302060658,Low Price,unit_price,Suspiciously low unit price (11.0)
6302060657,Low Price,unit_price,Suspiciously low unit price (3.0)
6302060656,Low Price,unit_price,Suspiciously low unit price (4.0)
6302060650,Low Price,unit_price,Suspiciously low unit price (18.0)
6302060649,Low Price,unit_price,Suspiciously low unit price (10.0)
6302097013,Low Price,unit_price,Suspiciously low unit price (18.0)
6302086310,Low Price,unit_price,Suspiciously low unit price (6.0)
6302048562,Low Price,unit_price,Suspiciously low unit price (2.0)
6302048561,Low Price,unit_price,Suspiciously low unit price (1.0)
6302048559,Low Price,unit_price,Suspiciously low unit price (1.0)
6302048118,Low Price,unit_price,Suspiciously low unit price (3.0)
6301872409,Low Price,unit_price,Suspiciously low unit price (17.0)
6301872408,Low Price,unit_price,Suspiciously low unit price (39.0)
6302078018,Low Price,unit_price,Suspiciously low unit price (16.0)
6302076160,Low Price,unit_price,Suspiciously low unit price (6.0)
6302076159,Low Price,unit_price,Suspiciously low unit price (4.0)
6301851668,Low Price,unit_price,Suspiciously low unit price (4.0)
6301835856,Low Price,unit_price,Suspiciously low unit price (16.0)
6301872414,Low Price,unit_price,Suspiciously low unit price (49.0)
6301183596,Low Price,unit_price,Suspiciously low unit price (2.0)
6301505126,Low Price,unit_price,Suspiciously low unit price (1.0)
6301505125,Low Price,unit_price,Suspiciously low unit price (1.0)
6301505124,Low Price,unit_price,Suspiciously low unit price (1.0)
6301505123,Low Price,unit_price,Suspiciously low unit price (11.0)
6301012495,Low Price,unit_price,Suspiciously low unit price (34.0)
6301775669,Low Price,unit_price,Suspiciously low unit price (19.0)
6301056585,Low Price,unit_price,Suspiciously low unit price (45.0)
6301286507,Low Price,unit_price,Suspiciously low unit price (5.0)
6301486111,Low Price,unit_price,Suspiciously low unit price (23.0)
6301251656,Low Price,unit_price,Suspiciously low unit price (22.0)
6301249780,Low Price,unit_price,Suspiciously low unit price (10.0)
6301468473,Low Price,unit_price,Suspiciously low unit price (9.0)
6301734191,Low Price,unit_price,Suspiciously low unit price (7.0)
6301743389,Low Price,unit_price,Suspiciously low unit price (2.0)
6301728240,Low Price,unit_price,Suspiciously low unit price (10.0)
6301237147,Low Price,unit_price,Suspiciously low unit price (1.0)
6301068115,Low Price,unit_price,Suspiciously low unit price (14.0)
6301309124,Low Price,unit_price,Suspiciously low unit price (14.0)
651513136,Low Price,unit_price,Suspiciously low unit price (24.0)
650450957,Low Price,unit_price,Suspiciously low unit price (24.0)
650315844,Low Price,unit_price,Suspiciously low unit price (26.0)
650315843,Low Price,unit_price,Suspiciously low unit price (23.0)
650289620,Low Price,unit_price,Suspiciously low unit price (5.0)
650311075,Low Price,unit_price,Suspiciously low unit price (45.0)
650309854,Low Price,unit_price,Suspiciously low unit price (12.0)
650309853,Low Price,unit_price,Suspiciously low unit price (28.0)
650429319,Low Price,unit_price,Suspiciously low unit price (24.0)
650156251,Low Price,unit_price,Suspiciously low unit price (2.0)
650217179,Low Price,unit_price,Suspiciously low unit price (3.0)
650140979,Low Price,unit_price,Suspiciously low unit price (12.0)
650394394,Low Price,unit_price,Suspiciously low unit price (17.0)
650487693,Low Price,unit_price,Suspiciously low unit price (24.0)
650487692,Low Price,unit_price,Suspiciously low unit price (3.0)
650293457,Low Price,unit_price,Suspiciously low unit price (10.0)
650306915,Low Price,unit_price,Suspiciously low unit price (39.0)
650306914,Low Price,unit_price,Suspiciously low unit price (22.0)
650306913,Low Price,unit_price,Suspiciously low unit price (17.0)
650306912,Low Price,unit_price,Suspiciously low unit price (13.0)
650306869,Low Price,unit_price,Suspiciously low unit price (6.0)
650107951,Low Price,unit_price,Suspiciously low unit price (39.0)
651937554,Low Price,unit_price,Suspiciously low unit price (7.0)
651787935,Low Price,unit_price,Suspiciously low unit price (35.0)
651870114,Low Price,unit_price,Suspiciously low unit price (35.0)
651874631,Low Price,unit_price,Suspiciously low unit price (36.0)
651937841,Low Price,unit_price,Suspiciously low unit price (1.0)
651937839,Low Price,unit_price,Suspiciously low unit price (9.0)
651682088,Low Price,unit_price,Suspiciously low unit price (33.0)
651682086,Low Price,unit_price,Suspiciously low unit price (48.0)
3697707838,Low Price,unit_price,Suspiciously low unit price (14.0)
3697389621,Low Price,unit_price,Suspiciously low unit price (22.0)
3697389619,Low Price,unit_price,Suspiciously low unit price (36.0)
3697389618,Low Price,unit_price,Suspiciously low unit price (46.0)
3697389617,Low Price,unit_price,Suspiciously low unit price (34.0)
3697389616,Low Price,unit_price,Suspiciously low unit price (23.0)
3697389615,Low Price,unit_price,Suspiciously low unit price (35.0)
3697389613,Low Price,unit_price,Suspiciously low unit price (44.0)
3697389612,Low Price,unit_price,Suspiciously low unit price (35.0)
3697389611,Low Price,unit_price,Suspiciously low unit price (32.0)
3697481591,Low Price,unit_price,Suspiciously low unit price (28.0)
3697480716,Low Price,unit_price,Suspiciously low unit price (25.0)
3697541559,Low Price,unit_price,Suspiciously low unit price (35.0)
3696944324,Low Price,unit_price,Suspiciously low unit price (35.0)
3696944356,Low Price,unit_price,Suspiciously low unit price (29.0)
3696944349,Low Price,unit_price,Suspiciously low unit price (41.0)
3696944347,Low Price,unit_price,Suspiciously low unit price (28.0)
3696944338,Low Price,unit_price,Suspiciously low unit price (27.0)
3696944332,Low Price,unit_price,Suspiciously low unit price (24.0)
3696944351,Low Price,unit_price,Suspiciously low unit price (49.0)
3696944348,Low Price,unit_price,Suspiciously low unit price (43.0)
3696944346,Low Price,unit_price,Suspiciously low unit price (34.0)
3696944343,Low Price,unit_price,Suspiciously low unit price (36.0)
3697116347,Low Price,unit_price,Suspiciously low unit price (33.0)
3697115103,Low Price,unit_price,Suspiciously low unit price (24.0)
3696945270,Low Price,unit_price,Suspiciously low unit price (35.0)
3696945268,Low Price,unit_price,Suspiciously low unit price (29.0)
3696945266,Low Price,unit_price,Suspiciously low unit price (31.0)
3696945264,Low Price,unit_price,Suspiciously low unit price (34.0)
3696945263,Low Price,unit_price,Suspiciously low unit price (26.0)
3696944357,Low Price,unit_price,Suspiciously low unit price (34.0)
3696944353,Low Price,unit_price,Suspiciously low unit price (34.0)
3696944345,Low Price,unit_price,Suspiciously low unit price (44.0)
3696944339,Low Price,unit_price,Suspiciously low unit price (26.0)
3696944329,Low Price,unit_price,Suspiciously low unit price (33.0)
3696944327,Low Price,unit_price,Suspiciously low unit price (37.0)
3696944326,Low Price,unit_price,Suspiciously low unit price (34.0)
3696944322,Low Price,unit_price,Suspiciously low unit price (32.0)
3696944316,Low Price,unit_price,Suspiciously low unit price (49.0)
3696944314,Low Price,unit_price,Suspiciously low unit price (43.0)
3697146826,Low Price,unit_price,Suspiciously low unit price (16.0)
3697172347,Low Price,unit_price,Suspiciously low unit price (10.0)
3697119342,Low Price,unit_price,Suspiciously low unit price (1.0)
3696944318,Low Price,unit_price,Suspiciously low unit price (38.0)
3696944317,Low Price,unit_price,Suspiciously low unit price (38.0)
3696937773,Low Price,unit_price,Suspiciously low unit price (13.0)
3697137372,Low Price,unit_price,Suspiciously low unit price (13.0)
2078325845,Low Price,unit_price,Suspiciously low unit price (8.0)
2078458162,Low Price,unit_price,Suspiciously low unit price (3.0)
2078450407,Low Price,unit_price,Suspiciously low unit price (31.0)
2078441963,Low Price,unit_price,Suspiciously low unit price (46.0)
2078359427,Low Price,unit_price,Suspiciously low unit price (43.0)
2078537749,Low Price,unit_price,Suspiciously low unit price (18.0)
2078507824,Low Price,unit_price,Suspiciously low unit price (10.0)
2078502077,Low Price,unit_price,Suspiciously low unit price (15.0)
2078574347,Low Price,unit_price,Suspiciously low unit price (18.0)
2078402579,Low Price,unit_price,Suspiciously low unit price (32.0)
2078497650,Low Price,unit_price,Suspiciously low unit price (26.0)
2078379337,Low Price,unit_price,Suspiciously low unit price (12.0)
2078465423,Low Price,unit_price,Suspiciously low unit price (25.0)
2078645564,Low Price,unit_price,Suspiciously low unit price (3.0)
2078660201,Low Price,unit_price,Suspiciously low unit price (17.0)
2078660036,Low Price,unit_price,Suspiciously low unit price (2.0)
2078659894,Low Price,unit_price,Suspiciously low unit price (0.0)
2078642870,Low Price,unit_price,Suspiciously low unit price (18.0)
2078642262,Low Price,unit_price,Suspiciously low unit price (2.0)
2078658985,Low Price,unit_price,Suspiciously low unit price (37.0)
2078657943,Low Price,unit_price,Suspiciously low unit price (18.0)
2078657326,Low Price,unit_price,Suspiciously low unit price (0.0)
2078655960,Low Price,unit_price,Suspiciously low unit price (26.0)
2078651704,Low Price,unit_price,Suspiciously low unit price (0.0)
2078638292,Low Price,unit_price,Suspiciously low unit price (0.0)
2078581243,Low Price,unit_price,Suspiciously low unit price (0.0)
2078635608,Low Price,unit_price,Suspiciously low unit price (38.0)
2078634588,Low Price,unit_price,Suspiciously low unit price (0.0)
2078633101,Low Price,unit_price,Suspiciously low unit price (15.0)
2078631181,Low Price,unit_price,Suspiciously low unit price (25.0)
2078650688,Low Price,unit_price,Suspiciously low unit price (43.0)
2078628822,Low Price,unit_price,Suspiciously low unit price (0.0)
2078627527,Low Price,unit_price,Suspiciously low unit price (44.0)
2078623458,Low Price,unit_price,Suspiciously low unit price (2.0)
2078621784,Low Price,unit_price,Suspiciously low unit price (43.0)
2078766783,Low Price,unit_price,Suspiciously low unit price (9.0)
2078611013,Low Price,unit_price,Suspiciously low unit price (0.0)
2078763188,Low Price,unit_price,Suspiciously low unit price (0.0)
2078761935,Low Price,unit_price,Suspiciously low unit price (0.0)
2078603552,Low Price,unit_price,Suspiciously low unit price (40.0)
2078602024,Low Price,unit_price,Suspiciously low unit price (7.0)
2078601272,Low Price,unit_price,Suspiciously low unit price (3.0)
2078599503,Low Price,unit_price,Suspiciously low unit price (1.0)
2078597333,Low Price,unit_price,Suspiciously low unit price (3.0)
2078596653,Low Price,unit_price,Suspiciously low unit price (4.0)
2078595679,Low Price,unit_price,Suspiciously low unit price (0.0)
2078593723,Low Price,unit_price,Suspiciously low unit price (5.0)
2078592071,Low Price,unit_price,Suspiciously low unit price (9.0)
2078591335,Low Price,unit_price,Suspiciously low unit price (15.0)
2078586682,Low Price,unit_price,Suspiciously low unit price (4.0)
2078668328,Low Price,unit_price,Suspiciously low unit price (7.0)
2078667905,Low Price,unit_price,Suspiciously low unit price (26.0)
2078665888,Low Price,unit_price,Suspiciously low unit price (12.0)
2078709454,Low Price,unit_price,Suspiciously low unit price (0.0)
2078582465,Low Price,unit_price,Suspiciously low unit price (0.0)
2078580914,Low Price,unit_price,Suspiciously low unit price (1.0)
2078714633,Low Price,unit_price,Suspiciously low unit price (0.0)
2078712954,Low Price,unit_price,Suspiciously low unit price (0.0)
2078712429,Low Price,unit_price,Suspiciously low unit price (10.0)
2078754920,Low Price,unit_price,Suspiciously low unit price (24.0)
2078754550,Low Price,unit_price,Suspiciously low unit price (0.0)
2078753842,Low Price,unit_price,Suspiciously low unit price (0.0)
2078698872,Low Price,unit_price,Suspiciously low unit price (25.0)
2078695837,Low Price,unit_price,Suspiciously low unit price (0.0)
2078694250,Low Price,unit_price,Suspiciously low unit price (0.0)
2078693852,Low Price,unit_price,Suspiciously low unit price (0.0)
2078685814,Low Price,unit_price,Suspiciously low unit price (0.0)
2078685729,Low Price,unit_price,Suspiciously low unit price (2.0)
2078682507,Low Price,unit_price,Suspiciously low unit price (0.0)
2078681559,Low Price,unit_price,Suspiciously low unit price (2.0)
2078680474,Low Price,unit_price,Suspiciously low unit price (0.0)
2078679980,Low Price,unit_price,Suspiciously low unit price (2.0)
2078679942,Low Price,unit_price,Suspiciously low unit price (0.0)
2078679704,Low Price,unit_price,Suspiciously low unit price (43.0)
2078743374,Low Price,unit_price,Suspiciously low unit price (0.0)
2078741764,Low Price,unit_price,Suspiciously low unit price (9.0)
2078740244,Low Price,unit_price,Suspiciously low unit price (0.0)
2078736288,Low Price,unit_price,Suspiciously low unit price (43.0)
2078728809,Low Price,unit_price,Suspiciously low unit price (5.0)
2078727770,Low Price,unit_price,Suspiciously low unit price (24.0)
2078727696,Low Price,unit_price,Suspiciously low unit price (1.0)
2078723980,Low Price,unit_price,Suspiciously low unit price (0.0)
2078675018,Low Price,unit_price,Suspiciously low unit price (12.0)
2078723351,Low Price,unit_price,Suspiciously low unit price (8.0)
2078722891,Low Price,unit_price,Suspiciously low unit price (1.0)
2078721466,Low Price,unit_price,Suspiciously low unit price (40.0)
2078721311,Low Price,unit_price,Suspiciously low unit price (0.0)
2078719481,Low Price,unit_price,Suspiciously low unit price (0.0)
2078654017,Low Price,unit_price,Suspiciously low unit price (39.0)
2078739542,Low Price,unit_price,Suspiciously low unit price (47.0)
2078604111,Low Price,unit_price,Suspiciously low unit price (39.0)
2078590043,Low Price,unit_price,Suspiciously low unit price (47.0)
2078583652,Low Price,unit_price,Suspiciously low unit price (39.0)
2078748385,Low Price,unit_price,Suspiciously low unit price (39.0)
2078752038,Low Price,unit_price,Suspiciously low unit price (41.0)
2078749898,Low Price,unit_price,Suspiciously low unit price (41.0)
2078625742,Low Price,unit_price,Suspiciously low unit price (42.0)
2078762085,Low Price,unit_price,Suspiciously low unit price (41.0)
2078596901,Low Price,unit_price,Suspiciously low unit price (42.0)
2078661170,Low Price,unit_price,Suspiciously low unit price (42.0)
6305070471,Low Price,unit_price,Suspiciously low unit price (0.0)
6305070462,Low Price,unit_price,Suspiciously low unit price (0.0)
6305183165,Low Price,unit_price,Suspiciously low unit price (0.0)
6305069834,Low Price,unit_price,Suspiciously low unit price (1.0)
6305070461,Low Price,unit_price,Suspiciously low unit price (0.0)
6305070460,Low Price,unit_price,Suspiciously low unit price (0.0)
6305070457,Low Price,unit_price,Suspiciously low unit price (0.0)
6305070455,Low Price,unit_price,Suspiciously low unit price (0.0)
6305069874,Low Price,unit_price,Suspiciously low unit price (1.0)
6305069868,Low Price,unit_price,Suspiciously low unit price (0.0)
6305069840,Low Price,unit_price,Suspiciously low unit price (0.0)
6305069828,Low Price,unit_price,Suspiciously low unit price (0.0)
6305069825,Low Price,unit_price,Suspiciously low unit price (0.0)
6305069823,Low Price,unit_price,Suspiciously low unit price (0.0)
6305069822,Low Price,unit_price,Suspiciously low unit price (0.0)
6305069821,Low Price,unit_price,Suspiciously low unit price (0.0)
6305070470,Low Price,unit_price,Suspiciously low unit price (0.0)
6305070469,Low Price,unit_price,Suspiciously low unit price (0.0)
6305070468,Low Price,unit_price,Suspiciously low unit price (0.0)
6305070465,Low Price,unit_price,Suspiciously low unit price (0.0)
6305070464,Low Price,unit_price,Suspiciously low unit price (1.0)
6305070463,Low Price,unit_price,Suspiciously low unit price (0.0)
6305070459,Low Price,unit_price,Suspiciously low unit price (0.0)
6305070458,Low Price,unit_price,Suspiciously low unit price (0.0)
6305070456,Low Price,unit_price,Suspiciously low unit price (0.0)
6305070452,Low Price,unit_price,Suspiciously low unit price (0.0)
6305070451,Low Price,unit_price,Suspiciously low unit price (0.0)
6305070449,Low Price,unit_price,Suspiciously low unit price (1.0)
6305070448,Low Price,unit_price,Suspiciously low unit price (1.0)
6305069877,Low Price,unit_price,Suspiciously low unit price (0.0)
6305069875,Low Price,unit_price,Suspiciously low unit price (0.0)
6305069870,Low Price,unit_price,Suspiciously low unit price (0.0)
6305069869,Low Price,unit_price,Suspiciously low unit price (0.0)
6305069867,Low Price,unit_price,Suspiciously low unit price (0.0)
6305069866,Low Price,unit_price,Suspiciously low unit price (0.0)
6305069865,Low Price,unit_price,Suspiciously low unit price (0.0)
6305069864,Low Price,unit_price,Suspiciously low unit price (0.0)
6305069863,Low Price,unit_price,Suspiciously low unit price (0.0)
6305069861,Low Price,unit_price,Suspiciously low unit price (0.0)
6305069860,Low Price,unit_price,Suspiciously low unit price (0.0)
6305069858,Low Price,unit_price,Suspiciously low unit price (0.0)
6305069857,Low Price,unit_price,Suspiciously low unit price (0.0)
6305069856,Low Price,unit_price,Suspiciously low unit price (0.0)
6305069855,Low Price,unit_price,Suspiciously low unit price (0.0)
6305069854,Low Price,unit_price,Suspiciously low unit price (0.0)
6305069853,Low Price,unit_price,Suspiciously low unit price (0.0)
6305069851,Low Price,unit_price,Suspiciously low unit price (0.0)
6305069850,Low Price,unit_price,Suspiciously low unit price (0.0)
6305069849,Low Price,unit_price,Suspiciously low unit price (0.0)
6305069847,Low Price,unit_price,Suspiciously low unit price (0.0)
6305069846,Low Price,unit_price,Suspiciously low unit price (0.0)
6305069844,Low Price,unit_price,Suspiciously low unit price (0.0)
6305069843,Low Price,unit_price,Suspiciously low unit price (0.0)
6305069842,Low Price,unit_price,Suspiciously low unit price (0.0)
6305069838,Low Price,unit_price,Suspiciously low unit price (1.0)
6305069837,Low Price,unit_price,Suspiciously low unit price (0.0)
6305069836,Low Price,unit_price,Suspiciously low unit price (0.0)
6305069835,Low Price,unit_price,Suspiciously low unit price (0.0)
6305069833,Low Price,unit_price,Suspiciously low unit price (0.0)
6305069832,Low Price,unit_price,Suspiciously low unit price (0.0)
6305069831,Low Price,unit_price,Suspiciously low unit price (1.0)
6305069830,Low Price,unit_price,Suspiciously low unit price (1.0)
6305069827,Low Price,unit_price,Suspiciously low unit price (0.0)
6305069826,Low Price,unit_price,Suspiciously low unit price (1.0)
6305069820,Low Price,unit_price,Suspiciously low unit price (2.0)
6305069819,Low Price,unit_price,Suspiciously low unit price (0.0)
6305069818,Low Price,unit_price,Suspiciously low unit price (0.0)
6305069817,Low Price,unit_price,Suspiciously low unit price (0.0)
6305069816,Low Price,unit_price,Suspiciously low unit price (0.0)
6305069815,Low Price,unit_price,Suspiciously low unit price (0.0)
6305069814,Low Price,unit_price,Suspiciously low unit price (0.0)
6305069376,Low Price,unit_price,Suspiciously low unit price (0.0)
6305069384,Low Price,unit_price,Suspiciously low unit price (0.0)
6305069383,Low Price,unit_price,Suspiciously low unit price (0.0)
6305069382,Low Price,unit_price,Suspiciously low unit price (0.0)
6305069381,Low Price,unit_price,Suspiciously low unit price (0.0)
6305069379,Low Price,unit_price,Suspiciously low unit price (0.0)
6305069378,Low Price,unit_price,Suspiciously low unit price (0.0)
6305069377,Low Price,unit_price,Suspiciously low unit price (1.0)
6305069375,Low Price,unit_price,Suspiciously low unit price (0.0)
6305069374,Low Price,unit_price,Suspiciously low unit price (0.0)
6305069373,Low Price,unit_price,Suspiciously low unit price (0.0)
6305069372,Low Price,unit_price,Suspiciously low unit price (0.0)
6305069371,Low Price,unit_price,Suspiciously low unit price (0.0)
6305069370,Low Price,unit_price,Suspiciously low unit price (1.0)
6305069369,Low Price,unit_price,Suspiciously low unit price (0.0)
6305069368,Low Price,unit_price,Suspiciously low unit price (0.0)
6305069367,Low Price,unit_price,Suspiciously low unit price (0.0)
6303464939,Low Price,unit_price,Suspiciously low unit price (45.0)
6304848300,Low Price,unit_price,Suspiciously low unit price (5.0)
6304845646,Low Price,unit_price,Suspiciously low unit price (1.0)
6304845645,Low Price,unit_price,Suspiciously low unit price (1.0)
6304733039,Low Price,unit_price,Suspiciously low unit price (4.0)
6304733041,Low Price,unit_price,Suspiciously low unit price (2.0)
6304733040,Low Price,unit_price,Suspiciously low unit price (4.0)
6304940463,Low Price,unit_price,Suspiciously low unit price (12.0)
6304940462,Low Price,unit_price,Suspiciously low unit price (14.0)
6304940461,Low Price,unit_price,Suspiciously low unit price (11.0)
6304676014,Low Price,unit_price,Suspiciously low unit price (1.0)
6304676020,Low Price,unit_price,Suspiciously low unit price (0.0)
6304676019,Low Price,unit_price,Suspiciously low unit price (0.0)
6304676017,Low Price,unit_price,Suspiciously low unit price (0.0)
6304676016,Low Price,unit_price,Suspiciously low unit price (0.0)
6304676011,Low Price,unit_price,Suspiciously low unit price (1.0)
6304676008,Low Price,unit_price,Suspiciously low unit price (0.0)
6304675994,Low Price,unit_price,Suspiciously low unit price (0.0)
6304675993,Low Price,unit_price,Suspiciously low unit price (0.0)
6304675992,Low Price,unit_price,Suspiciously low unit price (0.0)
6304675991,Low Price,unit_price,Suspiciously low unit price (1.0)
6304675990,Low Price,unit_price,Suspiciously low unit price (0.0)
6304676018,Low Price,unit_price,Suspiciously low unit price (0.0)
6304676013,Low Price,unit_price,Suspiciously low unit price (1.0)
6304676012,Low Price,unit_price,Suspiciously low unit price (1.0)
6304676010,Low Price,unit_price,Suspiciously low unit price (0.0)
6304676007,Low Price,unit_price,Suspiciously low unit price (0.0)
6304676005,Low Price,unit_price,Suspiciously low unit price (0.0)
6304676003,Low Price,unit_price,Suspiciously low unit price (0.0)
6304676002,Low Price,unit_price,Suspiciously low unit price (0.0)
6304676001,Low Price,unit_price,Suspiciously low unit price (0.0)
6304676000,Low Price,unit_price,Suspiciously low unit price (0.0)
6304675999,Low Price,unit_price,Suspiciously low unit price (0.0)
6304675998,Low Price,unit_price,Suspiciously low unit price (0.0)
6304675997,Low Price,unit_price,Suspiciously low unit price (0.0)
6304675995,Low Price,unit_price,Suspiciously low unit price (0.0)
6304675989,Low Price,unit_price,Suspiciously low unit price (0.0)
6304675988,Low Price,unit_price,Suspiciously low unit price (0.0)
6304675987,Low Price,unit_price,Suspiciously low unit price (0.0)
6304675985,Low Price,unit_price,Suspiciously low unit price (1.0)
6304874015,Low Price,unit_price,Suspiciously low unit price (19.0)
6304874014,Low Price,unit_price,Suspiciously low unit price (7.0)
6304874013,Low Price,unit_price,Suspiciously low unit price (6.0)
6304874012,Low Price,unit_price,Suspiciously low unit price (6.0)
6304874009,Low Price,unit_price,Suspiciously low unit price (38.0)
6304874008,Low Price,unit_price,Suspiciously low unit price (39.0)
6304874007,Low Price,unit_price,Suspiciously low unit price (9.0)
6304873991,Low Price,unit_price,Suspiciously low unit price (44.0)
6304873990,Low Price,unit_price,Suspiciously low unit price (42.0)
6304873975,Low Price,unit_price,Suspiciously low unit price (4.0)
6304873987,Low Price,unit_price,Suspiciously low unit price (12.0)
6304873974,Low Price,unit_price,Suspiciously low unit price (0.0)
6304958010,Low Price,unit_price,Suspiciously low unit price (46.0)
6304958009,Low Price,unit_price,Suspiciously low unit price (14.0)
6304958007,Low Price,unit_price,Suspiciously low unit price (3.0)
6304958005,Low Price,unit_price,Suspiciously low unit price (5.0)
6304958635,Low Price,unit_price,Suspiciously low unit price (27.0)
6304958006,Low Price,unit_price,Suspiciously low unit price (2.0)
6304314136,Low Price,unit_price,Suspiciously low unit price (0.0)
6304444150,Low Price,unit_price,Suspiciously low unit price (0.0)
6304444149,Low Price,unit_price,Suspiciously low unit price (0.0)
6304429006,Low Price,unit_price,Suspiciously low unit price (0.0)
6304429005,Low Price,unit_price,Suspiciously low unit price (0.0)
6304314142,Low Price,unit_price,Suspiciously low unit price (1.0)
6304314140,Low Price,unit_price,Suspiciously low unit price (0.0)
6304314139,Low Price,unit_price,Suspiciously low unit price (0.0)
6304314131,Low Price,unit_price,Suspiciously low unit price (1.0)
6304314128,Low Price,unit_price,Suspiciously low unit price (0.0)
6304314126,Low Price,unit_price,Suspiciously low unit price (0.0)
6304314117,Low Price,unit_price,Suspiciously low unit price (0.0)
6304314115,Low Price,unit_price,Suspiciously low unit price (1.0)
6304314113,Low Price,unit_price,Suspiciously low unit price (0.0)
6304314109,Low Price,unit_price,Suspiciously low unit price (0.0)
6304314108,Low Price,unit_price,Suspiciously low unit price (0.0)
6304314101,Low Price,unit_price,Suspiciously low unit price (1.0)
6304314141,Low Price,unit_price,Suspiciously low unit price (0.0)
6304314138,Low Price,unit_price,Suspiciously low unit price (0.0)
6304314137,Low Price,unit_price,Suspiciously low unit price (0.0)
6304314135,Low Price,unit_price,Suspiciously low unit price (0.0)
6304314134,Low Price,unit_price,Suspiciously low unit price (1.0)
6304314133,Low Price,unit_price,Suspiciously low unit price (1.0)
6304314132,Low Price,unit_price,Suspiciously low unit price (0.0)
6304314130,Low Price,unit_price,Suspiciously low unit price (0.0)
6304314129,Low Price,unit_price,Suspiciously low unit price (0.0)
6304314125,Low Price,unit_price,Suspiciously low unit price (0.0)
6304314122,Low Price,unit_price,Suspiciously low unit price (0.0)
6304314121,Low Price,unit_price,Suspiciously low unit price (0.0)
6304314118,Low Price,unit_price,Suspiciously low unit price (0.0)
6304314116,Low Price,unit_price,Suspiciously low unit price (1.0)
6304314114,Low Price,unit_price,Suspiciously low unit price (1.0)
6304314111,Low Price,unit_price,Suspiciously low unit price (1.0)
6304314107,Low Price,unit_price,Suspiciously low unit price (0.0)
6304314106,Low Price,unit_price,Suspiciously low unit price (0.0)
6304314104,Low Price,unit_price,Suspiciously low unit price (0.0)
6304314102,Low Price,unit_price,Suspiciously low unit price (0.0)
6304314100,Low Price,unit_price,Suspiciously low unit price (0.0)
6304314099,Low Price,unit_price,Suspiciously low unit price (0.0)
6304314098,Low Price,unit_price,Suspiciously low unit price (0.0)
6304314097,Low Price,unit_price,Suspiciously low unit price (0.0)
6304314096,Low Price,unit_price,Suspiciously low unit price (1.0)
6304334473,Low Price,unit_price,Suspiciously low unit price (1.0)
6304334472,Low Price,unit_price,Suspiciously low unit price (1.0)
6304505850,Low Price,unit_price,Suspiciously low unit price (11.0)
6304505849,Low Price,unit_price,Suspiciously low unit price (3.0)
6304317972,Low Price,unit_price,Suspiciously low unit price (2.0)
6304317968,Low Price,unit_price,Suspiciously low unit price (5.0)
6304317971,Low Price,unit_price,Suspiciously low unit price (5.0)
6304317970,Low Price,unit_price,Suspiciously low unit price (6.0)
6304317969,Low Price,unit_price,Suspiciously low unit price (6.0)
6304317967,Low Price,unit_price,Suspiciously low unit price (0.0)
6304590175,Low Price,unit_price,Suspiciously low unit price (16.0)
653837758,Low Price,unit_price,Suspiciously low unit price (44.0)
653838252,Low Price,unit_price,Suspiciously low unit price (1.0)
653838251,Low Price,unit_price,Suspiciously low unit price (0.0)
653838250,Low Price,unit_price,Suspiciously low unit price (1.0)
653838249,Low Price,unit_price,Suspiciously low unit price (7.0)
653838248,Low Price,unit_price,Suspiciously low unit price (0.0)
653838247,Low Price,unit_price,Suspiciously low unit price (1.0)
653838246,Low Price,unit_price,Suspiciously low unit price (0.0)
653838245,Low Price,unit_price,Suspiciously low unit price (0.0)
653838244,Low Price,unit_price,Suspiciously low unit price (0.0)
653838243,Low Price,unit_price,Suspiciously low unit price (0.0)
653838242,Low Price,unit_price,Suspiciously low unit price (0.0)
653838241,Low Price,unit_price,Suspiciously low unit price (0.0)
653838240,Low Price,unit_price,Suspiciously low unit price (0.0)
653838239,Low Price,unit_price,Suspiciously low unit price (0.0)
653838238,Low Price,unit_price,Suspiciously low unit price (0.0)
653838237,Low Price,unit_price,Suspiciously low unit price (0.0)
653838236,Low Price,unit_price,Suspiciously low unit price (0.0)
653838235,Low Price,unit_price,Suspiciously low unit price (0.0)
653838234,Low Price,unit_price,Suspiciously low unit price (8.0)
653838233,Low Price,unit_price,Suspiciously low unit price (8.0)
653838232,Low Price,unit_price,Suspiciously low unit price (0.0)
653838230,Low Price,unit_price,Suspiciously low unit price (45.0)
653838228,Low Price,unit_price,Suspiciously low unit price (0.0)
653838223,Low Price,unit_price,Suspiciously low unit price (1.0)
653838221,Low Price,unit_price,Suspiciously low unit price (0.0)
653838220,Low Price,unit_price,Suspiciously low unit price (0.0)
653838216,Low Price,unit_price,Suspiciously low unit price (0.0)
653838215,Low Price,unit_price,Suspiciously low unit price (0.0)
653838213,Low Price,unit_price,Suspiciously low unit price (0.0)
653838212,Low Price,unit_price,Suspiciously low unit price (0.0)
653838211,Low Price,unit_price,Suspiciously low unit price (0.0)
653838210,Low Price,unit_price,Suspiciously low unit price (0.0)
653838209,Low Price,unit_price,Suspiciously low unit price (0.0)
653838208,Low Price,unit_price,Suspiciously low unit price (0.0)
653838207,Low Price,unit_price,Suspiciously low unit price (0.0)
653838206,Low Price,unit_price,Suspiciously low unit price (0.0)
653838205,Low Price,unit_price,Suspiciously low unit price (0.0)
653838203,Low Price,unit_price,Suspiciously low unit price (2.0)
653838202,Low Price,unit_price,Suspiciously low unit price (2.0)
653838201,Low Price,unit_price,Suspiciously low unit price (2.0)
653838199,Low Price,unit_price,Suspiciously low unit price (0.0)
653838196,Low Price,unit_price,Suspiciously low unit price (36.0)
653838195,Low Price,unit_price,Suspiciously low unit price (36.0)
653838194,Low Price,unit_price,Suspiciously low unit price (37.0)
653838193,Low Price,unit_price,Suspiciously low unit price (37.0)
653837767,Low Price,unit_price,Suspiciously low unit price (19.0)
653837765,Low Price,unit_price,Suspiciously low unit price (7.0)
653837764,Low Price,unit_price,Suspiciously low unit price (7.0)
653837763,Low Price,unit_price,Suspiciously low unit price (7.0)
653837762,Low Price,unit_price,Suspiciously low unit price (0.0)
653837761,Low Price,unit_price,Suspiciously low unit price (1.0)
653837760,Low Price,unit_price,Suspiciously low unit price (44.0)
653837759,Low Price,unit_price,Suspiciously low unit price (44.0)
653837757,Low Price,unit_price,Suspiciously low unit price (44.0)
653837756,Low Price,unit_price,Suspiciously low unit price (42.0)
653837755,Low Price,unit_price,Suspiciously low unit price (21.0)
653837730,Low Price,unit_price,Suspiciously low unit price (49.0)
653837721,Low Price,unit_price,Suspiciously low unit price (27.0)
653837720,Low Price,unit_price,Suspiciously low unit price (27.0)
653837716,Low Price,unit_price,Suspiciously low unit price (22.0)
653837715,Low Price,unit_price,Suspiciously low unit price (22.0)
653837712,Low Price,unit_price,Suspiciously low unit price (0.0)
653837711,Low Price,unit_price,Suspiciously low unit price (1.0)
653837710,Low Price,unit_price,Suspiciously low unit price (14.0)
653837709,Low Price,unit_price,Suspiciously low unit price (15.0)
653837708,Low Price,unit_price,Suspiciously low unit price (0.0)
653837707,Low Price,unit_price,Suspiciously low unit price (6.0)
653837706,Low Price,unit_price,Suspiciously low unit price (7.0)
653832412,Low Price,unit_price,Suspiciously low unit price (1.0)
653832411,Low Price,unit_price,Suspiciously low unit price (0.0)
653832410,Low Price,unit_price,Suspiciously low unit price (0.0)
653832409,Low Price,unit_price,Suspiciously low unit price (0.0)
653832408,Low Price,unit_price,Suspiciously low unit price (0.0)
653832407,Low Price,unit_price,Suspiciously low unit price (0.0)
653832404,Low Price,unit_price,Suspiciously low unit price (12.0)
653832403,Low Price,unit_price,Suspiciously low unit price (8.0)
653832402,Low Price,unit_price,Suspiciously low unit price (0.0)
653832401,Low Price,unit_price,Suspiciously low unit price (1.0)
653832400,Low Price,unit_price,Suspiciously low unit price (0.0)
653832399,Low Price,unit_price,Suspiciously low unit price (0.0)
653832396,Low Price,unit_price,Suspiciously low unit price (2.0)
653832389,Low Price,unit_price,Suspiciously low unit price (0.0)
653832388,Low Price,unit_price,Suspiciously low unit price (0.0)
653832387,Low Price,unit_price,Suspiciously low unit price (0.0)
653832386,Low Price,unit_price,Suspiciously low unit price (0.0)
653832385,Low Price,unit_price,Suspiciously low unit price (0.0)
653832384,Low Price,unit_price,Suspiciously low unit price (0.0)
653832383,Low Price,unit_price,Suspiciously low unit price (17.0)
653832382,Low Price,unit_price,Suspiciously low unit price (17.0)
653832381,Low Price,unit_price,Suspiciously low unit price (2.0)
653832377,Low Price,unit_price,Suspiciously low unit price (0.0)
653832376,Low Price,unit_price,Suspiciously low unit price (0.0)
653832369,Low Price,unit_price,Suspiciously low unit price (7.0)
653832368,Low Price,unit_price,Suspiciously low unit price (5.0)
653832367,Low Price,unit_price,Suspiciously low unit price (3.0)
653832366,Low Price,unit_price,Suspiciously low unit price (7.0)
653832365,Low Price,unit_price,Suspiciously low unit price (18.0)
653832364,Low Price,unit_price,Suspiciously low unit price (7.0)
653832363,Low Price,unit_price,Suspiciously low unit price (6.0)
653832362,Low Price,unit_price,Suspiciously low unit price (10.0)
653832361,Low Price,unit_price,Suspiciously low unit price (10.0)
653832355,Low Price,unit_price,Suspiciously low unit price (7.0)
653832354,Low Price,unit_price,Suspiciously low unit price (6.0)
653832345,Low Price,unit_price,Suspiciously low unit price (8.0)
653832344,Low Price,unit_price,Suspiciously low unit price (10.0)
653832343,Low Price,unit_price,Suspiciously low unit price (42.0)
653832342,Low Price,unit_price,Suspiciously low unit price (40.0)
653832338,Low Price,unit_price,Suspiciously low unit price (41.0)
653832328,Low Price,unit_price,Suspiciously low unit price (0.0)
653832327,Low Price,unit_price,Suspiciously low unit price (0.0)
653832326,Low Price,unit_price,Suspiciously low unit price (0.0)
653832325,Low Price,unit_price,Suspiciously low unit price (2.0)
653832324,Low Price,unit_price,Suspiciously low unit price (12.0)
653832323,Low Price,unit_price,Suspiciously low unit price (2.0)
653832322,Low Price,unit_price,Suspiciously low unit price (1.0)
653832321,Low Price,unit_price,Suspiciously low unit price (1.0)
653832320,Low Price,unit_price,Suspiciously low unit price (1.0)
653829913,Low Price,unit_price,Suspiciously low unit price (2.0)
653902908,Low Price,unit_price,Suspiciously low unit price (7.0)
653902907,Low Price,unit_price,Suspiciously low unit price (26.0)
653902906,Low Price,unit_price,Suspiciously low unit price (42.0)
653902905,Low Price,unit_price,Suspiciously low unit price (44.0)
653902904,Low Price,unit_price,Suspiciously low unit price (11.0)
653902903,Low Price,unit_price,Suspiciously low unit price (13.0)
653902902,Low Price,unit_price,Suspiciously low unit price (45.0)
653902901,Low Price,unit_price,Suspiciously low unit price (15.0)
653902900,Low Price,unit_price,Suspiciously low unit price (10.0)
653902898,Low Price,unit_price,Suspiciously low unit price (26.0)
653902895,Low Price,unit_price,Suspiciously low unit price (18.0)
653902894,Low Price,unit_price,Suspiciously low unit price (7.0)
653902891,Low Price,unit_price,Suspiciously low unit price (40.0)
653902889,Low Price,unit_price,Suspiciously low unit price (25.0)
653902888,Low Price,unit_price,Suspiciously low unit price (11.0)
653902887,Low Price,unit_price,Suspiciously low unit price (5.0)
653749475,Low Price,unit_price,Suspiciously low unit price (0.0)
653766900,Low Price,unit_price,Suspiciously low unit price (1.0)
653765349,Low Price,unit_price,Suspiciously low unit price (0.0)
653761122,Low Price,unit_price,Suspiciously low unit price (0.0)
653761121,Low Price,unit_price,Suspiciously low unit price (0.0)
653753523,Low Price,unit_price,Suspiciously low unit price (1.0)
653753522,Low Price,unit_price,Suspiciously low unit price (0.0)
653753521,Low Price,unit_price,Suspiciously low unit price (0.0)
653753520,Low Price,unit_price,Suspiciously low unit price (0.0)
653753519,Low Price,unit_price,Suspiciously low unit price (1.0)
653877970,Low Price,unit_price,Suspiciously low unit price (2.0)
653872784,Low Price,unit_price,Suspiciously low unit price (7.0)
653872783,Low Price,unit_price,Suspiciously low unit price (6.0)
653872782,Low Price,unit_price,Suspiciously low unit price (10.0)
653872781,Low Price,unit_price,Suspiciously low unit price (7.0)
653872780,Low Price,unit_price,Suspiciously low unit price (24.0)
653872779,Low Price,unit_price,Suspiciously low unit price (10.0)
653872778,Low Price,unit_price,Suspiciously low unit price (10.0)
653872777,Low Price,unit_price,Suspiciously low unit price (26.0)
653872776,Low Price,unit_price,Suspiciously low unit price (5.0)
653872775,Low Price,unit_price,Suspiciously low unit price (5.0)
653872774,Low Price,unit_price,Suspiciously low unit price (5.0)
653869942,Low Price,unit_price,Suspiciously low unit price (11.0)
653869941,Low Price,unit_price,Suspiciously low unit price (13.0)
653869940,Low Price,unit_price,Suspiciously low unit price (10.0)
653867289,Low Price,unit_price,Suspiciously low unit price (8.0)
651572502,Low Price,unit_price,Suspiciously low unit price (4.0)
652162393,Low Price,unit_price,Suspiciously low unit price (37.0)
652355298,Low Price,unit_price,Suspiciously low unit price (25.0)
652543315,Low Price,unit_price,Suspiciously low unit price (35.0)
652500560,Low Price,unit_price,Suspiciously low unit price (49.0)
652533037,Low Price,unit_price,Suspiciously low unit price (18.0)
652584253,Low Price,unit_price,Suspiciously low unit price (6.0)
652240195,Low Price,unit_price,Suspiciously low unit price (1.0)
652229169,Low Price,unit_price,Suspiciously low unit price (9.0)
652441740,Low Price,unit_price,Suspiciously low unit price (36.0)
652324839,Low Price,unit_price,Suspiciously low unit price (13.0)
652324838,Low Price,unit_price,Suspiciously low unit price (31.0)
652324837,Low Price,unit_price,Suspiciously low unit price (15.0)
652296458,Low Price,unit_price,Suspiciously low unit price (1.0)
652638510,Low Price,unit_price,Suspiciously low unit price (12.0)
652421435,Low Price,unit_price,Suspiciously low unit price (7.0)
652246316,Low Price,unit_price,Suspiciously low unit price (0.0)
653563257,Low Price,unit_price,Suspiciously low unit price (44.0)
652147799,Low Price,unit_price,Suspiciously low unit price (28.0)
652355182,Low Price,unit_price,Suspiciously low unit price (11.0)
652355181,Low Price,unit_price,Suspiciously low unit price (14.0)
652355178,Low Price,unit_price,Suspiciously low unit price (28.0)
652262348,Low Price,unit_price,Suspiciously low unit price (0.0)
652262347,Low Price,unit_price,Suspiciously low unit price (0.0)
652252571,Low Price,unit_price,Suspiciously low unit price (8.0)
652250310,Low Price,unit_price,Suspiciously low unit price (9.0)
652291092,Low Price,unit_price,Suspiciously low unit price (4.0)
653518319,Low Price,unit_price,Suspiciously low unit price (1.0)
653641360,Low Price,unit_price,Suspiciously low unit price (2.0)
653641359,Low Price,unit_price,Suspiciously low unit price (5.0)
653418278,Low Price,unit_price,Suspiciously low unit price (1.0)
653564050,Low Price,unit_price,Suspiciously low unit price (22.0)
653564049,Low Price,unit_price,Suspiciously low unit price (0.0)
653564047,Low Price,unit_price,Suspiciously low unit price (0.0)
653564046,Low Price,unit_price,Suspiciously low unit price (4.0)
653564045,Low Price,unit_price,Suspiciously low unit price (0.0)
653564044,Low Price,unit_price,Suspiciously low unit price (0.0)
653564043,Low Price,unit_price,Suspiciously low unit price (0.0)
653564042,Low Price,unit_price,Suspiciously low unit price (1.0)
653564041,Low Price,unit_price,Suspiciously low unit price (3.0)
653564040,Low Price,unit_price,Suspiciously low unit price (1.0)
653564039,Low Price,unit_price,Suspiciously low unit price (1.0)
653564038,Low Price,unit_price,Suspiciously low unit price (4.0)
653564037,Low Price,unit_price,Suspiciously low unit price (2.0)
653564036,Low Price,unit_price,Suspiciously low unit price (17.0)
653564035,Low Price,unit_price,Suspiciously low unit price (17.0)
653564034,Low Price,unit_price,Suspiciously low unit price (1.0)
653564033,Low Price,unit_price,Suspiciously low unit price (2.0)
653564032,Low Price,unit_price,Suspiciously low unit price (1.0)
653564031,Low Price,unit_price,Suspiciously low unit price (6.0)
653564030,Low Price,unit_price,Suspiciously low unit price (5.0)
653564029,Low Price,unit_price,Suspiciously low unit price (5.0)
653564028,Low Price,unit_price,Suspiciously low unit price (1.0)
653564027,Low Price,unit_price,Suspiciously low unit price (3.0)
653564026,Low Price,unit_price,Suspiciously low unit price (10.0)
653564025,Low Price,unit_price,Suspiciously low unit price (10.0)
653564024,Low Price,unit_price,Suspiciously low unit price (0.0)
653564023,Low Price,unit_price,Suspiciously low unit price (0.0)
653563666,Low Price,unit_price,Suspiciously low unit price (1.0)
653563665,Low Price,unit_price,Suspiciously low unit price (1.0)
653563663,Low Price,unit_price,Suspiciously low unit price (2.0)
653563662,Low Price,unit_price,Suspiciously low unit price (2.0)
653563661,Low Price,unit_price,Suspiciously low unit price (2.0)
653563660,Low Price,unit_price,Suspiciously low unit price (3.0)
653563659,Low Price,unit_price,Suspiciously low unit price (3.0)
653563658,Low Price,unit_price,Suspiciously low unit price (34.0)
653563657,Low Price,unit_price,Suspiciously low unit price (34.0)
653563656,Low Price,unit_price,Suspiciously low unit price (35.0)
653563655,Low Price,unit_price,Suspiciously low unit price (35.0)
653563654,Low Price,unit_price,Suspiciously low unit price (18.0)
653563653,Low Price,unit_price,Suspiciously low unit price (2.0)
653563652,Low Price,unit_price,Suspiciously low unit price (2.0)
653563651,Low Price,unit_price,Suspiciously low unit price (1.0)
653563650,Low Price,unit_price,Suspiciously low unit price (1.0)
653563649,Low Price,unit_price,Suspiciously low unit price (3.0)
653563648,Low Price,unit_price,Suspiciously low unit price (22.0)
653563647,Low Price,unit_price,Suspiciously low unit price (40.0)
653563646,Low Price,unit_price,Suspiciously low unit price (3.0)
653563643,Low Price,unit_price,Suspiciously low unit price (3.0)
653563642,Low Price,unit_price,Suspiciously low unit price (20.0)
653563641,Low Price,unit_price,Suspiciously low unit price (20.0)
653563640,Low Price,unit_price,Suspiciously low unit price (1.0)
653563639,Low Price,unit_price,Suspiciously low unit price (3.0)
653563638,Low Price,unit_price,Suspiciously low unit price (5.0)
653563637,Low Price,unit_price,Suspiciously low unit price (5.0)
653563636,Low Price,unit_price,Suspiciously low unit price (3.0)
653563635,Low Price,unit_price,Suspiciously low unit price (4.0)
653563634,Low Price,unit_price,Suspiciously low unit price (3.0)
653563633,Low Price,unit_price,Suspiciously low unit price (6.0)
653563632,Low Price,unit_price,Suspiciously low unit price (3.0)
653563631,Low Price,unit_price,Suspiciously low unit price (8.0)
653563630,Low Price,unit_price,Suspiciously low unit price (4.0)
653563629,Low Price,unit_price,Suspiciously low unit price (5.0)
653563628,Low Price,unit_price,Suspiciously low unit price (2.0)
653563627,Low Price,unit_price,Suspiciously low unit price (37.0)
653563626,Low Price,unit_price,Suspiciously low unit price (21.0)
653563625,Low Price,unit_price,Suspiciously low unit price (20.0)
653563624,Low Price,unit_price,Suspiciously low unit price (48.0)
653563623,Low Price,unit_price,Suspiciously low unit price (11.0)
653563622,Low Price,unit_price,Suspiciously low unit price (11.0)
653563621,Low Price,unit_price,Suspiciously low unit price (11.0)
653563620,Low Price,unit_price,Suspiciously low unit price (4.0)
653563619,Low Price,unit_price,Suspiciously low unit price (4.0)
653563618,Low Price,unit_price,Suspiciously low unit price (0.0)
653541425,Low Price,unit_price,Suspiciously low unit price (0.0)
653539845,Low Price,unit_price,Suspiciously low unit price (4.0)
653549039,Low Price,unit_price,Suspiciously low unit price (4.0)
653518318,Low Price,unit_price,Suspiciously low unit price (1.0)
651858929,Low Price,unit_price,Suspiciously low unit price (31.0)
651800345,Low Price,unit_price,Suspiciously low unit price (22.0)
651800344,Low Price,unit_price,Suspiciously low unit price (16.0)
652004341,Low Price,unit_price,Suspiciously low unit price (36.0)
651675073,Low Price,unit_price,Suspiciously low unit price (43.0)
651664211,Low Price,unit_price,Suspiciously low unit price (38.0)
651664209,Low Price,unit_price,Suspiciously low unit price (37.0)
651664205,Low Price,unit_price,Suspiciously low unit price (38.0)
651664201,Low Price,unit_price,Suspiciously low unit price (43.0)
651664200,Low Price,unit_price,Suspiciously low unit price (48.0)
651664199,Low Price,unit_price,Suspiciously low unit price (30.0)
3700334657,Low Price,unit_price,Suspiciously low unit price (0.0)
3700334655,Low Price,unit_price,Suspiciously low unit price (0.0)
3700334654,Low Price,unit_price,Suspiciously low unit price (0.0)
3700334653,Low Price,unit_price,Suspiciously low unit price (0.0)
3700340974,Low Price,unit_price,Suspiciously low unit price (1.0)
3700422344,Low Price,unit_price,Suspiciously low unit price (2.0)
3700415717,Low Price,unit_price,Suspiciously low unit price (11.0)
3700415716,Low Price,unit_price,Suspiciously low unit price (4.0)
3700464245,Low Price,unit_price,Suspiciously low unit price (34.0)
3700464244,Low Price,unit_price,Suspiciously low unit price (34.0)
3700464243,Low Price,unit_price,Suspiciously low unit price (47.0)
3700464242,Low Price,unit_price,Suspiciously low unit price (47.0)
3700464239,Low Price,unit_price,Suspiciously low unit price (8.0)
3700464238,Low Price,unit_price,Suspiciously low unit price (8.0)
3700464237,Low Price,unit_price,Suspiciously low unit price (13.0)
3700464236,Low Price,unit_price,Suspiciously low unit price (13.0)
3700464235,Low Price,unit_price,Suspiciously low unit price (15.0)
3700464234,Low Price,unit_price,Suspiciously low unit price (15.0)
3700464233,Low Price,unit_price,Suspiciously low unit price (18.0)
3700464232,Low Price,unit_price,Suspiciously low unit price (18.0)
3700464229,Low Price,unit_price,Suspiciously low unit price (4.0)
3700464228,Low Price,unit_price,Suspiciously low unit price (4.0)
3700464227,Low Price,unit_price,Suspiciously low unit price (4.0)
3700464226,Low Price,unit_price,Suspiciously low unit price (4.0)
3700464225,Low Price,unit_price,Suspiciously low unit price (5.0)
3700464224,Low Price,unit_price,Suspiciously low unit price (5.0)
3700464223,Low Price,unit_price,Suspiciously low unit price (3.0)
3700464222,Low Price,unit_price,Suspiciously low unit price (3.0)
3700464221,Low Price,unit_price,Suspiciously low unit price (5.0)
3700464220,Low Price,unit_price,Suspiciously low unit price (5.0)
3700464219,Low Price,unit_price,Suspiciously low unit price (10.0)
3700455115,Low Price,unit_price,Suspiciously low unit price (1.0)
3700341373,Low Price,unit_price,Suspiciously low unit price (2.0)
3700341372,Low Price,unit_price,Suspiciously low unit price (0.0)
3700341371,Low Price,unit_price,Suspiciously low unit price (1.0)
3700341370,Low Price,unit_price,Suspiciously low unit price (0.0)
3700341369,Low Price,unit_price,Suspiciously low unit price (0.0)
3700341368,Low Price,unit_price,Suspiciously low unit price (0.0)
3700341367,Low Price,unit_price,Suspiciously low unit price (0.0)
3700341366,Low Price,unit_price,Suspiciously low unit price (0.0)
3700341365,Low Price,unit_price,Suspiciously low unit price (1.0)
3700341364,Low Price,unit_price,Suspiciously low unit price (5.0)
3700341363,Low Price,unit_price,Suspiciously low unit price (0.0)
3700341362,Low Price,unit_price,Suspiciously low unit price (0.0)
3700341361,Low Price,unit_price,Suspiciously low unit price (0.0)
3700341360,Low Price,unit_price,Suspiciously low unit price (0.0)
3700341359,Low Price,unit_price,Suspiciously low unit price (0.0)
3700341358,Low Price,unit_price,Suspiciously low unit price (0.0)
3700341357,Low Price,unit_price,Suspiciously low unit price (1.0)
3700341356,Low Price,unit_price,Suspiciously low unit price (0.0)
3700341355,Low Price,unit_price,Suspiciously low unit price (0.0)
3700341354,Low Price,unit_price,Suspiciously low unit price (0.0)
3700341353,Low Price,unit_price,Suspiciously low unit price (0.0)
3700341352,Low Price,unit_price,Suspiciously low unit price (0.0)
3700341351,Low Price,unit_price,Suspiciously low unit price (1.0)
3700341350,Low Price,unit_price,Suspiciously low unit price (1.0)
3700341349,Low Price,unit_price,Suspiciously low unit price (2.0)
3700341224,Low Price,unit_price,Suspiciously low unit price (2.0)
3700341223,Low Price,unit_price,Suspiciously low unit price (0.0)
3700341222,Low Price,unit_price,Suspiciously low unit price (0.0)
3700341221,Low Price,unit_price,Suspiciously low unit price (0.0)
3700341220,Low Price,unit_price,Suspiciously low unit price (0.0)
3700341219,Low Price,unit_price,Suspiciously low unit price (0.0)
3700341218,Low Price,unit_price,Suspiciously low unit price (0.0)
3700341217,Low Price,unit_price,Suspiciously low unit price (0.0)
3700341216,Low Price,unit_price,Suspiciously low unit price (0.0)
3700341215,Low Price,unit_price,Suspiciously low unit price (0.0)
3700341214,Low Price,unit_price,Suspiciously low unit price (0.0)
3700341213,Low Price,unit_price,Suspiciously low unit price (0.0)
3700341212,Low Price,unit_price,Suspiciously low unit price (0.0)
3700341211,Low Price,unit_price,Suspiciously low unit price (0.0)
3700341210,Low Price,unit_price,Suspiciously low unit price (0.0)
3700341209,Low Price,unit_price,Suspiciously low unit price (0.0)
3700341208,Low Price,unit_price,Suspiciously low unit price (0.0)
3700341207,Low Price,unit_price,Suspiciously low unit price (0.0)
3700341206,Low Price,unit_price,Suspiciously low unit price (0.0)
3700341205,Low Price,unit_price,Suspiciously low unit price (0.0)
3700341204,Low Price,unit_price,Suspiciously low unit price (0.0)
3700341201,Low Price,unit_price,Suspiciously low unit price (0.0)
3700341196,Low Price,unit_price,Suspiciously low unit price (0.0)
3700341195,Low Price,unit_price,Suspiciously low unit price (0.0)
3700341194,Low Price,unit_price,Suspiciously low unit price (0.0)
3700341192,Low Price,unit_price,Suspiciously low unit price (0.0)
3700341191,Low Price,unit_price,Suspiciously low unit price (0.0)
3700341190,Low Price,unit_price,Suspiciously low unit price (0.0)
3700341189,Low Price,unit_price,Suspiciously low unit price (0.0)
3700341188,Low Price,unit_price,Suspiciously low unit price (0.0)
3700341187,Low Price,unit_price,Suspiciously low unit price (0.0)
3700341186,Low Price,unit_price,Suspiciously low unit price (0.0)
3700341185,Low Price,unit_price,Suspiciously low unit price (0.0)
3700341184,Low Price,unit_price,Suspiciously low unit price (1.0)
3700341183,Low Price,unit_price,Suspiciously low unit price (0.0)
3700341182,Low Price,unit_price,Suspiciously low unit price (0.0)
3700341181,Low Price,unit_price,Suspiciously low unit price (0.0)
3700341180,Low Price,unit_price,Suspiciously low unit price (0.0)
3700341179,Low Price,unit_price,Suspiciously low unit price (0.0)
3700341178,Low Price,unit_price,Suspiciously low unit price (1.0)
3700341177,Low Price,unit_price,Suspiciously low unit price (0.0)
3700341176,Low Price,unit_price,Suspiciously low unit price (0.0)
3700341175,Low Price,unit_price,Suspiciously low unit price (0.0)
3700340985,Low Price,unit_price,Suspiciously low unit price (1.0)
3700340984,Low Price,unit_price,Suspiciously low unit price (1.0)
3700340983,Low Price,unit_price,Suspiciously low unit price (0.0)
3700340982,Low Price,unit_price,Suspiciously low unit price (0.0)
3700340981,Low Price,unit_price,Suspiciously low unit price (3.0)
3700340980,Low Price,unit_price,Suspiciously low unit price (1.0)
3700340979,Low Price,unit_price,Suspiciously low unit price (0.0)
3700340978,Low Price,unit_price,Suspiciously low unit price (0.0)
3700340976,Low Price,unit_price,Suspiciously low unit price (0.0)
3700340975,Low Price,unit_price,Suspiciously low unit price (0.0)
3700340973,Low Price,unit_price,Suspiciously low unit price (1.0)
3700340972,Low Price,unit_price,Suspiciously low unit price (1.0)
3700340970,Low Price,unit_price,Suspiciously low unit price (1.0)
3700340969,Low Price,unit_price,Suspiciously low unit price (0.0)
3700340968,Low Price,unit_price,Suspiciously low unit price (0.0)
3700340967,Low Price,unit_price,Suspiciously low unit price (0.0)
3700340966,Low Price,unit_price,Suspiciously low unit price (0.0)
3700340965,Low Price,unit_price,Suspiciously low unit price (0.0)
3700340964,Low Price,unit_price,Suspiciously low unit price (0.0)
3700340963,Low Price,unit_price,Suspiciously low unit price (0.0)
3700340962,Low Price,unit_price,Suspiciously low unit price (0.0)
3700340961,Low Price,unit_price,Suspiciously low unit price (0.0)
3700340960,Low Price,unit_price,Suspiciously low unit price (3.0)
3700340959,Low Price,unit_price,Suspiciously low unit price (3.0)
3700340958,Low Price,unit_price,Suspiciously low unit price (0.0)
3700340957,Low Price,unit_price,Suspiciously low unit price (0.0)
3700340955,Low Price,unit_price,Suspiciously low unit price (0.0)
3700340954,Low Price,unit_price,Suspiciously low unit price (0.0)
3700340953,Low Price,unit_price,Suspiciously low unit price (1.0)
3700340952,Low Price,unit_price,Suspiciously low unit price (17.0)
3700340951,Low Price,unit_price,Suspiciously low unit price (35.0)
3700340950,Low Price,unit_price,Suspiciously low unit price (44.0)
3700340949,Low Price,unit_price,Suspiciously low unit price (44.0)
3700340948,Low Price,unit_price,Suspiciously low unit price (44.0)
3700340947,Low Price,unit_price,Suspiciously low unit price (1.0)
3700340946,Low Price,unit_price,Suspiciously low unit price (1.0)
3700340945,Low Price,unit_price,Suspiciously low unit price (1.0)
3700340944,Low Price,unit_price,Suspiciously low unit price (2.0)
3700340943,Low Price,unit_price,Suspiciously low unit price (11.0)
3700340942,Low Price,unit_price,Suspiciously low unit price (11.0)
3700340941,Low Price,unit_price,Suspiciously low unit price (0.0)
3700340940,Low Price,unit_price,Suspiciously low unit price (1.0)
3700340939,Low Price,unit_price,Suspiciously low unit price (1.0)
3700340937,Low Price,unit_price,Suspiciously low unit price (0.0)
3700340936,Low Price,unit_price,Suspiciously low unit price (1.0)
3700340798,Low Price,unit_price,Suspiciously low unit price (1.0)
3700340796,Low Price,unit_price,Suspiciously low unit price (0.0)
3700340794,Low Price,unit_price,Suspiciously low unit price (1.0)
3700340793,Low Price,unit_price,Suspiciously low unit price (1.0)
3700340792,Low Price,unit_price,Suspiciously low unit price (2.0)
3700340791,Low Price,unit_price,Suspiciously low unit price (2.0)
3700340790,Low Price,unit_price,Suspiciously low unit price (2.0)
3700340789,Low Price,unit_price,Suspiciously low unit price (3.0)
3700340788,Low Price,unit_price,Suspiciously low unit price (0.0)
3700340786,Low Price,unit_price,Suspiciously low unit price (2.0)
3700340785,Low Price,unit_price,Suspiciously low unit price (2.0)
3700340783,Low Price,unit_price,Suspiciously low unit price (0.0)
3700340782,Low Price,unit_price,Suspiciously low unit price (0.0)
3700340781,Low Price,unit_price,Suspiciously low unit price (0.0)
3700340780,Low Price,unit_price,Suspiciously low unit price (0.0)
3700340779,Low Price,unit_price,Suspiciously low unit price (0.0)
3700340778,Low Price,unit_price,Suspiciously low unit price (0.0)
3700340777,Low Price,unit_price,Suspiciously low unit price (0.0)
3700340776,Low Price,unit_price,Suspiciously low unit price (0.0)
3700340775,Low Price,unit_price,Suspiciously low unit price (0.0)
3700340774,Low Price,unit_price,Suspiciously low unit price (0.0)
3700340773,Low Price,unit_price,Suspiciously low unit price (0.0)
3700340772,Low Price,unit_price,Suspiciously low unit price (0.0)
3700335336,Low Price,unit_price,Suspiciously low unit price (3.0)
3700335335,Low Price,unit_price,Suspiciously low unit price (2.0)
3700335334,Low Price,unit_price,Suspiciously low unit price (2.0)
3700335333,Low Price,unit_price,Suspiciously low unit price (4.0)
3700335332,Low Price,unit_price,Suspiciously low unit price (4.0)
3700335331,Low Price,unit_price,Suspiciously low unit price (2.0)
3700335327,Low Price,unit_price,Suspiciously low unit price (2.0)
3700335326,Low Price,unit_price,Suspiciously low unit price (0.0)
3700335325,Low Price,unit_price,Suspiciously low unit price (3.0)
3700335324,Low Price,unit_price,Suspiciously low unit price (3.0)
3700335322,Low Price,unit_price,Suspiciously low unit price (0.0)
3700335321,Low Price,unit_price,Suspiciously low unit price (0.0)
3700335320,Low Price,unit_price,Suspiciously low unit price (0.0)
3700335319,Low Price,unit_price,Suspiciously low unit price (0.0)
3700335318,Low Price,unit_price,Suspiciously low unit price (0.0)
3700335317,Low Price,unit_price,Suspiciously low unit price (0.0)
3700335315,Low Price,unit_price,Suspiciously low unit price (1.0)
3700335314,Low Price,unit_price,Suspiciously low unit price (2.0)
3700335313,Low Price,unit_price,Suspiciously low unit price (35.0)
3700335312,Low Price,unit_price,Suspiciously low unit price (35.0)
3700335311,Low Price,unit_price,Suspiciously low unit price (35.0)
3700335310,Low Price,unit_price,Suspiciously low unit price (35.0)
3700335306,Low Price,unit_price,Suspiciously low unit price (7.0)
3700335305,Low Price,unit_price,Suspiciously low unit price (7.0)
3700335304,Low Price,unit_price,Suspiciously low unit price (2.0)
3700335303,Low Price,unit_price,Suspiciously low unit price (1.0)
3700335302,Low Price,unit_price,Suspiciously low unit price (1.0)
3700335301,Low Price,unit_price,Suspiciously low unit price (1.0)
3700335300,Low Price,unit_price,Suspiciously low unit price (8.0)
3700334858,Low Price,unit_price,Suspiciously low unit price (1.0)
3700334857,Low Price,unit_price,Suspiciously low unit price (20.0)
3700334856,Low Price,unit_price,Suspiciously low unit price (5.0)
3700334855,Low Price,unit_price,Suspiciously low unit price (10.0)
3700334854,Low Price,unit_price,Suspiciously low unit price (2.0)
3700334853,Low Price,unit_price,Suspiciously low unit price (4.0)
3700334852,Low Price,unit_price,Suspiciously low unit price (4.0)
3700334851,Low Price,unit_price,Suspiciously low unit price (6.0)
3700334850,Low Price,unit_price,Suspiciously low unit price (2.0)
3700334844,Low Price,unit_price,Suspiciously low unit price (48.0)
3700334841,Low Price,unit_price,Suspiciously low unit price (2.0)
3700334840,Low Price,unit_price,Suspiciously low unit price (0.0)
3700334839,Low Price,unit_price,Suspiciously low unit price (25.0)
3700334838,Low Price,unit_price,Suspiciously low unit price (25.0)
3700334827,Low Price,unit_price,Suspiciously low unit price (4.0)
3700334826,Low Price,unit_price,Suspiciously low unit price (0.0)
3700334825,Low Price,unit_price,Suspiciously low unit price (2.0)
3700334824,Low Price,unit_price,Suspiciously low unit price (2.0)
3700334823,Low Price,unit_price,Suspiciously low unit price (4.0)
3700334822,Low Price,unit_price,Suspiciously low unit price (2.0)
3700334821,Low Price,unit_price,Suspiciously low unit price (0.0)
3700334820,Low Price,unit_price,Suspiciously low unit price (28.0)
3700334819,Low Price,unit_price,Suspiciously low unit price (8.0)
3700334818,Low Price,unit_price,Suspiciously low unit price (4.0)
3700334817,Low Price,unit_price,Suspiciously low unit price (0.0)
3700334816,Low Price,unit_price,Suspiciously low unit price (0.0)
3700334815,Low Price,unit_price,Suspiciously low unit price (1.0)
3700334814,Low Price,unit_price,Suspiciously low unit price (1.0)
3700334813,Low Price,unit_price,Suspiciously low unit price (0.0)
3700334692,Low Price,unit_price,Suspiciously low unit price (0.0)
3700334690,Low Price,unit_price,Suspiciously low unit price (0.0)
3700334689,Low Price,unit_price,Suspiciously low unit price (2.0)
3700334688,Low Price,unit_price,Suspiciously low unit price (0.0)
3700334687,Low Price,unit_price,Suspiciously low unit price (0.0)
3700334685,Low Price,unit_price,Suspiciously low unit price (16.0)
3700334683,Low Price,unit_price,Suspiciously low unit price (0.0)
3700334682,Low Price,unit_price,Suspiciously low unit price (6.0)
3700334680,Low Price,unit_price,Suspiciously low unit price (2.0)
3700334678,Low Price,unit_price,Suspiciously low unit price (10.0)
3700334677,Low Price,unit_price,Suspiciously low unit price (0.0)
3700334676,Low Price,unit_price,Suspiciously low unit price (0.0)
3700334675,Low Price,unit_price,Suspiciously low unit price (0.0)
3700334674,Low Price,unit_price,Suspiciously low unit price (0.0)
3700334673,Low Price,unit_price,Suspiciously low unit price (0.0)
3700334672,Low Price,unit_price,Suspiciously low unit price (0.0)
3700334671,Low Price,unit_price,Suspiciously low unit price (0.0)
3700334670,Low Price,unit_price,Suspiciously low unit price (2.0)
3700334669,Low Price,unit_price,Suspiciously low unit price (0.0)
3700334668,Low Price,unit_price,Suspiciously low unit price (0.0)
3700334667,Low Price,unit_price,Suspiciously low unit price (0.0)
3700334666,Low Price,unit_price,Suspiciously low unit price (0.0)
3700334665,Low Price,unit_price,Suspiciously low unit price (0.0)
3700334664,Low Price,unit_price,Suspiciously low unit price (0.0)
3700334663,Low Price,unit_price,Suspiciously low unit price (0.0)
3700334662,Low Price,unit_price,Suspiciously low unit price (0.0)
3700334661,Low Price,unit_price,Suspiciously low unit price (0.0)
3700334660,Low Price,unit_price,Suspiciously low unit price (0.0)
3700334652,Low Price,unit_price,Suspiciously low unit price (0.0)
3700334651,Low Price,unit_price,Suspiciously low unit price (0.0)
3700334650,Low Price,unit_price,Suspiciously low unit price (1.0)
3700334647,Low Price,unit_price,Suspiciously low unit price (1.0)
3700334646,Low Price,unit_price,Suspiciously low unit price (3.0)
3700334645,Low Price,unit_price,Suspiciously low unit price (2.0)
3700334643,Low Price,unit_price,Suspiciously low unit price (1.0)
3700334642,Low Price,unit_price,Suspiciously low unit price (2.0)
3700334640,Low Price,unit_price,Suspiciously low unit price (3.0)
3700334639,Low Price,unit_price,Suspiciously low unit price (3.0)
3700334638,Low Price,unit_price,Suspiciously low unit price (0.0)
3700334637,Low Price,unit_price,Suspiciously low unit price (0.0)
3700334636,Low Price,unit_price,Suspiciously low unit price (0.0)
3700334635,Low Price,unit_price,Suspiciously low unit price (0.0)
3700334001,Low Price,unit_price,Suspiciously low unit price (1.0)
3700334000,Low Price,unit_price,Suspiciously low unit price (1.0)
3700333999,Low Price,unit_price,Suspiciously low unit price (0.0)
3700333998,Low Price,unit_price,Suspiciously low unit price (0.0)
3700333997,Low Price,unit_price,Suspiciously low unit price (0.0)
3700333996,Low Price,unit_price,Suspiciously low unit price (1.0)
3700333995,Low Price,unit_price,Suspiciously low unit price (0.0)
3700333994,Low Price,unit_price,Suspiciously low unit price (0.0)
3700333993,Low Price,unit_price,Suspiciously low unit price (0.0)
3700333992,Low Price,unit_price,Suspiciously low unit price (0.0)
3700333990,Low Price,unit_price,Suspiciously low unit price (0.0)
3700333989,Low Price,unit_price,Suspiciously low unit price (0.0)
3700333988,Low Price,unit_price,Suspiciously low unit price (0.0)
3700333987,Low Price,unit_price,Suspiciously low unit price (2.0)
3700333986,Low Price,unit_price,Suspiciously low unit price (0.0)
3700333985,Low Price,unit_price,Suspiciously low unit price (0.0)
3700333984,Low Price,unit_price,Suspiciously low unit price (0.0)
3700333983,Low Price,unit_price,Suspiciously low unit price (0.0)
3700333981,Low Price,unit_price,Suspiciously low unit price (0.0)
3700333980,Low Price,unit_price,Suspiciously low unit price (0.0)
3700333979,Low Price,unit_price,Suspiciously low unit price (0.0)
3700333978,Low Price,unit_price,Suspiciously low unit price (0.0)
3700333977,Low Price,unit_price,Suspiciously low unit price (0.0)
3700333976,Low Price,unit_price,Suspiciously low unit price (0.0)
3700333975,Low Price,unit_price,Suspiciously low unit price (0.0)
3700333973,Low Price,unit_price,Suspiciously low unit price (0.0)
3700333972,Low Price,unit_price,Suspiciously low unit price (1.0)
3700333971,Low Price,unit_price,Suspiciously low unit price (1.0)
3700333970,Low Price,unit_price,Suspiciously low unit price (1.0)
3700333969,Low Price,unit_price,Suspiciously low unit price (0.0)
3700333968,Low Price,unit_price,Suspiciously low unit price (0.0)
3700333967,Low Price,unit_price,Suspiciously low unit price (0.0)
3700333966,Low Price,unit_price,Suspiciously low unit price (0.0)
3700333965,Low Price,unit_price,Suspiciously low unit price (0.0)
3700333964,Low Price,unit_price,Suspiciously low unit price (0.0)
3700333963,Low Price,unit_price,Suspiciously low unit price (0.0)
3700333962,Low Price,unit_price,Suspiciously low unit price (1.0)
3700333961,Low Price,unit_price,Suspiciously low unit price (1.0)
3700333960,Low Price,unit_price,Suspiciously low unit price (0.0)
3700333959,Low Price,unit_price,Suspiciously low unit price (0.0)
3700333958,Low Price,unit_price,Suspiciously low unit price (0.0)
3700333956,Low Price,unit_price,Suspiciously low unit price (0.0)
3700333955,Low Price,unit_price,Suspiciously low unit price (0.0)
3700333954,Low Price,unit_price,Suspiciously low unit price (10.0)
3700333953,Low Price,unit_price,Suspiciously low unit price (2.0)
3700333952,Low Price,unit_price,Suspiciously low unit price (3.0)
3700333951,Low Price,unit_price,Suspiciously low unit price (2.0)
3700451535,Low Price,unit_price,Suspiciously low unit price (0.0)
3700440944,Low Price,unit_price,Suspiciously low unit price (2.0)
3700386650,Low Price,unit_price,Suspiciously low unit price (0.0)
3700386649,Low Price,unit_price,Suspiciously low unit price (4.0)
3700370570,Low Price,unit_price,Suspiciously low unit price (12.0)
3700315216,Low Price,unit_price,Suspiciously low unit price (3.0)
3700315215,Low Price,unit_price,Suspiciously low unit price (4.0)
3700439448,Low Price,unit_price,Suspiciously low unit price (3.0)
3700435946,Low Price,unit_price,Suspiciously low unit price (1.0)
3700435945,Low Price,unit_price,Suspiciously low unit price (0.0)
3700432140,Low Price,unit_price,Suspiciously low unit price (14.0)
3700429596,Low Price,unit_price,Suspiciously low unit price (15.0)
3700429595,Low Price,unit_price,Suspiciously low unit price (15.0)
3700429594,Low Price,unit_price,Suspiciously low unit price (14.0)
3700429593,Low Price,unit_price,Suspiciously low unit price (14.0)
3700165915,Low Price,unit_price,Suspiciously low unit price (0.0)
3700165914,Low Price,unit_price,Suspiciously low unit price (0.0)
3700161882,Low Price,unit_price,Suspiciously low unit price (17.0)
3700161881,Low Price,unit_price,Suspiciously low unit price (35.0)
3700161880,Low Price,unit_price,Suspiciously low unit price (14.0)
3700161879,Low Price,unit_price,Suspiciously low unit price (14.0)
3700161878,Low Price,unit_price,Suspiciously low unit price (10.0)
3700161877,Low Price,unit_price,Suspiciously low unit price (10.0)
3700161876,Low Price,unit_price,Suspiciously low unit price (10.0)
3700161875,Low Price,unit_price,Suspiciously low unit price (10.0)
3700161874,Low Price,unit_price,Suspiciously low unit price (9.0)
3700161344,Low Price,unit_price,Suspiciously low unit price (11.0)
3700161343,Low Price,unit_price,Suspiciously low unit price (11.0)
3700161342,Low Price,unit_price,Suspiciously low unit price (10.0)
3700161341,Low Price,unit_price,Suspiciously low unit price (19.0)
3700437665,Low Price,unit_price,Suspiciously low unit price (47.0)
3700437664,Low Price,unit_price,Suspiciously low unit price (38.0)
3698789996,Low Price,unit_price,Suspiciously low unit price (11.0)
3699300713,Low Price,unit_price,Suspiciously low unit price (24.0)
3698760925,Low Price,unit_price,Suspiciously low unit price (43.0)
3699212652,Low Price,unit_price,Suspiciously low unit price (6.0)
3699212651,Low Price,unit_price,Suspiciously low unit price (14.0)
3699212650,Low Price,unit_price,Suspiciously low unit price (12.0)
3699201169,Low Price,unit_price,Suspiciously low unit price (9.0)
3700392385,Low Price,unit_price,Suspiciously low unit price (33.0)
3700435448,Low Price,unit_price,Suspiciously low unit price (34.0)
3698533340,Low Price,unit_price,Suspiciously low unit price (7.0)
3698430459,Low Price,unit_price,Suspiciously low unit price (46.0)
3698419753,Low Price,unit_price,Suspiciously low unit price (31.0)
3698399075,Low Price,unit_price,Suspiciously low unit price (3.0)
3698399074,Low Price,unit_price,Suspiciously low unit price (3.0)
3698398174,Low Price,unit_price,Suspiciously low unit price (33.0)
3698398173,Low Price,unit_price,Suspiciously low unit price (11.0)
3698398172,Low Price,unit_price,Suspiciously low unit price (41.0)
3698394435,Low Price,unit_price,Suspiciously low unit price (37.0)
3698394434,Low Price,unit_price,Suspiciously low unit price (46.0)
3698299433,Low Price,unit_price,Suspiciously low unit price (29.0)
3698280604,Low Price,unit_price,Suspiciously low unit price (46.0)
3698365939,Low Price,unit_price,Suspiciously low unit price (6.0)
3698621363,Low Price,unit_price,Suspiciously low unit price (11.0)
3698616606,Low Price,unit_price,Suspiciously low unit price (9.0)
3698604506,Low Price,unit_price,Suspiciously low unit price (6.0)
3698604505,Low Price,unit_price,Suspiciously low unit price (11.0)
3698345979,Low Price,unit_price,Suspiciously low unit price (1.0)
3698345978,Low Price,unit_price,Suspiciously low unit price (0.0)
3698345977,Low Price,unit_price,Suspiciously low unit price (4.0)
3698591916,Low Price,unit_price,Suspiciously low unit price (49.0)
3698474197,Low Price,unit_price,Suspiciously low unit price (32.0)
3698474196,Low Price,unit_price,Suspiciously low unit price (37.0)
3698474195,Low Price,unit_price,Suspiciously low unit price (6.0)
3698474193,Low Price,unit_price,Suspiciously low unit price (29.0)
3698453566,Low Price,unit_price,Suspiciously low unit price (18.0)
3698453564,Low Price,unit_price,Suspiciously low unit price (24.0)
3698451143,Low Price,unit_price,Suspiciously low unit price (1.0)
3698451142,Low Price,unit_price,Suspiciously low unit price (1.0)
3698553913,Low Price,unit_price,Suspiciously low unit price (7.0)
3698553912,Low Price,unit_price,Suspiciously low unit price (16.0)
3698553911,Low Price,unit_price,Suspiciously low unit price (32.0)
3699975973,Low Price,unit_price,Suspiciously low unit price (12.0)
3699974685,Low Price,unit_price,Suspiciously low unit price (4.0)
3699948685,Low Price,unit_price,Suspiciously low unit price (0.0)
3699948623,Low Price,unit_price,Suspiciously low unit price (1.0)
3699948622,Low Price,unit_price,Suspiciously low unit price (2.0)
3699948621,Low Price,unit_price,Suspiciously low unit price (14.0)
3699948620,Low Price,unit_price,Suspiciously low unit price (1.0)
3699948619,Low Price,unit_price,Suspiciously low unit price (2.0)
3699948618,Low Price,unit_price,Suspiciously low unit price (0.0)
3699948617,Low Price,unit_price,Suspiciously low unit price (0.0)
3699948616,Low Price,unit_price,Suspiciously low unit price (0.0)
3699948615,Low Price,unit_price,Suspiciously low unit price (0.0)
3699948614,Low Price,unit_price,Suspiciously low unit price (2.0)
3699948613,Low Price,unit_price,Suspiciously low unit price (5.0)
3699948612,Low Price,unit_price,Suspiciously low unit price (4.0)
3699948611,Low Price,unit_price,Suspiciously low unit price (1.0)
3699948610,Low Price,unit_price,Suspiciously low unit price (3.0)
3699948609,Low Price,unit_price,Suspiciously low unit price (0.0)
3699948608,Low Price,unit_price,Suspiciously low unit price (34.0)
3699948607,Low Price,unit_price,Suspiciously low unit price (34.0)
3699948606,Low Price,unit_price,Suspiciously low unit price (1.0)
3699948605,Low Price,unit_price,Suspiciously low unit price (4.0)
3699948604,Low Price,unit_price,Suspiciously low unit price (11.0)
3699948603,Low Price,unit_price,Suspiciously low unit price (1.0)
3699948602,Low Price,unit_price,Suspiciously low unit price (7.0)
3699948601,Low Price,unit_price,Suspiciously low unit price (7.0)
3699948600,Low Price,unit_price,Suspiciously low unit price (8.0)
3699948599,Low Price,unit_price,Suspiciously low unit price (2.0)
3699948598,Low Price,unit_price,Suspiciously low unit price (2.0)
3699948596,Low Price,unit_price,Suspiciously low unit price (47.0)
3699948595,Low Price,unit_price,Suspiciously low unit price (47.0)
3699948591,Low Price,unit_price,Suspiciously low unit price (0.0)
3699948590,Low Price,unit_price,Suspiciously low unit price (0.0)
3699948589,Low Price,unit_price,Suspiciously low unit price (1.0)
3699948588,Low Price,unit_price,Suspiciously low unit price (4.0)
3699948587,Low Price,unit_price,Suspiciously low unit price (10.0)
3699948586,Low Price,unit_price,Suspiciously low unit price (2.0)
3699948585,Low Price,unit_price,Suspiciously low unit price (4.0)
3699948584,Low Price,unit_price,Suspiciously low unit price (5.0)
3699948577,Low Price,unit_price,Suspiciously low unit price (13.0)
3699948576,Low Price,unit_price,Suspiciously low unit price (13.0)
3699948575,Low Price,unit_price,Suspiciously low unit price (15.0)
3699948574,Low Price,unit_price,Suspiciously low unit price (15.0)
3699948572,Low Price,unit_price,Suspiciously low unit price (0.0)
3699948570,Low Price,unit_price,Suspiciously low unit price (0.0)
3699948569,Low Price,unit_price,Suspiciously low unit price (0.0)
3699948568,Low Price,unit_price,Suspiciously low unit price (0.0)
3699948567,Low Price,unit_price,Suspiciously low unit price (15.0)
3699948566,Low Price,unit_price,Suspiciously low unit price (15.0)
3699948565,Low Price,unit_price,Suspiciously low unit price (14.0)
3699948564,Low Price,unit_price,Suspiciously low unit price (14.0)
3699948563,Low Price,unit_price,Suspiciously low unit price (18.0)
3699948562,Low Price,unit_price,Suspiciously low unit price (18.0)
3699948439,Low Price,unit_price,Suspiciously low unit price (4.0)
3699948438,Low Price,unit_price,Suspiciously low unit price (4.0)
3699948437,Low Price,unit_price,Suspiciously low unit price (4.0)
3699948434,Low Price,unit_price,Suspiciously low unit price (3.0)
3699948433,Low Price,unit_price,Suspiciously low unit price (3.0)
3699948432,Low Price,unit_price,Suspiciously low unit price (5.0)
3699948431,Low Price,unit_price,Suspiciously low unit price (5.0)
3699948417,Low Price,unit_price,Suspiciously low unit price (3.0)
3699948416,Low Price,unit_price,Suspiciously low unit price (0.0)
3699948414,Low Price,unit_price,Suspiciously low unit price (4.0)
3699948413,Low Price,unit_price,Suspiciously low unit price (3.0)
3699948412,Low Price,unit_price,Suspiciously low unit price (3.0)
3699948411,Low Price,unit_price,Suspiciously low unit price (2.0)
3699948410,Low Price,unit_price,Suspiciously low unit price (3.0)
3699948409,Low Price,unit_price,Suspiciously low unit price (0.0)
3699948408,Low Price,unit_price,Suspiciously low unit price (0.0)
3699948407,Low Price,unit_price,Suspiciously low unit price (0.0)
3699936440,Low Price,unit_price,Suspiciously low unit price (4.0)
3699936439,Low Price,unit_price,Suspiciously low unit price (4.0)
3699934040,Low Price,unit_price,Suspiciously low unit price (4.0)
3699932696,Low Price,unit_price,Suspiciously low unit price (1.0)
3699932695,Low Price,unit_price,Suspiciously low unit price (1.0)
3699835887,Low Price,unit_price,Suspiciously low unit price (11.0)
3699835687,Low Price,unit_price,Suspiciously low unit price (14.0)
3699835686,Low Price,unit_price,Suspiciously low unit price (10.0)
3699835685,Low Price,unit_price,Suspiciously low unit price (10.0)
3699854856,Low Price,unit_price,Suspiciously low unit price (1.0)
3699854855,Low Price,unit_price,Suspiciously low unit price (1.0)
3699954433,Low Price,unit_price,Suspiciously low unit price (41.0)
3700009859,Low Price,unit_price,Suspiciously low unit price (36.0)
3699836507,Low Price,unit_price,Suspiciously low unit price (31.0)
3699983378,Low Price,unit_price,Suspiciously low unit price (21.0)
3697810075,Low Price,unit_price,Suspiciously low unit price (45.0)
3697981516,Low Price,unit_price,Suspiciously low unit price (6.0)
3697975955,Low Price,unit_price,Suspiciously low unit price (8.0)
3697886002,Low Price,unit_price,Suspiciously low unit price (9.0)
3697949518,Low Price,unit_price,Suspiciously low unit price (4.0)
3697949516,Low Price,unit_price,Suspiciously low unit price (7.0)
3698154675,Low Price,unit_price,Suspiciously low unit price (1.0)
3697863465,Low Price,unit_price,Suspiciously low unit price (2.0)
2078742418,Low Price,unit_price,Suspiciously low unit price (2.0)
6305069873,Low Price,unit_price,Suspiciously low unit price (3.0)
6305069848,Low Price,unit_price,Suspiciously low unit price (2.0)
6305069824,Low Price,unit_price,Suspiciously low unit price (3.0)
653838253,Low Price,unit_price,Suspiciously low unit price (0.0)
653838200,Low Price,unit_price,Suspiciously low unit price (2.0)
3700340787,Low Price,unit_price,Suspiciously low unit price (3.0)
3700335323,Low Price,unit_price,Suspiciously low unit price (2.0)
3700334691,Low Price,unit_price,Suspiciously low unit price (3.0)
3699948624,Low Price,unit_price,Suspiciously low unit price (0.0)
2078133129,Low Price,unit_price,Suspiciously low unit price (21.0)
3700840714,Low Price,unit_price,Suspiciously low unit price (46.0)
1047856774,Low Price,unit_price,Suspiciously low unit price (20.0)
1082230546,Low Price,unit_price,Suspiciously low unit price (44.333333333333336)
1031984874,Low Price,unit_price,Suspiciously low unit price (40.66666666666666)
1063708937,Low Price,unit_price,Suspiciously low unit price (33.75)
