shipment_id,issue_type,column,details
2197204689,Value Mismatch,valueusd,Calculated vs reported value differs by >10%
2197002031,Value Mismatch,valueusd,Calculated vs reported value differs by >10%
2196982173,Value Mismatch,valueusd,Calculated vs reported value differs by >10%
2196977480,Value Mismatch,valueusd,Calculated vs reported value differs by >10%
2197009168,Value Mismatch,valueusd,Calculated vs reported value differs by >10%
2197189681,Value Mismatch,valueusd,Calculated vs reported value differs by >10%
2196991166,Value Mismatch,valueusd,Calculated vs reported value differs by >10%
2197261393,Value Mismatch,valueusd,Calculated vs reported value differs by >10%
2197261378,Value Mismatch,valueusd,Calculated vs reported value differs by >10%
2197171035,Value Mismatch,valueusd,Calculated vs reported value differs by >10%
2197184058,Value Mismatch,valueusd,Calculated vs reported value differs by >10%
2198888745,Value Mismatch,valueusd,Calculated vs reported value differs by >10%
2198051936,Value Mismatch,valueusd,Calculated vs reported value differs by >10%
2198049891,Value Mismatch,valueusd,Calculated vs reported value differs by >10%
2198049444,Value Mismatch,valueusd,Calculated vs reported value differs by >10%
2198086772,Value Mismatch,valueusd,Calculated vs reported value differs by >10%
2198082321,Value Mismatch,valueusd,Calculated vs reported value differs by >10%
2198078409,Value Mismatch,valueusd,Calculated vs reported value differs by >10%
2198008392,Value Mismatch,valueusd,Calculated vs reported value differs by >10%
2197993333,Value Mismatch,valueusd,Calculated vs reported value differs by >10%
2198218227,Value Mismatch,valueusd,Calculated vs reported value differs by >10%
2198201510,Value Mismatch,valueusd,Calculated vs reported value differs by >10%
2198200997,Value Mismatch,valueusd,Calculated vs reported value differs by >10%
2198191644,Value Mismatch,valueusd,Calculated vs reported value differs by >10%
2198172615,Value Mismatch,valueusd,Calculated vs reported value differs by >10%
2198171499,Value Mismatch,valueusd,Calculated vs reported value differs by >10%
2198164282,Value Mismatch,valueusd,Calculated vs reported value differs by >10%
2198110718,Value Mismatch,valueusd,Calculated vs reported value differs by >10%
2198110484,Value Mismatch,valueusd,Calculated vs reported value differs by >10%
2198106911,Value Mismatch,valueusd,Calculated vs reported value differs by >10%
2198106734,Value Mismatch,valueusd,Calculated vs reported value differs by >10%
2198104460,Value Mismatch,valueusd,Calculated vs reported value differs by >10%
2198100660,Value Mismatch,valueusd,Calculated vs reported value differs by >10%
2198160739,Value Mismatch,valueusd,Calculated vs reported value differs by >10%
2198028917,Value Mismatch,valueusd,Calculated vs reported value differs by >10%
2198034805,Value Mismatch,valueusd,Calculated vs reported value differs by >10%
2198069145,Value Mismatch,valueusd,Calculated vs reported value differs by >10%
2198146269,Value Mismatch,valueusd,Calculated vs reported value differs by >10%
2198140329,Value Mismatch,valueusd,Calculated vs reported value differs by >10%
2198135425,Value Mismatch,valueusd,Calculated vs reported value differs by >10%
2198130108,Value Mismatch,valueusd,Calculated vs reported value differs by >10%
2198126442,Value Mismatch,valueusd,Calculated vs reported value differs by >10%
2198123866,Value Mismatch,valueusd,Calculated vs reported value differs by >10%
2198245161,Value Mismatch,valueusd,Calculated vs reported value differs by >10%
2198243511,Value Mismatch,valueusd,Calculated vs reported value differs by >10%
2198238518,Value Mismatch,valueusd,Calculated vs reported value differs by >10%
2198234058,Value Mismatch,valueusd,Calculated vs reported value differs by >10%
2198233854,Value Mismatch,valueusd,Calculated vs reported value differs by >10%
2198231784,Value Mismatch,valueusd,Calculated vs reported value differs by >10%
2198259878,Value Mismatch,valueusd,Calculated vs reported value differs by >10%
7263627889,Value Mismatch,valueusd,Calculated vs reported value differs by >10%
2197165822,Value Mismatch,valueusd,Calculated vs reported value differs by >10%
2197185271,Value Mismatch,valueusd,Calculated vs reported value differs by >10%
2197260855,Value Mismatch,valueusd,Calculated vs reported value differs by >10%
2196978435,Value Mismatch,valueusd,Calculated vs reported value differs by >10%
2197260824,Value Mismatch,valueusd,Calculated vs reported value differs by >10%
2197260825,Value Mismatch,valueusd,Calculated vs reported value differs by >10%
2197184228,Value Mismatch,valueusd,Calculated vs reported value differs by >10%
2197184227,Value Mismatch,valueusd,Calculated vs reported value differs by >10%
2197177626,Value Mismatch,valueusd,Calculated vs reported value differs by >10%
2197176020,Value Mismatch,valueusd,Calculated vs reported value differs by >10%
2197174396,Value Mismatch,valueusd,Calculated vs reported value differs by >10%
2197260773,Value Mismatch,valueusd,Calculated vs reported value differs by >10%
7263655805,Value Mismatch,valueusd,Calculated vs reported value differs by >10%
2197168619,Value Mismatch,valueusd,Calculated vs reported value differs by >10%
2196977143,Value Mismatch,valueusd,Calculated vs reported value differs by >10%
2197170891,Value Mismatch,valueusd,Calculated vs reported value differs by >10%
2197166428,Value Mismatch,valueusd,Calculated vs reported value differs by >10%
2197167390,Value Mismatch,valueusd,Calculated vs reported value differs by >10%
2197166973,Value Mismatch,valueusd,Calculated vs reported value differs by >10%
2197159292,Value Mismatch,valueusd,Calculated vs reported value differs by >10%
2197160092,Value Mismatch,valueusd,Calculated vs reported value differs by >10%
2197159084,Value Mismatch,valueusd,Calculated vs reported value differs by >10%
2197260223,Value Mismatch,valueusd,Calculated vs reported value differs by >10%
2197144364,Value Mismatch,valueusd,Calculated vs reported value differs by >10%
2197192953,Value Mismatch,valueusd,Calculated vs reported value differs by >10%
2197192053,Value Mismatch,valueusd,Calculated vs reported value differs by >10%
2197160095,Value Mismatch,valueusd,Calculated vs reported value differs by >10%
2197260224,Value Mismatch,valueusd,Calculated vs reported value differs by >10%
8616498293,Value Mismatch,valueusd,Calculated vs reported value differs by >10%
8616495170,Value Mismatch,valueusd,Calculated vs reported value differs by >10%
8616487924,Value Mismatch,valueusd,Calculated vs reported value differs by >10%
8616474497,Value Mismatch,valueusd,Calculated vs reported value differs by >10%
8616640063,Value Mismatch,valueusd,Calculated vs reported value differs by >10%
8616637804,Value Mismatch,valueusd,Calculated vs reported value differs by >10%
8616525433,Value Mismatch,valueusd,Calculated vs reported value differs by >10%
8616521836,Value Mismatch,valueusd,Calculated vs reported value differs by >10%
8616605077,Value Mismatch,valueusd,Calculated vs reported value differs by >10%
8615781578,Value Mismatch,valueusd,Calculated vs reported value differs by >10%
8615778897,Value Mismatch,valueusd,Calculated vs reported value differs by >10%
8616597160,Value Mismatch,valueusd,Calculated vs reported value differs by >10%
8616588823,Value Mismatch,valueusd,Calculated vs reported value differs by >10%
8616678860,Value Mismatch,valueusd,Calculated vs reported value differs by >10%
8616574414,Value Mismatch,valueusd,Calculated vs reported value differs by >10%
8616568005,Value Mismatch,valueusd,Calculated vs reported value differs by >10%
8616559950,Value Mismatch,valueusd,Calculated vs reported value differs by >10%
8616464140,Value Mismatch,valueusd,Calculated vs reported value differs by >10%
8616544498,Value Mismatch,valueusd,Calculated vs reported value differs by >10%
8616546529,Value Mismatch,valueusd,Calculated vs reported value differs by >10%
2197149104,Value Mismatch,valueusd,Calculated vs reported value differs by >10%
2197149099,Value Mismatch,valueusd,Calculated vs reported value differs by >10%
2197259899,Value Mismatch,valueusd,Calculated vs reported value differs by >10%
8616627538,Value Mismatch,valueusd,Calculated vs reported value differs by >10%
8616618598,Value Mismatch,valueusd,Calculated vs reported value differs by >10%
8616519383,Value Mismatch,valueusd,Calculated vs reported value differs by >10%
8616610509,Value Mismatch,valueusd,Calculated vs reported value differs by >10%
8616608809,Value Mismatch,valueusd,Calculated vs reported value differs by >10%
8615780204,Value Mismatch,valueusd,Calculated vs reported value differs by >10%
8616654340,Value Mismatch,valueusd,Calculated vs reported value differs by >10%
8616540965,Value Mismatch,valueusd,Calculated vs reported value differs by >10%
2197128471,Value Mismatch,valueusd,Calculated vs reported value differs by >10%
2197259612,Value Mismatch,valueusd,Calculated vs reported value differs by >10%
2197122667,Value Mismatch,valueusd,Calculated vs reported value differs by >10%
2197146655,Value Mismatch,valueusd,Calculated vs reported value differs by >10%
2197138988,Value Mismatch,valueusd,Calculated vs reported value differs by >10%
2197137172,Value Mismatch,valueusd,Calculated vs reported value differs by >10%
2197137166,Value Mismatch,valueusd,Calculated vs reported value differs by >10%
2197137164,Value Mismatch,valueusd,Calculated vs reported value differs by >10%
2197175426,Value Mismatch,valueusd,Calculated vs reported value differs by >10%
2197259512,Value Mismatch,valueusd,Calculated vs reported value differs by >10%
2197259511,Value Mismatch,valueusd,Calculated vs reported value differs by >10%
1444608126,Value Mismatch,valueusd,Calculated vs reported value differs by >10%
1444601859,Value Mismatch,valueusd,Calculated vs reported value differs by >10%
1444601857,Value Mismatch,valueusd,Calculated vs reported value differs by >10%
1441145318,Value Mismatch,valueusd,Calculated vs reported value differs by >10%
1441137423,Value Mismatch,valueusd,Calculated vs reported value differs by >10%
1441270138,Value Mismatch,valueusd,Calculated vs reported value differs by >10%
1441256218,Value Mismatch,valueusd,Calculated vs reported value differs by >10%
1441255983,Value Mismatch,valueusd,Calculated vs reported value differs by >10%
1441246059,Value Mismatch,valueusd,Calculated vs reported value differs by >10%
1441244798,Value Mismatch,valueusd,Calculated vs reported value differs by >10%
1441240605,Value Mismatch,valueusd,Calculated vs reported value differs by >10%
1441192242,Value Mismatch,valueusd,Calculated vs reported value differs by >10%
1441080348,Value Mismatch,valueusd,Calculated vs reported value differs by >10%
1441071786,Value Mismatch,valueusd,Calculated vs reported value differs by >10%
1441071534,Value Mismatch,valueusd,Calculated vs reported value differs by >10%
1441220016,Value Mismatch,valueusd,Calculated vs reported value differs by >10%
1441216302,Value Mismatch,valueusd,Calculated vs reported value differs by >10%
1441059417,Value Mismatch,valueusd,Calculated vs reported value differs by >10%
1441045535,Value Mismatch,valueusd,Calculated vs reported value differs by >10%
1441206862,Value Mismatch,valueusd,Calculated vs reported value differs by >10%
1441204701,Value Mismatch,valueusd,Calculated vs reported value differs by >10%
1441211892,Value Mismatch,valueusd,Calculated vs reported value differs by >10%
1441211672,Value Mismatch,valueusd,Calculated vs reported value differs by >10%
1441323180,Value Mismatch,valueusd,Calculated vs reported value differs by >10%
1441037312,Value Mismatch,valueusd,Calculated vs reported value differs by >10%
1441195311,Value Mismatch,valueusd,Calculated vs reported value differs by >10%
1441193786,Value Mismatch,valueusd,Calculated vs reported value differs by >10%
1441199941,Value Mismatch,valueusd,Calculated vs reported value differs by >10%
1441067462,Value Mismatch,valueusd,Calculated vs reported value differs by >10%
1441065519,Value Mismatch,valueusd,Calculated vs reported value differs by >10%
1441063623,Value Mismatch,valueusd,Calculated vs reported value differs by >10%
1441063518,Value Mismatch,valueusd,Calculated vs reported value differs by >10%
1441062627,Value Mismatch,valueusd,Calculated vs reported value differs by >10%
1441302798,Value Mismatch,valueusd,Calculated vs reported value differs by >10%
1441302725,Value Mismatch,valueusd,Calculated vs reported value differs by >10%
1441300760,Value Mismatch,valueusd,Calculated vs reported value differs by >10%
1441292962,Value Mismatch,valueusd,Calculated vs reported value differs by >10%
1441291619,Value Mismatch,valueusd,Calculated vs reported value differs by >10%
1441291070,Value Mismatch,valueusd,Calculated vs reported value differs by >10%
1441089145,Value Mismatch,valueusd,Calculated vs reported value differs by >10%
1441181713,Value Mismatch,valueusd,Calculated vs reported value differs by >10%
1441174003,Value Mismatch,valueusd,Calculated vs reported value differs by >10%
1441172537,Value Mismatch,valueusd,Calculated vs reported value differs by >10%
1441171736,Value Mismatch,valueusd,Calculated vs reported value differs by >10%
1441171069,Value Mismatch,valueusd,Calculated vs reported value differs by >10%
1441169683,Value Mismatch,valueusd,Calculated vs reported value differs by >10%
1441166646,Value Mismatch,valueusd,Calculated vs reported value differs by >10%
1441164792,Value Mismatch,valueusd,Calculated vs reported value differs by >10%
1441162780,Value Mismatch,valueusd,Calculated vs reported value differs by >10%
1441188156,Value Mismatch,valueusd,Calculated vs reported value differs by >10%
1441186076,Value Mismatch,valueusd,Calculated vs reported value differs by >10%
1441331131,Value Mismatch,valueusd,Calculated vs reported value differs by >10%
1441236912,Value Mismatch,valueusd,Calculated vs reported value differs by >10%
1441124780,Value Mismatch,valueusd,Calculated vs reported value differs by >10%
1441122976,Value Mismatch,valueusd,Calculated vs reported value differs by >10%
1441228617,Value Mismatch,valueusd,Calculated vs reported value differs by >10%
1441118873,Value Mismatch,valueusd,Calculated vs reported value differs by >10%
1441118079,Value Mismatch,valueusd,Calculated vs reported value differs by >10%
1441117619,Value Mismatch,valueusd,Calculated vs reported value differs by >10%
1441119679,Value Mismatch,valueusd,Calculated vs reported value differs by >10%
1441032162,Value Mismatch,valueusd,Calculated vs reported value differs by >10%
1441030122,Value Mismatch,valueusd,Calculated vs reported value differs by >10%
1441026462,Value Mismatch,valueusd,Calculated vs reported value differs by >10%
1441019506,Value Mismatch,valueusd,Calculated vs reported value differs by >10%
1441056513,Value Mismatch,valueusd,Calculated vs reported value differs by >10%
1441107343,Value Mismatch,valueusd,Calculated vs reported value differs by >10%
1441103956,Value Mismatch,valueusd,Calculated vs reported value differs by >10%
1441103350,Value Mismatch,valueusd,Calculated vs reported value differs by >10%
1441103056,Value Mismatch,valueusd,Calculated vs reported value differs by >10%
1441102382,Value Mismatch,valueusd,Calculated vs reported value differs by >10%
1441100105,Value Mismatch,valueusd,Calculated vs reported value differs by >10%
1441091550,Value Mismatch,valueusd,Calculated vs reported value differs by >10%
1441054759,Value Mismatch,valueusd,Calculated vs reported value differs by >10%
1441054559,Value Mismatch,valueusd,Calculated vs reported value differs by >10%
1441053446,Value Mismatch,valueusd,Calculated vs reported value differs by >10%
1441053426,Value Mismatch,valueusd,Calculated vs reported value differs by >10%
1441052279,Value Mismatch,valueusd,Calculated vs reported value differs by >10%
1441098127,Value Mismatch,valueusd,Calculated vs reported value differs by >10%
1441097851,Value Mismatch,valueusd,Calculated vs reported value differs by >10%
1441111454,Value Mismatch,valueusd,Calculated vs reported value differs by >10%
1441093786,Value Mismatch,valueusd,Calculated vs reported value differs by >10%
1441091407,Value Mismatch,valueusd,Calculated vs reported value differs by >10%
1441156894,Value Mismatch,valueusd,Calculated vs reported value differs by >10%
1441149792,Value Mismatch,valueusd,Calculated vs reported value differs by >10%
1441148212,Value Mismatch,valueusd,Calculated vs reported value differs by >10%
1441147963,Value Mismatch,valueusd,Calculated vs reported value differs by >10%
1444603715,Value Mismatch,valueusd,Calculated vs reported value differs by >10%
1444595197,Value Mismatch,valueusd,Calculated vs reported value differs by >10%
1444622103,Value Mismatch,valueusd,Calculated vs reported value differs by >10%
1444616148,Value Mismatch,valueusd,Calculated vs reported value differs by >10%
1444616147,Value Mismatch,valueusd,Calculated vs reported value differs by >10%
1444703429,Value Mismatch,valueusd,Calculated vs reported value differs by >10%
1444602638,Value Mismatch,valueusd,Calculated vs reported value differs by >10%
1444598924,Value Mismatch,valueusd,Calculated vs reported value differs by >10%
1444588590,Value Mismatch,valueusd,Calculated vs reported value differs by >10%
1441137575,Value Mismatch,valueusd,Calculated vs reported value differs by >10%
1441277937,Value Mismatch,valueusd,Calculated vs reported value differs by >10%
1441247760,Value Mismatch,valueusd,Calculated vs reported value differs by >10%
1441078570,Value Mismatch,valueusd,Calculated vs reported value differs by >10%
1441073878,Value Mismatch,valueusd,Calculated vs reported value differs by >10%
1441210492,Value Mismatch,valueusd,Calculated vs reported value differs by >10%
1441042150,Value Mismatch,valueusd,Calculated vs reported value differs by >10%
1441036352,Value Mismatch,valueusd,Calculated vs reported value differs by >10%
1441061790,Value Mismatch,valueusd,Calculated vs reported value differs by >10%
1441310466,Value Mismatch,valueusd,Calculated vs reported value differs by >10%
1441294351,Value Mismatch,valueusd,Calculated vs reported value differs by >10%
1441085416,Value Mismatch,valueusd,Calculated vs reported value differs by >10%
1441174898,Value Mismatch,valueusd,Calculated vs reported value differs by >10%
1441168403,Value Mismatch,valueusd,Calculated vs reported value differs by >10%
1441164601,Value Mismatch,valueusd,Calculated vs reported value differs by >10%
1441331139,Value Mismatch,valueusd,Calculated vs reported value differs by >10%
1441122382,Value Mismatch,valueusd,Calculated vs reported value differs by >10%
1441225170,Value Mismatch,valueusd,Calculated vs reported value differs by >10%
1441120085,Value Mismatch,valueusd,Calculated vs reported value differs by >10%
1441054838,Value Mismatch,valueusd,Calculated vs reported value differs by >10%
1441099476,Value Mismatch,valueusd,Calculated vs reported value differs by >10%
1441111908,Value Mismatch,valueusd,Calculated vs reported value differs by >10%
1441094664,Value Mismatch,valueusd,Calculated vs reported value differs by >10%
1444703361,Value Mismatch,valueusd,Calculated vs reported value differs by >10%
1444703360,Value Mismatch,valueusd,Calculated vs reported value differs by >10%
1444703359,Value Mismatch,valueusd,Calculated vs reported value differs by >10%
1444601339,Value Mismatch,valueusd,Calculated vs reported value differs by >10%
1444601336,Value Mismatch,valueusd,Calculated vs reported value differs by >10%
1444589742,Value Mismatch,valueusd,Calculated vs reported value differs by >10%
1444579294,Value Mismatch,valueusd,Calculated vs reported value differs by >10%
1444651449,Value Mismatch,valueusd,Calculated vs reported value differs by >10%
1444608963,Value Mismatch,valueusd,Calculated vs reported value differs by >10%
1444577415,Value Mismatch,valueusd,Calculated vs reported value differs by >10%
1444596506,Value Mismatch,valueusd,Calculated vs reported value differs by >10%
1444588395,Value Mismatch,valueusd,Calculated vs reported value differs by >10%
1444589590,Value Mismatch,valueusd,Calculated vs reported value differs by >10%
1444582203,Value Mismatch,valueusd,Calculated vs reported value differs by >10%
1444582205,Value Mismatch,valueusd,Calculated vs reported value differs by >10%
1444649842,Value Mismatch,valueusd,Calculated vs reported value differs by >10%
1444608749,Value Mismatch,valueusd,Calculated vs reported value differs by >10%
1444608655,Value Mismatch,valueusd,Calculated vs reported value differs by >10%
1444608652,Value Mismatch,valueusd,Calculated vs reported value differs by >10%
1444608650,Value Mismatch,valueusd,Calculated vs reported value differs by >10%
1444576166,Value Mismatch,valueusd,Calculated vs reported value differs by >10%
1444576009,Value Mismatch,valueusd,Calculated vs reported value differs by >10%
1444575895,Value Mismatch,valueusd,Calculated vs reported value differs by >10%
1444587605,Value Mismatch,valueusd,Calculated vs reported value differs by >10%
1444579803,Value Mismatch,valueusd,Calculated vs reported value differs by >10%
1444579801,Value Mismatch,valueusd,Calculated vs reported value differs by >10%
1444702961,Value Mismatch,valueusd,Calculated vs reported value differs by >10%
1444646623,Value Mismatch,valueusd,Calculated vs reported value differs by >10%
1444574276,Value Mismatch,valueusd,Calculated vs reported value differs by >10%
1444574274,Value Mismatch,valueusd,Calculated vs reported value differs by >10%
1444574272,Value Mismatch,valueusd,Calculated vs reported value differs by >10%
1444570809,Value Mismatch,valueusd,Calculated vs reported value differs by >10%
1444569966,Value Mismatch,valueusd,Calculated vs reported value differs by >10%
1444702888,Value Mismatch,valueusd,Calculated vs reported value differs by >10%
1444580212,Value Mismatch,valueusd,Calculated vs reported value differs by >10%
8971147769,Value Mismatch,valueusd,Calculated vs reported value differs by >10%
8971043623,Value Mismatch,valueusd,Calculated vs reported value differs by >10%
8971063916,Value Mismatch,valueusd,Calculated vs reported value differs by >10%
8971185356,Value Mismatch,valueusd,Calculated vs reported value differs by >10%
1444602506,Value Mismatch,valueusd,Calculated vs reported value differs by >10%
1444642979,Value Mismatch,valueusd,Calculated vs reported value differs by >10%
1444642977,Value Mismatch,valueusd,Calculated vs reported value differs by >10%
1444642645,Value Mismatch,valueusd,Calculated vs reported value differs by >10%
1444588647,Value Mismatch,valueusd,Calculated vs reported value differs by >10%
1444578578,Value Mismatch,valueusd,Calculated vs reported value differs by >10%
1444576299,Value Mismatch,valueusd,Calculated vs reported value differs by >10%
1444568626,Value Mismatch,valueusd,Calculated vs reported value differs by >10%
1444567216,Value Mismatch,valueusd,Calculated vs reported value differs by >10%
1444587409,Value Mismatch,valueusd,Calculated vs reported value differs by >10%
1444586894,Value Mismatch,valueusd,Calculated vs reported value differs by >10%
8971081039,Value Mismatch,valueusd,Calculated vs reported value differs by >10%
8971053384,Value Mismatch,valueusd,Calculated vs reported value differs by >10%
8971068973,Value Mismatch,valueusd,Calculated vs reported value differs by >10%
8971109111,Value Mismatch,valueusd,Calculated vs reported value differs by >10%
8971041661,Value Mismatch,valueusd,Calculated vs reported value differs by >10%
8971041174,Value Mismatch,valueusd,Calculated vs reported value differs by >10%
8971061899,Value Mismatch,valueusd,Calculated vs reported value differs by >10%
8971210963,Value Mismatch,valueusd,Calculated vs reported value differs by >10%
8971158343,Value Mismatch,valueusd,Calculated vs reported value differs by >10%
8971117763,Value Mismatch,valueusd,Calculated vs reported value differs by >10%
8971139006,Value Mismatch,valueusd,Calculated vs reported value differs by >10%
8971030401,Value Mismatch,valueusd,Calculated vs reported value differs by >10%
8971214262,Value Mismatch,valueusd,Calculated vs reported value differs by >10%
1444567021,Value Mismatch,valueusd,Calculated vs reported value differs by >10%
1444639820,Value Mismatch,valueusd,Calculated vs reported value differs by >10%
1444586214,Value Mismatch,valueusd,Calculated vs reported value differs by >10%
8971128988,Value Mismatch,valueusd,Calculated vs reported value differs by >10%
8971075897,Value Mismatch,valueusd,Calculated vs reported value differs by >10%
8971075388,Value Mismatch,valueusd,Calculated vs reported value differs by >10%
8971074106,Value Mismatch,valueusd,Calculated vs reported value differs by >10%
8971072549,Value Mismatch,valueusd,Calculated vs reported value differs by >10%
8971071436,Value Mismatch,valueusd,Calculated vs reported value differs by >10%
8971071212,Value Mismatch,valueusd,Calculated vs reported value differs by >10%
8971070800,Value Mismatch,valueusd,Calculated vs reported value differs by >10%
8971087228,Value Mismatch,valueusd,Calculated vs reported value differs by >10%
8971053702,Value Mismatch,valueusd,Calculated vs reported value differs by >10%
8971152845,Value Mismatch,valueusd,Calculated vs reported value differs by >10%
8971148643,Value Mismatch,valueusd,Calculated vs reported value differs by >10%
8971141876,Value Mismatch,valueusd,Calculated vs reported value differs by >10%
8971090776,Value Mismatch,valueusd,Calculated vs reported value differs by >10%
8971089449,Value Mismatch,valueusd,Calculated vs reported value differs by >10%
8971112174,Value Mismatch,valueusd,Calculated vs reported value differs by >10%
8971108189,Value Mismatch,valueusd,Calculated vs reported value differs by >10%
8971201700,Value Mismatch,valueusd,Calculated vs reported value differs by >10%
8971197372,Value Mismatch,valueusd,Calculated vs reported value differs by >10%
8971052123,Value Mismatch,valueusd,Calculated vs reported value differs by >10%
8971047815,Value Mismatch,valueusd,Calculated vs reported value differs by >10%
8971045629,Value Mismatch,valueusd,Calculated vs reported value differs by >10%
8971041307,Value Mismatch,valueusd,Calculated vs reported value differs by >10%
8971061964,Value Mismatch,valueusd,Calculated vs reported value differs by >10%
8971190115,Value Mismatch,valueusd,Calculated vs reported value differs by >10%
8971189398,Value Mismatch,valueusd,Calculated vs reported value differs by >10%
8971189025,Value Mismatch,valueusd,Calculated vs reported value differs by >10%
8971182063,Value Mismatch,valueusd,Calculated vs reported value differs by >10%
8971179478,Value Mismatch,valueusd,Calculated vs reported value differs by >10%
8971168768,Value Mismatch,valueusd,Calculated vs reported value differs by >10%
8971168268,Value Mismatch,valueusd,Calculated vs reported value differs by >10%
8971168214,Value Mismatch,valueusd,Calculated vs reported value differs by >10%
8971164617,Value Mismatch,valueusd,Calculated vs reported value differs by >10%
8971163876,Value Mismatch,valueusd,Calculated vs reported value differs by >10%
8971162522,Value Mismatch,valueusd,Calculated vs reported value differs by >10%
8971162387,Value Mismatch,valueusd,Calculated vs reported value differs by >10%
8971060204,Value Mismatch,valueusd,Calculated vs reported value differs by >10%
8971058423,Value Mismatch,valueusd,Calculated vs reported value differs by >10%
8971057951,Value Mismatch,valueusd,Calculated vs reported value differs by >10%
8971211227,Value Mismatch,valueusd,Calculated vs reported value differs by >10%
8971207778,Value Mismatch,valueusd,Calculated vs reported value differs by >10%
8971206720,Value Mismatch,valueusd,Calculated vs reported value differs by >10%
8971202255,Value Mismatch,valueusd,Calculated vs reported value differs by >10%
8971136687,Value Mismatch,valueusd,Calculated vs reported value differs by >10%
8971135627,Value Mismatch,valueusd,Calculated vs reported value differs by >10%
8971153594,Value Mismatch,valueusd,Calculated vs reported value differs by >10%
8971121346,Value Mismatch,valueusd,Calculated vs reported value differs by >10%
8971119550,Value Mismatch,valueusd,Calculated vs reported value differs by >10%
8971118605,Value Mismatch,valueusd,Calculated vs reported value differs by >10%
8971118277,Value Mismatch,valueusd,Calculated vs reported value differs by >10%
8971112734,Value Mismatch,valueusd,Calculated vs reported value differs by >10%
8971141018,Value Mismatch,valueusd,Calculated vs reported value differs by >10%
8971140739,Value Mismatch,valueusd,Calculated vs reported value differs by >10%
8971100505,Value Mismatch,valueusd,Calculated vs reported value differs by >10%
8971099703,Value Mismatch,valueusd,Calculated vs reported value differs by >10%
8971236570,Value Mismatch,valueusd,Calculated vs reported value differs by >10%
8971232514,Value Mismatch,valueusd,Calculated vs reported value differs by >10%
8971229928,Value Mismatch,valueusd,Calculated vs reported value differs by >10%
8971229227,Value Mismatch,valueusd,Calculated vs reported value differs by >10%
8971225476,Value Mismatch,valueusd,Calculated vs reported value differs by >10%
8971223565,Value Mismatch,valueusd,Calculated vs reported value differs by >10%
8971220648,Value Mismatch,valueusd,Calculated vs reported value differs by >10%
8971067388,Value Mismatch,valueusd,Calculated vs reported value differs by >10%
8971067005,Value Mismatch,valueusd,Calculated vs reported value differs by >10%
8971037223,Value Mismatch,valueusd,Calculated vs reported value differs by >10%
8971037186,Value Mismatch,valueusd,Calculated vs reported value differs by >10%
8971033694,Value Mismatch,valueusd,Calculated vs reported value differs by >10%
8971032818,Value Mismatch,valueusd,Calculated vs reported value differs by >10%
8971031245,Value Mismatch,valueusd,Calculated vs reported value differs by >10%
8971025450,Value Mismatch,valueusd,Calculated vs reported value differs by >10%
8971022928,Value Mismatch,valueusd,Calculated vs reported value differs by >10%
8971213442,Value Mismatch,valueusd,Calculated vs reported value differs by >10%
8971099263,Value Mismatch,valueusd,Calculated vs reported value differs by >10%
8971097597,Value Mismatch,valueusd,Calculated vs reported value differs by >10%
8971212516,Value Mismatch,valueusd,Calculated vs reported value differs by >10%
8971020299,Value Mismatch,valueusd,Calculated vs reported value differs by >10%
8971016904,Value Mismatch,valueusd,Calculated vs reported value differs by >10%
8971095006,Value Mismatch,valueusd,Calculated vs reported value differs by >10%
8971093114,Value Mismatch,valueusd,Calculated vs reported value differs by >10%
1444585372,Value Mismatch,valueusd,Calculated vs reported value differs by >10%
1444565082,Value Mismatch,valueusd,Calculated vs reported value differs by >10%
1444565079,Value Mismatch,valueusd,Calculated vs reported value differs by >10%
1444702571,Value Mismatch,valueusd,Calculated vs reported value differs by >10%
1444702565,Value Mismatch,valueusd,Calculated vs reported value differs by >10%
1444563815,Value Mismatch,valueusd,Calculated vs reported value differs by >10%
1444594597,Value Mismatch,valueusd,Calculated vs reported value differs by >10%
1444594595,Value Mismatch,valueusd,Calculated vs reported value differs by >10%
1444594594,Value Mismatch,valueusd,Calculated vs reported value differs by >10%
1444581514,Value Mismatch,valueusd,Calculated vs reported value differs by >10%
1444581497,Value Mismatch,valueusd,Calculated vs reported value differs by >10%
1444635309,Value Mismatch,valueusd,Calculated vs reported value differs by >10%
1444635307,Value Mismatch,valueusd,Calculated vs reported value differs by >10%
1444572425,Value Mismatch,valueusd,Calculated vs reported value differs by >10%
1444563637,Value Mismatch,valueusd,Calculated vs reported value differs by >10%
1444559920,Value Mismatch,valueusd,Calculated vs reported value differs by >10%
1444559921,Value Mismatch,valueusd,Calculated vs reported value differs by >10%
1444557730,Value Mismatch,valueusd,Calculated vs reported value differs by >10%
1444557729,Value Mismatch,valueusd,Calculated vs reported value differs by >10%
8971838770,Value Mismatch,valueusd,Calculated vs reported value differs by >10%
8970291688,Value Mismatch,valueusd,Calculated vs reported value differs by >10%
8970289646,Value Mismatch,valueusd,Calculated vs reported value differs by >10%
8970289314,Value Mismatch,valueusd,Calculated vs reported value differs by >10%
8970285043,Value Mismatch,valueusd,Calculated vs reported value differs by >10%
8970285315,Value Mismatch,valueusd,Calculated vs reported value differs by >10%
8970281982,Value Mismatch,valueusd,Calculated vs reported value differs by >10%
8970274048,Value Mismatch,valueusd,Calculated vs reported value differs by >10%
8970372965,Value Mismatch,valueusd,Calculated vs reported value differs by >10%
8970372885,Value Mismatch,valueusd,Calculated vs reported value differs by >10%
8970366246,Value Mismatch,valueusd,Calculated vs reported value differs by >10%
8970262576,Value Mismatch,valueusd,Calculated vs reported value differs by >10%
8970261876,Value Mismatch,valueusd,Calculated vs reported value differs by >10%
8970261664,Value Mismatch,valueusd,Calculated vs reported value differs by >10%
8970261060,Value Mismatch,valueusd,Calculated vs reported value differs by >10%
8970259668,Value Mismatch,valueusd,Calculated vs reported value differs by >10%
8970259602,Value Mismatch,valueusd,Calculated vs reported value differs by >10%
8970257714,Value Mismatch,valueusd,Calculated vs reported value differs by >10%
8970257386,Value Mismatch,valueusd,Calculated vs reported value differs by >10%
8970254884,Value Mismatch,valueusd,Calculated vs reported value differs by >10%
8970251873,Value Mismatch,valueusd,Calculated vs reported value differs by >10%
8970251563,Value Mismatch,valueusd,Calculated vs reported value differs by >10%
8970249631,Value Mismatch,valueusd,Calculated vs reported value differs by >10%
8970362841,Value Mismatch,valueusd,Calculated vs reported value differs by >10%
8970358311,Value Mismatch,valueusd,Calculated vs reported value differs by >10%
8970353954,Value Mismatch,valueusd,Calculated vs reported value differs by >10%
8970354553,Value Mismatch,valueusd,Calculated vs reported value differs by >10%
8970382790,Value Mismatch,valueusd,Calculated vs reported value differs by >10%
8970378937,Value Mismatch,valueusd,Calculated vs reported value differs by >10%
8970374503,Value Mismatch,valueusd,Calculated vs reported value differs by >10%
8970244561,Value Mismatch,valueusd,Calculated vs reported value differs by >10%
8970248099,Value Mismatch,valueusd,Calculated vs reported value differs by >10%
8970247891,Value Mismatch,valueusd,Calculated vs reported value differs by >10%
8970242566,Value Mismatch,valueusd,Calculated vs reported value differs by >10%
8970217774,Value Mismatch,valueusd,Calculated vs reported value differs by >10%
8970214320,Value Mismatch,valueusd,Calculated vs reported value differs by >10%
8970390216,Value Mismatch,valueusd,Calculated vs reported value differs by >10%
8970390545,Value Mismatch,valueusd,Calculated vs reported value differs by >10%
8970385988,Value Mismatch,valueusd,Calculated vs reported value differs by >10%
8970389791,Value Mismatch,valueusd,Calculated vs reported value differs by >10%
8970414713,Value Mismatch,valueusd,Calculated vs reported value differs by >10%
8970404633,Value Mismatch,valueusd,Calculated vs reported value differs by >10%
8970402638,Value Mismatch,valueusd,Calculated vs reported value differs by >10%
8970401564,Value Mismatch,valueusd,Calculated vs reported value differs by >10%
8970400604,Value Mismatch,valueusd,Calculated vs reported value differs by >10%
8970240039,Value Mismatch,valueusd,Calculated vs reported value differs by >10%
8970236516,Value Mismatch,valueusd,Calculated vs reported value differs by >10%
8970234564,Value Mismatch,valueusd,Calculated vs reported value differs by >10%
8970238377,Value Mismatch,valueusd,Calculated vs reported value differs by >10%
8970236595,Value Mismatch,valueusd,Calculated vs reported value differs by >10%
8970230689,Value Mismatch,valueusd,Calculated vs reported value differs by >10%
8970232644,Value Mismatch,valueusd,Calculated vs reported value differs by >10%
8970227257,Value Mismatch,valueusd,Calculated vs reported value differs by >10%
8970219968,Value Mismatch,valueusd,Calculated vs reported value differs by >10%
8970341098,Value Mismatch,valueusd,Calculated vs reported value differs by >10%
8970339876,Value Mismatch,valueusd,Calculated vs reported value differs by >10%
8970338009,Value Mismatch,valueusd,Calculated vs reported value differs by >10%
8970337880,Value Mismatch,valueusd,Calculated vs reported value differs by >10%
8970337445,Value Mismatch,valueusd,Calculated vs reported value differs by >10%
8970332288,Value Mismatch,valueusd,Calculated vs reported value differs by >10%
8970329078,Value Mismatch,valueusd,Calculated vs reported value differs by >10%
8970326640,Value Mismatch,valueusd,Calculated vs reported value differs by >10%
8970326228,Value Mismatch,valueusd,Calculated vs reported value differs by >10%
8970327304,Value Mismatch,valueusd,Calculated vs reported value differs by >10%
8970351886,Value Mismatch,valueusd,Calculated vs reported value differs by >10%
8970351718,Value Mismatch,valueusd,Calculated vs reported value differs by >10%
8970346919,Value Mismatch,valueusd,Calculated vs reported value differs by >10%
8970344986,Value Mismatch,valueusd,Calculated vs reported value differs by >10%
8970347607,Value Mismatch,valueusd,Calculated vs reported value differs by >10%
8970313898,Value Mismatch,valueusd,Calculated vs reported value differs by >10%
8970299464,Value Mismatch,valueusd,Calculated vs reported value differs by >10%
8970298884,Value Mismatch,valueusd,Calculated vs reported value differs by >10%
8970398846,Value Mismatch,valueusd,Calculated vs reported value differs by >10%
8970391769,Value Mismatch,valueusd,Calculated vs reported value differs by >10%
8970384802,Value Mismatch,valueusd,Calculated vs reported value differs by >10%
1444556877,Value Mismatch,valueusd,Calculated vs reported value differs by >10%
1444555841,Value Mismatch,valueusd,Calculated vs reported value differs by >10%
1444584851,Value Mismatch,valueusd,Calculated vs reported value differs by >10%
1444584849,Value Mismatch,valueusd,Calculated vs reported value differs by >10%
1444577001,Value Mismatch,valueusd,Calculated vs reported value differs by >10%
1444701909,Value Mismatch,valueusd,Calculated vs reported value differs by >10%
1444556408,Value Mismatch,valueusd,Calculated vs reported value differs by >10%
1444550802,Value Mismatch,valueusd,Calculated vs reported value differs by >10%
1444548493,Value Mismatch,valueusd,Calculated vs reported value differs by >10%
8058474641,Value Mismatch,valueusd,Calculated vs reported value differs by >10%
8058453545,Value Mismatch,valueusd,Calculated vs reported value differs by >10%
8058392769,Value Mismatch,valueusd,Calculated vs reported value differs by >10%
8058447878,Value Mismatch,valueusd,Calculated vs reported value differs by >10%
7676827526,Value Mismatch,valueusd,Calculated vs reported value differs by >10%
7677617901,Value Mismatch,valueusd,Calculated vs reported value differs by >10%
7677616788,Value Mismatch,valueusd,Calculated vs reported value differs by >10%
7676819165,Value Mismatch,valueusd,Calculated vs reported value differs by >10%
7676818896,Value Mismatch,valueusd,Calculated vs reported value differs by >10%
7676813601,Value Mismatch,valueusd,Calculated vs reported value differs by >10%
7677549991,Value Mismatch,valueusd,Calculated vs reported value differs by >10%
7677542365,Value Mismatch,valueusd,Calculated vs reported value differs by >10%
7677609887,Value Mismatch,valueusd,Calculated vs reported value differs by >10%
7677662928,Value Mismatch,valueusd,Calculated vs reported value differs by >10%
7677600275,Value Mismatch,valueusd,Calculated vs reported value differs by >10%
7677603114,Value Mismatch,valueusd,Calculated vs reported value differs by >10%
7677594099,Value Mismatch,valueusd,Calculated vs reported value differs by >10%
7677592674,Value Mismatch,valueusd,Calculated vs reported value differs by >10%
7677591961,Value Mismatch,valueusd,Calculated vs reported value differs by >10%
7677587044,Value Mismatch,valueusd,Calculated vs reported value differs by >10%
7677586965,Value Mismatch,valueusd,Calculated vs reported value differs by >10%
7677584488,Value Mismatch,valueusd,Calculated vs reported value differs by >10%
7677562281,Value Mismatch,valueusd,Calculated vs reported value differs by >10%
7677555570,Value Mismatch,valueusd,Calculated vs reported value differs by >10%
7677554662,Value Mismatch,valueusd,Calculated vs reported value differs by >10%
7677636432,Value Mismatch,valueusd,Calculated vs reported value differs by >10%
7677635903,Value Mismatch,valueusd,Calculated vs reported value differs by >10%
7677635461,Value Mismatch,valueusd,Calculated vs reported value differs by >10%
7677630196,Value Mismatch,valueusd,Calculated vs reported value differs by >10%
7677629501,Value Mismatch,valueusd,Calculated vs reported value differs by >10%
7677626543,Value Mismatch,valueusd,Calculated vs reported value differs by >10%
7677624648,Value Mismatch,valueusd,Calculated vs reported value differs by >10%
7677621001,Value Mismatch,valueusd,Calculated vs reported value differs by >10%
7677619015,Value Mismatch,valueusd,Calculated vs reported value differs by >10%
7677619031,Value Mismatch,valueusd,Calculated vs reported value differs by >10%
7677618084,Value Mismatch,valueusd,Calculated vs reported value differs by >10%
7677584012,Value Mismatch,valueusd,Calculated vs reported value differs by >10%
7677583615,Value Mismatch,valueusd,Calculated vs reported value differs by >10%
7677583167,Value Mismatch,valueusd,Calculated vs reported value differs by >10%
7677579620,Value Mismatch,valueusd,Calculated vs reported value differs by >10%
7677578515,Value Mismatch,valueusd,Calculated vs reported value differs by >10%
7677577343,Value Mismatch,valueusd,Calculated vs reported value differs by >10%
7677575963,Value Mismatch,valueusd,Calculated vs reported value differs by >10%
7677575659,Value Mismatch,valueusd,Calculated vs reported value differs by >10%
7677571892,Value Mismatch,valueusd,Calculated vs reported value differs by >10%
7677569206,Value Mismatch,valueusd,Calculated vs reported value differs by >10%
7677569034,Value Mismatch,valueusd,Calculated vs reported value differs by >10%
7677568303,Value Mismatch,valueusd,Calculated vs reported value differs by >10%
7677649049,Value Mismatch,valueusd,Calculated vs reported value differs by >10%
7677645654,Value Mismatch,valueusd,Calculated vs reported value differs by >10%
7677642279,Value Mismatch,valueusd,Calculated vs reported value differs by >10%
7677640916,Value Mismatch,valueusd,Calculated vs reported value differs by >10%
8058481148,Value Mismatch,valueusd,Calculated vs reported value differs by >10%
8058465704,Value Mismatch,valueusd,Calculated vs reported value differs by >10%
8058513788,Value Mismatch,valueusd,Calculated vs reported value differs by >10%
8058440978,Value Mismatch,valueusd,Calculated vs reported value differs by >10%
8058448692,Value Mismatch,valueusd,Calculated vs reported value differs by >10%
8058425164,Value Mismatch,valueusd,Calculated vs reported value differs by >10%
7677285855,Value Mismatch,valueusd,Calculated vs reported value differs by >10%
7677286145,Value Mismatch,valueusd,Calculated vs reported value differs by >10%
7677284230,Value Mismatch,valueusd,Calculated vs reported value differs by >10%
7677283049,Value Mismatch,valueusd,Calculated vs reported value differs by >10%
7677283477,Value Mismatch,valueusd,Calculated vs reported value differs by >10%
7677277559,Value Mismatch,valueusd,Calculated vs reported value differs by >10%
7677276393,Value Mismatch,valueusd,Calculated vs reported value differs by >10%
7677276165,Value Mismatch,valueusd,Calculated vs reported value differs by >10%
7677275835,Value Mismatch,valueusd,Calculated vs reported value differs by >10%
7677277606,Value Mismatch,valueusd,Calculated vs reported value differs by >10%
7677275529,Value Mismatch,valueusd,Calculated vs reported value differs by >10%
7677272978,Value Mismatch,valueusd,Calculated vs reported value differs by >10%
7677271579,Value Mismatch,valueusd,Calculated vs reported value differs by >10%
7677271040,Value Mismatch,valueusd,Calculated vs reported value differs by >10%
7677271056,Value Mismatch,valueusd,Calculated vs reported value differs by >10%
7677270656,Value Mismatch,valueusd,Calculated vs reported value differs by >10%
7677269653,Value Mismatch,valueusd,Calculated vs reported value differs by >10%
7677266912,Value Mismatch,valueusd,Calculated vs reported value differs by >10%
7677265248,Value Mismatch,valueusd,Calculated vs reported value differs by >10%
7677264804,Value Mismatch,valueusd,Calculated vs reported value differs by >10%
7677264730,Value Mismatch,valueusd,Calculated vs reported value differs by >10%
7677263609,Value Mismatch,valueusd,Calculated vs reported value differs by >10%
7677263344,Value Mismatch,valueusd,Calculated vs reported value differs by >10%
7677260337,Value Mismatch,valueusd,Calculated vs reported value differs by >10%
7677259986,Value Mismatch,valueusd,Calculated vs reported value differs by >10%
7677259757,Value Mismatch,valueusd,Calculated vs reported value differs by >10%
7677259748,Value Mismatch,valueusd,Calculated vs reported value differs by >10%
7677258841,Value Mismatch,valueusd,Calculated vs reported value differs by >10%
7677258097,Value Mismatch,valueusd,Calculated vs reported value differs by >10%
7677258022,Value Mismatch,valueusd,Calculated vs reported value differs by >10%
7677304314,Value Mismatch,valueusd,Calculated vs reported value differs by >10%
7677304201,Value Mismatch,valueusd,Calculated vs reported value differs by >10%
7677303824,Value Mismatch,valueusd,Calculated vs reported value differs by >10%
7677303681,Value Mismatch,valueusd,Calculated vs reported value differs by >10%
7677303418,Value Mismatch,valueusd,Calculated vs reported value differs by >10%
7677302557,Value Mismatch,valueusd,Calculated vs reported value differs by >10%
7677301552,Value Mismatch,valueusd,Calculated vs reported value differs by >10%
7677301320,Value Mismatch,valueusd,Calculated vs reported value differs by >10%
7677300675,Value Mismatch,valueusd,Calculated vs reported value differs by >10%
7677301427,Value Mismatch,valueusd,Calculated vs reported value differs by >10%
7677300715,Value Mismatch,valueusd,Calculated vs reported value differs by >10%
7677299468,Value Mismatch,valueusd,Calculated vs reported value differs by >10%
7677298850,Value Mismatch,valueusd,Calculated vs reported value differs by >10%
7677298326,Value Mismatch,valueusd,Calculated vs reported value differs by >10%
7677296655,Value Mismatch,valueusd,Calculated vs reported value differs by >10%
7677296085,Value Mismatch,valueusd,Calculated vs reported value differs by >10%
7677294816,Value Mismatch,valueusd,Calculated vs reported value differs by >10%
7677294455,Value Mismatch,valueusd,Calculated vs reported value differs by >10%
7677294113,Value Mismatch,valueusd,Calculated vs reported value differs by >10%
7677293607,Value Mismatch,valueusd,Calculated vs reported value differs by >10%
7677293384,Value Mismatch,valueusd,Calculated vs reported value differs by >10%
7677292415,Value Mismatch,valueusd,Calculated vs reported value differs by >10%
7677291623,Value Mismatch,valueusd,Calculated vs reported value differs by >10%
7677291445,Value Mismatch,valueusd,Calculated vs reported value differs by >10%
7677293037,Value Mismatch,valueusd,Calculated vs reported value differs by >10%
7677252032,Value Mismatch,valueusd,Calculated vs reported value differs by >10%
7677249281,Value Mismatch,valueusd,Calculated vs reported value differs by >10%
7677248829,Value Mismatch,valueusd,Calculated vs reported value differs by >10%
7677248715,Value Mismatch,valueusd,Calculated vs reported value differs by >10%
7677248392,Value Mismatch,valueusd,Calculated vs reported value differs by >10%
7677248357,Value Mismatch,valueusd,Calculated vs reported value differs by >10%
7677334451,Value Mismatch,valueusd,Calculated vs reported value differs by >10%
7677330620,Value Mismatch,valueusd,Calculated vs reported value differs by >10%
7677327856,Value Mismatch,valueusd,Calculated vs reported value differs by >10%
7677327082,Value Mismatch,valueusd,Calculated vs reported value differs by >10%
7677326022,Value Mismatch,valueusd,Calculated vs reported value differs by >10%
7677325708,Value Mismatch,valueusd,Calculated vs reported value differs by >10%
7677326527,Value Mismatch,valueusd,Calculated vs reported value differs by >10%
7677324945,Value Mismatch,valueusd,Calculated vs reported value differs by >10%
7677321157,Value Mismatch,valueusd,Calculated vs reported value differs by >10%
7677321120,Value Mismatch,valueusd,Calculated vs reported value differs by >10%
7677319528,Value Mismatch,valueusd,Calculated vs reported value differs by >10%
7677320608,Value Mismatch,valueusd,Calculated vs reported value differs by >10%
7677318338,Value Mismatch,valueusd,Calculated vs reported value differs by >10%
7677316889,Value Mismatch,valueusd,Calculated vs reported value differs by >10%
7677316157,Value Mismatch,valueusd,Calculated vs reported value differs by >10%
7677312623,Value Mismatch,valueusd,Calculated vs reported value differs by >10%
7677312147,Value Mismatch,valueusd,Calculated vs reported value differs by >10%
7677311554,Value Mismatch,valueusd,Calculated vs reported value differs by >10%
7677311497,Value Mismatch,valueusd,Calculated vs reported value differs by >10%
7677311040,Value Mismatch,valueusd,Calculated vs reported value differs by >10%
7677310752,Value Mismatch,valueusd,Calculated vs reported value differs by >10%
7677310552,Value Mismatch,valueusd,Calculated vs reported value differs by >10%
7677314909,Value Mismatch,valueusd,Calculated vs reported value differs by >10%
7677308368,Value Mismatch,valueusd,Calculated vs reported value differs by >10%
7677308031,Value Mismatch,valueusd,Calculated vs reported value differs by >10%
7677309038,Value Mismatch,valueusd,Calculated vs reported value differs by >10%
7677307048,Value Mismatch,valueusd,Calculated vs reported value differs by >10%
7677307013,Value Mismatch,valueusd,Calculated vs reported value differs by >10%
7677306565,Value Mismatch,valueusd,Calculated vs reported value differs by >10%
7677305154,Value Mismatch,valueusd,Calculated vs reported value differs by >10%
7677304868,Value Mismatch,valueusd,Calculated vs reported value differs by >10%
7677245219,Value Mismatch,valueusd,Calculated vs reported value differs by >10%
7677244923,Value Mismatch,valueusd,Calculated vs reported value differs by >10%
7677240556,Value Mismatch,valueusd,Calculated vs reported value differs by >10%
7677240603,Value Mismatch,valueusd,Calculated vs reported value differs by >10%
8058413011,Value Mismatch,valueusd,Calculated vs reported value differs by >10%
7677288702,Value Mismatch,valueusd,Calculated vs reported value differs by >10%
7677288041,Value Mismatch,valueusd,Calculated vs reported value differs by >10%
7677290970,Value Mismatch,valueusd,Calculated vs reported value differs by >10%
7677285704,Value Mismatch,valueusd,Calculated vs reported value differs by >10%
7677283053,Value Mismatch,valueusd,Calculated vs reported value differs by >10%
7677282720,Value Mismatch,valueusd,Calculated vs reported value differs by >10%
7677278913,Value Mismatch,valueusd,Calculated vs reported value differs by >10%
7677267607,Value Mismatch,valueusd,Calculated vs reported value differs by >10%
7677266095,Value Mismatch,valueusd,Calculated vs reported value differs by >10%
7677262786,Value Mismatch,valueusd,Calculated vs reported value differs by >10%
7677260492,Value Mismatch,valueusd,Calculated vs reported value differs by >10%
7677259895,Value Mismatch,valueusd,Calculated vs reported value differs by >10%
7677256633,Value Mismatch,valueusd,Calculated vs reported value differs by >10%
7677299814,Value Mismatch,valueusd,Calculated vs reported value differs by >10%
7677297237,Value Mismatch,valueusd,Calculated vs reported value differs by >10%
7677252983,Value Mismatch,valueusd,Calculated vs reported value differs by >10%
7677252459,Value Mismatch,valueusd,Calculated vs reported value differs by >10%
7677338328,Value Mismatch,valueusd,Calculated vs reported value differs by >10%
7677330893,Value Mismatch,valueusd,Calculated vs reported value differs by >10%
7677327782,Value Mismatch,valueusd,Calculated vs reported value differs by >10%
7677323927,Value Mismatch,valueusd,Calculated vs reported value differs by >10%
7677321465,Value Mismatch,valueusd,Calculated vs reported value differs by >10%
7677318785,Value Mismatch,valueusd,Calculated vs reported value differs by >10%
7677318314,Value Mismatch,valueusd,Calculated vs reported value differs by >10%
7677317545,Value Mismatch,valueusd,Calculated vs reported value differs by >10%
7677320245,Value Mismatch,valueusd,Calculated vs reported value differs by >10%
7677312108,Value Mismatch,valueusd,Calculated vs reported value differs by >10%
7677311933,Value Mismatch,valueusd,Calculated vs reported value differs by >10%
7677311075,Value Mismatch,valueusd,Calculated vs reported value differs by >10%
7677307635,Value Mismatch,valueusd,Calculated vs reported value differs by >10%
7677306642,Value Mismatch,valueusd,Calculated vs reported value differs by >10%
7677237582,Value Mismatch,valueusd,Calculated vs reported value differs by >10%
8058423068,Value Mismatch,valueusd,Calculated vs reported value differs by >10%
8058422953,Value Mismatch,valueusd,Calculated vs reported value differs by >10%
8058413111,Value Mismatch,valueusd,Calculated vs reported value differs by >10%
8058364446,Value Mismatch,valueusd,Calculated vs reported value differs by >10%
8058364439,Value Mismatch,valueusd,Calculated vs reported value differs by >10%
8058400451,Value Mismatch,valueusd,Calculated vs reported value differs by >10%
8058512693,Value Mismatch,valueusd,Calculated vs reported value differs by >10%
8058408718,Value Mismatch,valueusd,Calculated vs reported value differs by >10%
8058408172,Value Mismatch,valueusd,Calculated vs reported value differs by >10%
8058407172,Value Mismatch,valueusd,Calculated vs reported value differs by >10%
8058407169,Value Mismatch,valueusd,Calculated vs reported value differs by >10%
8058361962,Value Mismatch,valueusd,Calculated vs reported value differs by >10%
8058360921,Value Mismatch,valueusd,Calculated vs reported value differs by >10%
8058440127,Value Mismatch,valueusd,Calculated vs reported value differs by >10%
7677284240,Value Mismatch,valueusd,Calculated vs reported value differs by >10%
7677281495,Value Mismatch,valueusd,Calculated vs reported value differs by >10%
7677277554,Value Mismatch,valueusd,Calculated vs reported value differs by >10%
7677272970,Value Mismatch,valueusd,Calculated vs reported value differs by >10%
7677272839,Value Mismatch,valueusd,Calculated vs reported value differs by >10%
7677264250,Value Mismatch,valueusd,Calculated vs reported value differs by >10%
7677259558,Value Mismatch,valueusd,Calculated vs reported value differs by >10%
7677257427,Value Mismatch,valueusd,Calculated vs reported value differs by >10%
7677256271,Value Mismatch,valueusd,Calculated vs reported value differs by >10%
7677255567,Value Mismatch,valueusd,Calculated vs reported value differs by >10%
7677301976,Value Mismatch,valueusd,Calculated vs reported value differs by >10%
7677298183,Value Mismatch,valueusd,Calculated vs reported value differs by >10%
7677297708,Value Mismatch,valueusd,Calculated vs reported value differs by >10%
7677293707,Value Mismatch,valueusd,Calculated vs reported value differs by >10%
7677249458,Value Mismatch,valueusd,Calculated vs reported value differs by >10%
7677249372,Value Mismatch,valueusd,Calculated vs reported value differs by >10%
7677248078,Value Mismatch,valueusd,Calculated vs reported value differs by >10%
7677337297,Value Mismatch,valueusd,Calculated vs reported value differs by >10%
7677334642,Value Mismatch,valueusd,Calculated vs reported value differs by >10%
7677325275,Value Mismatch,valueusd,Calculated vs reported value differs by >10%
7677324759,Value Mismatch,valueusd,Calculated vs reported value differs by >10%
7677324718,Value Mismatch,valueusd,Calculated vs reported value differs by >10%
7677316355,Value Mismatch,valueusd,Calculated vs reported value differs by >10%
7677315633,Value Mismatch,valueusd,Calculated vs reported value differs by >10%
7677310572,Value Mismatch,valueusd,Calculated vs reported value differs by >10%
7677308913,Value Mismatch,valueusd,Calculated vs reported value differs by >10%
7677308057,Value Mismatch,valueusd,Calculated vs reported value differs by >10%
7677307692,Value Mismatch,valueusd,Calculated vs reported value differs by >10%
7677245676,Value Mismatch,valueusd,Calculated vs reported value differs by >10%
7677245496,Value Mismatch,valueusd,Calculated vs reported value differs by >10%
7677240768,Value Mismatch,valueusd,Calculated vs reported value differs by >10%
7677240752,Value Mismatch,valueusd,Calculated vs reported value differs by >10%
8058393051,Value Mismatch,valueusd,Calculated vs reported value differs by >10%
8058456062,Value Mismatch,valueusd,Calculated vs reported value differs by >10%
8058450087,Value Mismatch,valueusd,Calculated vs reported value differs by >10%
8058381386,Value Mismatch,valueusd,Calculated vs reported value differs by >10%
8058512280,Value Mismatch,valueusd,Calculated vs reported value differs by >10%
7676831170,Value Mismatch,valueusd,Calculated vs reported value differs by >10%
7676655227,Value Mismatch,valueusd,Calculated vs reported value differs by >10%
8058438890,Value Mismatch,valueusd,Calculated vs reported value differs by >10%
8058438743,Value Mismatch,valueusd,Calculated vs reported value differs by >10%
8058386723,Value Mismatch,valueusd,Calculated vs reported value differs by >10%
8058386701,Value Mismatch,valueusd,Calculated vs reported value differs by >10%
8058386696,Value Mismatch,valueusd,Calculated vs reported value differs by >10%
8058386693,Value Mismatch,valueusd,Calculated vs reported value differs by >10%
8058374440,Value Mismatch,valueusd,Calculated vs reported value differs by >10%
8058373889,Value Mismatch,valueusd,Calculated vs reported value differs by >10%
8058417151,Value Mismatch,valueusd,Calculated vs reported value differs by >10%
8058416838,Value Mismatch,valueusd,Calculated vs reported value differs by >10%
8058416834,Value Mismatch,valueusd,Calculated vs reported value differs by >10%
8058344801,Value Mismatch,valueusd,Calculated vs reported value differs by >10%
8058397862,Value Mismatch,valueusd,Calculated vs reported value differs by >10%
8058397853,Value Mismatch,valueusd,Calculated vs reported value differs by >10%
8058397841,Value Mismatch,valueusd,Calculated vs reported value differs by >10%
8058435222,Value Mismatch,valueusd,Calculated vs reported value differs by >10%
8058382676,Value Mismatch,valueusd,Calculated vs reported value differs by >10%
8058380143,Value Mismatch,valueusd,Calculated vs reported value differs by >10%
8058512004,Value Mismatch,valueusd,Calculated vs reported value differs by >10%
7676833856,Value Mismatch,valueusd,Calculated vs reported value differs by >10%
7676675340,Value Mismatch,valueusd,Calculated vs reported value differs by >10%
7676682612,Value Mismatch,valueusd,Calculated vs reported value differs by >10%
7676676850,Value Mismatch,valueusd,Calculated vs reported value differs by >10%
7675598136,Value Mismatch,valueusd,Calculated vs reported value differs by >10%
7676852323,Value Mismatch,valueusd,Calculated vs reported value differs by >10%
7676609701,Value Mismatch,valueusd,Calculated vs reported value differs by >10%
7676870670,Value Mismatch,valueusd,Calculated vs reported value differs by >10%
7676855116,Value Mismatch,valueusd,Calculated vs reported value differs by >10%
7676857784,Value Mismatch,valueusd,Calculated vs reported value differs by >10%
7676877644,Value Mismatch,valueusd,Calculated vs reported value differs by >10%
7676645433,Value Mismatch,valueusd,Calculated vs reported value differs by >10%
7676667688,Value Mismatch,valueusd,Calculated vs reported value differs by >10%
7676671889,Value Mismatch,valueusd,Calculated vs reported value differs by >10%
7676675608,Value Mismatch,valueusd,Calculated vs reported value differs by >10%
7676602931,Value Mismatch,valueusd,Calculated vs reported value differs by >10%
7676851358,Value Mismatch,valueusd,Calculated vs reported value differs by >10%
7676844410,Value Mismatch,valueusd,Calculated vs reported value differs by >10%
7676842628,Value Mismatch,valueusd,Calculated vs reported value differs by >10%
7676866822,Value Mismatch,valueusd,Calculated vs reported value differs by >10%
7676863968,Value Mismatch,valueusd,Calculated vs reported value differs by >10%
7676856484,Value Mismatch,valueusd,Calculated vs reported value differs by >10%
7676874673,Value Mismatch,valueusd,Calculated vs reported value differs by >10%
7676648950,Value Mismatch,valueusd,Calculated vs reported value differs by >10%
7676645481,Value Mismatch,valueusd,Calculated vs reported value differs by >10%
5317485293,Value Mismatch,valueusd,Calculated vs reported value differs by >10%
5317392429,Value Mismatch,valueusd,Calculated vs reported value differs by >10%
5317425005,Value Mismatch,valueusd,Calculated vs reported value differs by >10%
5317411210,Value Mismatch,valueusd,Calculated vs reported value differs by >10%
5317573789,Value Mismatch,valueusd,Calculated vs reported value differs by >10%
5317477716,Value Mismatch,valueusd,Calculated vs reported value differs by >10%
5317410785,Value Mismatch,valueusd,Calculated vs reported value differs by >10%
5317384130,Value Mismatch,valueusd,Calculated vs reported value differs by >10%
5317380881,Value Mismatch,valueusd,Calculated vs reported value differs by >10%
5317407971,Value Mismatch,valueusd,Calculated vs reported value differs by >10%
5317388943,Value Mismatch,valueusd,Calculated vs reported value differs by >10%
5316079311,Value Mismatch,valueusd,Calculated vs reported value differs by >10%
5316068863,Value Mismatch,valueusd,Calculated vs reported value differs by >10%
5316058448,Value Mismatch,valueusd,Calculated vs reported value differs by >10%
5316112354,Value Mismatch,valueusd,Calculated vs reported value differs by >10%
5316120121,Value Mismatch,valueusd,Calculated vs reported value differs by >10%
5316187619,Value Mismatch,valueusd,Calculated vs reported value differs by >10%
5316103561,Value Mismatch,valueusd,Calculated vs reported value differs by >10%
5316175445,Value Mismatch,valueusd,Calculated vs reported value differs by >10%
5317460051,Value Mismatch,valueusd,Calculated vs reported value differs by >10%
5317572740,Value Mismatch,valueusd,Calculated vs reported value differs by >10%
5317476666,Value Mismatch,valueusd,Calculated vs reported value differs by >10%
5317047148,Value Mismatch,valueusd,Calculated vs reported value differs by >10%
5317446361,Value Mismatch,valueusd,Calculated vs reported value differs by >10%
5317468946,Value Mismatch,valueusd,Calculated vs reported value differs by >10%
5317489615,Value Mismatch,valueusd,Calculated vs reported value differs by >10%
5317484593,Value Mismatch,valueusd,Calculated vs reported value differs by >10%
5317475957,Value Mismatch,valueusd,Calculated vs reported value differs by >10%
5316126392,Value Mismatch,valueusd,Calculated vs reported value differs by >10%
5317455265,Value Mismatch,valueusd,Calculated vs reported value differs by >10%
5317473852,Value Mismatch,valueusd,Calculated vs reported value differs by >10%
5317473849,Value Mismatch,valueusd,Calculated vs reported value differs by >10%
5316847276,Value Mismatch,valueusd,Calculated vs reported value differs by >10%
5316822367,Value Mismatch,valueusd,Calculated vs reported value differs by >10%
5316821674,Value Mismatch,valueusd,Calculated vs reported value differs by >10%
5316841391,Value Mismatch,valueusd,Calculated vs reported value differs by >10%
5316838372,Value Mismatch,valueusd,Calculated vs reported value differs by >10%
5316735565,Value Mismatch,valueusd,Calculated vs reported value differs by >10%
5316769913,Value Mismatch,valueusd,Calculated vs reported value differs by >10%
5317461992,Value Mismatch,valueusd,Calculated vs reported value differs by >10%
5317571485,Value Mismatch,valueusd,Calculated vs reported value differs by >10%
5317446527,Value Mismatch,valueusd,Calculated vs reported value differs by >10%
5317571426,Value Mismatch,valueusd,Calculated vs reported value differs by >10%
9475760952,Value Mismatch,valueusd,Calculated vs reported value differs by >10%
9475759951,Value Mismatch,valueusd,Calculated vs reported value differs by >10%
4235241953,Value Mismatch,valueusd,Calculated vs reported value differs by >10%
9475758972,Value Mismatch,valueusd,Calculated vs reported value differs by >10%
4235356394,Value Mismatch,valueusd,Calculated vs reported value differs by >10%
9475757901,Value Mismatch,valueusd,Calculated vs reported value differs by >10%
9475731235,Value Mismatch,valueusd,Calculated vs reported value differs by >10%
4236206477,Value Mismatch,valueusd,Calculated vs reported value differs by >10%
4235840772,Value Mismatch,valueusd,Calculated vs reported value differs by >10%
9475760351,Value Mismatch,valueusd,Calculated vs reported value differs by >10%
9475747111,Value Mismatch,valueusd,Calculated vs reported value differs by >10%
9475732004,Value Mismatch,valueusd,Calculated vs reported value differs by >10%
9475783076,Value Mismatch,valueusd,Calculated vs reported value differs by >10%
9475573832,Value Mismatch,valueusd,Calculated vs reported value differs by >10%
4235362354,Value Mismatch,valueusd,Calculated vs reported value differs by >10%
4235272948,Value Mismatch,valueusd,Calculated vs reported value differs by >10%
4235345335,Value Mismatch,valueusd,Calculated vs reported value differs by >10%
4235379749,Value Mismatch,valueusd,Calculated vs reported value differs by >10%
4235333604,Value Mismatch,valueusd,Calculated vs reported value differs by >10%
4235311883,Value Mismatch,valueusd,Calculated vs reported value differs by >10%
4235303490,Value Mismatch,valueusd,Calculated vs reported value differs by >10%
4235298196,Value Mismatch,valueusd,Calculated vs reported value differs by >10%
4235266651,Value Mismatch,valueusd,Calculated vs reported value differs by >10%
4235357310,Value Mismatch,valueusd,Calculated vs reported value differs by >10%
4235275684,Value Mismatch,valueusd,Calculated vs reported value differs by >10%
4235272635,Value Mismatch,valueusd,Calculated vs reported value differs by >10%
4235270202,Value Mismatch,valueusd,Calculated vs reported value differs by >10%
4235269670,Value Mismatch,valueusd,Calculated vs reported value differs by >10%
4235240790,Value Mismatch,valueusd,Calculated vs reported value differs by >10%
4235375460,Value Mismatch,valueusd,Calculated vs reported value differs by >10%
4235294170,Value Mismatch,valueusd,Calculated vs reported value differs by >10%
4235292806,Value Mismatch,valueusd,Calculated vs reported value differs by >10%
4235287863,Value Mismatch,valueusd,Calculated vs reported value differs by >10%
4235287203,Value Mismatch,valueusd,Calculated vs reported value differs by >10%
4235285456,Value Mismatch,valueusd,Calculated vs reported value differs by >10%
4235346829,Value Mismatch,valueusd,Calculated vs reported value differs by >10%
4235251702,Value Mismatch,valueusd,Calculated vs reported value differs by >10%
4235319476,Value Mismatch,valueusd,Calculated vs reported value differs by >10%
4235313182,Value Mismatch,valueusd,Calculated vs reported value differs by >10%
4235327958,Value Mismatch,valueusd,Calculated vs reported value differs by >10%
4235326124,Value Mismatch,valueusd,Calculated vs reported value differs by >10%
4235389831,Value Mismatch,valueusd,Calculated vs reported value differs by >10%
4232565284,Value Mismatch,valueusd,Calculated vs reported value differs by >10%
4232376250,Value Mismatch,valueusd,Calculated vs reported value differs by >10%
4232363653,Value Mismatch,valueusd,Calculated vs reported value differs by >10%
4232480508,Value Mismatch,valueusd,Calculated vs reported value differs by >10%
4232304720,Value Mismatch,valueusd,Calculated vs reported value differs by >10%
4232337369,Value Mismatch,valueusd,Calculated vs reported value differs by >10%
4232332645,Value Mismatch,valueusd,Calculated vs reported value differs by >10%
9475753365,Value Mismatch,valueusd,Calculated vs reported value differs by >10%
9475763062,Value Mismatch,valueusd,Calculated vs reported value differs by >10%
9475751644,Value Mismatch,valueusd,Calculated vs reported value differs by >10%
9475735219,Value Mismatch,valueusd,Calculated vs reported value differs by >10%
9475776210,Value Mismatch,valueusd,Calculated vs reported value differs by >10%
9475776209,Value Mismatch,valueusd,Calculated vs reported value differs by >10%
9475766979,Value Mismatch,valueusd,Calculated vs reported value differs by >10%
9475743751,Value Mismatch,valueusd,Calculated vs reported value differs by >10%
9475569142,Value Mismatch,valueusd,Calculated vs reported value differs by >10%
9475722170,Value Mismatch,valueusd,Calculated vs reported value differs by >10%
9475759733,Value Mismatch,valueusd,Calculated vs reported value differs by >10%
9475725337,Value Mismatch,valueusd,Calculated vs reported value differs by >10%
9475764780,Value Mismatch,valueusd,Calculated vs reported value differs by >10%
7209195227,Value Mismatch,valueusd,Calculated vs reported value differs by >10%
7209152928,Value Mismatch,valueusd,Calculated vs reported value differs by >10%
7209224029,Value Mismatch,valueusd,Calculated vs reported value differs by >10%
7209224022,Value Mismatch,valueusd,Calculated vs reported value differs by >10%
7209192968,Value Mismatch,valueusd,Calculated vs reported value differs by >10%
4586332845,Value Mismatch,valueusd,Calculated vs reported value differs by >10%
7209188787,Value Mismatch,valueusd,Calculated vs reported value differs by >10%
7209166929,Value Mismatch,valueusd,Calculated vs reported value differs by >10%
7209263537,Value Mismatch,valueusd,Calculated vs reported value differs by >10%
7209321013,Value Mismatch,valueusd,Calculated vs reported value differs by >10%
7209161757,Value Mismatch,valueusd,Calculated vs reported value differs by >10%
7209213176,Value Mismatch,valueusd,Calculated vs reported value differs by >10%
7209208128,Value Mismatch,valueusd,Calculated vs reported value differs by >10%
7209174154,Value Mismatch,valueusd,Calculated vs reported value differs by >10%
7209320615,Value Mismatch,valueusd,Calculated vs reported value differs by >10%
7209320614,Value Mismatch,valueusd,Calculated vs reported value differs by >10%
4588520751,Value Mismatch,valueusd,Calculated vs reported value differs by >10%
4588464047,Value Mismatch,valueusd,Calculated vs reported value differs by >10%
4586877220,Value Mismatch,valueusd,Calculated vs reported value differs by >10%
4586877359,Value Mismatch,valueusd,Calculated vs reported value differs by >10%
4586875568,Value Mismatch,valueusd,Calculated vs reported value differs by >10%
4586848980,Value Mismatch,valueusd,Calculated vs reported value differs by >10%
4587038675,Value Mismatch,valueusd,Calculated vs reported value differs by >10%
4587033469,Value Mismatch,valueusd,Calculated vs reported value differs by >10%
4587031766,Value Mismatch,valueusd,Calculated vs reported value differs by >10%
4587029496,Value Mismatch,valueusd,Calculated vs reported value differs by >10%
4587024942,Value Mismatch,valueusd,Calculated vs reported value differs by >10%
4587024320,Value Mismatch,valueusd,Calculated vs reported value differs by >10%
4587074579,Value Mismatch,valueusd,Calculated vs reported value differs by >10%
4587057049,Value Mismatch,valueusd,Calculated vs reported value differs by >10%
4587052829,Value Mismatch,valueusd,Calculated vs reported value differs by >10%
4587047525,Value Mismatch,valueusd,Calculated vs reported value differs by >10%
4587064828,Value Mismatch,valueusd,Calculated vs reported value differs by >10%
4587060784,Value Mismatch,valueusd,Calculated vs reported value differs by >10%
4588542445,Value Mismatch,valueusd,Calculated vs reported value differs by >10%
4588488920,Value Mismatch,valueusd,Calculated vs reported value differs by >10%
7209248890,Value Mismatch,valueusd,Calculated vs reported value differs by >10%
7209163614,Value Mismatch,valueusd,Calculated vs reported value differs by >10%
7209320140,Value Mismatch,valueusd,Calculated vs reported value differs by >10%
7209320139,Value Mismatch,valueusd,Calculated vs reported value differs by >10%
7209163017,Value Mismatch,valueusd,Calculated vs reported value differs by >10%
7209145856,Value Mismatch,valueusd,Calculated vs reported value differs by >10%
7209145855,Value Mismatch,valueusd,Calculated vs reported value differs by >10%
7209163024,Value Mismatch,valueusd,Calculated vs reported value differs by >10%
7209190254,Value Mismatch,valueusd,Calculated vs reported value differs by >10%
7209247472,Value Mismatch,valueusd,Calculated vs reported value differs by >10%
7209244167,Value Mismatch,valueusd,Calculated vs reported value differs by >10%
7209244166,Value Mismatch,valueusd,Calculated vs reported value differs by >10%
7209244136,Value Mismatch,valueusd,Calculated vs reported value differs by >10%
7209244168,Value Mismatch,valueusd,Calculated vs reported value differs by >10%
4588614389,Value Mismatch,valueusd,Calculated vs reported value differs by >10%
7209181739,Value Mismatch,valueusd,Calculated vs reported value differs by >10%
7209178240,Value Mismatch,valueusd,Calculated vs reported value differs by >10%
7209178013,Value Mismatch,valueusd,Calculated vs reported value differs by >10%
7209181736,Value Mismatch,valueusd,Calculated vs reported value differs by >10%
7209178243,Value Mismatch,valueusd,Calculated vs reported value differs by >10%
7209155722,Value Mismatch,valueusd,Calculated vs reported value differs by >10%
7209155312,Value Mismatch,valueusd,Calculated vs reported value differs by >10%
7209319798,Value Mismatch,valueusd,Calculated vs reported value differs by >10%
7209138119,Value Mismatch,valueusd,Calculated vs reported value differs by >10%
7209263501,Value Mismatch,valueusd,Calculated vs reported value differs by >10%
7209239849,Value Mismatch,valueusd,Calculated vs reported value differs by >10%
7209239697,Value Mismatch,valueusd,Calculated vs reported value differs by >10%
7209319815,Value Mismatch,valueusd,Calculated vs reported value differs by >10%
7209235303,Value Mismatch,valueusd,Calculated vs reported value differs by >10%
7209235301,Value Mismatch,valueusd,Calculated vs reported value differs by >10%
7209235299,Value Mismatch,valueusd,Calculated vs reported value differs by >10%
4097865131,Value Mismatch,valueusd,Calculated vs reported value differs by >10%
4097477727,Value Mismatch,valueusd,Calculated vs reported value differs by >10%
4097470639,Value Mismatch,valueusd,Calculated vs reported value differs by >10%
4097525848,Value Mismatch,valueusd,Calculated vs reported value differs by >10%
4097523345,Value Mismatch,valueusd,Calculated vs reported value differs by >10%
4097520140,Value Mismatch,valueusd,Calculated vs reported value differs by >10%
4097492849,Value Mismatch,valueusd,Calculated vs reported value differs by >10%
4097860728,Value Mismatch,valueusd,Calculated vs reported value differs by >10%
4097857982,Value Mismatch,valueusd,Calculated vs reported value differs by >10%
4097834837,Value Mismatch,valueusd,Calculated vs reported value differs by >10%
4097805211,Value Mismatch,valueusd,Calculated vs reported value differs by >10%
4097832534,Value Mismatch,valueusd,Calculated vs reported value differs by >10%
4097816274,Value Mismatch,valueusd,Calculated vs reported value differs by >10%
4097847934,Value Mismatch,valueusd,Calculated vs reported value differs by >10%
4097826191,Value Mismatch,valueusd,Calculated vs reported value differs by >10%
4097824189,Value Mismatch,valueusd,Calculated vs reported value differs by >10%
4097793934,Value Mismatch,valueusd,Calculated vs reported value differs by >10%
4097865208,Value Mismatch,valueusd,Calculated vs reported value differs by >10%
4097865206,Value Mismatch,valueusd,Calculated vs reported value differs by >10%
4097842669,Value Mismatch,valueusd,Calculated vs reported value differs by >10%
4097814794,Value Mismatch,valueusd,Calculated vs reported value differs by >10%
4097862276,Value Mismatch,valueusd,Calculated vs reported value differs by >10%
4097798556,Value Mismatch,valueusd,Calculated vs reported value differs by >10%
4097798125,Value Mismatch,valueusd,Calculated vs reported value differs by >10%
4096710528,Value Mismatch,valueusd,Calculated vs reported value differs by >10%
4096707688,Value Mismatch,valueusd,Calculated vs reported value differs by >10%
4096705334,Value Mismatch,valueusd,Calculated vs reported value differs by >10%
4096744737,Value Mismatch,valueusd,Calculated vs reported value differs by >10%
4096743038,Value Mismatch,valueusd,Calculated vs reported value differs by >10%
4096736515,Value Mismatch,valueusd,Calculated vs reported value differs by >10%
4096729538,Value Mismatch,valueusd,Calculated vs reported value differs by >10%
4096721535,Value Mismatch,valueusd,Calculated vs reported value differs by >10%
4097838158,Value Mismatch,valueusd,Calculated vs reported value differs by >10%
4097837221,Value Mismatch,valueusd,Calculated vs reported value differs by >10%
4097809627,Value Mismatch,valueusd,Calculated vs reported value differs by >10%
4097809624,Value Mismatch,valueusd,Calculated vs reported value differs by >10%
4097794593,Value Mismatch,valueusd,Calculated vs reported value differs by >10%
4097832134,Value Mismatch,valueusd,Calculated vs reported value differs by >10%
4096720524,Value Mismatch,valueusd,Calculated vs reported value differs by >10%
4096739696,Value Mismatch,valueusd,Calculated vs reported value differs by >10%
4096728070,Value Mismatch,valueusd,Calculated vs reported value differs by >10%
4096724684,Value Mismatch,valueusd,Calculated vs reported value differs by >10%
4096723530,Value Mismatch,valueusd,Calculated vs reported value differs by >10%
4096722883,Value Mismatch,valueusd,Calculated vs reported value differs by >10%
4095085704,Value Mismatch,valueusd,Calculated vs reported value differs by >10%
4097914563,Value Mismatch,valueusd,Calculated vs reported value differs by >10%
4097826894,Value Mismatch,valueusd,Calculated vs reported value differs by >10%
4097821597,Value Mismatch,valueusd,Calculated vs reported value differs by >10%
4097821594,Value Mismatch,valueusd,Calculated vs reported value differs by >10%
4096887857,Value Mismatch,valueusd,Calculated vs reported value differs by >10%
4097881128,Value Mismatch,valueusd,Calculated vs reported value differs by >10%
4095116238,Value Mismatch,valueusd,Calculated vs reported value differs by >10%
4097920497,Value Mismatch,valueusd,Calculated vs reported value differs by >10%
4097920496,Value Mismatch,valueusd,Calculated vs reported value differs by >10%
4097909876,Value Mismatch,valueusd,Calculated vs reported value differs by >10%
4097909875,Value Mismatch,valueusd,Calculated vs reported value differs by >10%
4097909838,Value Mismatch,valueusd,Calculated vs reported value differs by >10%
4097848993,Value Mismatch,valueusd,Calculated vs reported value differs by >10%
4097879063,Value Mismatch,valueusd,Calculated vs reported value differs by >10%
4097797999,Value Mismatch,valueusd,Calculated vs reported value differs by >10%
4095159139,Value Mismatch,valueusd,Calculated vs reported value differs by >10%
4095103253,Value Mismatch,valueusd,Calculated vs reported value differs by >10%
950595475,Value Mismatch,valueusd,Calculated vs reported value differs by >10%
950494918,Value Mismatch,valueusd,Calculated vs reported value differs by >10%
950527323,Value Mismatch,valueusd,Calculated vs reported value differs by >10%
9438126532,Value Mismatch,valueusd,Calculated vs reported value differs by >10%
9438124772,Value Mismatch,valueusd,Calculated vs reported value differs by >10%
9438111145,Value Mismatch,valueusd,Calculated vs reported value differs by >10%
9438181289,Value Mismatch,valueusd,Calculated vs reported value differs by >10%
9438088904,Value Mismatch,valueusd,Calculated vs reported value differs by >10%
9439090464,Value Mismatch,valueusd,Calculated vs reported value differs by >10%
9438176045,Value Mismatch,valueusd,Calculated vs reported value differs by >10%
9438157805,Value Mismatch,valueusd,Calculated vs reported value differs by >10%
9438145906,Value Mismatch,valueusd,Calculated vs reported value differs by >10%
9439099760,Value Mismatch,valueusd,Calculated vs reported value differs by >10%
9438077492,Value Mismatch,valueusd,Calculated vs reported value differs by >10%
950593585,Value Mismatch,valueusd,Calculated vs reported value differs by >10%
950493219,Value Mismatch,valueusd,Calculated vs reported value differs by >10%
950582064,Value Mismatch,valueusd,Calculated vs reported value differs by >10%
950547766,Value Mismatch,valueusd,Calculated vs reported value differs by >10%
950526352,Value Mismatch,valueusd,Calculated vs reported value differs by >10%
950524638,Value Mismatch,valueusd,Calculated vs reported value differs by >10%
9439091896,Value Mismatch,valueusd,Calculated vs reported value differs by >10%
9438080214,Value Mismatch,valueusd,Calculated vs reported value differs by >10%
950589649,Value Mismatch,valueusd,Calculated vs reported value differs by >10%
950589231,Value Mismatch,valueusd,Calculated vs reported value differs by >10%
950555598,Value Mismatch,valueusd,Calculated vs reported value differs by >10%
950514972,Value Mismatch,valueusd,Calculated vs reported value differs by >10%
950520015,Value Mismatch,valueusd,Calculated vs reported value differs by >10%
950565545,Value Mismatch,valueusd,Calculated vs reported value differs by >10%
950514615,Value Mismatch,valueusd,Calculated vs reported value differs by >10%
9440503820,Value Mismatch,valueusd,Calculated vs reported value differs by >10%
9440663231,Value Mismatch,valueusd,Calculated vs reported value differs by >10%
9440656609,Value Mismatch,valueusd,Calculated vs reported value differs by >10%
9440652231,Value Mismatch,valueusd,Calculated vs reported value differs by >10%
9440484644,Value Mismatch,valueusd,Calculated vs reported value differs by >10%
9440673933,Value Mismatch,valueusd,Calculated vs reported value differs by >10%
9440670714,Value Mismatch,valueusd,Calculated vs reported value differs by >10%
9440664999,Value Mismatch,valueusd,Calculated vs reported value differs by >10%
9440646293,Value Mismatch,valueusd,Calculated vs reported value differs by >10%
9440685275,Value Mismatch,valueusd,Calculated vs reported value differs by >10%
9437826145,Value Mismatch,valueusd,Calculated vs reported value differs by >10%
9438904017,Value Mismatch,valueusd,Calculated vs reported value differs by >10%
9441579795,Value Mismatch,valueusd,Calculated vs reported value differs by >10%
9441550775,Value Mismatch,valueusd,Calculated vs reported value differs by >10%
9437841932,Value Mismatch,valueusd,Calculated vs reported value differs by >10%
9437838087,Value Mismatch,valueusd,Calculated vs reported value differs by >10%
9438815405,Value Mismatch,valueusd,Calculated vs reported value differs by >10%
950510234,Value Mismatch,valueusd,Calculated vs reported value differs by >10%
950579971,Value Mismatch,valueusd,Calculated vs reported value differs by >10%
950541045,Value Mismatch,valueusd,Calculated vs reported value differs by >10%
950510233,Value Mismatch,valueusd,Calculated vs reported value differs by >10%
950502266,Value Mismatch,valueusd,Calculated vs reported value differs by >10%
950502265,Value Mismatch,valueusd,Calculated vs reported value differs by >10%
950502264,Value Mismatch,valueusd,Calculated vs reported value differs by >10%
950502263,Value Mismatch,valueusd,Calculated vs reported value differs by >10%
950502262,Value Mismatch,valueusd,Calculated vs reported value differs by >10%
950502261,Value Mismatch,valueusd,Calculated vs reported value differs by >10%
950500796,Value Mismatch,valueusd,Calculated vs reported value differs by >10%
950500799,Value Mismatch,valueusd,Calculated vs reported value differs by >10%
950500798,Value Mismatch,valueusd,Calculated vs reported value differs by >10%
950500797,Value Mismatch,valueusd,Calculated vs reported value differs by >10%
950590587,Value Mismatch,valueusd,Calculated vs reported value differs by >10%
950590544,Value Mismatch,valueusd,Calculated vs reported value differs by >10%
950549852,Value Mismatch,valueusd,Calculated vs reported value differs by >10%
950549851,Value Mismatch,valueusd,Calculated vs reported value differs by >10%
950549916,Value Mismatch,valueusd,Calculated vs reported value differs by >10%
950573355,Value Mismatch,valueusd,Calculated vs reported value differs by >10%
950573335,Value Mismatch,valueusd,Calculated vs reported value differs by >10%
950573334,Value Mismatch,valueusd,Calculated vs reported value differs by >10%
950573333,Value Mismatch,valueusd,Calculated vs reported value differs by >10%
950573332,Value Mismatch,valueusd,Calculated vs reported value differs by >10%
950573331,Value Mismatch,valueusd,Calculated vs reported value differs by >10%
950530412,Value Mismatch,valueusd,Calculated vs reported value differs by >10%
950530411,Value Mismatch,valueusd,Calculated vs reported value differs by >10%
950530410,Value Mismatch,valueusd,Calculated vs reported value differs by >10%
950518896,Value Mismatch,valueusd,Calculated vs reported value differs by >10%
950518895,Value Mismatch,valueusd,Calculated vs reported value differs by >10%
950555902,Value Mismatch,valueusd,Calculated vs reported value differs by >10%
950606177,Value Mismatch,valueusd,Calculated vs reported value differs by >10%
950494779,Value Mismatch,valueusd,Calculated vs reported value differs by >10%
950494778,Value Mismatch,valueusd,Calculated vs reported value differs by >10%
950494811,Value Mismatch,valueusd,Calculated vs reported value differs by >10%
950550393,Value Mismatch,valueusd,Calculated vs reported value differs by >10%
950606650,Value Mismatch,valueusd,Calculated vs reported value differs by >10%
950608423,Value Mismatch,valueusd,Calculated vs reported value differs by >10%
950606425,Value Mismatch,valueusd,Calculated vs reported value differs by >10%
950499345,Value Mismatch,valueusd,Calculated vs reported value differs by >10%
950499348,Value Mismatch,valueusd,Calculated vs reported value differs by >10%
950592385,Value Mismatch,valueusd,Calculated vs reported value differs by >10%
950586593,Value Mismatch,valueusd,Calculated vs reported value differs by >10%
9438936655,Value Mismatch,valueusd,Calculated vs reported value differs by >10%
9437776982,Value Mismatch,valueusd,Calculated vs reported value differs by >10%
9437812047,Value Mismatch,valueusd,Calculated vs reported value differs by >10%
9437733473,Value Mismatch,valueusd,Calculated vs reported value differs by >10%
950581096,Value Mismatch,valueusd,Calculated vs reported value differs by >10%
950527922,Value Mismatch,valueusd,Calculated vs reported value differs by >10%
950527921,Value Mismatch,valueusd,Calculated vs reported value differs by >10%
9437800174,Value Mismatch,valueusd,Calculated vs reported value differs by >10%
9437798465,Value Mismatch,valueusd,Calculated vs reported value differs by >10%
9437752481,Value Mismatch,valueusd,Calculated vs reported value differs by >10%
10138869663,Value Mismatch,valueusd,Calculated vs reported value differs by >10%
10138963061,Value Mismatch,valueusd,Calculated vs reported value differs by >10%
10138881039,Value Mismatch,valueusd,Calculated vs reported value differs by >10%
10138810924,Value Mismatch,valueusd,Calculated vs reported value differs by >10%
10138810875,Value Mismatch,valueusd,Calculated vs reported value differs by >10%
235053629,Value Mismatch,valueusd,Calculated vs reported value differs by >10%
235053628,Value Mismatch,valueusd,Calculated vs reported value differs by >10%
235053627,Value Mismatch,valueusd,Calculated vs reported value differs by >10%
235053630,Value Mismatch,valueusd,Calculated vs reported value differs by >10%
10138869715,Value Mismatch,valueusd,Calculated vs reported value differs by >10%
10138868655,Value Mismatch,valueusd,Calculated vs reported value differs by >10%
10138824708,Value Mismatch,valueusd,Calculated vs reported value differs by >10%
10138817260,Value Mismatch,valueusd,Calculated vs reported value differs by >10%
10138799002,Value Mismatch,valueusd,Calculated vs reported value differs by >10%
10138896480,Value Mismatch,valueusd,Calculated vs reported value differs by >10%
10138862174,Value Mismatch,valueusd,Calculated vs reported value differs by >10%
10138819206,Value Mismatch,valueusd,Calculated vs reported value differs by >10%
10138815788,Value Mismatch,valueusd,Calculated vs reported value differs by >10%
234458862,Value Mismatch,valueusd,Calculated vs reported value differs by >10%
234458861,Value Mismatch,valueusd,Calculated vs reported value differs by >10%
10138896131,Value Mismatch,valueusd,Calculated vs reported value differs by >10%
10138861788,Value Mismatch,valueusd,Calculated vs reported value differs by >10%
10138816421,Value Mismatch,valueusd,Calculated vs reported value differs by >10%
10138816419,Value Mismatch,valueusd,Calculated vs reported value differs by >10%
234458863,Value Mismatch,valueusd,Calculated vs reported value differs by >10%
234458860,Value Mismatch,valueusd,Calculated vs reported value differs by >10%
233847836,Value Mismatch,valueusd,Calculated vs reported value differs by >10%
233564095,Value Mismatch,valueusd,Calculated vs reported value differs by >10%
233847842,Value Mismatch,valueusd,Calculated vs reported value differs by >10%
233851323,Value Mismatch,valueusd,Calculated vs reported value differs by >10%
233851320,Value Mismatch,valueusd,Calculated vs reported value differs by >10%
233851315,Value Mismatch,valueusd,Calculated vs reported value differs by >10%
233851313,Value Mismatch,valueusd,Calculated vs reported value differs by >10%
233851309,Value Mismatch,valueusd,Calculated vs reported value differs by >10%
233851307,Value Mismatch,valueusd,Calculated vs reported value differs by >10%
233851301,Value Mismatch,valueusd,Calculated vs reported value differs by >10%
233851293,Value Mismatch,valueusd,Calculated vs reported value differs by >10%
233564097,Value Mismatch,valueusd,Calculated vs reported value differs by >10%
233564096,Value Mismatch,valueusd,Calculated vs reported value differs by >10%
233564094,Value Mismatch,valueusd,Calculated vs reported value differs by >10%
233564093,Value Mismatch,valueusd,Calculated vs reported value differs by >10%
233564092,Value Mismatch,valueusd,Calculated vs reported value differs by >10%
233847837,Value Mismatch,valueusd,Calculated vs reported value differs by >10%
233851302,Value Mismatch,valueusd,Calculated vs reported value differs by >10%
233851299,Value Mismatch,valueusd,Calculated vs reported value differs by >10%
233847839,Value Mismatch,valueusd,Calculated vs reported value differs by >10%
233847838,Value Mismatch,valueusd,Calculated vs reported value differs by >10%
233851328,Value Mismatch,valueusd,Calculated vs reported value differs by >10%
233851327,Value Mismatch,valueusd,Calculated vs reported value differs by >10%
233851326,Value Mismatch,valueusd,Calculated vs reported value differs by >10%
233851325,Value Mismatch,valueusd,Calculated vs reported value differs by >10%
233851304,Value Mismatch,valueusd,Calculated vs reported value differs by >10%
233851303,Value Mismatch,valueusd,Calculated vs reported value differs by >10%
233851300,Value Mismatch,valueusd,Calculated vs reported value differs by >10%
233851298,Value Mismatch,valueusd,Calculated vs reported value differs by >10%
233851297,Value Mismatch,valueusd,Calculated vs reported value differs by >10%
233851296,Value Mismatch,valueusd,Calculated vs reported value differs by >10%
233851295,Value Mismatch,valueusd,Calculated vs reported value differs by >10%
233851294,Value Mismatch,valueusd,Calculated vs reported value differs by >10%
10138887908,Value Mismatch,valueusd,Calculated vs reported value differs by >10%
233847841,Value Mismatch,valueusd,Calculated vs reported value differs by >10%
233847840,Value Mismatch,valueusd,Calculated vs reported value differs by >10%
233853739,Value Mismatch,valueusd,Calculated vs reported value differs by >10%
233853738,Value Mismatch,valueusd,Calculated vs reported value differs by >10%
233853734,Value Mismatch,valueusd,Calculated vs reported value differs by >10%
233853732,Value Mismatch,valueusd,Calculated vs reported value differs by >10%
233853726,Value Mismatch,valueusd,Calculated vs reported value differs by >10%
233853725,Value Mismatch,valueusd,Calculated vs reported value differs by >10%
233853724,Value Mismatch,valueusd,Calculated vs reported value differs by >10%
233853723,Value Mismatch,valueusd,Calculated vs reported value differs by >10%
233853719,Value Mismatch,valueusd,Calculated vs reported value differs by >10%
233853718,Value Mismatch,valueusd,Calculated vs reported value differs by >10%
233853717,Value Mismatch,valueusd,Calculated vs reported value differs by >10%
233853716,Value Mismatch,valueusd,Calculated vs reported value differs by >10%
233853715,Value Mismatch,valueusd,Calculated vs reported value differs by >10%
233853714,Value Mismatch,valueusd,Calculated vs reported value differs by >10%
233853712,Value Mismatch,valueusd,Calculated vs reported value differs by >10%
233853741,Value Mismatch,valueusd,Calculated vs reported value differs by >10%
233853740,Value Mismatch,valueusd,Calculated vs reported value differs by >10%
233853737,Value Mismatch,valueusd,Calculated vs reported value differs by >10%
233853736,Value Mismatch,valueusd,Calculated vs reported value differs by >10%
233853735,Value Mismatch,valueusd,Calculated vs reported value differs by >10%
233853733,Value Mismatch,valueusd,Calculated vs reported value differs by >10%
233853731,Value Mismatch,valueusd,Calculated vs reported value differs by >10%
233853730,Value Mismatch,valueusd,Calculated vs reported value differs by >10%
233853729,Value Mismatch,valueusd,Calculated vs reported value differs by >10%
233853728,Value Mismatch,valueusd,Calculated vs reported value differs by >10%
233853727,Value Mismatch,valueusd,Calculated vs reported value differs by >10%
233853722,Value Mismatch,valueusd,Calculated vs reported value differs by >10%
233853721,Value Mismatch,valueusd,Calculated vs reported value differs by >10%
233853720,Value Mismatch,valueusd,Calculated vs reported value differs by >10%
233853713,Value Mismatch,valueusd,Calculated vs reported value differs by >10%
233853711,Value Mismatch,valueusd,Calculated vs reported value differs by >10%
233853710,Value Mismatch,valueusd,Calculated vs reported value differs by >10%
233853709,Value Mismatch,valueusd,Calculated vs reported value differs by >10%
233853708,Value Mismatch,valueusd,Calculated vs reported value differs by >10%
233853707,Value Mismatch,valueusd,Calculated vs reported value differs by >10%
233853706,Value Mismatch,valueusd,Calculated vs reported value differs by >10%
10138894883,Value Mismatch,valueusd,Calculated vs reported value differs by >10%
10138876401,Value Mismatch,valueusd,Calculated vs reported value differs by >10%
10138854367,Value Mismatch,valueusd,Calculated vs reported value differs by >10%
10138827171,Value Mismatch,valueusd,Calculated vs reported value differs by >10%
10138818936,Value Mismatch,valueusd,Calculated vs reported value differs by >10%
233851322,Value Mismatch,valueusd,Calculated vs reported value differs by >10%
233851321,Value Mismatch,valueusd,Calculated vs reported value differs by >10%
233851319,Value Mismatch,valueusd,Calculated vs reported value differs by >10%
233851316,Value Mismatch,valueusd,Calculated vs reported value differs by >10%
233851312,Value Mismatch,valueusd,Calculated vs reported value differs by >10%
233851308,Value Mismatch,valueusd,Calculated vs reported value differs by >10%
233851306,Value Mismatch,valueusd,Calculated vs reported value differs by >10%
233851305,Value Mismatch,valueusd,Calculated vs reported value differs by >10%
233851292,Value Mismatch,valueusd,Calculated vs reported value differs by >10%
233851324,Value Mismatch,valueusd,Calculated vs reported value differs by >10%
233851318,Value Mismatch,valueusd,Calculated vs reported value differs by >10%
233851317,Value Mismatch,valueusd,Calculated vs reported value differs by >10%
233851314,Value Mismatch,valueusd,Calculated vs reported value differs by >10%
233851311,Value Mismatch,valueusd,Calculated vs reported value differs by >10%
233851310,Value Mismatch,valueusd,Calculated vs reported value differs by >10%
233851291,Value Mismatch,valueusd,Calculated vs reported value differs by >10%
6302660503,Value Mismatch,valueusd,Calculated vs reported value differs by >10%
6302660502,Value Mismatch,valueusd,Calculated vs reported value differs by >10%
6304006532,Value Mismatch,valueusd,Calculated vs reported value differs by >10%
1807946004,Value Mismatch,valueusd,Calculated vs reported value differs by >10%
6302507320,Value Mismatch,valueusd,Calculated vs reported value differs by >10%
6302507319,Value Mismatch,valueusd,Calculated vs reported value differs by >10%
6302507321,Value Mismatch,valueusd,Calculated vs reported value differs by >10%
6302507326,Value Mismatch,valueusd,Calculated vs reported value differs by >10%
6302507325,Value Mismatch,valueusd,Calculated vs reported value differs by >10%
6302507324,Value Mismatch,valueusd,Calculated vs reported value differs by >10%
6302507323,Value Mismatch,valueusd,Calculated vs reported value differs by >10%
6302507330,Value Mismatch,valueusd,Calculated vs reported value differs by >10%
6302507328,Value Mismatch,valueusd,Calculated vs reported value differs by >10%
6302507332,Value Mismatch,valueusd,Calculated vs reported value differs by >10%
6302507331,Value Mismatch,valueusd,Calculated vs reported value differs by >10%
6303483651,Value Mismatch,valueusd,Calculated vs reported value differs by >10%
6303483650,Value Mismatch,valueusd,Calculated vs reported value differs by >10%
6303483649,Value Mismatch,valueusd,Calculated vs reported value differs by >10%
6302507327,Value Mismatch,valueusd,Calculated vs reported value differs by >10%
6302507329,Value Mismatch,valueusd,Calculated vs reported value differs by >10%
6302507322,Value Mismatch,valueusd,Calculated vs reported value differs by >10%
6302507318,Value Mismatch,valueusd,Calculated vs reported value differs by >10%
1807909453,Value Mismatch,valueusd,Calculated vs reported value differs by >10%
6302831380,Value Mismatch,valueusd,Calculated vs reported value differs by >10%
6302831375,Value Mismatch,valueusd,Calculated vs reported value differs by >10%
6302831386,Value Mismatch,valueusd,Calculated vs reported value differs by >10%
6302831384,Value Mismatch,valueusd,Calculated vs reported value differs by >10%
6302831383,Value Mismatch,valueusd,Calculated vs reported value differs by >10%
6302831376,Value Mismatch,valueusd,Calculated vs reported value differs by >10%
6302831389,Value Mismatch,valueusd,Calculated vs reported value differs by >10%
6302831388,Value Mismatch,valueusd,Calculated vs reported value differs by >10%
6302831387,Value Mismatch,valueusd,Calculated vs reported value differs by >10%
6302831385,Value Mismatch,valueusd,Calculated vs reported value differs by >10%
6302831382,Value Mismatch,valueusd,Calculated vs reported value differs by >10%
6302831381,Value Mismatch,valueusd,Calculated vs reported value differs by >10%
6302831379,Value Mismatch,valueusd,Calculated vs reported value differs by >10%
6302831378,Value Mismatch,valueusd,Calculated vs reported value differs by >10%
6302831377,Value Mismatch,valueusd,Calculated vs reported value differs by >10%
6302831374,Value Mismatch,valueusd,Calculated vs reported value differs by >10%
6302831373,Value Mismatch,valueusd,Calculated vs reported value differs by >10%
6302831372,Value Mismatch,valueusd,Calculated vs reported value differs by >10%
6302831371,Value Mismatch,valueusd,Calculated vs reported value differs by >10%
6302831370,Value Mismatch,valueusd,Calculated vs reported value differs by >10%
6302705764,Value Mismatch,valueusd,Calculated vs reported value differs by >10%
6302374109,Value Mismatch,valueusd,Calculated vs reported value differs by >10%
6302374108,Value Mismatch,valueusd,Calculated vs reported value differs by >10%
6302374101,Value Mismatch,valueusd,Calculated vs reported value differs by >10%
6302374100,Value Mismatch,valueusd,Calculated vs reported value differs by >10%
6302374105,Value Mismatch,valueusd,Calculated vs reported value differs by >10%
6302374104,Value Mismatch,valueusd,Calculated vs reported value differs by >10%
6302374103,Value Mismatch,valueusd,Calculated vs reported value differs by >10%
6302374102,Value Mismatch,valueusd,Calculated vs reported value differs by >10%
6305367960,Value Mismatch,valueusd,Calculated vs reported value differs by >10%
6305367959,Value Mismatch,valueusd,Calculated vs reported value differs by >10%
6305367958,Value Mismatch,valueusd,Calculated vs reported value differs by >10%
6305367957,Value Mismatch,valueusd,Calculated vs reported value differs by >10%
6302374107,Value Mismatch,valueusd,Calculated vs reported value differs by >10%
6302374106,Value Mismatch,valueusd,Calculated vs reported value differs by >10%
6302374098,Value Mismatch,valueusd,Calculated vs reported value differs by >10%
6302374097,Value Mismatch,valueusd,Calculated vs reported value differs by >10%
6302374095,Value Mismatch,valueusd,Calculated vs reported value differs by >10%
6302374094,Value Mismatch,valueusd,Calculated vs reported value differs by >10%
6302897388,Value Mismatch,valueusd,Calculated vs reported value differs by >10%
6302374099,Value Mismatch,valueusd,Calculated vs reported value differs by >10%
6302374096,Value Mismatch,valueusd,Calculated vs reported value differs by >10%
6302374093,Value Mismatch,valueusd,Calculated vs reported value differs by >10%
652868670,Value Mismatch,valueusd,Calculated vs reported value differs by >10%
652868669,Value Mismatch,valueusd,Calculated vs reported value differs by >10%
652868668,Value Mismatch,valueusd,Calculated vs reported value differs by >10%
652868667,Value Mismatch,valueusd,Calculated vs reported value differs by >10%
652868666,Value Mismatch,valueusd,Calculated vs reported value differs by >10%
652868665,Value Mismatch,valueusd,Calculated vs reported value differs by >10%
652868664,Value Mismatch,valueusd,Calculated vs reported value differs by >10%
652868663,Value Mismatch,valueusd,Calculated vs reported value differs by >10%
652868662,Value Mismatch,valueusd,Calculated vs reported value differs by >10%
652868661,Value Mismatch,valueusd,Calculated vs reported value differs by >10%
652868660,Value Mismatch,valueusd,Calculated vs reported value differs by >10%
652868659,Value Mismatch,valueusd,Calculated vs reported value differs by >10%
652868658,Value Mismatch,valueusd,Calculated vs reported value differs by >10%
652868657,Value Mismatch,valueusd,Calculated vs reported value differs by >10%
652868656,Value Mismatch,valueusd,Calculated vs reported value differs by >10%
652868655,Value Mismatch,valueusd,Calculated vs reported value differs by >10%
652868654,Value Mismatch,valueusd,Calculated vs reported value differs by >10%
652868653,Value Mismatch,valueusd,Calculated vs reported value differs by >10%
652868652,Value Mismatch,valueusd,Calculated vs reported value differs by >10%
652868651,Value Mismatch,valueusd,Calculated vs reported value differs by >10%
652868650,Value Mismatch,valueusd,Calculated vs reported value differs by >10%
652868649,Value Mismatch,valueusd,Calculated vs reported value differs by >10%
652868648,Value Mismatch,valueusd,Calculated vs reported value differs by >10%
652868205,Value Mismatch,valueusd,Calculated vs reported value differs by >10%
652868204,Value Mismatch,valueusd,Calculated vs reported value differs by >10%
652868203,Value Mismatch,valueusd,Calculated vs reported value differs by >10%
652868202,Value Mismatch,valueusd,Calculated vs reported value differs by >10%
652868201,Value Mismatch,valueusd,Calculated vs reported value differs by >10%
652868200,Value Mismatch,valueusd,Calculated vs reported value differs by >10%
652868199,Value Mismatch,valueusd,Calculated vs reported value differs by >10%
652868198,Value Mismatch,valueusd,Calculated vs reported value differs by >10%
652868197,Value Mismatch,valueusd,Calculated vs reported value differs by >10%
652868196,Value Mismatch,valueusd,Calculated vs reported value differs by >10%
652868195,Value Mismatch,valueusd,Calculated vs reported value differs by >10%
652868194,Value Mismatch,valueusd,Calculated vs reported value differs by >10%
652868193,Value Mismatch,valueusd,Calculated vs reported value differs by >10%
652868192,Value Mismatch,valueusd,Calculated vs reported value differs by >10%
652868191,Value Mismatch,valueusd,Calculated vs reported value differs by >10%
652868190,Value Mismatch,valueusd,Calculated vs reported value differs by >10%
652868189,Value Mismatch,valueusd,Calculated vs reported value differs by >10%
652868188,Value Mismatch,valueusd,Calculated vs reported value differs by >10%
652865158,Value Mismatch,valueusd,Calculated vs reported value differs by >10%
652865754,Value Mismatch,valueusd,Calculated vs reported value differs by >10%
652865753,Value Mismatch,valueusd,Calculated vs reported value differs by >10%
652865751,Value Mismatch,valueusd,Calculated vs reported value differs by >10%
652865314,Value Mismatch,valueusd,Calculated vs reported value differs by >10%
652865311,Value Mismatch,valueusd,Calculated vs reported value differs by >10%
652865310,Value Mismatch,valueusd,Calculated vs reported value differs by >10%
652865309,Value Mismatch,valueusd,Calculated vs reported value differs by >10%
652865308,Value Mismatch,valueusd,Calculated vs reported value differs by >10%
652865307,Value Mismatch,valueusd,Calculated vs reported value differs by >10%
652865306,Value Mismatch,valueusd,Calculated vs reported value differs by >10%
8336797890,Value Mismatch,valueusd,Calculated vs reported value differs by >10%
8336753985,Value Mismatch,valueusd,Calculated vs reported value differs by >10%
8336699323,Value Mismatch,valueusd,Calculated vs reported value differs by >10%
8336627746,Value Mismatch,valueusd,Calculated vs reported value differs by >10%
8336627745,Value Mismatch,valueusd,Calculated vs reported value differs by >10%
652868503,Value Mismatch,valueusd,Calculated vs reported value differs by >10%
652868502,Value Mismatch,valueusd,Calculated vs reported value differs by >10%
652868501,Value Mismatch,valueusd,Calculated vs reported value differs by >10%
652868500,Value Mismatch,valueusd,Calculated vs reported value differs by >10%
652868499,Value Mismatch,valueusd,Calculated vs reported value differs by >10%
652868498,Value Mismatch,valueusd,Calculated vs reported value differs by >10%
652865755,Value Mismatch,valueusd,Calculated vs reported value differs by >10%
652865752,Value Mismatch,valueusd,Calculated vs reported value differs by >10%
652865313,Value Mismatch,valueusd,Calculated vs reported value differs by >10%
652865312,Value Mismatch,valueusd,Calculated vs reported value differs by >10%
652865305,Value Mismatch,valueusd,Calculated vs reported value differs by >10%
652865304,Value Mismatch,valueusd,Calculated vs reported value differs by >10%
652865303,Value Mismatch,valueusd,Calculated vs reported value differs by >10%
652865302,Value Mismatch,valueusd,Calculated vs reported value differs by >10%
652865301,Value Mismatch,valueusd,Calculated vs reported value differs by >10%
652861375,Value Mismatch,valueusd,Calculated vs reported value differs by >10%
652861374,Value Mismatch,valueusd,Calculated vs reported value differs by >10%
652861373,Value Mismatch,valueusd,Calculated vs reported value differs by >10%
652861372,Value Mismatch,valueusd,Calculated vs reported value differs by >10%
652861371,Value Mismatch,valueusd,Calculated vs reported value differs by >10%
652861370,Value Mismatch,valueusd,Calculated vs reported value differs by >10%
652861369,Value Mismatch,valueusd,Calculated vs reported value differs by >10%
652861368,Value Mismatch,valueusd,Calculated vs reported value differs by >10%
652861367,Value Mismatch,valueusd,Calculated vs reported value differs by >10%
652861366,Value Mismatch,valueusd,Calculated vs reported value differs by >10%
8336623827,Value Mismatch,valueusd,Calculated vs reported value differs by >10%
652357863,Value Mismatch,valueusd,Calculated vs reported value differs by >10%
652357860,Value Mismatch,valueusd,Calculated vs reported value differs by >10%
652357858,Value Mismatch,valueusd,Calculated vs reported value differs by >10%
652357856,Value Mismatch,valueusd,Calculated vs reported value differs by >10%
652357850,Value Mismatch,valueusd,Calculated vs reported value differs by >10%
652357849,Value Mismatch,valueusd,Calculated vs reported value differs by >10%
652357848,Value Mismatch,valueusd,Calculated vs reported value differs by >10%
652357847,Value Mismatch,valueusd,Calculated vs reported value differs by >10%
652357862,Value Mismatch,valueusd,Calculated vs reported value differs by >10%
652357861,Value Mismatch,valueusd,Calculated vs reported value differs by >10%
652357859,Value Mismatch,valueusd,Calculated vs reported value differs by >10%
652357857,Value Mismatch,valueusd,Calculated vs reported value differs by >10%
652357855,Value Mismatch,valueusd,Calculated vs reported value differs by >10%
652357854,Value Mismatch,valueusd,Calculated vs reported value differs by >10%
652357853,Value Mismatch,valueusd,Calculated vs reported value differs by >10%
8336696747,Value Mismatch,valueusd,Calculated vs reported value differs by >10%
652357852,Value Mismatch,valueusd,Calculated vs reported value differs by >10%
652357851,Value Mismatch,valueusd,Calculated vs reported value differs by >10%
652357846,Value Mismatch,valueusd,Calculated vs reported value differs by >10%
652357845,Value Mismatch,valueusd,Calculated vs reported value differs by >10%
8336694905,Value Mismatch,valueusd,Calculated vs reported value differs by >10%
8336761853,Value Mismatch,valueusd,Calculated vs reported value differs by >10%
651803211,Value Mismatch,valueusd,Calculated vs reported value differs by >10%
651803210,Value Mismatch,valueusd,Calculated vs reported value differs by >10%
651803209,Value Mismatch,valueusd,Calculated vs reported value differs by >10%
8336705237,Value Mismatch,valueusd,Calculated vs reported value differs by >10%
651803208,Value Mismatch,valueusd,Calculated vs reported value differs by >10%
651803207,Value Mismatch,valueusd,Calculated vs reported value differs by >10%
651803206,Value Mismatch,valueusd,Calculated vs reported value differs by >10%
651803205,Value Mismatch,valueusd,Calculated vs reported value differs by >10%
651803204,Value Mismatch,valueusd,Calculated vs reported value differs by >10%
651803203,Value Mismatch,valueusd,Calculated vs reported value differs by >10%
651771720,Value Mismatch,valueusd,Calculated vs reported value differs by >10%
651771719,Value Mismatch,valueusd,Calculated vs reported value differs by >10%
651771718,Value Mismatch,valueusd,Calculated vs reported value differs by >10%
651771717,Value Mismatch,valueusd,Calculated vs reported value differs by >10%
651771716,Value Mismatch,valueusd,Calculated vs reported value differs by >10%
651771715,Value Mismatch,valueusd,Calculated vs reported value differs by >10%
651771714,Value Mismatch,valueusd,Calculated vs reported value differs by >10%
651771713,Value Mismatch,valueusd,Calculated vs reported value differs by >10%
651771712,Value Mismatch,valueusd,Calculated vs reported value differs by >10%
651771711,Value Mismatch,valueusd,Calculated vs reported value differs by >10%
651771710,Value Mismatch,valueusd,Calculated vs reported value differs by >10%
651771709,Value Mismatch,valueusd,Calculated vs reported value differs by >10%
651771708,Value Mismatch,valueusd,Calculated vs reported value differs by >10%
651771706,Value Mismatch,valueusd,Calculated vs reported value differs by >10%
651771705,Value Mismatch,valueusd,Calculated vs reported value differs by >10%
3699018435,Value Mismatch,valueusd,Calculated vs reported value differs by >10%
3699018434,Value Mismatch,valueusd,Calculated vs reported value differs by >10%
3699018433,Value Mismatch,valueusd,Calculated vs reported value differs by >10%
3699018432,Value Mismatch,valueusd,Calculated vs reported value differs by >10%
3699018431,Value Mismatch,valueusd,Calculated vs reported value differs by >10%
3699018430,Value Mismatch,valueusd,Calculated vs reported value differs by >10%
3699018429,Value Mismatch,valueusd,Calculated vs reported value differs by >10%
3699018428,Value Mismatch,valueusd,Calculated vs reported value differs by >10%
3699018427,Value Mismatch,valueusd,Calculated vs reported value differs by >10%
3699018426,Value Mismatch,valueusd,Calculated vs reported value differs by >10%
3699018425,Value Mismatch,valueusd,Calculated vs reported value differs by >10%
3699018424,Value Mismatch,valueusd,Calculated vs reported value differs by >10%
3699018423,Value Mismatch,valueusd,Calculated vs reported value differs by >10%
3699018422,Value Mismatch,valueusd,Calculated vs reported value differs by >10%
3699018421,Value Mismatch,valueusd,Calculated vs reported value differs by >10%
3699018420,Value Mismatch,valueusd,Calculated vs reported value differs by >10%
3699018419,Value Mismatch,valueusd,Calculated vs reported value differs by >10%
3699018418,Value Mismatch,valueusd,Calculated vs reported value differs by >10%
3699018417,Value Mismatch,valueusd,Calculated vs reported value differs by >10%
3699018416,Value Mismatch,valueusd,Calculated vs reported value differs by >10%
3699018415,Value Mismatch,valueusd,Calculated vs reported value differs by >10%
3699018414,Value Mismatch,valueusd,Calculated vs reported value differs by >10%
3699018413,Value Mismatch,valueusd,Calculated vs reported value differs by >10%
3699018412,Value Mismatch,valueusd,Calculated vs reported value differs by >10%
3699018411,Value Mismatch,valueusd,Calculated vs reported value differs by >10%
3699018410,Value Mismatch,valueusd,Calculated vs reported value differs by >10%
3699018409,Value Mismatch,valueusd,Calculated vs reported value differs by >10%
3699018408,Value Mismatch,valueusd,Calculated vs reported value differs by >10%
3699018407,Value Mismatch,valueusd,Calculated vs reported value differs by >10%
3699018406,Value Mismatch,valueusd,Calculated vs reported value differs by >10%
3699018405,Value Mismatch,valueusd,Calculated vs reported value differs by >10%
5642199565,Value Mismatch,valueusd,Calculated vs reported value differs by >10%
5642185171,Value Mismatch,valueusd,Calculated vs reported value differs by >10%
5642185170,Value Mismatch,valueusd,Calculated vs reported value differs by >10%
3698992905,Value Mismatch,valueusd,Calculated vs reported value differs by >10%
5642181069,Value Mismatch,valueusd,Calculated vs reported value differs by >10%
3699018867,Value Mismatch,valueusd,Calculated vs reported value differs by >10%
3699018866,Value Mismatch,valueusd,Calculated vs reported value differs by >10%
3699018865,Value Mismatch,valueusd,Calculated vs reported value differs by >10%
3699018864,Value Mismatch,valueusd,Calculated vs reported value differs by >10%
3699018863,Value Mismatch,valueusd,Calculated vs reported value differs by >10%
3699018862,Value Mismatch,valueusd,Calculated vs reported value differs by >10%
3699018436,Value Mismatch,valueusd,Calculated vs reported value differs by >10%
3699018404,Value Mismatch,valueusd,Calculated vs reported value differs by >10%
3699018403,Value Mismatch,valueusd,Calculated vs reported value differs by >10%
3699018402,Value Mismatch,valueusd,Calculated vs reported value differs by >10%
3699018401,Value Mismatch,valueusd,Calculated vs reported value differs by >10%
3699018400,Value Mismatch,valueusd,Calculated vs reported value differs by >10%
3699018399,Value Mismatch,valueusd,Calculated vs reported value differs by >10%
3699018398,Value Mismatch,valueusd,Calculated vs reported value differs by >10%
3699018397,Value Mismatch,valueusd,Calculated vs reported value differs by >10%
3699018396,Value Mismatch,valueusd,Calculated vs reported value differs by >10%
3699018395,Value Mismatch,valueusd,Calculated vs reported value differs by >10%
3699018394,Value Mismatch,valueusd,Calculated vs reported value differs by >10%
3699018393,Value Mismatch,valueusd,Calculated vs reported value differs by >10%
3699018392,Value Mismatch,valueusd,Calculated vs reported value differs by >10%
3699018391,Value Mismatch,valueusd,Calculated vs reported value differs by >10%
3699018390,Value Mismatch,valueusd,Calculated vs reported value differs by >10%
3699018389,Value Mismatch,valueusd,Calculated vs reported value differs by >10%
3699018388,Value Mismatch,valueusd,Calculated vs reported value differs by >10%
3699018387,Value Mismatch,valueusd,Calculated vs reported value differs by >10%
3699018386,Value Mismatch,valueusd,Calculated vs reported value differs by >10%
3699018385,Value Mismatch,valueusd,Calculated vs reported value differs by >10%
3698992904,Value Mismatch,valueusd,Calculated vs reported value differs by >10%
5642176228,Value Mismatch,valueusd,Calculated vs reported value differs by >10%
5642186428,Value Mismatch,valueusd,Calculated vs reported value differs by >10%
3698992903,Value Mismatch,valueusd,Calculated vs reported value differs by >10%
3698992902,Value Mismatch,valueusd,Calculated vs reported value differs by >10%
3698992901,Value Mismatch,valueusd,Calculated vs reported value differs by >10%
3698992608,Value Mismatch,valueusd,Calculated vs reported value differs by >10%
5642267271,Value Mismatch,valueusd,Calculated vs reported value differs by >10%
5642267270,Value Mismatch,valueusd,Calculated vs reported value differs by >10%
5642267226,Value Mismatch,valueusd,Calculated vs reported value differs by >10%
5642264731,Value Mismatch,valueusd,Calculated vs reported value differs by >10%
5642183571,Value Mismatch,valueusd,Calculated vs reported value differs by >10%
5642178615,Value Mismatch,valueusd,Calculated vs reported value differs by >10%
3698409449,Value Mismatch,valueusd,Calculated vs reported value differs by >10%
3698409448,Value Mismatch,valueusd,Calculated vs reported value differs by >10%
3698409447,Value Mismatch,valueusd,Calculated vs reported value differs by >10%
3698409446,Value Mismatch,valueusd,Calculated vs reported value differs by >10%
3700578648,Value Mismatch,valueusd,Calculated vs reported value differs by >10%
5642170879,Value Mismatch,valueusd,Calculated vs reported value differs by >10%
5642257791,Value Mismatch,valueusd,Calculated vs reported value differs by >10%
3701107644,Value Mismatch,valueusd,Calculated vs reported value differs by >10%
3701107643,Value Mismatch,valueusd,Calculated vs reported value differs by >10%
5642165864,Value Mismatch,valueusd,Calculated vs reported value differs by >10%
5642165803,Value Mismatch,valueusd,Calculated vs reported value differs by >10%
5642264519,Value Mismatch,valueusd,Calculated vs reported value differs by >10%
5642248927,Value Mismatch,valueusd,Calculated vs reported value differs by >10%
5642166195,Value Mismatch,valueusd,Calculated vs reported value differs by >10%
5642267206,Value Mismatch,valueusd,Calculated vs reported value differs by >10%
3698201628,Value Mismatch,valueusd,Calculated vs reported value differs by >10%
3698201627,Value Mismatch,valueusd,Calculated vs reported value differs by >10%
3698201626,Value Mismatch,valueusd,Calculated vs reported value differs by >10%
3698201625,Value Mismatch,valueusd,Calculated vs reported value differs by >10%
3698201624,Value Mismatch,valueusd,Calculated vs reported value differs by >10%
3698201623,Value Mismatch,valueusd,Calculated vs reported value differs by >10%
3698201622,Value Mismatch,valueusd,Calculated vs reported value differs by >10%
3698201621,Value Mismatch,valueusd,Calculated vs reported value differs by >10%
3698201620,Value Mismatch,valueusd,Calculated vs reported value differs by >10%
3698201619,Value Mismatch,valueusd,Calculated vs reported value differs by >10%
3698201618,Value Mismatch,valueusd,Calculated vs reported value differs by >10%
5642244533,Value Mismatch,valueusd,Calculated vs reported value differs by >10%
5642243702,Value Mismatch,valueusd,Calculated vs reported value differs by >10%
5642239100,Value Mismatch,valueusd,Calculated vs reported value differs by >10%
5642163446,Value Mismatch,valueusd,Calculated vs reported value differs by >10%
5642257903,Value Mismatch,valueusd,Calculated vs reported value differs by >10%
2198051936,Low Price,unit_price,Suspiciously low unit price (26.15)
2198086772,Low Price,unit_price,Suspiciously low unit price (37.67)
2198082321,Low Price,unit_price,Suspiciously low unit price (9.57)
2198078409,Low Price,unit_price,Suspiciously low unit price (18.19)
2198008392,Low Price,unit_price,Suspiciously low unit price (3.62)
2198218227,Low Price,unit_price,Suspiciously low unit price (18.19)
2198201510,Low Price,unit_price,Suspiciously low unit price (14.74)
2198200997,Low Price,unit_price,Suspiciously low unit price (6.37)
2198172615,Low Price,unit_price,Suspiciously low unit price (2.01)
2198164282,Low Price,unit_price,Suspiciously low unit price (2.94)
2198110718,Low Price,unit_price,Suspiciously low unit price (11.37)
2198106911,Low Price,unit_price,Suspiciously low unit price (9.21)
2198106734,Low Price,unit_price,Suspiciously low unit price (8.29)
2198104460,Low Price,unit_price,Suspiciously low unit price (5.69)
2198028917,Low Price,unit_price,Suspiciously low unit price (22.74)
2198034805,Low Price,unit_price,Suspiciously low unit price (5.16)
2198069145,Low Price,unit_price,Suspiciously low unit price (29.32)
2198146269,Low Price,unit_price,Suspiciously low unit price (14.86)
2198140329,Low Price,unit_price,Suspiciously low unit price (7.57)
2198123866,Low Price,unit_price,Suspiciously low unit price (11.05)
2198243511,Low Price,unit_price,Suspiciously low unit price (7.37)
2198233854,Low Price,unit_price,Suspiciously low unit price (8.29)
7263655805,Low Price,unit_price,Suspiciously low unit price (43.75)
8616521836,Low Price,unit_price,Suspiciously low unit price (33.49)
8615778897,Low Price,unit_price,Suspiciously low unit price (31.92)
8616568005,Low Price,unit_price,Suspiciously low unit price (32.99)
8616559950,Low Price,unit_price,Suspiciously low unit price (17.54)
8616464140,Low Price,unit_price,Suspiciously low unit price (19.11)
8616546529,Low Price,unit_price,Suspiciously low unit price (2.81)
8616627538,Low Price,unit_price,Suspiciously low unit price (3.63)
8616618598,Low Price,unit_price,Suspiciously low unit price (2.42)
8616519383,Low Price,unit_price,Suspiciously low unit price (3.63)
8616610509,Low Price,unit_price,Suspiciously low unit price (2.42)
8616608809,Low Price,unit_price,Suspiciously low unit price (3.63)
8615780204,Low Price,unit_price,Suspiciously low unit price (2.42)
8616654340,Low Price,unit_price,Suspiciously low unit price (3.63)
8616540965,Low Price,unit_price,Suspiciously low unit price (2.42)
1441137423,Low Price,unit_price,Suspiciously low unit price (15.26)
1441256218,Low Price,unit_price,Suspiciously low unit price (10.17)
1441255983,Low Price,unit_price,Suspiciously low unit price (5.09)
1441244798,Low Price,unit_price,Suspiciously low unit price (5.09)
1441192242,Low Price,unit_price,Suspiciously low unit price (35.61)
1441080348,Low Price,unit_price,Suspiciously low unit price (0.51)
1441071786,Low Price,unit_price,Suspiciously low unit price (15.26)
1441220016,Low Price,unit_price,Suspiciously low unit price (32.56)
1441216302,Low Price,unit_price,Suspiciously low unit price (8.14)
1441045535,Low Price,unit_price,Suspiciously low unit price (6.1)
1441204701,Low Price,unit_price,Suspiciously low unit price (30.52)
1441211892,Low Price,unit_price,Suspiciously low unit price (3.05)
1441211672,Low Price,unit_price,Suspiciously low unit price (4.58)
1441037312,Low Price,unit_price,Suspiciously low unit price (20.35)
1441193786,Low Price,unit_price,Suspiciously low unit price (30.52)
1441062627,Low Price,unit_price,Suspiciously low unit price (38.66)
1441302725,Low Price,unit_price,Suspiciously low unit price (2.03)
1441292962,Low Price,unit_price,Suspiciously low unit price (8.14)
1441291619,Low Price,unit_price,Suspiciously low unit price (8.14)
1441291070,Low Price,unit_price,Suspiciously low unit price (10.17)
1441089145,Low Price,unit_price,Suspiciously low unit price (6.1)
1441174003,Low Price,unit_price,Suspiciously low unit price (8.14)
1441172537,Low Price,unit_price,Suspiciously low unit price (3.05)
1441171069,Low Price,unit_price,Suspiciously low unit price (3.05)
1441169683,Low Price,unit_price,Suspiciously low unit price (7.12)
1441188156,Low Price,unit_price,Suspiciously low unit price (15.26)
1441186076,Low Price,unit_price,Suspiciously low unit price (12.21)
1441331131,Low Price,unit_price,Suspiciously low unit price (35.86)
1441236912,Low Price,unit_price,Suspiciously low unit price (5.34)
1441124780,Low Price,unit_price,Suspiciously low unit price (7.12)
1441122976,Low Price,unit_price,Suspiciously low unit price (15.26)
1441228617,Low Price,unit_price,Suspiciously low unit price (8.14)
1441118873,Low Price,unit_price,Suspiciously low unit price (10.17)
1441117619,Low Price,unit_price,Suspiciously low unit price (4.07)
1441032162,Low Price,unit_price,Suspiciously low unit price (40.69)
1441019506,Low Price,unit_price,Suspiciously low unit price (8.14)
1441103956,Low Price,unit_price,Suspiciously low unit price (13.23)
1441103350,Low Price,unit_price,Suspiciously low unit price (5.09)
1441054559,Low Price,unit_price,Suspiciously low unit price (12.21)
1441052279,Low Price,unit_price,Suspiciously low unit price (22.89)
1441093786,Low Price,unit_price,Suspiciously low unit price (3.05)
1441156894,Low Price,unit_price,Suspiciously low unit price (43.75)
1441147963,Low Price,unit_price,Suspiciously low unit price (30.52)
1441137575,Low Price,unit_price,Suspiciously low unit price (44.1)
1441277937,Low Price,unit_price,Suspiciously low unit price (16.54)
1441073878,Low Price,unit_price,Suspiciously low unit price (47.41)
1441310466,Low Price,unit_price,Suspiciously low unit price (4.41)
1441294351,Low Price,unit_price,Suspiciously low unit price (9.37)
1441331139,Low Price,unit_price,Suspiciously low unit price (33.07)
8971068973,Low Price,unit_price,Suspiciously low unit price (46.89)
8971041661,Low Price,unit_price,Suspiciously low unit price (7.15)
8971041174,Low Price,unit_price,Suspiciously low unit price (11.13)
8971139006,Low Price,unit_price,Suspiciously low unit price (11.13)
8971214262,Low Price,unit_price,Suspiciously low unit price (16.69)
8971075897,Low Price,unit_price,Suspiciously low unit price (0.86)
8971075388,Low Price,unit_price,Suspiciously low unit price (0.86)
8971074106,Low Price,unit_price,Suspiciously low unit price (0.86)
8971071436,Low Price,unit_price,Suspiciously low unit price (35.06)
8971071212,Low Price,unit_price,Suspiciously low unit price (0.86)
8971070800,Low Price,unit_price,Suspiciously low unit price (37.62)
8971087228,Low Price,unit_price,Suspiciously low unit price (0.86)
8971053702,Low Price,unit_price,Suspiciously low unit price (0.86)
8971152845,Low Price,unit_price,Suspiciously low unit price (0.86)
8971148643,Low Price,unit_price,Suspiciously low unit price (0.86)
8971141876,Low Price,unit_price,Suspiciously low unit price (0.86)
8971090776,Low Price,unit_price,Suspiciously low unit price (0.86)
8971089449,Low Price,unit_price,Suspiciously low unit price (0.86)
8971112174,Low Price,unit_price,Suspiciously low unit price (0.86)
8971197372,Low Price,unit_price,Suspiciously low unit price (0.86)
8971052123,Low Price,unit_price,Suspiciously low unit price (5.13)
8971047815,Low Price,unit_price,Suspiciously low unit price (18.81)
8971045629,Low Price,unit_price,Suspiciously low unit price (0.86)
8971041307,Low Price,unit_price,Suspiciously low unit price (13.68)
8971061964,Low Price,unit_price,Suspiciously low unit price (0.86)
8971190115,Low Price,unit_price,Suspiciously low unit price (0.86)
8971189398,Low Price,unit_price,Suspiciously low unit price (1.71)
8971182063,Low Price,unit_price,Suspiciously low unit price (0.86)
8971168768,Low Price,unit_price,Suspiciously low unit price (25.65)
8971168268,Low Price,unit_price,Suspiciously low unit price (14.54)
8971168214,Low Price,unit_price,Suspiciously low unit price (1.71)
8971164617,Low Price,unit_price,Suspiciously low unit price (0.86)
8971163876,Low Price,unit_price,Suspiciously low unit price (14.54)
8971162522,Low Price,unit_price,Suspiciously low unit price (29.93)
8971162387,Low Price,unit_price,Suspiciously low unit price (17.1)
8971058423,Low Price,unit_price,Suspiciously low unit price (0.86)
8971057951,Low Price,unit_price,Suspiciously low unit price (17.95)
8971211227,Low Price,unit_price,Suspiciously low unit price (0.85)
8971207778,Low Price,unit_price,Suspiciously low unit price (35.06)
8971206720,Low Price,unit_price,Suspiciously low unit price (5.98)
8971202255,Low Price,unit_price,Suspiciously low unit price (2.57)
8971136687,Low Price,unit_price,Suspiciously low unit price (2.57)
8971135627,Low Price,unit_price,Suspiciously low unit price (0.86)
8971153594,Low Price,unit_price,Suspiciously low unit price (0.86)
8971119550,Low Price,unit_price,Suspiciously low unit price (46.17)
8971118605,Low Price,unit_price,Suspiciously low unit price (0.86)
8971118277,Low Price,unit_price,Suspiciously low unit price (0.86)
8971112734,Low Price,unit_price,Suspiciously low unit price (5.99)
8971141018,Low Price,unit_price,Suspiciously low unit price (23.09)
8971140739,Low Price,unit_price,Suspiciously low unit price (0.86)
8971100505,Low Price,unit_price,Suspiciously low unit price (0.86)
8971236570,Low Price,unit_price,Suspiciously low unit price (0.86)
8971232514,Low Price,unit_price,Suspiciously low unit price (0.86)
8971229928,Low Price,unit_price,Suspiciously low unit price (0.86)
8971229227,Low Price,unit_price,Suspiciously low unit price (3.42)
8971225476,Low Price,unit_price,Suspiciously low unit price (0.86)
8971223565,Low Price,unit_price,Suspiciously low unit price (0.86)
8971220648,Low Price,unit_price,Suspiciously low unit price (0.86)
8971067388,Low Price,unit_price,Suspiciously low unit price (5.99)
8971067005,Low Price,unit_price,Suspiciously low unit price (0.86)
8971037223,Low Price,unit_price,Suspiciously low unit price (0.86)
8971037186,Low Price,unit_price,Suspiciously low unit price (29.93)
8971033694,Low Price,unit_price,Suspiciously low unit price (0.86)
8971031245,Low Price,unit_price,Suspiciously low unit price (8.55)
8971025450,Low Price,unit_price,Suspiciously low unit price (0.86)
8971022928,Low Price,unit_price,Suspiciously low unit price (20.52)
8971213442,Low Price,unit_price,Suspiciously low unit price (0.86)
8971099263,Low Price,unit_price,Suspiciously low unit price (2.57)
8971097597,Low Price,unit_price,Suspiciously low unit price (0.86)
8971016904,Low Price,unit_price,Suspiciously low unit price (2.57)
8971093114,Low Price,unit_price,Suspiciously low unit price (1.71)
8971838770,Low Price,unit_price,Suspiciously low unit price (12.57)
8970289646,Low Price,unit_price,Suspiciously low unit price (0.92)
8970289314,Low Price,unit_price,Suspiciously low unit price (15.7)
8970285043,Low Price,unit_price,Suspiciously low unit price (0.92)
8970285315,Low Price,unit_price,Suspiciously low unit price (16.76)
8970281982,Low Price,unit_price,Suspiciously low unit price (0.92)
8970274048,Low Price,unit_price,Suspiciously low unit price (6.47)
8970372965,Low Price,unit_price,Suspiciously low unit price (1.85)
8970366246,Low Price,unit_price,Suspiciously low unit price (49.88)
8970262576,Low Price,unit_price,Suspiciously low unit price (2.77)
8970261876,Low Price,unit_price,Suspiciously low unit price (19.4)
8970261060,Low Price,unit_price,Suspiciously low unit price (24.09)
8970259668,Low Price,unit_price,Suspiciously low unit price (1.85)
8970259602,Low Price,unit_price,Suspiciously low unit price (43.41)
8970257386,Low Price,unit_price,Suspiciously low unit price (2.77)
8970254884,Low Price,unit_price,Suspiciously low unit price (0.92)
8970251873,Low Price,unit_price,Suspiciously low unit price (5.24)
8970249631,Low Price,unit_price,Suspiciously low unit price (37.87)
8970362841,Low Price,unit_price,Suspiciously low unit price (0.92)
8970358311,Low Price,unit_price,Suspiciously low unit price (0.92)
8970354553,Low Price,unit_price,Suspiciously low unit price (0.92)
8970382790,Low Price,unit_price,Suspiciously low unit price (3.67)
8970378937,Low Price,unit_price,Suspiciously low unit price (0.92)
8970374503,Low Price,unit_price,Suspiciously low unit price (0.92)
8970244561,Low Price,unit_price,Suspiciously low unit price (0.92)
8970248099,Low Price,unit_price,Suspiciously low unit price (0.92)
8970242566,Low Price,unit_price,Suspiciously low unit price (0.92)
8970390216,Low Price,unit_price,Suspiciously low unit price (0.92)
8970390545,Low Price,unit_price,Suspiciously low unit price (0.92)
8970385988,Low Price,unit_price,Suspiciously low unit price (37.87)
8970389791,Low Price,unit_price,Suspiciously low unit price (16.76)
8970414713,Low Price,unit_price,Suspiciously low unit price (6.28)
8970402638,Low Price,unit_price,Suspiciously low unit price (1.85)
8970401564,Low Price,unit_price,Suspiciously low unit price (0.92)
8970400604,Low Price,unit_price,Suspiciously low unit price (0.84)
8970240039,Low Price,unit_price,Suspiciously low unit price (0.92)
8970236516,Low Price,unit_price,Suspiciously low unit price (6.47)
8970234564,Low Price,unit_price,Suspiciously low unit price (0.92)
8970230689,Low Price,unit_price,Suspiciously low unit price (0.92)
8970219968,Low Price,unit_price,Suspiciously low unit price (0.92)
8970341098,Low Price,unit_price,Suspiciously low unit price (37.87)
8970339876,Low Price,unit_price,Suspiciously low unit price (15.7)
8970337880,Low Price,unit_price,Suspiciously low unit price (2.77)
8970337445,Low Price,unit_price,Suspiciously low unit price (3.7)
8970326640,Low Price,unit_price,Suspiciously low unit price (37.87)
8970327304,Low Price,unit_price,Suspiciously low unit price (0.92)
8970351886,Low Price,unit_price,Suspiciously low unit price (0.92)
8970346919,Low Price,unit_price,Suspiciously low unit price (0.92)
8970344986,Low Price,unit_price,Suspiciously low unit price (17.39)
8970347607,Low Price,unit_price,Suspiciously low unit price (0.92)
8970313898,Low Price,unit_price,Suspiciously low unit price (0.92)
8970299464,Low Price,unit_price,Suspiciously low unit price (20.94)
8970398846,Low Price,unit_price,Suspiciously low unit price (3.14)
7677617901,Low Price,unit_price,Suspiciously low unit price (3.32)
7677616788,Low Price,unit_price,Suspiciously low unit price (8.84)
7676819165,Low Price,unit_price,Suspiciously low unit price (18.3)
7677586965,Low Price,unit_price,Suspiciously low unit price (21.62)
7677630196,Low Price,unit_price,Suspiciously low unit price (28.05)
7677626543,Low Price,unit_price,Suspiciously low unit price (3.32)
7677621001,Low Price,unit_price,Suspiciously low unit price (3.32)
7677619015,Low Price,unit_price,Suspiciously low unit price (3.32)
7677584012,Low Price,unit_price,Suspiciously low unit price (41.38)
7677583167,Low Price,unit_price,Suspiciously low unit price (35.86)
7677579620,Low Price,unit_price,Suspiciously low unit price (3.32)
7677575963,Low Price,unit_price,Suspiciously low unit price (31.13)
7677571892,Low Price,unit_price,Suspiciously low unit price (41.38)
7677569034,Low Price,unit_price,Suspiciously low unit price (23.52)
7677645654,Low Price,unit_price,Suspiciously low unit price (37.44)
7677285855,Low Price,unit_price,Suspiciously low unit price (0.85)
7677284230,Low Price,unit_price,Suspiciously low unit price (9.12)
7677283049,Low Price,unit_price,Suspiciously low unit price (0.85)
7677283477,Low Price,unit_price,Suspiciously low unit price (0.85)
7677277559,Low Price,unit_price,Suspiciously low unit price (0.83)
7677276393,Low Price,unit_price,Suspiciously low unit price (0.85)
7677275835,Low Price,unit_price,Suspiciously low unit price (19.65)
7677272978,Low Price,unit_price,Suspiciously low unit price (24.05)
7677270656,Low Price,unit_price,Suspiciously low unit price (4.15)
7677269653,Low Price,unit_price,Suspiciously low unit price (3.32)
7677266912,Low Price,unit_price,Suspiciously low unit price (1.66)
7677265248,Low Price,unit_price,Suspiciously low unit price (19.07)
7677264804,Low Price,unit_price,Suspiciously low unit price (40.16)
7677264730,Low Price,unit_price,Suspiciously low unit price (28.19)
7677263344,Low Price,unit_price,Suspiciously low unit price (1.71)
7677260337,Low Price,unit_price,Suspiciously low unit price (33.17)
7677259986,Low Price,unit_price,Suspiciously low unit price (24.88)
7677259757,Low Price,unit_price,Suspiciously low unit price (14.93)
7677259748,Low Price,unit_price,Suspiciously low unit price (9.4)
7677258841,Low Price,unit_price,Suspiciously low unit price (8.29)
7677258097,Low Price,unit_price,Suspiciously low unit price (16.58)
7677304314,Low Price,unit_price,Suspiciously low unit price (4.98)
7677303824,Low Price,unit_price,Suspiciously low unit price (29.05)
7677303681,Low Price,unit_price,Suspiciously low unit price (23.22)
7677303418,Low Price,unit_price,Suspiciously low unit price (24.78)
7677301552,Low Price,unit_price,Suspiciously low unit price (0.85)
7677301320,Low Price,unit_price,Suspiciously low unit price (3.32)
7677301427,Low Price,unit_price,Suspiciously low unit price (4.27)
7677300715,Low Price,unit_price,Suspiciously low unit price (0.85)
7677299468,Low Price,unit_price,Suspiciously low unit price (11.96)
7677296085,Low Price,unit_price,Suspiciously low unit price (19.07)
7677294816,Low Price,unit_price,Suspiciously low unit price (31.61)
7677294455,Low Price,unit_price,Suspiciously low unit price (14.1)
7677293384,Low Price,unit_price,Suspiciously low unit price (21.36)
7677292415,Low Price,unit_price,Suspiciously low unit price (1.66)
7677291445,Low Price,unit_price,Suspiciously low unit price (18.8)
7677293037,Low Price,unit_price,Suspiciously low unit price (43.58)
7677252032,Low Price,unit_price,Suspiciously low unit price (49.75)
7677249281,Low Price,unit_price,Suspiciously low unit price (1.66)
7677248829,Low Price,unit_price,Suspiciously low unit price (8.29)
7677248715,Low Price,unit_price,Suspiciously low unit price (7.69)
7677248392,Low Price,unit_price,Suspiciously low unit price (36.49)
7677248357,Low Price,unit_price,Suspiciously low unit price (6.84)
7677330620,Low Price,unit_price,Suspiciously low unit price (38.45)
7677326022,Low Price,unit_price,Suspiciously low unit price (5.81)
7677326527,Low Price,unit_price,Suspiciously low unit price (0.85)
7677324945,Low Price,unit_price,Suspiciously low unit price (27.34)
7677321157,Low Price,unit_price,Suspiciously low unit price (6.63)
7677321120,Low Price,unit_price,Suspiciously low unit price (30.76)
7677316889,Low Price,unit_price,Suspiciously low unit price (7.46)
7677316157,Low Price,unit_price,Suspiciously low unit price (0.83)
7677312147,Low Price,unit_price,Suspiciously low unit price (0.85)
7677311554,Low Price,unit_price,Suspiciously low unit price (38.97)
7677311040,Low Price,unit_price,Suspiciously low unit price (14.1)
7677310752,Low Price,unit_price,Suspiciously low unit price (5.81)
7677310552,Low Price,unit_price,Suspiciously low unit price (5.8)
7677314909,Low Price,unit_price,Suspiciously low unit price (0.85)
7677308031,Low Price,unit_price,Suspiciously low unit price (22.39)
7677309038,Low Price,unit_price,Suspiciously low unit price (18.8)
7677307048,Low Price,unit_price,Suspiciously low unit price (8.29)
7677307013,Low Price,unit_price,Suspiciously low unit price (14.53)
7677306565,Low Price,unit_price,Suspiciously low unit price (3.42)
7677305154,Low Price,unit_price,Suspiciously low unit price (0.85)
7677304868,Low Price,unit_price,Suspiciously low unit price (0.85)
7677245219,Low Price,unit_price,Suspiciously low unit price (4.98)
7677240556,Low Price,unit_price,Suspiciously low unit price (12.44)
7677288702,Low Price,unit_price,Suspiciously low unit price (19.27)
7677285704,Low Price,unit_price,Suspiciously low unit price (21.42)
7677266095,Low Price,unit_price,Suspiciously low unit price (21.42)
7677262786,Low Price,unit_price,Suspiciously low unit price (1.78)
7677299814,Low Price,unit_price,Suspiciously low unit price (3.93)
7677297237,Low Price,unit_price,Suspiciously low unit price (5.35)
7677330893,Low Price,unit_price,Suspiciously low unit price (4.82)
7677311933,Low Price,unit_price,Suspiciously low unit price (3.78)
7677306642,Low Price,unit_price,Suspiciously low unit price (24.63)
7677237582,Low Price,unit_price,Suspiciously low unit price (10.61)
7677284240,Low Price,unit_price,Suspiciously low unit price (5.68)
7677281495,Low Price,unit_price,Suspiciously low unit price (20.83)
7677277554,Low Price,unit_price,Suspiciously low unit price (9.0)
7677272970,Low Price,unit_price,Suspiciously low unit price (5.85)
7677264250,Low Price,unit_price,Suspiciously low unit price (23.99)
7677259558,Low Price,unit_price,Suspiciously low unit price (35.71)
7677257427,Low Price,unit_price,Suspiciously low unit price (7.42)
7677256271,Low Price,unit_price,Suspiciously low unit price (4.95)
7677255567,Low Price,unit_price,Suspiciously low unit price (5.85)
7677301976,Low Price,unit_price,Suspiciously low unit price (28.72)
7677298183,Low Price,unit_price,Suspiciously low unit price (2.05)
7677297708,Low Price,unit_price,Suspiciously low unit price (28.25)
7677293707,Low Price,unit_price,Suspiciously low unit price (2.05)
7677249458,Low Price,unit_price,Suspiciously low unit price (21.94)
7677249372,Low Price,unit_price,Suspiciously low unit price (27.32)
7677248078,Low Price,unit_price,Suspiciously low unit price (15.63)
7677337297,Low Price,unit_price,Suspiciously low unit price (18.0)
7677334642,Low Price,unit_price,Suspiciously low unit price (25.75)
7677325275,Low Price,unit_price,Suspiciously low unit price (27.32)
7677316355,Low Price,unit_price,Suspiciously low unit price (2.05)
7677315633,Low Price,unit_price,Suspiciously low unit price (30.19)
7677310572,Low Price,unit_price,Suspiciously low unit price (21.01)
7677308057,Low Price,unit_price,Suspiciously low unit price (16.42)
7677307692,Low Price,unit_price,Suspiciously low unit price (36.79)
7677245676,Low Price,unit_price,Suspiciously low unit price (1.42)
7676833856,Low Price,unit_price,Suspiciously low unit price (36.08)
7676675340,Low Price,unit_price,Suspiciously low unit price (31.11)
7675598136,Low Price,unit_price,Suspiciously low unit price (47.0)
7676852323,Low Price,unit_price,Suspiciously low unit price (40.62)
7676870670,Low Price,unit_price,Suspiciously low unit price (10.4)
7676675608,Low Price,unit_price,Suspiciously low unit price (46.66)
7676856484,Low Price,unit_price,Suspiciously low unit price (40.15)
5316079311,Low Price,unit_price,Suspiciously low unit price (47.26)
5316103561,Low Price,unit_price,Suspiciously low unit price (10.53)
4235356394,Low Price,unit_price,Suspiciously low unit price (30.0)
4235333604,Low Price,unit_price,Suspiciously low unit price (37.62)
4235311883,Low Price,unit_price,Suspiciously low unit price (43.0)
4235303490,Low Price,unit_price,Suspiciously low unit price (10.75)
4235298196,Low Price,unit_price,Suspiciously low unit price (19.35)
4235266651,Low Price,unit_price,Suspiciously low unit price (35.54)
4235269670,Low Price,unit_price,Suspiciously low unit price (7.61)
4235287203,Low Price,unit_price,Suspiciously low unit price (1.45)
4235251702,Low Price,unit_price,Suspiciously low unit price (7.84)
4235313182,Low Price,unit_price,Suspiciously low unit price (5.54)
4235327958,Low Price,unit_price,Suspiciously low unit price (35.54)
4232376250,Low Price,unit_price,Suspiciously low unit price (7.75)
4232363653,Low Price,unit_price,Suspiciously low unit price (4.52)
4587024942,Low Price,unit_price,Suspiciously low unit price (47.59)
4096705334,Low Price,unit_price,Suspiciously low unit price (6.07)
4096744737,Low Price,unit_price,Suspiciously low unit price (12.14)
4096743038,Low Price,unit_price,Suspiciously low unit price (6.07)
4096736515,Low Price,unit_price,Suspiciously low unit price (7.08)
4096729538,Low Price,unit_price,Suspiciously low unit price (1.01)
4096722883,Low Price,unit_price,Suspiciously low unit price (38.15)
9438124772,Low Price,unit_price,Suspiciously low unit price (38.0)
9439090464,Low Price,unit_price,Suspiciously low unit price (38.0)
9438077492,Low Price,unit_price,Suspiciously low unit price (38.0)
9440652231,Low Price,unit_price,Suspiciously low unit price (14.73)
9440664999,Low Price,unit_price,Suspiciously low unit price (11.33)
950502263,Low Price,unit_price,Suspiciously low unit price (15.6)
950500796,Low Price,unit_price,Suspiciously low unit price (5.85)
950500799,Low Price,unit_price,Suspiciously low unit price (14.3)
950590544,Low Price,unit_price,Suspiciously low unit price (8.45)
950549851,Low Price,unit_price,Suspiciously low unit price (45.5)
950573355,Low Price,unit_price,Suspiciously low unit price (10.4)
950573331,Low Price,unit_price,Suspiciously low unit price (16.9)
950530411,Low Price,unit_price,Suspiciously low unit price (18.85)
950530410,Low Price,unit_price,Suspiciously low unit price (12.35)
950518896,Low Price,unit_price,Suspiciously low unit price (27.95)
950518895,Low Price,unit_price,Suspiciously low unit price (16.9)
233851320,Low Price,unit_price,Suspiciously low unit price (11.33)
233851313,Low Price,unit_price,Suspiciously low unit price (12.36)
233851293,Low Price,unit_price,Suspiciously low unit price (30.91)
233851299,Low Price,unit_price,Suspiciously low unit price (15.73)
233851304,Low Price,unit_price,Suspiciously low unit price (13.48)
233851300,Low Price,unit_price,Suspiciously low unit price (47.74)
233851295,Low Price,unit_price,Suspiciously low unit price (31.34)
233853739,Low Price,unit_price,Suspiciously low unit price (22.69)
233853738,Low Price,unit_price,Suspiciously low unit price (39.7)
233853732,Low Price,unit_price,Suspiciously low unit price (9.07)
233853726,Low Price,unit_price,Suspiciously low unit price (2.27)
233853725,Low Price,unit_price,Suspiciously low unit price (26.09)
233853724,Low Price,unit_price,Suspiciously low unit price (34.03)
233853723,Low Price,unit_price,Suspiciously low unit price (9.07)
233853719,Low Price,unit_price,Suspiciously low unit price (28.36)
233853718,Low Price,unit_price,Suspiciously low unit price (20.42)
233853716,Low Price,unit_price,Suspiciously low unit price (34.03)
233853715,Low Price,unit_price,Suspiciously low unit price (9.07)
233853714,Low Price,unit_price,Suspiciously low unit price (9.07)
233853740,Low Price,unit_price,Suspiciously low unit price (12.48)
233853737,Low Price,unit_price,Suspiciously low unit price (13.61)
233853736,Low Price,unit_price,Suspiciously low unit price (9.07)
233853735,Low Price,unit_price,Suspiciously low unit price (17.01)
233853730,Low Price,unit_price,Suspiciously low unit price (11.34)
233853729,Low Price,unit_price,Suspiciously low unit price (34.03)
233853727,Low Price,unit_price,Suspiciously low unit price (34.03)
233853722,Low Price,unit_price,Suspiciously low unit price (28.36)
233853721,Low Price,unit_price,Suspiciously low unit price (34.03)
233853720,Low Price,unit_price,Suspiciously low unit price (11.34)
233853710,Low Price,unit_price,Suspiciously low unit price (28.36)
233853709,Low Price,unit_price,Suspiciously low unit price (28.36)
233851322,Low Price,unit_price,Suspiciously low unit price (33.05)
233851321,Low Price,unit_price,Suspiciously low unit price (37.05)
233851316,Low Price,unit_price,Suspiciously low unit price (4.33)
233851312,Low Price,unit_price,Suspiciously low unit price (10.94)
233851308,Low Price,unit_price,Suspiciously low unit price (0.63)
233851306,Low Price,unit_price,Suspiciously low unit price (24.83)
233851292,Low Price,unit_price,Suspiciously low unit price (9.53)
233851318,Low Price,unit_price,Suspiciously low unit price (10.6)
233851317,Low Price,unit_price,Suspiciously low unit price (16.8)
233851311,Low Price,unit_price,Suspiciously low unit price (8.68)
233851291,Low Price,unit_price,Suspiciously low unit price (0.63)
6302831375,Low Price,unit_price,Suspiciously low unit price (32.37)
6302831386,Low Price,unit_price,Suspiciously low unit price (33.81)
6302831384,Low Price,unit_price,Suspiciously low unit price (16.27)
6302831376,Low Price,unit_price,Suspiciously low unit price (6.76)
6302831389,Low Price,unit_price,Suspiciously low unit price (14.09)
6302831387,Low Price,unit_price,Suspiciously low unit price (14.09)
6302831379,Low Price,unit_price,Suspiciously low unit price (31.94)
652868670,Low Price,unit_price,Suspiciously low unit price (13.57)
652868669,Low Price,unit_price,Suspiciously low unit price (42.81)
652868667,Low Price,unit_price,Suspiciously low unit price (9.68)
652868666,Low Price,unit_price,Suspiciously low unit price (20.83)
652868665,Low Price,unit_price,Suspiciously low unit price (17.01)
652868663,Low Price,unit_price,Suspiciously low unit price (19.83)
652868662,Low Price,unit_price,Suspiciously low unit price (31.27)
652868661,Low Price,unit_price,Suspiciously low unit price (15.31)
652868660,Low Price,unit_price,Suspiciously low unit price (7.42)
652868659,Low Price,unit_price,Suspiciously low unit price (42.45)
652868658,Low Price,unit_price,Suspiciously low unit price (18.79)
652868655,Low Price,unit_price,Suspiciously low unit price (8.21)
652868654,Low Price,unit_price,Suspiciously low unit price (21.8)
652868650,Low Price,unit_price,Suspiciously low unit price (8.1)
652868648,Low Price,unit_price,Suspiciously low unit price (4.16)
652868205,Low Price,unit_price,Suspiciously low unit price (21.8)
652868204,Low Price,unit_price,Suspiciously low unit price (18.02)
652868203,Low Price,unit_price,Suspiciously low unit price (20.83)
652868202,Low Price,unit_price,Suspiciously low unit price (9.0)
652868195,Low Price,unit_price,Suspiciously low unit price (32.06)
652868194,Low Price,unit_price,Suspiciously low unit price (32.06)
652868193,Low Price,unit_price,Suspiciously low unit price (20.37)
652868192,Low Price,unit_price,Suspiciously low unit price (4.16)
652868188,Low Price,unit_price,Suspiciously low unit price (49.55)
652861375,Low Price,unit_price,Suspiciously low unit price (0.29)
652861374,Low Price,unit_price,Suspiciously low unit price (0.27)
652861373,Low Price,unit_price,Suspiciously low unit price (2.64)
652861372,Low Price,unit_price,Suspiciously low unit price (3.32)
652861367,Low Price,unit_price,Suspiciously low unit price (2.69)
652861366,Low Price,unit_price,Suspiciously low unit price (1.81)
651771718,Low Price,unit_price,Suspiciously low unit price (3.16)
651771715,Low Price,unit_price,Suspiciously low unit price (10.88)
651771711,Low Price,unit_price,Suspiciously low unit price (48.54)
651771706,Low Price,unit_price,Suspiciously low unit price (28.99)
651771705,Low Price,unit_price,Suspiciously low unit price (49.83)
3699018432,Low Price,unit_price,Suspiciously low unit price (21.16)
3699018427,Low Price,unit_price,Suspiciously low unit price (32.09)
3699018426,Low Price,unit_price,Suspiciously low unit price (16.79)
3699018425,Low Price,unit_price,Suspiciously low unit price (23.83)
3699018424,Low Price,unit_price,Suspiciously low unit price (23.62)
3699018423,Low Price,unit_price,Suspiciously low unit price (20.47)
3699018422,Low Price,unit_price,Suspiciously low unit price (25.2)
3699018420,Low Price,unit_price,Suspiciously low unit price (39.1)
3699018419,Low Price,unit_price,Suspiciously low unit price (23.32)
3699018418,Low Price,unit_price,Suspiciously low unit price (33.57)
3699018417,Low Price,unit_price,Suspiciously low unit price (39.1)
3699018416,Low Price,unit_price,Suspiciously low unit price (33.57)
3699018414,Low Price,unit_price,Suspiciously low unit price (39.98)
3699018413,Low Price,unit_price,Suspiciously low unit price (45.5)
3699018866,Low Price,unit_price,Suspiciously low unit price (42.16)
3699018865,Low Price,unit_price,Suspiciously low unit price (14.46)
3699018864,Low Price,unit_price,Suspiciously low unit price (9.64)
3699018862,Low Price,unit_price,Suspiciously low unit price (30.12)
3699018401,Low Price,unit_price,Suspiciously low unit price (42.16)
3699018400,Low Price,unit_price,Suspiciously low unit price (36.14)
3699018397,Low Price,unit_price,Suspiciously low unit price (42.16)
3699018396,Low Price,unit_price,Suspiciously low unit price (42.16)
3699018395,Low Price,unit_price,Suspiciously low unit price (36.14)
3699018394,Low Price,unit_price,Suspiciously low unit price (42.16)
3699018393,Low Price,unit_price,Suspiciously low unit price (12.05)
3699018392,Low Price,unit_price,Suspiciously low unit price (36.14)
3699018391,Low Price,unit_price,Suspiciously low unit price (18.07)
3699018389,Low Price,unit_price,Suspiciously low unit price (36.14)
3699018388,Low Price,unit_price,Suspiciously low unit price (36.14)
3699018387,Low Price,unit_price,Suspiciously low unit price (36.14)
3699018386,Low Price,unit_price,Suspiciously low unit price (30.12)
3699018385,Low Price,unit_price,Suspiciously low unit price (30.12)
