shipment_id,issue_type,column,details
SEL937010900W,Missing Value,buyer_country,Empty or invalid value
SEL667010100W,Missing Value,hs_code,Empty or invalid value
SIN312026600W,Missing Value,hs_code,Empty or invalid value
HAM203660300W,Missing Value,hs_code,Empty or invalid value
HAM203660300W,Missing Value,hs_code,Empty or invalid value
ENID64988062001,Missing Value,hs_code,Empty or invalid value
SEL937010900W,Missing Value,hs_code,Empty or invalid value
141220171205470,Missing Value,hs_code,Empty or invalid value
30712510,Missing Value,hs_code,Empty or invalid value
30712510,Missing Value,hs_code,Empty or invalid value
30141804,Missing Value,hs_code,Empty or invalid value
4588040008,Duplicate,shipment_id,Appears multiple times
9438625649,Duplicate,shipment_id,Appears multiple times
0235937111,Duplicate,shipment_id,Appears multiple times
0235937110,Duplicate,shipment_id,Appears multiple times
0235937109,Duplicate,shipment_id,Appears multiple times
0235937108,Duplicate,shipment_id,Appears multiple times
0235937107,Duplicate,shipment_id,Appears multiple times
0235937106,Duplicate,shipment_id,Appears multiple times
0235937105,Duplicate,shipment_id,Appears multiple times
0235937104,Duplicate,shipment_id,Appears multiple times
0235937103,Duplicate,shipment_id,Appears multiple times
0235937102,Duplicate,shipment_id,Appears multiple times
0235937101,Duplicate,shipment_id,Appears multiple times
0235937100,Duplicate,shipment_id,Appears multiple times
0235860294,Duplicate,shipment_id,Appears multiple times
0235860292,Duplicate,shipment_id,Appears multiple times
0235860293,Duplicate,shipment_id,Appears multiple times
0235617710,Duplicate,shipment_id,Appears multiple times
6303530618,Duplicate,shipment_id,Appears multiple times
6303530617,Duplicate,shipment_id,Appears multiple times
6303530616,Duplicate,shipment_id,Appears multiple times
6303530615,Duplicate,shipment_id,Appears multiple times
6304892511,Duplicate,shipment_id,Appears multiple times
6304892510,Duplicate,shipment_id,Appears multiple times
6304892509,Duplicate,shipment_id,Appears multiple times
6304892508,Duplicate,shipment_id,Appears multiple times
6304892507,Duplicate,shipment_id,Appears multiple times
6304892506,Duplicate,shipment_id,Appears multiple times
6304892505,Duplicate,shipment_id,Appears multiple times
6304892504,Duplicate,shipment_id,Appears multiple times
6304892503,Duplicate,shipment_id,Appears multiple times
6304892502,Duplicate,shipment_id,Appears multiple times
6304892501,Duplicate,shipment_id,Appears multiple times
6305812835,Duplicate,shipment_id,Appears multiple times
6305812834,Duplicate,shipment_id,Appears multiple times
6305812833,Duplicate,shipment_id,Appears multiple times
6301272144,Duplicate,shipment_id,Appears multiple times
6301272143,Duplicate,shipment_id,Appears multiple times
6301272142,Duplicate,shipment_id,Appears multiple times
6301272141,Duplicate,shipment_id,Appears multiple times
6301272140,Duplicate,shipment_id,Appears multiple times
6301272139,Duplicate,shipment_id,Appears multiple times
6301272138,Duplicate,shipment_id,Appears multiple times
6301272137,Duplicate,shipment_id,Appears multiple times
6304500638,Duplicate,shipment_id,Appears multiple times
6304500637,Duplicate,shipment_id,Appears multiple times
6304500636,Duplicate,shipment_id,Appears multiple times
6977697087,Duplicate,shipment_id,Appears multiple times
9861424938,Duplicate,shipment_id,Appears multiple times
1046524209,Duplicate,shipment_id,Appears multiple times
1046524210,Duplicate,shipment_id,Appears multiple times
1044344346,Duplicate,shipment_id,Appears multiple times
3975499198,Duplicate,shipment_id,Appears multiple times
1417143982,Duplicate,shipment_id,Appears multiple times
0695112393,Duplicate,shipment_id,Appears multiple times
9201040769,Duplicate,shipment_id,Appears multiple times
0831454700,Duplicate,shipment_id,Appears multiple times
0219464964,Duplicate,shipment_id,Appears multiple times
9453311610,Duplicate,shipment_id,Appears multiple times
3462738849,Duplicate,shipment_id,Appears multiple times
8849838118,Duplicate,shipment_id,Appears multiple times
7853027520,Duplicate,shipment_id,Appears multiple times
0795560179,Duplicate,shipment_id,Appears multiple times
9325068994,Duplicate,shipment_id,Appears multiple times
9325068993,Duplicate,shipment_id,Appears multiple times
6749326908,Duplicate,shipment_id,Appears multiple times
6749326948,Duplicate,shipment_id,Appears multiple times
9201252414,Duplicate,shipment_id,Appears multiple times
9200522578,Duplicate,shipment_id,Appears multiple times
9201165796,Duplicate,shipment_id,Appears multiple times
1323448076,Duplicate,shipment_id,Appears multiple times
1322464823,Duplicate,shipment_id,Appears multiple times
1322420494,Duplicate,shipment_id,Appears multiple times
0286058119,Duplicate,shipment_id,Appears multiple times
1113431118,Duplicate,shipment_id,Appears multiple times
1107264532,Duplicate,shipment_id,Appears multiple times
1203613018,Duplicate,shipment_id,Appears multiple times
1041835292,Duplicate,shipment_id,Appears multiple times
1125580382,Duplicate,shipment_id,Appears multiple times
1891241723,Duplicate,shipment_id,Appears multiple times
1452586399,Duplicate,shipment_id,Appears multiple times
1354492684,Duplicate,shipment_id,Appears multiple times
1041249482,Duplicate,shipment_id,Appears multiple times
1166531296,Duplicate,shipment_id,Appears multiple times
1053187918,Duplicate,shipment_id,Appears multiple times
1082834370,Duplicate,shipment_id,Appears multiple times
1840303780,Duplicate,shipment_id,Appears multiple times
1807220709,Duplicate,shipment_id,Appears multiple times
1014844127,Duplicate,shipment_id,Appears multiple times
3112202030155800,Duplicate,shipment_id,Appears multiple times
2912202030938100,Duplicate,shipment_id,Appears multiple times
2812202030539900,Duplicate,shipment_id,Appears multiple times
2812202030937200,Duplicate,shipment_id,Appears multiple times
2612202033079900,Duplicate,shipment_id,Appears multiple times
2612202032037500,Duplicate,shipment_id,Appears multiple times
2412202033233600,Duplicate,shipment_id,Appears multiple times
2412202033233500,Duplicate,shipment_id,Appears multiple times
2412202032928700,Duplicate,shipment_id,Appears multiple times
2412202031816000,Duplicate,shipment_id,Appears multiple times
2412202031816100,Duplicate,shipment_id,Appears multiple times
2412202029991500,Duplicate,shipment_id,Appears multiple times
2412202032336000,Duplicate,shipment_id,Appears multiple times
2212202030089400,Duplicate,shipment_id,Appears multiple times
2212202030089600,Duplicate,shipment_id,Appears multiple times
2112202030065700,Duplicate,shipment_id,Appears multiple times
2112202030080400,Duplicate,shipment_id,Appears multiple times
2112202030932100,Duplicate,shipment_id,Appears multiple times
2112202030932000,Duplicate,shipment_id,Appears multiple times
2112202031099600,Duplicate,shipment_id,Appears multiple times
2112202031099200,Duplicate,shipment_id,Appears multiple times
2012202031986700,Duplicate,shipment_id,Appears multiple times
1912202031064300,Duplicate,shipment_id,Appears multiple times
1912202031810300,Duplicate,shipment_id,Appears multiple times
1712202033232500,Duplicate,shipment_id,Appears multiple times
1712202030873800,Duplicate,shipment_id,Appears multiple times
1712202030865300,Duplicate,shipment_id,Appears multiple times
1712202032265800,Duplicate,shipment_id,Appears multiple times
1712202031591000,Duplicate,shipment_id,Appears multiple times
1512202030837400,Duplicate,shipment_id,Appears multiple times
1512202030339400,Duplicate,shipment_id,Appears multiple times
1512202030336800,Duplicate,shipment_id,Appears multiple times
1412202032478300,Duplicate,shipment_id,Appears multiple times
1412202030815900,Duplicate,shipment_id,Appears multiple times
1412202031522600,Duplicate,shipment_id,Appears multiple times
1412202033518000,Duplicate,shipment_id,Appears multiple times
1412202030952400,Duplicate,shipment_id,Appears multiple times
1212202032621800,Duplicate,shipment_id,Appears multiple times
1112202030780100,Duplicate,shipment_id,Appears multiple times
1012202031449500,Duplicate,shipment_id,Appears multiple times
1012202030752600,Duplicate,shipment_id,Appears multiple times
0812202033404984,Duplicate,shipment_id,Appears multiple times
0412202030661594,Duplicate,shipment_id,Appears multiple times
0412202030208713,Duplicate,shipment_id,Appears multiple times
0312202030641894,Duplicate,shipment_id,Appears multiple times
0212202033582259,Duplicate,shipment_id,Appears multiple times
0212202030178942,Duplicate,shipment_id,Appears multiple times
0112202030173555,Duplicate,shipment_id,Appears multiple times
3011202027140000,Duplicate,shipment_id,Appears multiple times
3011202027139900,Duplicate,shipment_id,Appears multiple times
2811202028289900,Duplicate,shipment_id,Appears multiple times
2811202027703800,Duplicate,shipment_id,Appears multiple times
2711202028866400,Duplicate,shipment_id,Appears multiple times
2511202027726800,Duplicate,shipment_id,Appears multiple times
2411202027071600,Duplicate,shipment_id,Appears multiple times
2411202027073200,Duplicate,shipment_id,Appears multiple times
2311202027725100,Duplicate,shipment_id,Appears multiple times
2111202027758200,Duplicate,shipment_id,Appears multiple times
2011202028114800,Duplicate,shipment_id,Appears multiple times
2011202027722100,Duplicate,shipment_id,Appears multiple times
2011202027032600,Duplicate,shipment_id,Appears multiple times
1911202029674200,Duplicate,shipment_id,Appears multiple times
1911202029910200,Duplicate,shipment_id,Appears multiple times
1911202027721100,Duplicate,shipment_id,Appears multiple times
1911202027020600,Duplicate,shipment_id,Appears multiple times
1811202027461700,Duplicate,shipment_id,Appears multiple times
1711202027718600,Duplicate,shipment_id,Appears multiple times
1711202028797300,Duplicate,shipment_id,Appears multiple times
1611202028028300,Duplicate,shipment_id,Appears multiple times
1411202029605400,Duplicate,shipment_id,Appears multiple times
1311202026783500,Duplicate,shipment_id,Appears multiple times
1311202027388500,Duplicate,shipment_id,Appears multiple times
1211202027363400,Duplicate,shipment_id,Appears multiple times
1211202029562600,Duplicate,shipment_id,Appears multiple times
1011202026915500,Duplicate,shipment_id,Appears multiple times
1011202028960400,Duplicate,shipment_id,Appears multiple times
1011202027329700,Duplicate,shipment_id,Appears multiple times
0911202028497365,Duplicate,shipment_id,Appears multiple times
0911202028497317,Duplicate,shipment_id,Appears multiple times
0911202028497302,Duplicate,shipment_id,Appears multiple times
103646043761,Duplicate,shipment_id,Appears multiple times
0911202027744807,Duplicate,shipment_id,Appears multiple times
0911202026900007,Duplicate,shipment_id,Appears multiple times
0511202028494040,Duplicate,shipment_id,Appears multiple times
0211202027171853,Duplicate,shipment_id,Appears multiple times
3110202026734300,Duplicate,shipment_id,Appears multiple times
3010202026717100,Duplicate,shipment_id,Appears multiple times
3010202025431100,Duplicate,shipment_id,Appears multiple times
3010202026724600,Duplicate,shipment_id,Appears multiple times
2910202026188400,Duplicate,shipment_id,Appears multiple times
2810202024634200,Duplicate,shipment_id,Appears multiple times
2710202024486000,Duplicate,shipment_id,Appears multiple times
2610202026643900,Duplicate,shipment_id,Appears multiple times
2610202025929500,Duplicate,shipment_id,Appears multiple times
2610202024470300,Duplicate,shipment_id,Appears multiple times
2410202023993900,Duplicate,shipment_id,Appears multiple times
2310202024426100,Duplicate,shipment_id,Appears multiple times
2210202026081800,Duplicate,shipment_id,Appears multiple times
2210202024629800,Duplicate,shipment_id,Appears multiple times
2210202024629700,Duplicate,shipment_id,Appears multiple times
2010202025678500,Duplicate,shipment_id,Appears multiple times
2010202023731000,Duplicate,shipment_id,Appears multiple times
1910202024980000,Duplicate,shipment_id,Appears multiple times
1910202024356300,Duplicate,shipment_id,Appears multiple times
1910202024352900,Duplicate,shipment_id,Appears multiple times
1910202024365300,Duplicate,shipment_id,Appears multiple times
1910202023936500,Duplicate,shipment_id,Appears multiple times
1710202024324500,Duplicate,shipment_id,Appears multiple times
1710202024942000,Duplicate,shipment_id,Appears multiple times
1610202024312700,Duplicate,shipment_id,Appears multiple times
1410202024289100,Duplicate,shipment_id,Appears multiple times
1410202024590100,Duplicate,shipment_id,Appears multiple times
1310202026441000,Duplicate,shipment_id,Appears multiple times
1210202026434000,Duplicate,shipment_id,Appears multiple times
1210202025837300,Duplicate,shipment_id,Appears multiple times
1210202024621800,Duplicate,shipment_id,Appears multiple times
1210202024832700,Duplicate,shipment_id,Appears multiple times
0910202024584947,Duplicate,shipment_id,Appears multiple times
0710202024187734,Duplicate,shipment_id,Appears multiple times
0710202023815986,Duplicate,shipment_id,Appears multiple times
0710202023816008,Duplicate,shipment_id,Appears multiple times
0610202025564811,Duplicate,shipment_id,Appears multiple times
0610202025564796,Duplicate,shipment_id,Appears multiple times
0610202025564802,Duplicate,shipment_id,Appears multiple times
0610202025564800,Duplicate,shipment_id,Appears multiple times
0610202025564809,Duplicate,shipment_id,Appears multiple times
0510202024723466,Duplicate,shipment_id,Appears multiple times
0510202026336208,Duplicate,shipment_id,Appears multiple times
0510202025557049,Duplicate,shipment_id,Appears multiple times
0510202025556577,Duplicate,shipment_id,Appears multiple times
0510202025556578,Duplicate,shipment_id,Appears multiple times
0510202025557110,Duplicate,shipment_id,Appears multiple times
0310202025785516,Duplicate,shipment_id,Appears multiple times
0210202025534744,Duplicate,shipment_id,Appears multiple times
0110202025772021,Duplicate,shipment_id,Appears multiple times
3009202021752800,Duplicate,shipment_id,Appears multiple times
3009202021750700,Duplicate,shipment_id,Appears multiple times
300920202399030,Duplicate,shipment_id,Appears multiple times
3009202021697400,Duplicate,shipment_id,Appears multiple times
3009202021777800,Duplicate,shipment_id,Appears multiple times
2909202021749700,Duplicate,shipment_id,Appears multiple times
2909202021775200,Duplicate,shipment_id,Appears multiple times
2809202023385700,Duplicate,shipment_id,Appears multiple times
2809202022278800,Duplicate,shipment_id,Appears multiple times
2809202022808600,Duplicate,shipment_id,Appears multiple times
2809202022512100,Duplicate,shipment_id,Appears multiple times
2609202023654800,Duplicate,shipment_id,Appears multiple times
2509202023470400,Duplicate,shipment_id,Appears multiple times
2509202023356900,Duplicate,shipment_id,Appears multiple times
2509202023356400,Duplicate,shipment_id,Appears multiple times
2409202022977200,Duplicate,shipment_id,Appears multiple times
2409202021228900,Duplicate,shipment_id,Appears multiple times
2309202021208200,Duplicate,shipment_id,Appears multiple times
2209202023020400,Duplicate,shipment_id,Appears multiple times
2209202021738200,Duplicate,shipment_id,Appears multiple times
2109202021769700,Duplicate,shipment_id,Appears multiple times
2109202021769500,Duplicate,shipment_id,Appears multiple times
2109202021194800,Duplicate,shipment_id,Appears multiple times
1909202021173500,Duplicate,shipment_id,Appears multiple times
1909202021176500,Duplicate,shipment_id,Appears multiple times
1909202022500800,Duplicate,shipment_id,Appears multiple times
1809202023263800,Duplicate,shipment_id,Appears multiple times
1609202023508500,Duplicate,shipment_id,Appears multiple times
1509202021764800,Duplicate,shipment_id,Appears multiple times
1509202023669200,Duplicate,shipment_id,Appears multiple times
1409202021472700,Duplicate,shipment_id,Appears multiple times
1409202022700600,Duplicate,shipment_id,Appears multiple times
1409202021468100,Duplicate,shipment_id,Appears multiple times
1409202021108100,Duplicate,shipment_id,Appears multiple times
1409202022037400,Duplicate,shipment_id,Appears multiple times
1209202021452800,Duplicate,shipment_id,Appears multiple times
1109202021993100,Duplicate,shipment_id,Appears multiple times
1009202022607600,Duplicate,shipment_id,Appears multiple times
0509202021905162,Duplicate,shipment_id,Appears multiple times
0409202021015420,Duplicate,shipment_id,Appears multiple times
0409202021015419,Duplicate,shipment_id,Appears multiple times
0309202021854223,Duplicate,shipment_id,Appears multiple times
0309202021342237,Duplicate,shipment_id,Appears multiple times
0209202020998879,Duplicate,shipment_id,Appears multiple times
0109202020985158,Duplicate,shipment_id,Appears multiple times
0109202020985126,Duplicate,shipment_id,Appears multiple times
0109202022514915,Duplicate,shipment_id,Appears multiple times
0109202022514881,Duplicate,shipment_id,Appears multiple times
3108202020317600,Duplicate,shipment_id,Appears multiple times
3108202019334700,Duplicate,shipment_id,Appears multiple times
3108202020319100,Duplicate,shipment_id,Appears multiple times
2908202018895600,Duplicate,shipment_id,Appears multiple times
2808202019745600,Duplicate,shipment_id,Appears multiple times
2808202018887600,Duplicate,shipment_id,Appears multiple times
2808202020930100,Duplicate,shipment_id,Appears multiple times
2708202019742100,Duplicate,shipment_id,Appears multiple times
2608202019332200,Duplicate,shipment_id,Appears multiple times
2508202019705100,Duplicate,shipment_id,Appears multiple times
2408202019191700,Duplicate,shipment_id,Appears multiple times
2208202019167000,Duplicate,shipment_id,Appears multiple times
2108202018819200,Duplicate,shipment_id,Appears multiple times
2008202020736900,Duplicate,shipment_id,Appears multiple times
1908202018813000,Duplicate,shipment_id,Appears multiple times
1708202019325900,Duplicate,shipment_id,Appears multiple times
1708202019572500,Duplicate,shipment_id,Appears multiple times
1708202019573200,Duplicate,shipment_id,Appears multiple times
1408202019295600,Duplicate,shipment_id,Appears multiple times
1208202018739600,Duplicate,shipment_id,Appears multiple times
1008202019033100,Duplicate,shipment_id,Appears multiple times
1008202019320500,Duplicate,shipment_id,Appears multiple times
1008202018713900,Duplicate,shipment_id,Appears multiple times
1008202019030300,Duplicate,shipment_id,Appears multiple times
0708202020028773,Duplicate,shipment_id,Appears multiple times
0708202020028757,Duplicate,shipment_id,Appears multiple times
0508202020019380,Duplicate,shipment_id,Appears multiple times
0508202020019388,Duplicate,shipment_id,Appears multiple times
0508202020019386,Duplicate,shipment_id,Appears multiple times
0308202020187352,Duplicate,shipment_id,Appears multiple times
0308202019383406,Duplicate,shipment_id,Appears multiple times
3107202016552800,Duplicate,shipment_id,Appears multiple times
3007202017402600,Duplicate,shipment_id,Appears multiple times
3007202016922100,Duplicate,shipment_id,Appears multiple times
2807202016989700,Duplicate,shipment_id,Appears multiple times
2807202016887200,Duplicate,shipment_id,Appears multiple times
2807202017996000,Duplicate,shipment_id,Appears multiple times
2707202016883000,Duplicate,shipment_id,Appears multiple times
2707202018335800,Duplicate,shipment_id,Appears multiple times
2507202018315300,Duplicate,shipment_id,Appears multiple times
2507202016502300,Duplicate,shipment_id,Appears multiple times
2407202016841100,Duplicate,shipment_id,Appears multiple times
2407202016825700,Duplicate,shipment_id,Appears multiple times
2407202016491000,Duplicate,shipment_id,Appears multiple times
2307202018492400,Duplicate,shipment_id,Appears multiple times
2307202016816700,Duplicate,shipment_id,Appears multiple times
2207202018425900,Duplicate,shipment_id,Appears multiple times
2207202016279000,Duplicate,shipment_id,Appears multiple times
2207202016469900,Duplicate,shipment_id,Appears multiple times
2007202016985400,Duplicate,shipment_id,Appears multiple times
2007202016775000,Duplicate,shipment_id,Appears multiple times
2007202016447200,Duplicate,shipment_id,Appears multiple times
2007202016985300,Duplicate,shipment_id,Appears multiple times
1807202017226200,Duplicate,shipment_id,Appears multiple times
HAM203660300W,Duplicate,shipment_id,Appears multiple times
1607202018598300,Duplicate,shipment_id,Appears multiple times
1607202016275600,Duplicate,shipment_id,Appears multiple times
1407202016980500,Duplicate,shipment_id,Appears multiple times
1407202017773100,Duplicate,shipment_id,Appears multiple times
1307202016678700,Duplicate,shipment_id,Appears multiple times
1307202017580400,Duplicate,shipment_id,Appears multiple times
1307202016393300,Duplicate,shipment_id,Appears multiple times
1007202017747600,Duplicate,shipment_id,Appears multiple times
1007202016978600,Duplicate,shipment_id,Appears multiple times
1007202017126200,Duplicate,shipment_id,Appears multiple times
1007202018145000,Duplicate,shipment_id,Appears multiple times
1007202018145100,Duplicate,shipment_id,Appears multiple times
0607202016333803,Duplicate,shipment_id,Appears multiple times
0307202016312789,Duplicate,shipment_id,Appears multiple times
0207202016590451,Duplicate,shipment_id,Appears multiple times
3006202015741000,Duplicate,shipment_id,Appears multiple times
3006202014959200,Duplicate,shipment_id,Appears multiple times
3006202014424000,Duplicate,shipment_id,Appears multiple times
2906202016052100,Duplicate,shipment_id,Appears multiple times
270620208284770,Duplicate,shipment_id,Appears multiple times
2506202015004600,Duplicate,shipment_id,Appears multiple times
2506202014647000,Duplicate,shipment_id,Appears multiple times
2506202016011600,Duplicate,shipment_id,Appears multiple times
2306202015585600,Duplicate,shipment_id,Appears multiple times
2306202015985700,Duplicate,shipment_id,Appears multiple times
2306202015994700,Duplicate,shipment_id,Appears multiple times
2206202015002800,Duplicate,shipment_id,Appears multiple times
1906202015569700,Duplicate,shipment_id,Appears multiple times
1906202014866200,Duplicate,shipment_id,Appears multiple times
1806202015000500,Duplicate,shipment_id,Appears multiple times
103368634611,Duplicate,shipment_id,Appears multiple times
1606202015552500,Duplicate,shipment_id,Appears multiple times
1606202015547400,Duplicate,shipment_id,Appears multiple times
1606202014835400,Duplicate,shipment_id,Appears multiple times
1206202015537400,Duplicate,shipment_id,Appears multiple times
1206202015156400,Duplicate,shipment_id,Appears multiple times
1206202014799900,Duplicate,shipment_id,Appears multiple times
1206202014536600,Duplicate,shipment_id,Appears multiple times
0806202014499775,Duplicate,shipment_id,Appears multiple times
0706202014753449,Duplicate,shipment_id,Appears multiple times
0706202014753580,Duplicate,shipment_id,Appears multiple times
0406202014472962,Duplicate,shipment_id,Appears multiple times
0106202015436804,Duplicate,shipment_id,Appears multiple times
0106202015039349,Duplicate,shipment_id,Appears multiple times
2805202013835800,Duplicate,shipment_id,Appears multiple times
2605202013171300,Duplicate,shipment_id,Appears multiple times
2605202013711900,Duplicate,shipment_id,Appears multiple times
2605202013098500,Duplicate,shipment_id,Appears multiple times
2605202013098600,Duplicate,shipment_id,Appears multiple times
2305202013321900,Duplicate,shipment_id,Appears multiple times
2105202014111000,Duplicate,shipment_id,Appears multiple times
2105202013065400,Duplicate,shipment_id,Appears multiple times
2105202013065500,Duplicate,shipment_id,Appears multiple times
2105202014115100,Duplicate,shipment_id,Appears multiple times
1605202013667000,Duplicate,shipment_id,Appears multiple times
1505202013662100,Duplicate,shipment_id,Appears multiple times
1405202013774700,Duplicate,shipment_id,Appears multiple times
0605202013913693,Duplicate,shipment_id,Appears multiple times
0605202013913692,Duplicate,shipment_id,Appears multiple times
0605202013913691,Duplicate,shipment_id,Appears multiple times
103000000000,Duplicate,shipment_id,Appears multiple times
0405202013745248,Duplicate,shipment_id,Appears multiple times
0105202013564523,Duplicate,shipment_id,Appears multiple times
3004202012580300,Duplicate,shipment_id,Appears multiple times
2904202012576900,Duplicate,shipment_id,Appears multiple times
2704202011717100,Duplicate,shipment_id,Appears multiple times
2704202011718000,Duplicate,shipment_id,Appears multiple times
2404202012730100,Duplicate,shipment_id,Appears multiple times
2004202011490600,Duplicate,shipment_id,Appears multiple times
SHKK250901778731,Duplicate,shipment_id,Appears multiple times
1704202012418100,Duplicate,shipment_id,Appears multiple times
1304202012029300,Duplicate,shipment_id,Appears multiple times
0604202011645780,Duplicate,shipment_id,Appears multiple times
0604202011645781,Duplicate,shipment_id,Appears multiple times
2403202010687200,Duplicate,shipment_id,Appears multiple times
2303202010210500,Duplicate,shipment_id,Appears multiple times
2103202011212400,Duplicate,shipment_id,Appears multiple times
2103202011212000,Duplicate,shipment_id,Appears multiple times
200320209684500,Duplicate,shipment_id,Appears multiple times
200320209329760,Duplicate,shipment_id,Appears multiple times
2003202010843500,Duplicate,shipment_id,Appears multiple times
190320209314770,Duplicate,shipment_id,Appears multiple times
180320209657120,Duplicate,shipment_id,Appears multiple times
180320209774420,Duplicate,shipment_id,Appears multiple times
180320209774980,Duplicate,shipment_id,Appears multiple times
180320209774780,Duplicate,shipment_id,Appears multiple times
170320209773920,Duplicate,shipment_id,Appears multiple times
1703202011454800,Duplicate,shipment_id,Appears multiple times
1603202011459500,Duplicate,shipment_id,Appears multiple times
160320209591870,Duplicate,shipment_id,Appears multiple times
160320209285180,Duplicate,shipment_id,Appears multiple times
1603202010622400,Duplicate,shipment_id,Appears multiple times
1603202010805700,Duplicate,shipment_id,Appears multiple times
130320209258020,Duplicate,shipment_id,Appears multiple times
130320209562760,Duplicate,shipment_id,Appears multiple times
120320209241850,Duplicate,shipment_id,Appears multiple times
110320209983840,Duplicate,shipment_id,Appears multiple times
100320209766520,Duplicate,shipment_id,Appears multiple times
060320209473034,Duplicate,shipment_id,Appears multiple times
060320209473031,Duplicate,shipment_id,Appears multiple times
060320209474210,Duplicate,shipment_id,Appears multiple times
0403202010730877,Duplicate,shipment_id,Appears multiple times
020320209389276,Duplicate,shipment_id,Appears multiple times
020320209826248,Duplicate,shipment_id,Appears multiple times
290220207135160,Duplicate,shipment_id,Appears multiple times
290220207135150,Duplicate,shipment_id,Appears multiple times
280220207133420,Duplicate,shipment_id,Appears multiple times
280220207105900,Duplicate,shipment_id,Appears multiple times
280220207030060,Duplicate,shipment_id,Appears multiple times
280220206585200,Duplicate,shipment_id,Appears multiple times
270220206571400,Duplicate,shipment_id,Appears multiple times
270220208101460,Duplicate,shipment_id,Appears multiple times
260220206565330,Duplicate,shipment_id,Appears multiple times
260220209002120,Duplicate,shipment_id,Appears multiple times
250220207131140,Duplicate,shipment_id,Appears multiple times
250220206550940,Duplicate,shipment_id,Appears multiple times
250220207569260,Duplicate,shipment_id,Appears multiple times
250220207569250,Duplicate,shipment_id,Appears multiple times
240220206530600,Duplicate,shipment_id,Appears multiple times
240220207534240,Duplicate,shipment_id,Appears multiple times
230220206939410,Duplicate,shipment_id,Appears multiple times
220220207096130,Duplicate,shipment_id,Appears multiple times
210220207763330,Duplicate,shipment_id,Appears multiple times
210220207763340,Duplicate,shipment_id,Appears multiple times
210220207127120,Duplicate,shipment_id,Appears multiple times
210220207127130,Duplicate,shipment_id,Appears multiple times
200220208371050,Duplicate,shipment_id,Appears multiple times
200220208371040,Duplicate,shipment_id,Appears multiple times
200220208371030,Duplicate,shipment_id,Appears multiple times
200220206896700,Duplicate,shipment_id,Appears multiple times
180220207124260,Duplicate,shipment_id,Appears multiple times
180220207124270,Duplicate,shipment_id,Appears multiple times
180220206863280,Duplicate,shipment_id,Appears multiple times
180220208894940,Duplicate,shipment_id,Appears multiple times
170220206451560,Duplicate,shipment_id,Appears multiple times
150220208841200,Duplicate,shipment_id,Appears multiple times
150220208039080,Duplicate,shipment_id,Appears multiple times
130220206410150,Duplicate,shipment_id,Appears multiple times
130220206816610,Duplicate,shipment_id,Appears multiple times
130220206410480,Duplicate,shipment_id,Appears multiple times
120220207352670,Duplicate,shipment_id,Appears multiple times
110220206246690,Duplicate,shipment_id,Appears multiple times
110220208318670,Duplicate,shipment_id,Appears multiple times
110220207999830,Duplicate,shipment_id,Appears multiple times
110220206794400,Duplicate,shipment_id,Appears multiple times
110220206783450,Duplicate,shipment_id,Appears multiple times
100220206752530,Duplicate,shipment_id,Appears multiple times
060220206338309,Duplicate,shipment_id,Appears multiple times
060220206712300,Duplicate,shipment_id,Appears multiple times
050220208608674,Duplicate,shipment_id,Appears multiple times
030220206292910,Duplicate,shipment_id,Appears multiple times
31012020411736,Duplicate,shipment_id,Appears multiple times
31012020934266,Duplicate,shipment_id,Appears multiple times
30012020396198,Duplicate,shipment_id,Appears multiple times
280120201587240,Duplicate,shipment_id,Appears multiple times
270120202484020,Duplicate,shipment_id,Appears multiple times
270120201559460,Duplicate,shipment_id,Appears multiple times
270120201559450,Duplicate,shipment_id,Appears multiple times
250120202130710,Duplicate,shipment_id,Appears multiple times
240120202121520,Duplicate,shipment_id,Appears multiple times
23012020310471,Duplicate,shipment_id,Appears multiple times
220120202100930,Duplicate,shipment_id,Appears multiple times
210120201015610,Duplicate,shipment_id,Appears multiple times
210120201015620,Duplicate,shipment_id,Appears multiple times
210120201434120,Duplicate,shipment_id,Appears multiple times
200120202317580,Duplicate,shipment_id,Appears multiple times
200120201014170,Duplicate,shipment_id,Appears multiple times
200120201014160,Duplicate,shipment_id,Appears multiple times
170120201344830,Duplicate,shipment_id,Appears multiple times
150120201310510,Duplicate,shipment_id,Appears multiple times
14012020171366,Duplicate,shipment_id,Appears multiple times
14012020171363,Duplicate,shipment_id,Appears multiple times
140120202021320,Duplicate,shipment_id,Appears multiple times
13012020147221,Duplicate,shipment_id,Appears multiple times
110120201236560,Duplicate,shipment_id,Appears multiple times
030120201934727,Duplicate,shipment_id,Appears multiple times
030120201936891,Duplicate,shipment_id,Appears multiple times
03012020999994,Duplicate,shipment_id,Appears multiple times
0301202061932,Duplicate,shipment_id,Appears multiple times
020120202777368,Duplicate,shipment_id,Appears multiple times
020120202777366,Duplicate,shipment_id,Appears multiple times
3112201918996500,Duplicate,shipment_id,Appears multiple times
2712201917692700,Duplicate,shipment_id,Appears multiple times
2612201917821400,Duplicate,shipment_id,Appears multiple times
2612201918536100,Duplicate,shipment_id,Appears multiple times
2612201918535900,Duplicate,shipment_id,Appears multiple times
2612201916846800,Duplicate,shipment_id,Appears multiple times
2412201919851200,Duplicate,shipment_id,Appears multiple times
2412201918379400,Duplicate,shipment_id,Appears multiple times
2312201917613600,Duplicate,shipment_id,Appears multiple times
2312201919170200,Duplicate,shipment_id,Appears multiple times
2312201919829500,Duplicate,shipment_id,Appears multiple times
2312201918355800,Duplicate,shipment_id,Appears multiple times
2312201918610500,Duplicate,shipment_id,Appears multiple times
2112201917601900,Duplicate,shipment_id,Appears multiple times
1912201919400300,Duplicate,shipment_id,Appears multiple times
1912201919762900,Duplicate,shipment_id,Appears multiple times
1812201919732600,Duplicate,shipment_id,Appears multiple times
1812201917065000,Duplicate,shipment_id,Appears multiple times
1812201917532300,Duplicate,shipment_id,Appears multiple times
1812201919132000,Duplicate,shipment_id,Appears multiple times
1712201917042900,Duplicate,shipment_id,Appears multiple times
1712201917510700,Duplicate,shipment_id,Appears multiple times
1712201919117700,Duplicate,shipment_id,Appears multiple times
1712201917053400,Duplicate,shipment_id,Appears multiple times
1712201917528800,Duplicate,shipment_id,Appears multiple times
1612201917040800,Duplicate,shipment_id,Appears multiple times
1612201917811300,Duplicate,shipment_id,Appears multiple times
1612201919109300,Duplicate,shipment_id,Appears multiple times
1312201918599000,Duplicate,shipment_id,Appears multiple times
1312201917462800,Duplicate,shipment_id,Appears multiple times
1212201917767300,Duplicate,shipment_id,Appears multiple times
1212201917767100,Duplicate,shipment_id,Appears multiple times
1212201919641300,Duplicate,shipment_id,Appears multiple times
1212201918856300,Duplicate,shipment_id,Appears multiple times
1112201919077900,Duplicate,shipment_id,Appears multiple times
1112201917806600,Duplicate,shipment_id,Appears multiple times
1112201918836800,Duplicate,shipment_id,Appears multiple times
1012201916970300,Duplicate,shipment_id,Appears multiple times
3011201916817200,Duplicate,shipment_id,Appears multiple times
3011201914063900,Duplicate,shipment_id,Appears multiple times
2911201916807800,Duplicate,shipment_id,Appears multiple times
2911201915351800,Duplicate,shipment_id,Appears multiple times
2911201915345100,Duplicate,shipment_id,Appears multiple times
2811201914535100,Duplicate,shipment_id,Appears multiple times
2811201914037300,Duplicate,shipment_id,Appears multiple times
2811201916780200,Duplicate,shipment_id,Appears multiple times
2711201914026900,Duplicate,shipment_id,Appears multiple times
2611201914653400,Duplicate,shipment_id,Appears multiple times
2611201914653300,Duplicate,shipment_id,Appears multiple times
2511201913727800,Duplicate,shipment_id,Appears multiple times
2511201916732100,Duplicate,shipment_id,Appears multiple times
2511201914653100,Duplicate,shipment_id,Appears multiple times
2511201915989500,Duplicate,shipment_id,Appears multiple times
2311201915975900,Duplicate,shipment_id,Appears multiple times
2211201915192400,Duplicate,shipment_id,Appears multiple times
2111201916675600,Duplicate,shipment_id,Appears multiple times
2011201914648300,Duplicate,shipment_id,Appears multiple times
1911201915950300,Duplicate,shipment_id,Appears multiple times
1911201915131600,Duplicate,shipment_id,Appears multiple times
1911201914388900,Duplicate,shipment_id,Appears multiple times
1611201915073000,Duplicate,shipment_id,Appears multiple times
1611201913906900,Duplicate,shipment_id,Appears multiple times
1611201915085300,Duplicate,shipment_id,Appears multiple times
1511201916538900,Duplicate,shipment_id,Appears multiple times
1511201913888300,Duplicate,shipment_id,Appears multiple times
1411201916510200,Duplicate,shipment_id,Appears multiple times
1411201914640900,Duplicate,shipment_id,Appears multiple times
1411201914640800,Duplicate,shipment_id,Appears multiple times
1211201914265000,Duplicate,shipment_id,Appears multiple times
1211201915905700,Duplicate,shipment_id,Appears multiple times
1111201914222500,Duplicate,shipment_id,Appears multiple times
1111201915669200,Duplicate,shipment_id,Appears multiple times
1111201914235800,Duplicate,shipment_id,Appears multiple times
1111201920214500,Duplicate,shipment_id,Appears multiple times
1111201920214100,Duplicate,shipment_id,Appears multiple times
1111201914248300,Duplicate,shipment_id,Appears multiple times
1111201913849400,Duplicate,shipment_id,Appears multiple times
311020194287970,Duplicate,shipment_id,Appears multiple times
301020195729900,Duplicate,shipment_id,Appears multiple times
301020195931330,Duplicate,shipment_id,Appears multiple times
301020195931340,Duplicate,shipment_id,Appears multiple times
301020193758110,Duplicate,shipment_id,Appears multiple times
301020195931320,Duplicate,shipment_id,Appears multiple times
291020194379320,Duplicate,shipment_id,Appears multiple times
291020194379330,Duplicate,shipment_id,Appears multiple times
261020194227680,Duplicate,shipment_id,Appears multiple times
241020194194660,Duplicate,shipment_id,Appears multiple times
241020195311350,Duplicate,shipment_id,Appears multiple times
241020195049870,Duplicate,shipment_id,Appears multiple times
231020193676370,Duplicate,shipment_id,Appears multiple times
231020195672440,Duplicate,shipment_id,Appears multiple times
171020196597450,Duplicate,shipment_id,Appears multiple times
171020194367940,Duplicate,shipment_id,Appears multiple times
171020194367950,Duplicate,shipment_id,Appears multiple times
171020194367960,Duplicate,shipment_id,Appears multiple times
171020194367930,Duplicate,shipment_id,Appears multiple times
171020194367970,Duplicate,shipment_id,Appears multiple times
171020194367840,Duplicate,shipment_id,Appears multiple times
161020194055840,Duplicate,shipment_id,Appears multiple times
161020193605350,Duplicate,shipment_id,Appears multiple times
151020194761060,Duplicate,shipment_id,Appears multiple times
111020194684420,Duplicate,shipment_id,Appears multiple times
280920192279620,Duplicate,shipment_id,Appears multiple times
280920192279590,Duplicate,shipment_id,Appears multiple times
270920191648690,Duplicate,shipment_id,Appears multiple times
270920191851430,Duplicate,shipment_id,Appears multiple times
2609201920092900,Duplicate,shipment_id,Appears multiple times
260920192461340,Duplicate,shipment_id,Appears multiple times
230920191554160,Duplicate,shipment_id,Appears multiple times
210920192703910,Duplicate,shipment_id,Appears multiple times
200920192204920,Duplicate,shipment_id,Appears multiple times
180920193139700,Duplicate,shipment_id,Appears multiple times
180920191431470,Duplicate,shipment_id,Appears multiple times
170920193097040,Duplicate,shipment_id,Appears multiple times
130920192495510,Duplicate,shipment_id,Appears multiple times
130920192495520,Duplicate,shipment_id,Appears multiple times
130920192495500,Duplicate,shipment_id,Appears multiple times
3108201925658200,Duplicate,shipment_id,Appears multiple times
3108201923795600,Duplicate,shipment_id,Appears multiple times
3008201923761400,Duplicate,shipment_id,Appears multiple times
3008201926409800,Duplicate,shipment_id,Appears multiple times
3008201926409700,Duplicate,shipment_id,Appears multiple times
3008201926409600,Duplicate,shipment_id,Appears multiple times
3008201926409500,Duplicate,shipment_id,Appears multiple times
3008201925407400,Duplicate,shipment_id,Appears multiple times
3008201923250900,Duplicate,shipment_id,Appears multiple times
2808201923730300,Duplicate,shipment_id,Appears multiple times
2708201925174500,Duplicate,shipment_id,Appears multiple times
2608201923194200,Duplicate,shipment_id,Appears multiple times
2608201925379300,Duplicate,shipment_id,Appears multiple times
2608201923678300,Duplicate,shipment_id,Appears multiple times
2408201923182300,Duplicate,shipment_id,Appears multiple times
2408201923183300,Duplicate,shipment_id,Appears multiple times
2408201923671300,Duplicate,shipment_id,Appears multiple times
2308201926259500,Duplicate,shipment_id,Appears multiple times
2308201923173000,Duplicate,shipment_id,Appears multiple times
2308201925367500,Duplicate,shipment_id,Appears multiple times
2308201923654600,Duplicate,shipment_id,Appears multiple times
2208201923639600,Duplicate,shipment_id,Appears multiple times
2208201923635300,Duplicate,shipment_id,Appears multiple times
2108201925126900,Duplicate,shipment_id,Appears multiple times
2108201925720700,Duplicate,shipment_id,Appears multiple times
2008201923879600,Duplicate,shipment_id,Appears multiple times
1908201923114600,Duplicate,shipment_id,Appears multiple times
1908201926998400,Duplicate,shipment_id,Appears multiple times
1608201923876000,Duplicate,shipment_id,Appears multiple times
1608201925313500,Duplicate,shipment_id,Appears multiple times
1408201925516900,Duplicate,shipment_id,Appears multiple times
1408201923522700,Duplicate,shipment_id,Appears multiple times
1408201926033700,Duplicate,shipment_id,Appears multiple times
1308201923501500,Duplicate,shipment_id,Appears multiple times
1308201924203400,Duplicate,shipment_id,Appears multiple times
1308201923058500,Duplicate,shipment_id,Appears multiple times
1308201922906200,Duplicate,shipment_id,Appears multiple times
1308201923052600,Duplicate,shipment_id,Appears multiple times
1208201925995000,Duplicate,shipment_id,Appears multiple times
1208201923871600,Duplicate,shipment_id,Appears multiple times
0608201923866518,Duplicate,shipment_id,Appears multiple times
3007201921146600,Duplicate,shipment_id,Appears multiple times
2907201920160700,Duplicate,shipment_id,Appears multiple times
2907201921584900,Duplicate,shipment_id,Appears multiple times
2807201920254700,Duplicate,shipment_id,Appears multiple times
2707201921646600,Duplicate,shipment_id,Appears multiple times
2607201919609100,Duplicate,shipment_id,Appears multiple times
2507201920096700,Duplicate,shipment_id,Appears multiple times
2307201920065100,Duplicate,shipment_id,Appears multiple times
2207201921528500,Duplicate,shipment_id,Appears multiple times
2207201921638100,Duplicate,shipment_id,Appears multiple times
2207201920285000,Duplicate,shipment_id,Appears multiple times
2207201921555700,Duplicate,shipment_id,Appears multiple times
2007201922044500,Duplicate,shipment_id,Appears multiple times
2007201920284200,Duplicate,shipment_id,Appears multiple times
2007201920020600,Duplicate,shipment_id,Appears multiple times
1907201919540600,Duplicate,shipment_id,Appears multiple times
1807201919521600,Duplicate,shipment_id,Appears multiple times
1807201922575400,Duplicate,shipment_id,Appears multiple times
1707201922544600,Duplicate,shipment_id,Appears multiple times
1507201920278700,Duplicate,shipment_id,Appears multiple times
1507201920231700,Duplicate,shipment_id,Appears multiple times
1507201919487100,Duplicate,shipment_id,Appears multiple times
1507201919490400,Duplicate,shipment_id,Appears multiple times
1307201922477600,Duplicate,shipment_id,Appears multiple times
1307201922477500,Duplicate,shipment_id,Appears multiple times
1207201919464100,Duplicate,shipment_id,Appears multiple times
1207201919888600,Duplicate,shipment_id,Appears multiple times
1207201921819800,Duplicate,shipment_id,Appears multiple times
1107201922421500,Duplicate,shipment_id,Appears multiple times
1007201926931000,Duplicate,shipment_id,Appears multiple times
0407201919753857,Duplicate,shipment_id,Appears multiple times
2906201916886900,Duplicate,shipment_id,Appears multiple times
2906201916887000,Duplicate,shipment_id,Appears multiple times
2706201916984800,Duplicate,shipment_id,Appears multiple times
2706201916396700,Duplicate,shipment_id,Appears multiple times
2606201917559000,Duplicate,shipment_id,Appears multiple times
2506201919079400,Duplicate,shipment_id,Appears multiple times
2506201916367400,Duplicate,shipment_id,Appears multiple times
2506201917016900,Duplicate,shipment_id,Appears multiple times
2506201917862900,Duplicate,shipment_id,Appears multiple times
2506201917854400,Duplicate,shipment_id,Appears multiple times
2206201916776600,Duplicate,shipment_id,Appears multiple times
2206201917684000,Duplicate,shipment_id,Appears multiple times
2006201916095800,Duplicate,shipment_id,Appears multiple times
2006201916978600,Duplicate,shipment_id,Appears multiple times
2006201916978500,Duplicate,shipment_id,Appears multiple times
2006201916978400,Duplicate,shipment_id,Appears multiple times
2006201916759200,Duplicate,shipment_id,Appears multiple times
1906201918271200,Duplicate,shipment_id,Appears multiple times
1806201916703100,Duplicate,shipment_id,Appears multiple times
1806201919140200,Duplicate,shipment_id,Appears multiple times
1706201916280200,Duplicate,shipment_id,Appears multiple times
1706201917675700,Duplicate,shipment_id,Appears multiple times
1706201916688800,Duplicate,shipment_id,Appears multiple times
1506201918180000,Duplicate,shipment_id,Appears multiple times
1306201918150300,Duplicate,shipment_id,Appears multiple times
1306201918150200,Duplicate,shipment_id,Appears multiple times
1306201918150100,Duplicate,shipment_id,Appears multiple times
1306201918150000,Duplicate,shipment_id,Appears multiple times
1306201916971000,Duplicate,shipment_id,Appears multiple times
1306201918151600,Duplicate,shipment_id,Appears multiple times
1306201918151500,Duplicate,shipment_id,Appears multiple times
1306201918151400,Duplicate,shipment_id,Appears multiple times
1306201918151300,Duplicate,shipment_id,Appears multiple times
1306201918151200,Duplicate,shipment_id,Appears multiple times
1306201918150900,Duplicate,shipment_id,Appears multiple times
1206201917671000,Duplicate,shipment_id,Appears multiple times
1206201916970400,Duplicate,shipment_id,Appears multiple times
1206201918812900,Duplicate,shipment_id,Appears multiple times
1206201917670800,Duplicate,shipment_id,Appears multiple times
1106201917790100,Duplicate,shipment_id,Appears multiple times
1006201916967000,Duplicate,shipment_id,Appears multiple times
1006201917780600,Duplicate,shipment_id,Appears multiple times
3105201913958500,Duplicate,shipment_id,Appears multiple times
3005201913950900,Duplicate,shipment_id,Appears multiple times
3005201915254300,Duplicate,shipment_id,Appears multiple times
2905201913410100,Duplicate,shipment_id,Appears multiple times
2905201915803400,Duplicate,shipment_id,Appears multiple times
2905201914061400,Duplicate,shipment_id,Appears multiple times
2905201914061500,Duplicate,shipment_id,Appears multiple times
2905201913935700,Duplicate,shipment_id,Appears multiple times
2805201914084500,Duplicate,shipment_id,Appears multiple times
2705201915090200,Duplicate,shipment_id,Appears multiple times
2705201914611800,Duplicate,shipment_id,Appears multiple times
2705201913893800,Duplicate,shipment_id,Appears multiple times
2705201913875000,Duplicate,shipment_id,Appears multiple times
2705201915078800,Duplicate,shipment_id,Appears multiple times
2705201914609700,Duplicate,shipment_id,Appears multiple times
2505201913372200,Duplicate,shipment_id,Appears multiple times
2505201913862300,Duplicate,shipment_id,Appears multiple times
2405201915048900,Duplicate,shipment_id,Appears multiple times
2405201914575200,Duplicate,shipment_id,Appears multiple times
2305201913338500,Duplicate,shipment_id,Appears multiple times
2305201914054200,Duplicate,shipment_id,Appears multiple times
1705201912749500,Duplicate,shipment_id,Appears multiple times
1605201915575200,Duplicate,shipment_id,Appears multiple times
1605201913257000,Duplicate,shipment_id,Appears multiple times
1405201915557000,Duplicate,shipment_id,Appears multiple times
1405201915885500,Duplicate,shipment_id,Appears multiple times
1305201915545900,Duplicate,shipment_id,Appears multiple times
1305201914044500,Duplicate,shipment_id,Appears multiple times
1305201914043700,Duplicate,shipment_id,Appears multiple times
1305201914044400,Duplicate,shipment_id,Appears multiple times
1005201915868000,Duplicate,shipment_id,Appears multiple times
1005201913197600,Duplicate,shipment_id,Appears multiple times
1005201914739100,Duplicate,shipment_id,Appears multiple times
1005201912573200,Duplicate,shipment_id,Appears multiple times
300420199435440,Duplicate,shipment_id,Appears multiple times
300420199435760,Duplicate,shipment_id,Appears multiple times
3004201912270000,Duplicate,shipment_id,Appears multiple times
3004201910363400,Duplicate,shipment_id,Appears multiple times
2904201911153900,Duplicate,shipment_id,Appears multiple times
2704201910342800,Duplicate,shipment_id,Appears multiple times
2604201910951400,Duplicate,shipment_id,Appears multiple times
260420199431260,Duplicate,shipment_id,Appears multiple times
2504201911625000,Duplicate,shipment_id,Appears multiple times
2504201910079900,Duplicate,shipment_id,Appears multiple times
2304201911117900,Duplicate,shipment_id,Appears multiple times
2304201912134700,Duplicate,shipment_id,Appears multiple times
2204201912092600,Duplicate,shipment_id,Appears multiple times
220420199544330,Duplicate,shipment_id,Appears multiple times
2004201911551700,Duplicate,shipment_id,Appears multiple times
2004201911553300,Duplicate,shipment_id,Appears multiple times
1904201911529900,Duplicate,shipment_id,Appears multiple times
190420199322630,Duplicate,shipment_id,Appears multiple times
1804201911521200,Duplicate,shipment_id,Appears multiple times
1804201912315300,Duplicate,shipment_id,Appears multiple times
1804201912045000,Duplicate,shipment_id,Appears multiple times
1804201911509000,Duplicate,shipment_id,Appears multiple times
1704201910879400,Duplicate,shipment_id,Appears multiple times
170420199897040,Duplicate,shipment_id,Appears multiple times
170420199423010,Duplicate,shipment_id,Appears multiple times
170420199897060,Duplicate,shipment_id,Appears multiple times
1604201911021500,Duplicate,shipment_id,Appears multiple times
1504201911446900,Duplicate,shipment_id,Appears multiple times
1504201911981400,Duplicate,shipment_id,Appears multiple times
1504201910439800,Duplicate,shipment_id,Appears multiple times
130420199418990,Duplicate,shipment_id,Appears multiple times
1204201910157400,Duplicate,shipment_id,Appears multiple times
120420199535800,Duplicate,shipment_id,Appears multiple times
1204201910998400,Duplicate,shipment_id,Appears multiple times
110420199329150,Duplicate,shipment_id,Appears multiple times
300320198580370,Duplicate,shipment_id,Appears multiple times
2703201926604000,Duplicate,shipment_id,Appears multiple times
260320195649110,Duplicate,shipment_id,Appears multiple times
250320198469540,Duplicate,shipment_id,Appears multiple times
230320197868070,Duplicate,shipment_id,Appears multiple times
220320197851880,Duplicate,shipment_id,Appears multiple times
220320195672660,Duplicate,shipment_id,Appears multiple times
220320195672670,Duplicate,shipment_id,Appears multiple times
220320195672650,Duplicate,shipment_id,Appears multiple times
220320199050490,Duplicate,shipment_id,Appears multiple times
220320197078970,Duplicate,shipment_id,Appears multiple times
210320197408280,Duplicate,shipment_id,Appears multiple times
200320196602280,Duplicate,shipment_id,Appears multiple times
200320198381710,Duplicate,shipment_id,Appears multiple times
200320198381700,Duplicate,shipment_id,Appears multiple times
200320199042180,Duplicate,shipment_id,Appears multiple times
200320197070660,Duplicate,shipment_id,Appears multiple times
180320196578940,Duplicate,shipment_id,Appears multiple times
180320199005610,Duplicate,shipment_id,Appears multiple times
180320197034090,Duplicate,shipment_id,Appears multiple times
160320195937730,Duplicate,shipment_id,Appears multiple times
150320197736460,Duplicate,shipment_id,Appears multiple times
150320197736490,Duplicate,shipment_id,Appears multiple times
130320198225830,Duplicate,shipment_id,Appears multiple times
120320195663050,Duplicate,shipment_id,Appears multiple times
120320197673350,Duplicate,shipment_id,Appears multiple times
120320197673180,Duplicate,shipment_id,Appears multiple times
120320197673170,Duplicate,shipment_id,Appears multiple times
120320197673160,Duplicate,shipment_id,Appears multiple times
120320197673150,Duplicate,shipment_id,Appears multiple times
120320197673140,Duplicate,shipment_id,Appears multiple times
120320197673340,Duplicate,shipment_id,Appears multiple times
120320197673330,Duplicate,shipment_id,Appears multiple times
120320197673320,Duplicate,shipment_id,Appears multiple times
120320197673310,Duplicate,shipment_id,Appears multiple times
120320197673300,Duplicate,shipment_id,Appears multiple times
120320197673290,Duplicate,shipment_id,Appears multiple times
120320197673280,Duplicate,shipment_id,Appears multiple times
120320197673270,Duplicate,shipment_id,Appears multiple times
120320197673260,Duplicate,shipment_id,Appears multiple times
120320197673250,Duplicate,shipment_id,Appears multiple times
120320197673240,Duplicate,shipment_id,Appears multiple times
120320197673230,Duplicate,shipment_id,Appears multiple times
120320197673220,Duplicate,shipment_id,Appears multiple times
120320197673210,Duplicate,shipment_id,Appears multiple times
120320197673200,Duplicate,shipment_id,Appears multiple times
120320197673190,Duplicate,shipment_id,Appears multiple times
120320197323310,Duplicate,shipment_id,Appears multiple times
120320197673000,Duplicate,shipment_id,Appears multiple times
120320197323300,Duplicate,shipment_id,Appears multiple times
110320196136520,Duplicate,shipment_id,Appears multiple times
110320198667870,Duplicate,shipment_id,Appears multiple times
280220194793860,Duplicate,shipment_id,Appears multiple times
280220194793850,Duplicate,shipment_id,Appears multiple times
280220194175900,Duplicate,shipment_id,Appears multiple times
230220194137700,Duplicate,shipment_id,Appears multiple times
220220192986620,Duplicate,shipment_id,Appears multiple times
210220193793760,Duplicate,shipment_id,Appears multiple times
200220192984060,Duplicate,shipment_id,Appears multiple times
200220192984080,Duplicate,shipment_id,Appears multiple times
200220192984070,Duplicate,shipment_id,Appears multiple times
200220192984100,Duplicate,shipment_id,Appears multiple times
200220192984090,Duplicate,shipment_id,Appears multiple times
200220192984110,Duplicate,shipment_id,Appears multiple times
190220194793940,Duplicate,shipment_id,Appears multiple times
190220194686310,Duplicate,shipment_id,Appears multiple times
190220194793950,Duplicate,shipment_id,Appears multiple times
180220193743800,Duplicate,shipment_id,Appears multiple times
180220194121080,Duplicate,shipment_id,Appears multiple times
180220194121030,Duplicate,shipment_id,Appears multiple times
150220194657350,Duplicate,shipment_id,Appears multiple times
150220194657360,Duplicate,shipment_id,Appears multiple times
140220194697620,Duplicate,shipment_id,Appears multiple times
120220194375310,Duplicate,shipment_id,Appears multiple times
110220193642290,Duplicate,shipment_id,Appears multiple times
110220194841660,Duplicate,shipment_id,Appears multiple times
110220194120170,Duplicate,shipment_id,Appears multiple times
280120191440790,Duplicate,shipment_id,Appears multiple times
250120191440800,Duplicate,shipment_id,Appears multiple times
250120191450420,Duplicate,shipment_id,Appears multiple times
240120192656110,Duplicate,shipment_id,Appears multiple times
230120192208600,Duplicate,shipment_id,Appears multiple times
190120191409380,Duplicate,shipment_id,Appears multiple times
180120191726460,Duplicate,shipment_id,Appears multiple times
170120192169850,Duplicate,shipment_id,Appears multiple times
170120192508190,Duplicate,shipment_id,Appears multiple times
150120191748830,Duplicate,shipment_id,Appears multiple times
140120191403230,Duplicate,shipment_id,Appears multiple times
140120191735840,Duplicate,shipment_id,Appears multiple times
110120191420360,Duplicate,shipment_id,Appears multiple times
110120191420320,Duplicate,shipment_id,Appears multiple times
110120192005880,Duplicate,shipment_id,Appears multiple times
100120191748960,Duplicate,shipment_id,Appears multiple times
311220186798870,Duplicate,shipment_id,Appears multiple times
261220187781580,Duplicate,shipment_id,Appears multiple times
221220187729310,Duplicate,shipment_id,Appears multiple times
101220187460470,Duplicate,shipment_id,Appears multiple times
101220187460460,Duplicate,shipment_id,Appears multiple times
271120186360160,Duplicate,shipment_id,Appears multiple times
261120185480550,Duplicate,shipment_id,Appears multiple times
241120184182330,Duplicate,shipment_id,Appears multiple times
231120184180970,Duplicate,shipment_id,Appears multiple times
231120184180710,Duplicate,shipment_id,Appears multiple times
231120184180530,Duplicate,shipment_id,Appears multiple times
231120184180460,Duplicate,shipment_id,Appears multiple times
231120184180890,Duplicate,shipment_id,Appears multiple times
231120184180540,Duplicate,shipment_id,Appears multiple times
231120184181380,Duplicate,shipment_id,Appears multiple times
231120184181120,Duplicate,shipment_id,Appears multiple times
231120184181020,Duplicate,shipment_id,Appears multiple times
231120184181220,Duplicate,shipment_id,Appears multiple times
231120184181200,Duplicate,shipment_id,Appears multiple times
231120184180630,Duplicate,shipment_id,Appears multiple times
201120184547290,Duplicate,shipment_id,Appears multiple times
201120185447520,Duplicate,shipment_id,Appears multiple times
191120185424550,Duplicate,shipment_id,Appears multiple times
171120186132550,Duplicate,shipment_id,Appears multiple times
161120185651220,Duplicate,shipment_id,Appears multiple times
161120185650710,Duplicate,shipment_id,Appears multiple times
161120185649160,Duplicate,shipment_id,Appears multiple times
161120186127230,Duplicate,shipment_id,Appears multiple times
151120184169880,Duplicate,shipment_id,Appears multiple times
151120184169350,Duplicate,shipment_id,Appears multiple times
141120185106790,Duplicate,shipment_id,Appears multiple times
131120185097280,Duplicate,shipment_id,Appears multiple times
121120184163130,Duplicate,shipment_id,Appears multiple times
271020181003270,Duplicate,shipment_id,Appears multiple times
2909201828992200,Duplicate,shipment_id,Appears multiple times
2909201829009000,Duplicate,shipment_id,Appears multiple times
2909201829022300,Duplicate,shipment_id,Appears multiple times
2609201828569900,Duplicate,shipment_id,Appears multiple times
2409201828256300,Duplicate,shipment_id,Appears multiple times
2209201828146400,Duplicate,shipment_id,Appears multiple times
2209201828202500,Duplicate,shipment_id,Appears multiple times
2109201828031100,Duplicate,shipment_id,Appears multiple times
2009201827906300,Duplicate,shipment_id,Appears multiple times
2009201827919300,Duplicate,shipment_id,Appears multiple times
2009201827910200,Duplicate,shipment_id,Appears multiple times
2009201827912700,Duplicate,shipment_id,Appears multiple times
2009201827924400,Duplicate,shipment_id,Appears multiple times
2009201827926600,Duplicate,shipment_id,Appears multiple times
2009201827962100,Duplicate,shipment_id,Appears multiple times
1809201827750900,Duplicate,shipment_id,Appears multiple times
1809201827701000,Duplicate,shipment_id,Appears multiple times
1109201826992000,Duplicate,shipment_id,Appears multiple times
1009201826787500,Duplicate,shipment_id,Appears multiple times
0609201826408706,Duplicate,shipment_id,Appears multiple times
0609201826409682,Duplicate,shipment_id,Appears multiple times
0409201826192136,Duplicate,shipment_id,Appears multiple times
3108201822225200,Duplicate,shipment_id,Appears multiple times
3108201819294100,Duplicate,shipment_id,Appears multiple times
3108201820466700,Duplicate,shipment_id,Appears multiple times
3108201820600300,Duplicate,shipment_id,Appears multiple times
2908201819520200,Duplicate,shipment_id,Appears multiple times
2708201819159100,Duplicate,shipment_id,Appears multiple times
2708201819159200,Duplicate,shipment_id,Appears multiple times
2708201820141000,Duplicate,shipment_id,Appears multiple times
2508201819610000,Duplicate,shipment_id,Appears multiple times
2508201821755600,Duplicate,shipment_id,Appears multiple times
2508201819987700,Duplicate,shipment_id,Appears multiple times
2408201819288800,Duplicate,shipment_id,Appears multiple times
2408201819639900,Duplicate,shipment_id,Appears multiple times
2308201819758800,Duplicate,shipment_id,Appears multiple times
2108201820609200,Duplicate,shipment_id,Appears multiple times
2008201820391000,Duplicate,shipment_id,Appears multiple times
2008201820423900,Duplicate,shipment_id,Appears multiple times
2008201819758500,Duplicate,shipment_id,Appears multiple times
1808201822040700,Duplicate,shipment_id,Appears multiple times
1608201819606600,Duplicate,shipment_id,Appears multiple times
1608201819159100,Duplicate,shipment_id,Appears multiple times
1408201821634000,Duplicate,shipment_id,Appears multiple times
1408201820142700,Duplicate,shipment_id,Appears multiple times
1408201819202000,Duplicate,shipment_id,Appears multiple times
1308201819288100,Duplicate,shipment_id,Appears multiple times
1108201821606800,Duplicate,shipment_id,Appears multiple times
2807201825787000,Duplicate,shipment_id,Appears multiple times
2707201824047500,Duplicate,shipment_id,Appears multiple times
2707201823321900,Duplicate,shipment_id,Appears multiple times
2707201823302300,Duplicate,shipment_id,Appears multiple times
2507201823987000,Duplicate,shipment_id,Appears multiple times
2307201823916700,Duplicate,shipment_id,Appears multiple times
2107201823891700,Duplicate,shipment_id,Appears multiple times
1807201824716800,Duplicate,shipment_id,Appears multiple times
1807201823832400,Duplicate,shipment_id,Appears multiple times
1807201824686700,Duplicate,shipment_id,Appears multiple times
1707201823003500,Duplicate,shipment_id,Appears multiple times
1707201823010900,Duplicate,shipment_id,Appears multiple times
1607201822942800,Duplicate,shipment_id,Appears multiple times
1307201824540300,Duplicate,shipment_id,Appears multiple times
1307201823722400,Duplicate,shipment_id,Appears multiple times
1007201824426800,Duplicate,shipment_id,Appears multiple times
2906201818066300,Duplicate,shipment_id,Appears multiple times
2706201817714700,Duplicate,shipment_id,Appears multiple times
2706201816787300,Duplicate,shipment_id,Appears multiple times
2106201818129800,Duplicate,shipment_id,Appears multiple times
2106201817600500,Duplicate,shipment_id,Appears multiple times
2006201816777100,Duplicate,shipment_id,Appears multiple times
2006201815425400,Duplicate,shipment_id,Appears multiple times
1806201818307500,Duplicate,shipment_id,Appears multiple times
1806201818004400,Duplicate,shipment_id,Appears multiple times
1806201817896100,Duplicate,shipment_id,Appears multiple times
1806201817465900,Duplicate,shipment_id,Appears multiple times
1806201817909800,Duplicate,shipment_id,Appears multiple times
1806201818361900,Duplicate,shipment_id,Appears multiple times
1806201818159000,Duplicate,shipment_id,Appears multiple times
1806201818357800,Duplicate,shipment_id,Appears multiple times
1806201818177500,Duplicate,shipment_id,Appears multiple times
1806201817463200,Duplicate,shipment_id,Appears multiple times
1506201817808800,Duplicate,shipment_id,Appears multiple times
1506201818227900,Duplicate,shipment_id,Appears multiple times
1106201815669600,Duplicate,shipment_id,Appears multiple times
0906201815381901,Duplicate,shipment_id,Appears multiple times
0206201818209548,Duplicate,shipment_id,Appears multiple times
2905201815209200,Duplicate,shipment_id,Appears multiple times
2905201814475800,Duplicate,shipment_id,Appears multiple times
2905201814474600,Duplicate,shipment_id,Appears multiple times
2905201814453900,Duplicate,shipment_id,Appears multiple times
2905201814449400,Duplicate,shipment_id,Appears multiple times
2905201814472200,Duplicate,shipment_id,Appears multiple times
2905201814478900,Duplicate,shipment_id,Appears multiple times
2905201815209300,Duplicate,shipment_id,Appears multiple times
2905201814477200,Duplicate,shipment_id,Appears multiple times
2905201814477300,Duplicate,shipment_id,Appears multiple times
2805201814448500,Duplicate,shipment_id,Appears multiple times
2405201814468600,Duplicate,shipment_id,Appears multiple times
2405201814474000,Duplicate,shipment_id,Appears multiple times
1905201815208500,Duplicate,shipment_id,Appears multiple times
1905201814468100,Duplicate,shipment_id,Appears multiple times
1905201814467000,Duplicate,shipment_id,Appears multiple times
1905201814464600,Duplicate,shipment_id,Appears multiple times
1905201814445800,Duplicate,shipment_id,Appears multiple times
1905201815091900,Duplicate,shipment_id,Appears multiple times
1605201814104200,Duplicate,shipment_id,Appears multiple times
1605201814117900,Duplicate,shipment_id,Appears multiple times
1605201814115200,Duplicate,shipment_id,Appears multiple times
1605201813615800,Duplicate,shipment_id,Appears multiple times
1105201813426500,Duplicate,shipment_id,Appears multiple times
1105201812842900,Duplicate,shipment_id,Appears multiple times
1105201814755600,Duplicate,shipment_id,Appears multiple times
1005201814712700,Duplicate,shipment_id,Appears multiple times
1005201815246200,Duplicate,shipment_id,Appears multiple times
1005201814738000,Duplicate,shipment_id,Appears multiple times
1005201814734200,Duplicate,shipment_id,Appears multiple times
1005201814737800,Duplicate,shipment_id,Appears multiple times
3004201810905800,Duplicate,shipment_id,Appears multiple times
3004201810712900,Duplicate,shipment_id,Appears multiple times
3004201811496100,Duplicate,shipment_id,Appears multiple times
2104201810899900,Duplicate,shipment_id,Appears multiple times
2104201810888400,Duplicate,shipment_id,Appears multiple times
2104201810892800,Duplicate,shipment_id,Appears multiple times
2104201810892900,Duplicate,shipment_id,Appears multiple times
2104201810892500,Duplicate,shipment_id,Appears multiple times
2104201810915300,Duplicate,shipment_id,Appears multiple times
2104201810912100,Duplicate,shipment_id,Appears multiple times
2104201811556600,Duplicate,shipment_id,Appears multiple times
1904201810615800,Duplicate,shipment_id,Appears multiple times
1304201811555800,Duplicate,shipment_id,Appears multiple times
1104201811138000,Duplicate,shipment_id,Appears multiple times
300320188711400,Duplicate,shipment_id,Appears multiple times
300320188711460,Duplicate,shipment_id,Appears multiple times
300320188711470,Duplicate,shipment_id,Appears multiple times
300320188711480,Duplicate,shipment_id,Appears multiple times
300320188711490,Duplicate,shipment_id,Appears multiple times
300320188711500,Duplicate,shipment_id,Appears multiple times
300320188711510,Duplicate,shipment_id,Appears multiple times
300320188711590,Duplicate,shipment_id,Appears multiple times
300320188711600,Duplicate,shipment_id,Appears multiple times
300320188711700,Duplicate,shipment_id,Appears multiple times
300320188711710,Duplicate,shipment_id,Appears multiple times
300320188711610,Duplicate,shipment_id,Appears multiple times
300320188711720,Duplicate,shipment_id,Appears multiple times
300320188711620,Duplicate,shipment_id,Appears multiple times
300320188711630,Duplicate,shipment_id,Appears multiple times
300320188711640,Duplicate,shipment_id,Appears multiple times
300320188711730,Duplicate,shipment_id,Appears multiple times
300320188711650,Duplicate,shipment_id,Appears multiple times
300320188711740,Duplicate,shipment_id,Appears multiple times
300320188697140,Duplicate,shipment_id,Appears multiple times
300320188693490,Duplicate,shipment_id,Appears multiple times
300320188745200,Duplicate,shipment_id,Appears multiple times
280320188591130,Duplicate,shipment_id,Appears multiple times
280320188591120,Duplicate,shipment_id,Appears multiple times
280320188591100,Duplicate,shipment_id,Appears multiple times
280320188591110,Duplicate,shipment_id,Appears multiple times
280320188591140,Duplicate,shipment_id,Appears multiple times
270320189316410,Duplicate,shipment_id,Appears multiple times
270320188454420,Duplicate,shipment_id,Appears multiple times
270320188454820,Duplicate,shipment_id,Appears multiple times
270320188498610,Duplicate,shipment_id,Appears multiple times
260320188372070,Duplicate,shipment_id,Appears multiple times
240320188232120,Duplicate,shipment_id,Appears multiple times
240320188277100,Duplicate,shipment_id,Appears multiple times
240320188231800,Duplicate,shipment_id,Appears multiple times
220320188050910,Duplicate,shipment_id,Appears multiple times
220320188037400,Duplicate,shipment_id,Appears multiple times
210320189206830,Duplicate,shipment_id,Appears multiple times
210320187985470,Duplicate,shipment_id,Appears multiple times
200320189190550,Duplicate,shipment_id,Appears multiple times
200320187843040,Duplicate,shipment_id,Appears multiple times
190320189171840,Duplicate,shipment_id,Appears multiple times
190320189171830,Duplicate,shipment_id,Appears multiple times
190320187800670,Duplicate,shipment_id,Appears multiple times
160320187586340,Duplicate,shipment_id,Appears multiple times
150320187443250,Duplicate,shipment_id,Appears multiple times
150320187484920,Duplicate,shipment_id,Appears multiple times
140320187408170,Duplicate,shipment_id,Appears multiple times
140320187378310,Duplicate,shipment_id,Appears multiple times
100320187088370,Duplicate,shipment_id,Appears multiple times
280220184986000,Duplicate,shipment_id,Appears multiple times
280220185038770,Duplicate,shipment_id,Appears multiple times
280220185038800,Duplicate,shipment_id,Appears multiple times
280220185038790,Duplicate,shipment_id,Appears multiple times
280220185038760,Duplicate,shipment_id,Appears multiple times
280220185038730,Duplicate,shipment_id,Appears multiple times
280220185038780,Duplicate,shipment_id,Appears multiple times
280220185038720,Duplicate,shipment_id,Appears multiple times
280220185035010,Duplicate,shipment_id,Appears multiple times
260220184761580,Duplicate,shipment_id,Appears multiple times
260220184784230,Duplicate,shipment_id,Appears multiple times
240220184658590,Duplicate,shipment_id,Appears multiple times
230220184605070,Duplicate,shipment_id,Appears multiple times
220220184487340,Duplicate,shipment_id,Appears multiple times
210220184416200,Duplicate,shipment_id,Appears multiple times
210220184428900,Duplicate,shipment_id,Appears multiple times
210220184443180,Duplicate,shipment_id,Appears multiple times
190220184185550,Duplicate,shipment_id,Appears multiple times
190220184202280,Duplicate,shipment_id,Appears multiple times
170220184119950,Duplicate,shipment_id,Appears multiple times
160220184004430,Duplicate,shipment_id,Appears multiple times
160220183952320,Duplicate,shipment_id,Appears multiple times
160220183985590,Duplicate,shipment_id,Appears multiple times
160220183971420,Duplicate,shipment_id,Appears multiple times
160220184014360,Duplicate,shipment_id,Appears multiple times
150220183860560,Duplicate,shipment_id,Appears multiple times
140220186175780,Duplicate,shipment_id,Appears multiple times
120220186112900,Duplicate,shipment_id,Appears multiple times
120220183551220,Duplicate,shipment_id,Appears multiple times
310120182182890,Duplicate,shipment_id,Appears multiple times
310120182143300,Duplicate,shipment_id,Appears multiple times
300120181836440,Duplicate,shipment_id,Appears multiple times
300120182388600,Duplicate,shipment_id,Appears multiple times
290120181829100,Duplicate,shipment_id,Appears multiple times
280120182088410,Duplicate,shipment_id,Appears multiple times
270120181899500,Duplicate,shipment_id,Appears multiple times
270120181874230,Duplicate,shipment_id,Appears multiple times
270120185608100,Duplicate,shipment_id,Appears multiple times
270120182104340,Duplicate,shipment_id,Appears multiple times
250120185591290,Duplicate,shipment_id,Appears multiple times
250120182430950,Duplicate,shipment_id,Appears multiple times
230120181270260,Duplicate,shipment_id,Appears multiple times
230120181722650,Duplicate,shipment_id,Appears multiple times
230120181783320,Duplicate,shipment_id,Appears multiple times
220120181741610,Duplicate,shipment_id,Appears multiple times
190120181776580,Duplicate,shipment_id,Appears multiple times
190120181434220,Duplicate,shipment_id,Appears multiple times
190120181123810,Duplicate,shipment_id,Appears multiple times
190120181309520,Duplicate,shipment_id,Appears multiple times
180120181487800,Duplicate,shipment_id,Appears multiple times
180120181487790,Duplicate,shipment_id,Appears multiple times
180120181487780,Duplicate,shipment_id,Appears multiple times
180120181487760,Duplicate,shipment_id,Appears multiple times
180120181487810,Duplicate,shipment_id,Appears multiple times
180120181487770,Duplicate,shipment_id,Appears multiple times
160120181536440,Duplicate,shipment_id,Appears multiple times
09012018661100,Duplicate,shipment_id,Appears multiple times
01012018403372,Duplicate,shipment_id,Appears multiple times
3012201731895300,Duplicate,shipment_id,Appears multiple times
3012201730789600,Duplicate,shipment_id,Appears multiple times
2912201730735000,Duplicate,shipment_id,Appears multiple times
2812201730665000,Duplicate,shipment_id,Appears multiple times
2612201730484500,Duplicate,shipment_id,Appears multiple times
2612201730401600,Duplicate,shipment_id,Appears multiple times
2212201730196400,Duplicate,shipment_id,Appears multiple times
2112201730118400,Duplicate,shipment_id,Appears multiple times
2112201730118300,Duplicate,shipment_id,Appears multiple times
2112201730054000,Duplicate,shipment_id,Appears multiple times
2012201729995800,Duplicate,shipment_id,Appears multiple times
1912201729930300,Duplicate,shipment_id,Appears multiple times
1912201729930200,Duplicate,shipment_id,Appears multiple times
1912201729857700,Duplicate,shipment_id,Appears multiple times
1812201729754900,Duplicate,shipment_id,Appears multiple times
1612201729655400,Duplicate,shipment_id,Appears multiple times
1512201729635600,Duplicate,shipment_id,Appears multiple times
1312201731570400,Duplicate,shipment_id,Appears multiple times
1212201729330200,Duplicate,shipment_id,Appears multiple times
1112201729133700,Duplicate,shipment_id,Appears multiple times
1112201729124400,Duplicate,shipment_id,Appears multiple times
1112201729191700,Duplicate,shipment_id,Appears multiple times
0512201728806872,Duplicate,shipment_id,Appears multiple times
2911201728183000,Duplicate,shipment_id,Appears multiple times
2811201727902600,Duplicate,shipment_id,Appears multiple times
2711201728358600,Duplicate,shipment_id,Appears multiple times
2511201727943700,Duplicate,shipment_id,Appears multiple times
2511201728026800,Duplicate,shipment_id,Appears multiple times
2411201727925100,Duplicate,shipment_id,Appears multiple times
2311201727633000,Duplicate,shipment_id,Appears multiple times
2111201731188300,Duplicate,shipment_id,Appears multiple times
2111201727834700,Duplicate,shipment_id,Appears multiple times
2011201727823600,Duplicate,shipment_id,Appears multiple times
1811201727441500,Duplicate,shipment_id,Appears multiple times
1711201727320300,Duplicate,shipment_id,Appears multiple times
1711201727422200,Duplicate,shipment_id,Appears multiple times
1611201727827000,Duplicate,shipment_id,Appears multiple times
1411201727258600,Duplicate,shipment_id,Appears multiple times
1411201726937400,Duplicate,shipment_id,Appears multiple times
1411201727004200,Duplicate,shipment_id,Appears multiple times
1411201727230800,Duplicate,shipment_id,Appears multiple times
1311201726926100,Duplicate,shipment_id,Appears multiple times
1311201726927200,Duplicate,shipment_id,Appears multiple times
1311201727246900,Duplicate,shipment_id,Appears multiple times
1011201727028400,Duplicate,shipment_id,Appears multiple times
3110201726171400,Duplicate,shipment_id,Appears multiple times
3010201726157500,Duplicate,shipment_id,Appears multiple times
3010201726097600,Duplicate,shipment_id,Appears multiple times
30712510,Duplicate,shipment_id,Appears multiple times
2710201725920700,Duplicate,shipment_id,Appears multiple times
2710201725910500,Duplicate,shipment_id,Appears multiple times
2710201725966900,Duplicate,shipment_id,Appears multiple times
2510201725761100,Duplicate,shipment_id,Appears multiple times
2110201725480600,Duplicate,shipment_id,Appears multiple times
2010201725421300,Duplicate,shipment_id,Appears multiple times
2010201725390100,Duplicate,shipment_id,Appears multiple times
1910201725299200,Duplicate,shipment_id,Appears multiple times
1810201725296800,Duplicate,shipment_id,Appears multiple times
1810201725284200,Duplicate,shipment_id,Appears multiple times
1310201724952700,Duplicate,shipment_id,Appears multiple times
1310201724952800,Duplicate,shipment_id,Appears multiple times
1110201724752700,Duplicate,shipment_id,Appears multiple times
2809201723842800,Duplicate,shipment_id,Appears multiple times
260920175022780,Duplicate,shipment_id,Appears multiple times
250920175001920,Duplicate,shipment_id,Appears multiple times
2509201723482200,Duplicate,shipment_id,Appears multiple times
2309201723173400,Duplicate,shipment_id,Appears multiple times
2309201723197300,Duplicate,shipment_id,Appears multiple times
2309201723197400,Duplicate,shipment_id,Appears multiple times
2209201722933900,Duplicate,shipment_id,Appears multiple times
2209201723175600,Duplicate,shipment_id,Appears multiple times
2209201723127100,Duplicate,shipment_id,Appears multiple times
2109201723229400,Duplicate,shipment_id,Appears multiple times
2009201723173300,Duplicate,shipment_id,Appears multiple times
2009201723206300,Duplicate,shipment_id,Appears multiple times
1909201723142300,Duplicate,shipment_id,Appears multiple times
1809201723176300,Duplicate,shipment_id,Appears multiple times
1809201723196200,Duplicate,shipment_id,Appears multiple times
1809201723049500,Duplicate,shipment_id,Appears multiple times
1509201722259100,Duplicate,shipment_id,Appears multiple times
1409201722388000,Duplicate,shipment_id,Appears multiple times
1409201722393200,Duplicate,shipment_id,Appears multiple times
130920174797670,Duplicate,shipment_id,Appears multiple times
1209201722264900,Duplicate,shipment_id,Appears multiple times
1209201722736500,Duplicate,shipment_id,Appears multiple times
1109201722264800,Duplicate,shipment_id,Appears multiple times
1109201722541900,Duplicate,shipment_id,Appears multiple times
1109201722380700,Duplicate,shipment_id,Appears multiple times
1109201722380800,Duplicate,shipment_id,Appears multiple times
3108201721723900,Duplicate,shipment_id,Appears multiple times
310820171219470,Duplicate,shipment_id,Appears multiple times
2908201721542700,Duplicate,shipment_id,Appears multiple times
290820171215620,Duplicate,shipment_id,Appears multiple times
2908201721584700,Duplicate,shipment_id,Appears multiple times
2808201721504700,Duplicate,shipment_id,Appears multiple times
2808201721393800,Duplicate,shipment_id,Appears multiple times
2808201710289900,Duplicate,shipment_id,Appears multiple times
2808201721408600,Duplicate,shipment_id,Appears multiple times
2508201721295900,Duplicate,shipment_id,Appears multiple times
2408201721212300,Duplicate,shipment_id,Appears multiple times
230820174405170,Duplicate,shipment_id,Appears multiple times
2308201721180400,Duplicate,shipment_id,Appears multiple times
2208201721113600,Duplicate,shipment_id,Appears multiple times
1908201720958500,Duplicate,shipment_id,Appears multiple times
1908201720960300,Duplicate,shipment_id,Appears multiple times
1908201720960500,Duplicate,shipment_id,Appears multiple times
1908201720955100,Duplicate,shipment_id,Appears multiple times
1808201720884400,Duplicate,shipment_id,Appears multiple times
1808201720882200,Duplicate,shipment_id,Appears multiple times
1708201720762400,Duplicate,shipment_id,Appears multiple times
1708201720795500,Duplicate,shipment_id,Appears multiple times
1608201720710500,Duplicate,shipment_id,Appears multiple times
1608201720700300,Duplicate,shipment_id,Appears multiple times
1208201720539100,Duplicate,shipment_id,Appears multiple times
3107201719716900,Duplicate,shipment_id,Appears multiple times
310720171048290,Duplicate,shipment_id,Appears multiple times
3107201719716200,Duplicate,shipment_id,Appears multiple times
2807201719544300,Duplicate,shipment_id,Appears multiple times
2807201719536800,Duplicate,shipment_id,Appears multiple times
2807201719547700,Duplicate,shipment_id,Appears multiple times
2807201719563100,Duplicate,shipment_id,Appears multiple times
2807201719563000,Duplicate,shipment_id,Appears multiple times
2707201719497500,Duplicate,shipment_id,Appears multiple times
2607201719460600,Duplicate,shipment_id,Appears multiple times
2607201719407100,Duplicate,shipment_id,Appears multiple times
2407201719242700,Duplicate,shipment_id,Appears multiple times
210720173740060,Duplicate,shipment_id,Appears multiple times
2007201719030000,Duplicate,shipment_id,Appears multiple times
1907201719009900,Duplicate,shipment_id,Appears multiple times
1707201718846100,Duplicate,shipment_id,Appears multiple times
1707201718845300,Duplicate,shipment_id,Appears multiple times
1507201718749200,Duplicate,shipment_id,Appears multiple times
1407201718665200,Duplicate,shipment_id,Appears multiple times
1407201718679700,Duplicate,shipment_id,Appears multiple times
130720173553430,Duplicate,shipment_id,Appears multiple times
1307201718649100,Duplicate,shipment_id,Appears multiple times
1207201718496800,Duplicate,shipment_id,Appears multiple times
1107201718446700,Duplicate,shipment_id,Appears multiple times
1107201718366900,Duplicate,shipment_id,Appears multiple times
1107201718382700,Duplicate,shipment_id,Appears multiple times
1007201718278800,Duplicate,shipment_id,Appears multiple times
2706201717672700,Duplicate,shipment_id,Appears multiple times
2606201717626100,Duplicate,shipment_id,Appears multiple times
2606201717626000,Duplicate,shipment_id,Appears multiple times
2406201717597100,Duplicate,shipment_id,Appears multiple times
2406201717556700,Duplicate,shipment_id,Appears multiple times
2006201717376100,Duplicate,shipment_id,Appears multiple times
2006201717347500,Duplicate,shipment_id,Appears multiple times
190620173113150,Duplicate,shipment_id,Appears multiple times
170620173100360,Duplicate,shipment_id,Appears multiple times
1606201717175400,Duplicate,shipment_id,Appears multiple times
1506201717038800,Duplicate,shipment_id,Appears multiple times
140620173035540,Duplicate,shipment_id,Appears multiple times
1306201716939600,Duplicate,shipment_id,Appears multiple times
3005201715900900,Duplicate,shipment_id,Appears multiple times
2905201715763300,Duplicate,shipment_id,Appears multiple times
2905201715763200,Duplicate,shipment_id,Appears multiple times
2905201715747600,Duplicate,shipment_id,Appears multiple times
2905201715738600,Duplicate,shipment_id,Appears multiple times
2905201715720200,Duplicate,shipment_id,Appears multiple times
2905201715718700,Duplicate,shipment_id,Appears multiple times
2605201715572300,Duplicate,shipment_id,Appears multiple times
2305201715369800,Duplicate,shipment_id,Appears multiple times
2305201715298400,Duplicate,shipment_id,Appears multiple times
2305201715302700,Duplicate,shipment_id,Appears multiple times
1905201715175200,Duplicate,shipment_id,Appears multiple times
1905201715153900,Duplicate,shipment_id,Appears multiple times
1805201715075100,Duplicate,shipment_id,Appears multiple times
1705201714979000,Duplicate,shipment_id,Appears multiple times
1505201714447000,Duplicate,shipment_id,Appears multiple times
1205201714419500,Duplicate,shipment_id,Appears multiple times
1205201714363100,Duplicate,shipment_id,Appears multiple times
EXDO6850025331,Duplicate,shipment_id,Appears multiple times
2804201713605900,Duplicate,shipment_id,Appears multiple times
2704201713558300,Duplicate,shipment_id,Appears multiple times
2604201713426000,Duplicate,shipment_id,Appears multiple times
2504201713379400,Duplicate,shipment_id,Appears multiple times
2504201713387500,Duplicate,shipment_id,Appears multiple times
2504201713372400,Duplicate,shipment_id,Appears multiple times
2504201713381900,Duplicate,shipment_id,Appears multiple times
240420172099670,Duplicate,shipment_id,Appears multiple times
2204201713217700,Duplicate,shipment_id,Appears multiple times
2204201713158600,Duplicate,shipment_id,Appears multiple times
2004201713005700,Duplicate,shipment_id,Appears multiple times
2004201713026700,Duplicate,shipment_id,Appears multiple times
1904201712983200,Duplicate,shipment_id,Appears multiple times
1904201712983900,Duplicate,shipment_id,Appears multiple times
1704201712767300,Duplicate,shipment_id,Appears multiple times
1604201712648100,Duplicate,shipment_id,Appears multiple times
1504201712625600,Duplicate,shipment_id,Appears multiple times
1504201712642500,Duplicate,shipment_id,Appears multiple times
1104201712487200,Duplicate,shipment_id,Appears multiple times
1004201712371100,Duplicate,shipment_id,Appears multiple times
1004201712364300,Duplicate,shipment_id,Appears multiple times
1004201712395300,Duplicate,shipment_id,Appears multiple times
3003201711594300,Duplicate,shipment_id,Appears multiple times
2903201711556200,Duplicate,shipment_id,Appears multiple times
2903201711541400,Duplicate,shipment_id,Appears multiple times
2803201711458100,Duplicate,shipment_id,Appears multiple times
2403201711294200,Duplicate,shipment_id,Appears multiple times
2403201711294300,Duplicate,shipment_id,Appears multiple times
2203201711053900,Duplicate,shipment_id,Appears multiple times
2203201711125200,Duplicate,shipment_id,Appears multiple times
2103201710993000,Duplicate,shipment_id,Appears multiple times
2003201710942600,Duplicate,shipment_id,Appears multiple times
2003201710943600,Duplicate,shipment_id,Appears multiple times
2003201710948300,Duplicate,shipment_id,Appears multiple times
1603201710672000,Duplicate,shipment_id,Appears multiple times
1503201710221100,Duplicate,shipment_id,Appears multiple times
1403201710119800,Duplicate,shipment_id,Appears multiple times
1403201710119700,Duplicate,shipment_id,Appears multiple times
1003201710172500,Duplicate,shipment_id,Appears multiple times
280220179645560,Duplicate,shipment_id,Appears multiple times
200220178896830,Duplicate,shipment_id,Appears multiple times
180220179175380,Duplicate,shipment_id,Appears multiple times
170220178988960,Duplicate,shipment_id,Appears multiple times
160220178850180,Duplicate,shipment_id,Appears multiple times
150220178720540,Duplicate,shipment_id,Appears multiple times
150220178688050,Duplicate,shipment_id,Appears multiple times
140220178619200,Duplicate,shipment_id,Appears multiple times
100220178345630,Duplicate,shipment_id,Appears multiple times
310120177620520,Duplicate,shipment_id,Appears multiple times
300120177666080,Duplicate,shipment_id,Appears multiple times
270120177558310,Duplicate,shipment_id,Appears multiple times
250120177534930,Duplicate,shipment_id,Appears multiple times
210120176854260,Duplicate,shipment_id,Appears multiple times
200120176972560,Duplicate,shipment_id,Appears multiple times
180120177057610,Duplicate,shipment_id,Appears multiple times
180120176499000,Duplicate,shipment_id,Appears multiple times
180120176555580,Duplicate,shipment_id,Appears multiple times
180120177041300,Duplicate,shipment_id,Appears multiple times
160120176747350,Duplicate,shipment_id,Appears multiple times
120120176288300,Duplicate,shipment_id,Appears multiple times
SHCLA1611085606,Duplicate,shipment_id,Appears multiple times
040120175761564,Duplicate,shipment_id,Appears multiple times
3112201635904400,Duplicate,shipment_id,Appears multiple times
2912201630258100,Duplicate,shipment_id,Appears multiple times
2612201629911000,Duplicate,shipment_id,Appears multiple times
2612201629966400,Duplicate,shipment_id,Appears multiple times
2412201629821800,Duplicate,shipment_id,Appears multiple times
2412201629872600,Duplicate,shipment_id,Appears multiple times
2012201629449400,Duplicate,shipment_id,Appears multiple times
2012201629454100,Duplicate,shipment_id,Appears multiple times
2012201629414100,Duplicate,shipment_id,Appears multiple times
2012201629413800,Duplicate,shipment_id,Appears multiple times
1912201629335100,Duplicate,shipment_id,Appears multiple times
1612201629112100,Duplicate,shipment_id,Appears multiple times
1312201628809300,Duplicate,shipment_id,Appears multiple times
2911201627165700,Duplicate,shipment_id,Appears multiple times
2811201626958500,Duplicate,shipment_id,Appears multiple times
2611201626878300,Duplicate,shipment_id,Appears multiple times
2511201626723300,Duplicate,shipment_id,Appears multiple times
2511201626695800,Duplicate,shipment_id,Appears multiple times
2511201626699000,Duplicate,shipment_id,Appears multiple times
2411201626639600,Duplicate,shipment_id,Appears multiple times
2411201626537800,Duplicate,shipment_id,Appears multiple times
2311201625720500,Duplicate,shipment_id,Appears multiple times
2311201625611500,Duplicate,shipment_id,Appears multiple times
2311201625611600,Duplicate,shipment_id,Appears multiple times
2211201625553000,Duplicate,shipment_id,Appears multiple times
2111201625370000,Duplicate,shipment_id,Appears multiple times
2111201625412300,Duplicate,shipment_id,Appears multiple times
1911201625266600,Duplicate,shipment_id,Appears multiple times
1811201625102500,Duplicate,shipment_id,Appears multiple times
1711201624978700,Duplicate,shipment_id,Appears multiple times
1611201624908800,Duplicate,shipment_id,Appears multiple times
1511201626460400,Duplicate,shipment_id,Appears multiple times
1111201626171500,Duplicate,shipment_id,Appears multiple times
1111201626214100,Duplicate,shipment_id,Appears multiple times
1111201626210800,Duplicate,shipment_id,Appears multiple times
1011201626009800,Duplicate,shipment_id,Appears multiple times
0311201624369721,Duplicate,shipment_id,Appears multiple times
2810201623831000,Duplicate,shipment_id,Appears multiple times
2410201623306700,Duplicate,shipment_id,Appears multiple times
2410201623379100,Duplicate,shipment_id,Appears multiple times
2410201623279700,Duplicate,shipment_id,Appears multiple times
2210201623255200,Duplicate,shipment_id,Appears multiple times
2210201623244700,Duplicate,shipment_id,Appears multiple times
2110201623025300,Duplicate,shipment_id,Appears multiple times
2110201623066300,Duplicate,shipment_id,Appears multiple times
2010201622925100,Duplicate,shipment_id,Appears multiple times
1810201622613900,Duplicate,shipment_id,Appears multiple times
1810201622613800,Duplicate,shipment_id,Appears multiple times
1510201622293200,Duplicate,shipment_id,Appears multiple times
1410201622020800,Duplicate,shipment_id,Appears multiple times
1310201621947000,Duplicate,shipment_id,Appears multiple times
1310201622268900,Duplicate,shipment_id,Appears multiple times
1210201621919400,Duplicate,shipment_id,Appears multiple times
1010201622244500,Duplicate,shipment_id,Appears multiple times
3009201620771000,Duplicate,shipment_id,Appears multiple times
2809201620586800,Duplicate,shipment_id,Appears multiple times
2809201620510700,Duplicate,shipment_id,Appears multiple times
2709201620327000,Duplicate,shipment_id,Appears multiple times
2409201620096400,Duplicate,shipment_id,Appears multiple times
2409201620096700,Duplicate,shipment_id,Appears multiple times
2109201619782700,Duplicate,shipment_id,Appears multiple times
2109201619775800,Duplicate,shipment_id,Appears multiple times
2109201619756400,Duplicate,shipment_id,Appears multiple times
1709201619259100,Duplicate,shipment_id,Appears multiple times
1609201619182600,Duplicate,shipment_id,Appears multiple times
1509201619004100,Duplicate,shipment_id,Appears multiple times
1409201618916500,Duplicate,shipment_id,Appears multiple times
1409201618866300,Duplicate,shipment_id,Appears multiple times
1409201618919600,Duplicate,shipment_id,Appears multiple times
1309201618780500,Duplicate,shipment_id,Appears multiple times
1209201631480600,Duplicate,shipment_id,Appears multiple times
1209201631425100,Duplicate,shipment_id,Appears multiple times
0509201630766669,Duplicate,shipment_id,Appears multiple times
3108201618627300,Duplicate,shipment_id,Appears multiple times
3108201618546200,Duplicate,shipment_id,Appears multiple times
3108201618624800,Duplicate,shipment_id,Appears multiple times
3008201618501600,Duplicate,shipment_id,Appears multiple times
2908201618399300,Duplicate,shipment_id,Appears multiple times
2908201618368100,Duplicate,shipment_id,Appears multiple times
2908201618384500,Duplicate,shipment_id,Appears multiple times
2908201618323300,Duplicate,shipment_id,Appears multiple times
2708201618233800,Duplicate,shipment_id,Appears multiple times
2608201618204500,Duplicate,shipment_id,Appears multiple times
2608201618176000,Duplicate,shipment_id,Appears multiple times
2608201618077200,Duplicate,shipment_id,Appears multiple times
2508201618033200,Duplicate,shipment_id,Appears multiple times
2408201617987700,Duplicate,shipment_id,Appears multiple times
2308201617826700,Duplicate,shipment_id,Appears multiple times
2008201617584300,Duplicate,shipment_id,Appears multiple times
2008201617559800,Duplicate,shipment_id,Appears multiple times
2008201617597900,Duplicate,shipment_id,Appears multiple times
1808201617414600,Duplicate,shipment_id,Appears multiple times
1808201617313700,Duplicate,shipment_id,Appears multiple times
1708201617221600,Duplicate,shipment_id,Appears multiple times
1708201617185100,Duplicate,shipment_id,Appears multiple times
1708201617224500,Duplicate,shipment_id,Appears multiple times
1208201616912100,Duplicate,shipment_id,Appears multiple times
1108201616907100,Duplicate,shipment_id,Appears multiple times
1008201616722300,Duplicate,shipment_id,Appears multiple times
0108201615844936,Duplicate,shipment_id,Appears multiple times
2907201615671100,Duplicate,shipment_id,Appears multiple times
2807201615554700,Duplicate,shipment_id,Appears multiple times
2607201634898700,Duplicate,shipment_id,Appears multiple times
2507201615253600,Duplicate,shipment_id,Appears multiple times
2207201615020500,Duplicate,shipment_id,Appears multiple times
2207201615086600,Duplicate,shipment_id,Appears multiple times
2107201614892600,Duplicate,shipment_id,Appears multiple times
2107201614899500,Duplicate,shipment_id,Appears multiple times
2007201614869300,Duplicate,shipment_id,Appears multiple times
1907201614743000,Duplicate,shipment_id,Appears multiple times
1907201614711100,Duplicate,shipment_id,Appears multiple times
1807201614542200,Duplicate,shipment_id,Appears multiple times
1607201614505200,Duplicate,shipment_id,Appears multiple times
1607201614484100,Duplicate,shipment_id,Appears multiple times
1507201614361000,Duplicate,shipment_id,Appears multiple times
1507201614431700,Duplicate,shipment_id,Appears multiple times
1207201634575100,Duplicate,shipment_id,Appears multiple times
1107201613875100,Duplicate,shipment_id,Appears multiple times
1107201613891600,Duplicate,shipment_id,Appears multiple times
1107201613891000,Duplicate,shipment_id,Appears multiple times
1107201613983600,Duplicate,shipment_id,Appears multiple times
1107201613978300,Duplicate,shipment_id,Appears multiple times
1107201613979000,Duplicate,shipment_id,Appears multiple times
1107201613956700,Duplicate,shipment_id,Appears multiple times
3006201612497800,Duplicate,shipment_id,Appears multiple times
3006201612501800,Duplicate,shipment_id,Appears multiple times
2906201612589200,Duplicate,shipment_id,Appears multiple times
2806201634444700,Duplicate,shipment_id,Appears multiple times
2806201612477000,Duplicate,shipment_id,Appears multiple times
2806201612572800,Duplicate,shipment_id,Appears multiple times
2706201612468300,Duplicate,shipment_id,Appears multiple times
2406201633822200,Duplicate,shipment_id,Appears multiple times
2306201612624500,Duplicate,shipment_id,Appears multiple times
2306201612951100,Duplicate,shipment_id,Appears multiple times
1705201633518500,Duplicate,shipment_id,Appears multiple times
1205201611778400,Duplicate,shipment_id,Appears multiple times
1205201611814100,Duplicate,shipment_id,Appears multiple times
1205201611777600,Duplicate,shipment_id,Appears multiple times
1205201611777400,Duplicate,shipment_id,Appears multiple times
1205201611795700,Duplicate,shipment_id,Appears multiple times
300420165684840,Duplicate,shipment_id,Appears multiple times
300420165674860,Duplicate,shipment_id,Appears multiple times
300420165668120,Duplicate,shipment_id,Appears multiple times
280420165535020,Duplicate,shipment_id,Appears multiple times
280420165511090,Duplicate,shipment_id,Appears multiple times
280420165511070,Duplicate,shipment_id,Appears multiple times
280420165574410,Duplicate,shipment_id,Appears multiple times
270420165498220,Duplicate,shipment_id,Appears multiple times
260420165370820,Duplicate,shipment_id,Appears multiple times
260420165125730,Duplicate,shipment_id,Appears multiple times
2504201610745600,Duplicate,shipment_id,Appears multiple times
250420165098040,Duplicate,shipment_id,Appears multiple times
2504201632934400,Duplicate,shipment_id,Appears multiple times
250420165081450,Duplicate,shipment_id,Appears multiple times
250420165054870,Duplicate,shipment_id,Appears multiple times
2204201610648500,Duplicate,shipment_id,Appears multiple times
2204201610633900,Duplicate,shipment_id,Appears multiple times
2204201610634000,Duplicate,shipment_id,Appears multiple times
2004201610498800,Duplicate,shipment_id,Appears multiple times
1904201610288800,Duplicate,shipment_id,Appears multiple times
1904201633404000,Duplicate,shipment_id,Appears multiple times
1804201610218600,Duplicate,shipment_id,Appears multiple times
1804201610253700,Duplicate,shipment_id,Appears multiple times
180420169640250,Duplicate,shipment_id,Appears multiple times
150420169516680,Duplicate,shipment_id,Appears multiple times
150420169516980,Duplicate,shipment_id,Appears multiple times
150420169530870,Duplicate,shipment_id,Appears multiple times
1304201633300600,Duplicate,shipment_id,Appears multiple times
130420169312090,Duplicate,shipment_id,Appears multiple times
130420169286560,Duplicate,shipment_id,Appears multiple times
130420169286590,Duplicate,shipment_id,Appears multiple times
110420168038150,Duplicate,shipment_id,Appears multiple times
1004201610205900,Duplicate,shipment_id,Appears multiple times
310320167888500,Duplicate,shipment_id,Appears multiple times
310320167888490,Duplicate,shipment_id,Appears multiple times
300320167536930,Duplicate,shipment_id,Appears multiple times
300320167666520,Duplicate,shipment_id,Appears multiple times
3003201631532500,Duplicate,shipment_id,Appears multiple times
290320167654140,Duplicate,shipment_id,Appears multiple times
280320167340520,Duplicate,shipment_id,Appears multiple times
260320167564000,Duplicate,shipment_id,Appears multiple times
230320167303420,Duplicate,shipment_id,Appears multiple times
230320167994920,Duplicate,shipment_id,Appears multiple times
180320166881730,Duplicate,shipment_id,Appears multiple times
160320166768090,Duplicate,shipment_id,Appears multiple times
150320166674660,Duplicate,shipment_id,Appears multiple times
140320166580380,Duplicate,shipment_id,Appears multiple times
140320166419170,Duplicate,shipment_id,Appears multiple times
100320168899800,Duplicate,shipment_id,Appears multiple times
100320169007900,Duplicate,shipment_id,Appears multiple times
100320169007910,Duplicate,shipment_id,Appears multiple times
050320168433212,Duplicate,shipment_id,Appears multiple times
290220166410540,Duplicate,shipment_id,Appears multiple times
260220165915040,Duplicate,shipment_id,Appears multiple times
230220164181370,Duplicate,shipment_id,Appears multiple times
220220165173010,Duplicate,shipment_id,Appears multiple times
180220163594740,Duplicate,shipment_id,Appears multiple times
160220161020500,Duplicate,shipment_id,Appears multiple times
160220161506820,Duplicate,shipment_id,Appears multiple times
150220162667040,Duplicate,shipment_id,Appears multiple times
110220162957580,Duplicate,shipment_id,Appears multiple times
110220163178900,Duplicate,shipment_id,Appears multiple times
020220162827939,Duplicate,shipment_id,Appears multiple times
300120164863860,Duplicate,shipment_id,Appears multiple times
290120164156360,Duplicate,shipment_id,Appears multiple times
290120164034420,Duplicate,shipment_id,Appears multiple times
280120164567790,Duplicate,shipment_id,Appears multiple times
280120164597140,Duplicate,shipment_id,Appears multiple times
250120163831930,Duplicate,shipment_id,Appears multiple times
250120163936760,Duplicate,shipment_id,Appears multiple times
220120164232720,Duplicate,shipment_id,Appears multiple times
220120164184820,Duplicate,shipment_id,Appears multiple times
210120164439910,Duplicate,shipment_id,Appears multiple times
2001201627452700,Duplicate,shipment_id,Appears multiple times
200120164900720,Duplicate,shipment_id,Appears multiple times
200120163775870,Duplicate,shipment_id,Appears multiple times
190120164568590,Duplicate,shipment_id,Appears multiple times
190120164568580,Duplicate,shipment_id,Appears multiple times
180120162588410,Duplicate,shipment_id,Appears multiple times
180120162588400,Duplicate,shipment_id,Appears multiple times
180120161857680,Duplicate,shipment_id,Appears multiple times
180120161857670,Duplicate,shipment_id,Appears multiple times
180120161046340,Duplicate,shipment_id,Appears multiple times
180120163176610,Duplicate,shipment_id,Appears multiple times
1501201627711000,Duplicate,shipment_id,Appears multiple times
140120162986400,Duplicate,shipment_id,Appears multiple times
130120161586700,Duplicate,shipment_id,Appears multiple times
110120163652930,Duplicate,shipment_id,Appears multiple times
SEL667010100W,Invalid Format,hs_code,HS code contains invalid characters: nan
SIN312026600W,Invalid Format,hs_code,HS code contains invalid characters: nan
HAM203660300W,Invalid Format,hs_code,HS code contains invalid characters: nan
HAM203660300W,Invalid Format,hs_code,HS code contains invalid characters: nan
ENID64988062001,Invalid Format,hs_code,HS code contains invalid characters: nan
SEL937010900W,Invalid Format,hs_code,HS code contains invalid characters: nan
141220171205470,Invalid Format,hs_code,HS code contains invalid characters: nan
30712510,Invalid Format,hs_code,HS code contains invalid characters: nan
30712510,Invalid Format,hs_code,HS code contains invalid characters: nan
30141804,Invalid Format,hs_code,HS code contains invalid characters: nan
240520171840640,Invalid Format,hs_code,HS code contains invalid characters: UA125100
SEL667010100W,Invalid Length,hs_code,HS code too short: nan
SIN312026600W,Invalid Length,hs_code,HS code too short: nan
HAM203660300W,Invalid Length,hs_code,HS code too short: nan
HAM203660300W,Invalid Length,hs_code,HS code too short: nan
ENID64988062001,Invalid Length,hs_code,HS code too short: nan
SEL937010900W,Invalid Length,hs_code,HS code too short: nan
141220171205470,Invalid Length,hs_code,HS code too short: nan
30712510,Invalid Length,hs_code,HS code too short: nan
30712510,Invalid Length,hs_code,HS code too short: nan
30141804,Invalid Length,hs_code,HS code too short: nan
4588771365,Value Mismatch,valueusd,Calculated vs reported value differs by >10%
4096305251,Value Mismatch,valueusd,Calculated vs reported value differs by >10%
4096483967,Value Mismatch,valueusd,Calculated vs reported value differs by >10%
4096526449,Value Mismatch,valueusd,Calculated vs reported value differs by >10%
0653572771,Value Mismatch,valueusd,Calculated vs reported value differs by >10%
4797947592,Value Mismatch,valueusd,Calculated vs reported value differs by >10%
4797928617,Value Mismatch,valueusd,Calculated vs reported value differs by >10%
4798056662,Value Mismatch,valueusd,Calculated vs reported value differs by >10%
4797867869,Value Mismatch,valueusd,Calculated vs reported value differs by >10%
4797912271,Value Mismatch,valueusd,Calculated vs reported value differs by >10%
4797944837,Value Mismatch,valueusd,Calculated vs reported value differs by >10%
0652231044,Value Mismatch,valueusd,Calculated vs reported value differs by >10%
0651168263,Value Mismatch,valueusd,Calculated vs reported value differs by >10%
3700336280,Value Mismatch,valueusd,Calculated vs reported value differs by >10%
3699959945,Value Mismatch,valueusd,Calculated vs reported value differs by >10%
3699959944,Value Mismatch,valueusd,Calculated vs reported value differs by >10%
3701033305,Value Mismatch,valueusd,Calculated vs reported value differs by >10%
6977481649,Value Mismatch,valueusd,Calculated vs reported value differs by >10%
6979278716,Value Mismatch,valueusd,Calculated vs reported value differs by >10%
6979278715,Value Mismatch,valueusd,Calculated vs reported value differs by >10%
6976933864,Value Mismatch,valueusd,Calculated vs reported value differs by >10%
9706458333,Value Mismatch,valueusd,Calculated vs reported value differs by >10%
9705985968,Value Mismatch,valueusd,Calculated vs reported value differs by >10%
9862755746,Value Mismatch,valueusd,Calculated vs reported value differs by >10%
9862755745,Value Mismatch,valueusd,Calculated vs reported value differs by >10%
9863772431,Value Mismatch,valueusd,Calculated vs reported value differs by >10%
9863772427,Value Mismatch,valueusd,Calculated vs reported value differs by >10%
9863772423,Value Mismatch,valueusd,Calculated vs reported value differs by >10%
9863486206,Value Mismatch,valueusd,Calculated vs reported value differs by >10%
9861369721,Value Mismatch,valueusd,Calculated vs reported value differs by >10%
7990415073,Value Mismatch,valueusd,Calculated vs reported value differs by >10%
7990264137,Value Mismatch,valueusd,Calculated vs reported value differs by >10%
1045044527,Value Mismatch,valueusd,Calculated vs reported value differs by >10%
1046730968,Value Mismatch,valueusd,Calculated vs reported value differs by >10%
1046159839,Value Mismatch,valueusd,Calculated vs reported value differs by >10%
1046159838,Value Mismatch,valueusd,Calculated vs reported value differs by >10%
1044277780,Value Mismatch,valueusd,Calculated vs reported value differs by >10%
1099107378,Value Mismatch,valueusd,Calculated vs reported value differs by >10%
1099107379,Value Mismatch,valueusd,Calculated vs reported value differs by >10%
1099107380,Value Mismatch,valueusd,Calculated vs reported value differs by >10%
1099107382,Value Mismatch,valueusd,Calculated vs reported value differs by >10%
1099107375,Value Mismatch,valueusd,Calculated vs reported value differs by >10%
1099107374,Value Mismatch,valueusd,Calculated vs reported value differs by >10%
1099107383,Value Mismatch,valueusd,Calculated vs reported value differs by >10%
1099107377,Value Mismatch,valueusd,Calculated vs reported value differs by >10%
1099107381,Value Mismatch,valueusd,Calculated vs reported value differs by >10%
1099107376,Value Mismatch,valueusd,Calculated vs reported value differs by >10%
1099220680,Value Mismatch,valueusd,Calculated vs reported value differs by >10%
1101458907,Value Mismatch,valueusd,Calculated vs reported value differs by >10%
0448760286,Value Mismatch,valueusd,Calculated vs reported value differs by >10%
3974150040,Value Mismatch,valueusd,Calculated vs reported value differs by >10%
3974621041,Value Mismatch,valueusd,Calculated vs reported value differs by >10%
1420370857,Value Mismatch,valueusd,Calculated vs reported value differs by >10%
1417638039,Value Mismatch,valueusd,Calculated vs reported value differs by >10%
1417731732,Value Mismatch,valueusd,Calculated vs reported value differs by >10%
1417657415,Value Mismatch,valueusd,Calculated vs reported value differs by >10%
1420527278,Value Mismatch,valueusd,Calculated vs reported value differs by >10%
1420482623,Value Mismatch,valueusd,Calculated vs reported value differs by >10%
0693046207,Value Mismatch,valueusd,Calculated vs reported value differs by >10%
0693046204,Value Mismatch,valueusd,Calculated vs reported value differs by >10%
0693046202,Value Mismatch,valueusd,Calculated vs reported value differs by >10%
0693046201,Value Mismatch,valueusd,Calculated vs reported value differs by >10%
0693046199,Value Mismatch,valueusd,Calculated vs reported value differs by >10%
0693046197,Value Mismatch,valueusd,Calculated vs reported value differs by >10%
0693046206,Value Mismatch,valueusd,Calculated vs reported value differs by >10%
0693046205,Value Mismatch,valueusd,Calculated vs reported value differs by >10%
0693046200,Value Mismatch,valueusd,Calculated vs reported value differs by >10%
0693046198,Value Mismatch,valueusd,Calculated vs reported value differs by >10%
0693046196,Value Mismatch,valueusd,Calculated vs reported value differs by >10%
0693046195,Value Mismatch,valueusd,Calculated vs reported value differs by >10%
0693064182,Value Mismatch,valueusd,Calculated vs reported value differs by >10%
0693485015,Value Mismatch,valueusd,Calculated vs reported value differs by >10%
0693261516,Value Mismatch,valueusd,Calculated vs reported value differs by >10%
0693217571,Value Mismatch,valueusd,Calculated vs reported value differs by >10%
0693217570,Value Mismatch,valueusd,Calculated vs reported value differs by >10%
0693217569,Value Mismatch,valueusd,Calculated vs reported value differs by >10%
0693217568,Value Mismatch,valueusd,Calculated vs reported value differs by >10%
0693217567,Value Mismatch,valueusd,Calculated vs reported value differs by >10%
0693217566,Value Mismatch,valueusd,Calculated vs reported value differs by >10%
9201284351,Value Mismatch,valueusd,Calculated vs reported value differs by >10%
9200333014,Value Mismatch,valueusd,Calculated vs reported value differs by >10%
9200333013,Value Mismatch,valueusd,Calculated vs reported value differs by >10%
9200333012,Value Mismatch,valueusd,Calculated vs reported value differs by >10%
9200333011,Value Mismatch,valueusd,Calculated vs reported value differs by >10%
9200333016,Value Mismatch,valueusd,Calculated vs reported value differs by >10%
9200333015,Value Mismatch,valueusd,Calculated vs reported value differs by >10%
9200759261,Value Mismatch,valueusd,Calculated vs reported value differs by >10%
9201124690,Value Mismatch,valueusd,Calculated vs reported value differs by >10%
9202067408,Value Mismatch,valueusd,Calculated vs reported value differs by >10%
0831596514,Value Mismatch,valueusd,Calculated vs reported value differs by >10%
0220722492,Value Mismatch,valueusd,Calculated vs reported value differs by >10%
0217325175,Value Mismatch,valueusd,Calculated vs reported value differs by >10%
0217824876,Value Mismatch,valueusd,Calculated vs reported value differs by >10%
9453595851,Value Mismatch,valueusd,Calculated vs reported value differs by >10%
9454136556,Value Mismatch,valueusd,Calculated vs reported value differs by >10%
9453364723,Value Mismatch,valueusd,Calculated vs reported value differs by >10%
9455219158,Value Mismatch,valueusd,Calculated vs reported value differs by >10%
3460491198,Value Mismatch,valueusd,Calculated vs reported value differs by >10%
3460491197,Value Mismatch,valueusd,Calculated vs reported value differs by >10%
3460536953,Value Mismatch,valueusd,Calculated vs reported value differs by >10%
3460536952,Value Mismatch,valueusd,Calculated vs reported value differs by >10%
3462963164,Value Mismatch,valueusd,Calculated vs reported value differs by >10%
3459854903,Value Mismatch,valueusd,Calculated vs reported value differs by >10%
3461658369,Value Mismatch,valueusd,Calculated vs reported value differs by >10%
0130701642,Value Mismatch,valueusd,Calculated vs reported value differs by >10%
0127501508,Value Mismatch,valueusd,Calculated vs reported value differs by >10%
0129308917,Value Mismatch,valueusd,Calculated vs reported value differs by >10%
0129308915,Value Mismatch,valueusd,Calculated vs reported value differs by >10%
0127590376,Value Mismatch,valueusd,Calculated vs reported value differs by >10%
3755095234,Value Mismatch,valueusd,Calculated vs reported value differs by >10%
3755095223,Value Mismatch,valueusd,Calculated vs reported value differs by >10%
3755095224,Value Mismatch,valueusd,Calculated vs reported value differs by >10%
3755095233,Value Mismatch,valueusd,Calculated vs reported value differs by >10%
3755095221,Value Mismatch,valueusd,Calculated vs reported value differs by >10%
3752655912,Value Mismatch,valueusd,Calculated vs reported value differs by >10%
3752328045,Value Mismatch,valueusd,Calculated vs reported value differs by >10%
3752009785,Value Mismatch,valueusd,Calculated vs reported value differs by >10%
3751096589,Value Mismatch,valueusd,Calculated vs reported value differs by >10%
3751096590,Value Mismatch,valueusd,Calculated vs reported value differs by >10%
3753466239,Value Mismatch,valueusd,Calculated vs reported value differs by >10%
3753466244,Value Mismatch,valueusd,Calculated vs reported value differs by >10%
8496272416,Value Mismatch,valueusd,Calculated vs reported value differs by >10%
8497379918,Value Mismatch,valueusd,Calculated vs reported value differs by >10%
8498045439,Value Mismatch,valueusd,Calculated vs reported value differs by >10%
8495486123,Value Mismatch,valueusd,Calculated vs reported value differs by >10%
8847359641,Value Mismatch,valueusd,Calculated vs reported value differs by >10%
8846418008,Value Mismatch,valueusd,Calculated vs reported value differs by >10%
8846371201,Value Mismatch,valueusd,Calculated vs reported value differs by >10%
8847045402,Value Mismatch,valueusd,Calculated vs reported value differs by >10%
8849686498,Value Mismatch,valueusd,Calculated vs reported value differs by >10%
8846245611,Value Mismatch,valueusd,Calculated vs reported value differs by >10%
8848337147,Value Mismatch,valueusd,Calculated vs reported value differs by >10%
8848337160,Value Mismatch,valueusd,Calculated vs reported value differs by >10%
8848337141,Value Mismatch,valueusd,Calculated vs reported value differs by >10%
8848337148,Value Mismatch,valueusd,Calculated vs reported value differs by >10%
8848337153,Value Mismatch,valueusd,Calculated vs reported value differs by >10%
8848337150,Value Mismatch,valueusd,Calculated vs reported value differs by >10%
8848337159,Value Mismatch,valueusd,Calculated vs reported value differs by >10%
8848337146,Value Mismatch,valueusd,Calculated vs reported value differs by >10%
8848337152,Value Mismatch,valueusd,Calculated vs reported value differs by >10%
8848337162,Value Mismatch,valueusd,Calculated vs reported value differs by >10%
8848337154,Value Mismatch,valueusd,Calculated vs reported value differs by >10%
8848337156,Value Mismatch,valueusd,Calculated vs reported value differs by >10%
8848337139,Value Mismatch,valueusd,Calculated vs reported value differs by >10%
8849305885,Value Mismatch,valueusd,Calculated vs reported value differs by >10%
7856238097,Value Mismatch,valueusd,Calculated vs reported value differs by >10%
7855719922,Value Mismatch,valueusd,Calculated vs reported value differs by >10%
7855259049,Value Mismatch,valueusd,Calculated vs reported value differs by >10%
7852733873,Value Mismatch,valueusd,Calculated vs reported value differs by >10%
7853000148,Value Mismatch,valueusd,Calculated vs reported value differs by >10%
0796005377,Value Mismatch,valueusd,Calculated vs reported value differs by >10%
0796123286,Value Mismatch,valueusd,Calculated vs reported value differs by >10%
0796178017,Value Mismatch,valueusd,Calculated vs reported value differs by >10%
0796265213,Value Mismatch,valueusd,Calculated vs reported value differs by >10%
0796265216,Value Mismatch,valueusd,Calculated vs reported value differs by >10%
0796265215,Value Mismatch,valueusd,Calculated vs reported value differs by >10%
0796265214,Value Mismatch,valueusd,Calculated vs reported value differs by >10%
0796265212,Value Mismatch,valueusd,Calculated vs reported value differs by >10%
0796265211,Value Mismatch,valueusd,Calculated vs reported value differs by >10%
0798982107,Value Mismatch,valueusd,Calculated vs reported value differs by >10%
0799292755,Value Mismatch,valueusd,Calculated vs reported value differs by >10%
0798392181,Value Mismatch,valueusd,Calculated vs reported value differs by >10%
0798392179,Value Mismatch,valueusd,Calculated vs reported value differs by >10%
0798295175,Value Mismatch,valueusd,Calculated vs reported value differs by >10%
0798146930,Value Mismatch,valueusd,Calculated vs reported value differs by >10%
0798146929,Value Mismatch,valueusd,Calculated vs reported value differs by >10%
9326483100,Value Mismatch,valueusd,Calculated vs reported value differs by >10%
9325703318,Value Mismatch,valueusd,Calculated vs reported value differs by >10%
9323564641,Value Mismatch,valueusd,Calculated vs reported value differs by >10%
9323564640,Value Mismatch,valueusd,Calculated vs reported value differs by >10%
9324184556,Value Mismatch,valueusd,Calculated vs reported value differs by >10%
9323991539,Value Mismatch,valueusd,Calculated vs reported value differs by >10%
9326498619,Value Mismatch,valueusd,Calculated vs reported value differs by >10%
9326354620,Value Mismatch,valueusd,Calculated vs reported value differs by >10%
5660607168,Value Mismatch,valueusd,Calculated vs reported value differs by >10%
5658125638,Value Mismatch,valueusd,Calculated vs reported value differs by >10%
5660849889,Value Mismatch,valueusd,Calculated vs reported value differs by >10%
5660849812,Value Mismatch,valueusd,Calculated vs reported value differs by >10%
5660849846,Value Mismatch,valueusd,Calculated vs reported value differs by >10%
5660849735,Value Mismatch,valueusd,Calculated vs reported value differs by >10%
5659986905,Value Mismatch,valueusd,Calculated vs reported value differs by >10%
5657817266,Value Mismatch,valueusd,Calculated vs reported value differs by >10%
5657817268,Value Mismatch,valueusd,Calculated vs reported value differs by >10%
8482015818,Value Mismatch,valueusd,Calculated vs reported value differs by >10%
8484591030,Value Mismatch,valueusd,Calculated vs reported value differs by >10%
8484591021,Value Mismatch,valueusd,Calculated vs reported value differs by >10%
8484441398,Value Mismatch,valueusd,Calculated vs reported value differs by >10%
8484557819,Value Mismatch,valueusd,Calculated vs reported value differs by >10%
8483134180,Value Mismatch,valueusd,Calculated vs reported value differs by >10%
8483134179,Value Mismatch,valueusd,Calculated vs reported value differs by >10%
8483134178,Value Mismatch,valueusd,Calculated vs reported value differs by >10%
8483134177,Value Mismatch,valueusd,Calculated vs reported value differs by >10%
8480835366,Value Mismatch,valueusd,Calculated vs reported value differs by >10%
6751938471,Value Mismatch,valueusd,Calculated vs reported value differs by >10%
6751902968,Value Mismatch,valueusd,Calculated vs reported value differs by >10%
6751294028,Value Mismatch,valueusd,Calculated vs reported value differs by >10%
6748717625,Value Mismatch,valueusd,Calculated vs reported value differs by >10%
6751793260,Value Mismatch,valueusd,Calculated vs reported value differs by >10%
6751793279,Value Mismatch,valueusd,Calculated vs reported value differs by >10%
6751122624,Value Mismatch,valueusd,Calculated vs reported value differs by >10%
6751118325,Value Mismatch,valueusd,Calculated vs reported value differs by >10%
6750652639,Value Mismatch,valueusd,Calculated vs reported value differs by >10%
6750652638,Value Mismatch,valueusd,Calculated vs reported value differs by >10%
6752211242,Value Mismatch,valueusd,Calculated vs reported value differs by >10%
6752211283,Value Mismatch,valueusd,Calculated vs reported value differs by >10%
9199785585,Value Mismatch,valueusd,Calculated vs reported value differs by >10%
9200231747,Value Mismatch,valueusd,Calculated vs reported value differs by >10%
1326039101,Value Mismatch,valueusd,Calculated vs reported value differs by >10%
1322025933,Value Mismatch,valueusd,Calculated vs reported value differs by >10%
1322025930,Value Mismatch,valueusd,Calculated vs reported value differs by >10%
1322025926,Value Mismatch,valueusd,Calculated vs reported value differs by >10%
1324253981,Value Mismatch,valueusd,Calculated vs reported value differs by >10%
1325554132,Value Mismatch,valueusd,Calculated vs reported value differs by >10%
1325554186,Value Mismatch,valueusd,Calculated vs reported value differs by >10%
1325444440,Value Mismatch,valueusd,Calculated vs reported value differs by >10%
0283729483,Value Mismatch,valueusd,Calculated vs reported value differs by >10%
0283729486,Value Mismatch,valueusd,Calculated vs reported value differs by >10%
0285169993,Value Mismatch,valueusd,Calculated vs reported value differs by >10%
0285169975,Value Mismatch,valueusd,Calculated vs reported value differs by >10%
0284032595,Value Mismatch,valueusd,Calculated vs reported value differs by >10%
0285213911,Value Mismatch,valueusd,Calculated vs reported value differs by >10%
0286787224,Value Mismatch,valueusd,Calculated vs reported value differs by >10%
1174153532,Value Mismatch,valueusd,Calculated vs reported value differs by >10%
1144536492,Value Mismatch,valueusd,Calculated vs reported value differs by >10%
1037437196,Value Mismatch,valueusd,Calculated vs reported value differs by >10%
1049602716,Value Mismatch,valueusd,Calculated vs reported value differs by >10%
1093886544,Value Mismatch,valueusd,Calculated vs reported value differs by >10%
1050067285,Value Mismatch,valueusd,Calculated vs reported value differs by >10%
1036641329,Value Mismatch,valueusd,Calculated vs reported value differs by >10%
1099647103,Value Mismatch,valueusd,Calculated vs reported value differs by >10%
1013166596,Value Mismatch,valueusd,Calculated vs reported value differs by >10%
1360950043,Value Mismatch,valueusd,Calculated vs reported value differs by >10%
1165734209,Value Mismatch,valueusd,Calculated vs reported value differs by >10%
1151384124,Value Mismatch,valueusd,Calculated vs reported value differs by >10%
1021787753,Value Mismatch,valueusd,Calculated vs reported value differs by >10%
1211404258,Value Mismatch,valueusd,Calculated vs reported value differs by >10%
1217213964,Value Mismatch,valueusd,Calculated vs reported value differs by >10%
1024009978,Value Mismatch,valueusd,Calculated vs reported value differs by >10%
1088792562,Value Mismatch,valueusd,Calculated vs reported value differs by >10%
1115129934,Value Mismatch,valueusd,Calculated vs reported value differs by >10%
1100321710,Value Mismatch,valueusd,Calculated vs reported value differs by >10%
1007107437,Value Mismatch,valueusd,Calculated vs reported value differs by >10%
1045166064,Value Mismatch,valueusd,Calculated vs reported value differs by >10%
1124159381,Value Mismatch,valueusd,Calculated vs reported value differs by >10%
1038121677,Value Mismatch,valueusd,Calculated vs reported value differs by >10%
1086505535,Value Mismatch,valueusd,Calculated vs reported value differs by >10%
1080457759,Value Mismatch,valueusd,Calculated vs reported value differs by >10%
1063727340,Value Mismatch,valueusd,Calculated vs reported value differs by >10%
1003838237,Value Mismatch,valueusd,Calculated vs reported value differs by >10%
1125856261,Value Mismatch,valueusd,Calculated vs reported value differs by >10%
1017691108,Value Mismatch,valueusd,Calculated vs reported value differs by >10%
1037151969,Value Mismatch,valueusd,Calculated vs reported value differs by >10%
1054054896,Value Mismatch,valueusd,Calculated vs reported value differs by >10%
1092910568,Value Mismatch,valueusd,Calculated vs reported value differs by >10%
1056075251,Value Mismatch,valueusd,Calculated vs reported value differs by >10%
1128444433,Value Mismatch,valueusd,Calculated vs reported value differs by >10%
1042886434,Value Mismatch,valueusd,Calculated vs reported value differs by >10%
1042803148,Value Mismatch,valueusd,Calculated vs reported value differs by >10%
1110005938,Value Mismatch,valueusd,Calculated vs reported value differs by >10%
1049792323,Value Mismatch,valueusd,Calculated vs reported value differs by >10%
1114757867,Value Mismatch,valueusd,Calculated vs reported value differs by >10%
1084908594,Value Mismatch,valueusd,Calculated vs reported value differs by >10%
1100478167,Value Mismatch,valueusd,Calculated vs reported value differs by >10%
1954239900,Value Mismatch,valueusd,Calculated vs reported value differs by >10%
1710194452,Value Mismatch,valueusd,Calculated vs reported value differs by >10%
1850914742,Value Mismatch,valueusd,Calculated vs reported value differs by >10%
1193444267,Value Mismatch,valueusd,Calculated vs reported value differs by >10%
1363498737,Value Mismatch,valueusd,Calculated vs reported value differs by >10%
1345896606,Value Mismatch,valueusd,Calculated vs reported value differs by >10%
1508406390,Value Mismatch,valueusd,Calculated vs reported value differs by >10%
1325661882,Value Mismatch,valueusd,Calculated vs reported value differs by >10%
1539004162,Value Mismatch,valueusd,Calculated vs reported value differs by >10%
1125907965,Value Mismatch,valueusd,Calculated vs reported value differs by >10%
1367193254,Value Mismatch,valueusd,Calculated vs reported value differs by >10%
1102585454,Value Mismatch,valueusd,Calculated vs reported value differs by >10%
1470397280,Value Mismatch,valueusd,Calculated vs reported value differs by >10%
1251645440,Value Mismatch,valueusd,Calculated vs reported value differs by >10%
1093433074,Value Mismatch,valueusd,Calculated vs reported value differs by >10%
1370503944,Value Mismatch,valueusd,Calculated vs reported value differs by >10%
1475190925,Value Mismatch,valueusd,Calculated vs reported value differs by >10%
1651251704,Value Mismatch,valueusd,Calculated vs reported value differs by >10%
1178863731,Value Mismatch,valueusd,Calculated vs reported value differs by >10%
1058164154,Value Mismatch,valueusd,Calculated vs reported value differs by >10%
1128105645,Value Mismatch,valueusd,Calculated vs reported value differs by >10%
1041279702,Value Mismatch,valueusd,Calculated vs reported value differs by >10%
1099936284,Value Mismatch,valueusd,Calculated vs reported value differs by >10%
1084660101,Value Mismatch,valueusd,Calculated vs reported value differs by >10%
1031693006,Value Mismatch,valueusd,Calculated vs reported value differs by >10%
1137256478,Value Mismatch,valueusd,Calculated vs reported value differs by >10%
1157185396,Value Mismatch,valueusd,Calculated vs reported value differs by >10%
1105674093,Value Mismatch,valueusd,Calculated vs reported value differs by >10%
1136729528,Value Mismatch,valueusd,Calculated vs reported value differs by >10%
1051199030,Value Mismatch,valueusd,Calculated vs reported value differs by >10%
1125278473,Value Mismatch,valueusd,Calculated vs reported value differs by >10%
1066614910,Value Mismatch,valueusd,Calculated vs reported value differs by >10%
1114274155,Value Mismatch,valueusd,Calculated vs reported value differs by >10%
1088159427,Value Mismatch,valueusd,Calculated vs reported value differs by >10%
1007097545,Value Mismatch,valueusd,Calculated vs reported value differs by >10%
1041751032,Value Mismatch,valueusd,Calculated vs reported value differs by >10%
1026800450,Value Mismatch,valueusd,Calculated vs reported value differs by >10%
1649172801,Value Mismatch,valueusd,Calculated vs reported value differs by >10%
1102149988,Value Mismatch,valueusd,Calculated vs reported value differs by >10%
1054851800,Value Mismatch,valueusd,Calculated vs reported value differs by >10%
1064551864,Value Mismatch,valueusd,Calculated vs reported value differs by >10%
1201896005,Value Mismatch,valueusd,Calculated vs reported value differs by >10%
1359598687,Value Mismatch,valueusd,Calculated vs reported value differs by >10%
1624273823,Value Mismatch,valueusd,Calculated vs reported value differs by >10%
1393750311,Value Mismatch,valueusd,Calculated vs reported value differs by >10%
1102931178,Value Mismatch,valueusd,Calculated vs reported value differs by >10%
1744815526,Value Mismatch,valueusd,Calculated vs reported value differs by >10%
1584200294,Value Mismatch,valueusd,Calculated vs reported value differs by >10%
1660884442,Value Mismatch,valueusd,Calculated vs reported value differs by >10%
1292207424,Value Mismatch,valueusd,Calculated vs reported value differs by >10%
1187750980,Value Mismatch,valueusd,Calculated vs reported value differs by >10%
1389067099,Value Mismatch,valueusd,Calculated vs reported value differs by >10%
1280712088,Value Mismatch,valueusd,Calculated vs reported value differs by >10%
1215034626,Value Mismatch,valueusd,Calculated vs reported value differs by >10%
1071181506,Value Mismatch,valueusd,Calculated vs reported value differs by >10%
1585300529,Value Mismatch,valueusd,Calculated vs reported value differs by >10%
1228702004,Value Mismatch,valueusd,Calculated vs reported value differs by >10%
1349378081,Value Mismatch,valueusd,Calculated vs reported value differs by >10%
1488084698,Value Mismatch,valueusd,Calculated vs reported value differs by >10%
1174454006,Value Mismatch,valueusd,Calculated vs reported value differs by >10%
1062775964,Value Mismatch,valueusd,Calculated vs reported value differs by >10%
1153216568,Value Mismatch,valueusd,Calculated vs reported value differs by >10%
1032124597,Value Mismatch,valueusd,Calculated vs reported value differs by >10%
1042377530,Value Mismatch,valueusd,Calculated vs reported value differs by >10%
1248837971,Value Mismatch,valueusd,Calculated vs reported value differs by >10%
1235533391,Value Mismatch,valueusd,Calculated vs reported value differs by >10%
1027873686,Value Mismatch,valueusd,Calculated vs reported value differs by >10%
1169417589,Value Mismatch,valueusd,Calculated vs reported value differs by >10%
1030275763,Value Mismatch,valueusd,Calculated vs reported value differs by >10%
1089167484,Value Mismatch,valueusd,Calculated vs reported value differs by >10%
1208332819,Value Mismatch,valueusd,Calculated vs reported value differs by >10%
1266000540,Value Mismatch,valueusd,Calculated vs reported value differs by >10%
1465344280,Value Mismatch,valueusd,Calculated vs reported value differs by >10%
1092059408,Value Mismatch,valueusd,Calculated vs reported value differs by >10%
1056296211,Value Mismatch,valueusd,Calculated vs reported value differs by >10%
1033421104,Value Mismatch,valueusd,Calculated vs reported value differs by >10%
1226715503,Value Mismatch,valueusd,Calculated vs reported value differs by >10%
1189887694,Value Mismatch,valueusd,Calculated vs reported value differs by >10%
1043462359,Value Mismatch,valueusd,Calculated vs reported value differs by >10%
1141836591,Value Mismatch,valueusd,Calculated vs reported value differs by >10%
1103624633,Value Mismatch,valueusd,Calculated vs reported value differs by >10%
1076070836,Value Mismatch,valueusd,Calculated vs reported value differs by >10%
1118576434,Value Mismatch,valueusd,Calculated vs reported value differs by >10%
1151568317,Value Mismatch,valueusd,Calculated vs reported value differs by >10%
1123469217,Value Mismatch,valueusd,Calculated vs reported value differs by >10%
1169506253,Value Mismatch,valueusd,Calculated vs reported value differs by >10%
1211926724,Value Mismatch,valueusd,Calculated vs reported value differs by >10%
1166953973,Value Mismatch,valueusd,Calculated vs reported value differs by >10%
1198989678,Value Mismatch,valueusd,Calculated vs reported value differs by >10%
1120854012,Value Mismatch,valueusd,Calculated vs reported value differs by >10%
1061121423,Value Mismatch,valueusd,Calculated vs reported value differs by >10%
1157079024,Value Mismatch,valueusd,Calculated vs reported value differs by >10%
1161327831,Value Mismatch,valueusd,Calculated vs reported value differs by >10%
1169838852,Value Mismatch,valueusd,Calculated vs reported value differs by >10%
1037847619,Value Mismatch,valueusd,Calculated vs reported value differs by >10%
1098473241,Value Mismatch,valueusd,Calculated vs reported value differs by >10%
1029929219,Value Mismatch,valueusd,Calculated vs reported value differs by >10%
1171895198,Value Mismatch,valueusd,Calculated vs reported value differs by >10%
1014993296,Value Mismatch,valueusd,Calculated vs reported value differs by >10%
1024146800,Value Mismatch,valueusd,Calculated vs reported value differs by >10%
1030140505,Value Mismatch,valueusd,Calculated vs reported value differs by >10%
1191729306,Value Mismatch,valueusd,Calculated vs reported value differs by >10%
1071990092,Value Mismatch,valueusd,Calculated vs reported value differs by >10%
1156020824,Value Mismatch,valueusd,Calculated vs reported value differs by >10%
1129411181,Value Mismatch,valueusd,Calculated vs reported value differs by >10%
1163756644,Value Mismatch,valueusd,Calculated vs reported value differs by >10%
1087009482,Value Mismatch,valueusd,Calculated vs reported value differs by >10%
1082664187,Value Mismatch,valueusd,Calculated vs reported value differs by >10%
1008141929,Value Mismatch,valueusd,Calculated vs reported value differs by >10%
1012190609,Value Mismatch,valueusd,Calculated vs reported value differs by >10%
1173474432,Value Mismatch,valueusd,Calculated vs reported value differs by >10%
1115350544,Value Mismatch,valueusd,Calculated vs reported value differs by >10%
1113180452,Value Mismatch,valueusd,Calculated vs reported value differs by >10%
1149939352,Value Mismatch,valueusd,Calculated vs reported value differs by >10%
1068868040,Value Mismatch,valueusd,Calculated vs reported value differs by >10%
1125108642,Value Mismatch,valueusd,Calculated vs reported value differs by >10%
1043461136,Value Mismatch,valueusd,Calculated vs reported value differs by >10%
1146883094,Value Mismatch,valueusd,Calculated vs reported value differs by >10%
1071026260,Value Mismatch,valueusd,Calculated vs reported value differs by >10%
1017612673,Value Mismatch,valueusd,Calculated vs reported value differs by >10%
1067639547,Value Mismatch,valueusd,Calculated vs reported value differs by >10%
1120104479,Value Mismatch,valueusd,Calculated vs reported value differs by >10%
1041904361,Value Mismatch,valueusd,Calculated vs reported value differs by >10%
1111756149,Value Mismatch,valueusd,Calculated vs reported value differs by >10%
1094058742,Value Mismatch,valueusd,Calculated vs reported value differs by >10%
1136667529,Value Mismatch,valueusd,Calculated vs reported value differs by >10%
1127793666,Value Mismatch,valueusd,Calculated vs reported value differs by >10%
1135061838,Value Mismatch,valueusd,Calculated vs reported value differs by >10%
1136896119,Value Mismatch,valueusd,Calculated vs reported value differs by >10%
1026066437,Value Mismatch,valueusd,Calculated vs reported value differs by >10%
1025285507,Value Mismatch,valueusd,Calculated vs reported value differs by >10%
1062822259,Value Mismatch,valueusd,Calculated vs reported value differs by >10%
1054072497,Value Mismatch,valueusd,Calculated vs reported value differs by >10%
1001883521,Value Mismatch,valueusd,Calculated vs reported value differs by >10%
1083485039,Value Mismatch,valueusd,Calculated vs reported value differs by >10%
1090810219,Value Mismatch,valueusd,Calculated vs reported value differs by >10%
1110948334,Value Mismatch,valueusd,Calculated vs reported value differs by >10%
1007224910,Value Mismatch,valueusd,Calculated vs reported value differs by >10%
1069911891,Value Mismatch,valueusd,Calculated vs reported value differs by >10%
1029116786,Value Mismatch,valueusd,Calculated vs reported value differs by >10%
1014502009,Value Mismatch,valueusd,Calculated vs reported value differs by >10%
1010044240,Value Mismatch,valueusd,Calculated vs reported value differs by >10%
1081871238,Value Mismatch,valueusd,Calculated vs reported value differs by >10%
1125823410,Value Mismatch,valueusd,Calculated vs reported value differs by >10%
1039225319,Value Mismatch,valueusd,Calculated vs reported value differs by >10%
1087636778,Value Mismatch,valueusd,Calculated vs reported value differs by >10%
1093613979,Value Mismatch,valueusd,Calculated vs reported value differs by >10%
1122190285,Value Mismatch,valueusd,Calculated vs reported value differs by >10%
1023639432,Value Mismatch,valueusd,Calculated vs reported value differs by >10%
1012499845,Value Mismatch,valueusd,Calculated vs reported value differs by >10%
1785105448,Value Mismatch,valueusd,Calculated vs reported value differs by >10%
1398446635,Value Mismatch,valueusd,Calculated vs reported value differs by >10%
1185156671,Value Mismatch,valueusd,Calculated vs reported value differs by >10%
1357873949,Value Mismatch,valueusd,Calculated vs reported value differs by >10%
1108545296,Value Mismatch,valueusd,Calculated vs reported value differs by >10%
1624003676,Value Mismatch,valueusd,Calculated vs reported value differs by >10%
1260548087,Value Mismatch,valueusd,Calculated vs reported value differs by >10%
1745628908,Value Mismatch,valueusd,Calculated vs reported value differs by >10%
1042360369,Value Mismatch,valueusd,Calculated vs reported value differs by >10%
1475289280,Value Mismatch,valueusd,Calculated vs reported value differs by >10%
1584617549,Value Mismatch,valueusd,Calculated vs reported value differs by >10%
1018735651,Value Mismatch,valueusd,Calculated vs reported value differs by >10%
1137361551,Value Mismatch,valueusd,Calculated vs reported value differs by >10%
1781298548,Value Mismatch,valueusd,Calculated vs reported value differs by >10%
1697236010,Value Mismatch,valueusd,Calculated vs reported value differs by >10%
1132079268,Value Mismatch,valueusd,Calculated vs reported value differs by >10%
1643292084,Value Mismatch,valueusd,Calculated vs reported value differs by >10%
1040454759,Value Mismatch,valueusd,Calculated vs reported value differs by >10%
1587022378,Value Mismatch,valueusd,Calculated vs reported value differs by >10%
1001527122,Value Mismatch,valueusd,Calculated vs reported value differs by >10%
1266174078,Value Mismatch,valueusd,Calculated vs reported value differs by >10%
1034716232,Value Mismatch,valueusd,Calculated vs reported value differs by >10%
1056587718,Value Mismatch,valueusd,Calculated vs reported value differs by >10%
1209527834,Value Mismatch,valueusd,Calculated vs reported value differs by >10%
1021065688,Value Mismatch,valueusd,Calculated vs reported value differs by >10%
1674624901,Value Mismatch,valueusd,Calculated vs reported value differs by >10%
1546442557,Value Mismatch,valueusd,Calculated vs reported value differs by >10%
1055418290,Value Mismatch,valueusd,Calculated vs reported value differs by >10%
1259836668,Value Mismatch,valueusd,Calculated vs reported value differs by >10%
1293658013,Value Mismatch,valueusd,Calculated vs reported value differs by >10%
1587502456,Value Mismatch,valueusd,Calculated vs reported value differs by >10%
1645686894,Value Mismatch,valueusd,Calculated vs reported value differs by >10%
1652279201,Value Mismatch,valueusd,Calculated vs reported value differs by >10%
1352862252,Value Mismatch,valueusd,Calculated vs reported value differs by >10%
1367837991,Value Mismatch,valueusd,Calculated vs reported value differs by >10%
1254162151,Value Mismatch,valueusd,Calculated vs reported value differs by >10%
1050462220,Value Mismatch,valueusd,Calculated vs reported value differs by >10%
1382897426,Value Mismatch,valueusd,Calculated vs reported value differs by >10%
1022453174,Value Mismatch,valueusd,Calculated vs reported value differs by >10%
1326420510,Value Mismatch,valueusd,Calculated vs reported value differs by >10%
1389768915,Value Mismatch,valueusd,Calculated vs reported value differs by >10%
1424958289,Value Mismatch,valueusd,Calculated vs reported value differs by >10%
1459539021,Value Mismatch,valueusd,Calculated vs reported value differs by >10%
1070261697,Value Mismatch,valueusd,Calculated vs reported value differs by >10%
1394777371,Value Mismatch,valueusd,Calculated vs reported value differs by >10%
1148496093,Value Mismatch,valueusd,Calculated vs reported value differs by >10%
1531791098,Value Mismatch,valueusd,Calculated vs reported value differs by >10%
1384207455,Value Mismatch,valueusd,Calculated vs reported value differs by >10%
1318332757,Value Mismatch,valueusd,Calculated vs reported value differs by >10%
1202770801,Value Mismatch,valueusd,Calculated vs reported value differs by >10%
1244396222,Value Mismatch,valueusd,Calculated vs reported value differs by >10%
1409075916,Value Mismatch,valueusd,Calculated vs reported value differs by >10%
1323430156,Value Mismatch,valueusd,Calculated vs reported value differs by >10%
1102629930,Value Mismatch,valueusd,Calculated vs reported value differs by >10%
1026421588,Value Mismatch,valueusd,Calculated vs reported value differs by >10%
1334538509,Value Mismatch,valueusd,Calculated vs reported value differs by >10%
1523487601,Value Mismatch,valueusd,Calculated vs reported value differs by >10%
1118655259,Value Mismatch,valueusd,Calculated vs reported value differs by >10%
1606465683,Value Mismatch,valueusd,Calculated vs reported value differs by >10%
1458543991,Value Mismatch,valueusd,Calculated vs reported value differs by >10%
1044974479,Value Mismatch,valueusd,Calculated vs reported value differs by >10%
1229256670,Value Mismatch,valueusd,Calculated vs reported value differs by >10%
1200746373,Value Mismatch,valueusd,Calculated vs reported value differs by >10%
1172592840,Value Mismatch,valueusd,Calculated vs reported value differs by >10%
1073133599,Value Mismatch,valueusd,Calculated vs reported value differs by >10%
1159734511,Value Mismatch,valueusd,Calculated vs reported value differs by >10%
1126440946,Value Mismatch,valueusd,Calculated vs reported value differs by >10%
1229355424,Value Mismatch,valueusd,Calculated vs reported value differs by >10%
1077433384,Value Mismatch,valueusd,Calculated vs reported value differs by >10%
1026785894,Value Mismatch,valueusd,Calculated vs reported value differs by >10%
1034853140,Value Mismatch,valueusd,Calculated vs reported value differs by >10%
1188774048,Value Mismatch,valueusd,Calculated vs reported value differs by >10%
1189207206,Value Mismatch,valueusd,Calculated vs reported value differs by >10%
1032836438,Value Mismatch,valueusd,Calculated vs reported value differs by >10%
1041193447,Value Mismatch,valueusd,Calculated vs reported value differs by >10%
1115023889,Value Mismatch,valueusd,Calculated vs reported value differs by >10%
1008867313,Value Mismatch,valueusd,Calculated vs reported value differs by >10%
1028425386,Value Mismatch,valueusd,Calculated vs reported value differs by >10%
1076194324,Value Mismatch,valueusd,Calculated vs reported value differs by >10%
1081205130,Value Mismatch,valueusd,Calculated vs reported value differs by >10%
2912202030938100,Value Mismatch,valueusd,Calculated vs reported value differs by >10%
2912202030938100,Value Mismatch,valueusd,Calculated vs reported value differs by >10%
2912202030938100,Value Mismatch,valueusd,Calculated vs reported value differs by >10%
2912202030938100,Value Mismatch,valueusd,Calculated vs reported value differs by >10%
2912202030938100,Value Mismatch,valueusd,Calculated vs reported value differs by >10%
2912202030938100,Value Mismatch,valueusd,Calculated vs reported value differs by >10%
2912202030938100,Value Mismatch,valueusd,Calculated vs reported value differs by >10%
2912202030938100,Value Mismatch,valueusd,Calculated vs reported value differs by >10%
2912202030938100,Value Mismatch,valueusd,Calculated vs reported value differs by >10%
2912202030938100,Value Mismatch,valueusd,Calculated vs reported value differs by >10%
2912202030938100,Value Mismatch,valueusd,Calculated vs reported value differs by >10%
2912202030938100,Value Mismatch,valueusd,Calculated vs reported value differs by >10%
2912202030938100,Value Mismatch,valueusd,Calculated vs reported value differs by >10%
2912202030938100,Value Mismatch,valueusd,Calculated vs reported value differs by >10%
2912202030938100,Value Mismatch,valueusd,Calculated vs reported value differs by >10%
2912202030938100,Value Mismatch,valueusd,Calculated vs reported value differs by >10%
2912202030938100,Value Mismatch,valueusd,Calculated vs reported value differs by >10%
2912202030938100,Value Mismatch,valueusd,Calculated vs reported value differs by >10%
2912202030938100,Value Mismatch,valueusd,Calculated vs reported value differs by >10%
2812202030937200,Value Mismatch,valueusd,Calculated vs reported value differs by >10%
2812202030937200,Value Mismatch,valueusd,Calculated vs reported value differs by >10%
2812202030937200,Value Mismatch,valueusd,Calculated vs reported value differs by >10%
2812202030937200,Value Mismatch,valueusd,Calculated vs reported value differs by >10%
2812202030937200,Value Mismatch,valueusd,Calculated vs reported value differs by >10%
2612202032037500,Value Mismatch,valueusd,Calculated vs reported value differs by >10%
2612202032037500,Value Mismatch,valueusd,Calculated vs reported value differs by >10%
2612202032037500,Value Mismatch,valueusd,Calculated vs reported value differs by >10%
2512202032338200,Value Mismatch,valueusd,Calculated vs reported value differs by >10%
2412202032846500,Value Mismatch,valueusd,Calculated vs reported value differs by >10%
2412202031816000,Value Mismatch,valueusd,Calculated vs reported value differs by >10%
2412202031816000,Value Mismatch,valueusd,Calculated vs reported value differs by >10%
2412202031816000,Value Mismatch,valueusd,Calculated vs reported value differs by >10%
2412202031816000,Value Mismatch,valueusd,Calculated vs reported value differs by >10%
2412202031816100,Value Mismatch,valueusd,Calculated vs reported value differs by >10%
2412202031816100,Value Mismatch,valueusd,Calculated vs reported value differs by >10%
2312202032028100,Value Mismatch,valueusd,Calculated vs reported value differs by >10%
221220209444540,Value Mismatch,valueusd,Calculated vs reported value differs by >10%
2112202030932100,Value Mismatch,valueusd,Calculated vs reported value differs by >10%
2112202030932100,Value Mismatch,valueusd,Calculated vs reported value differs by >10%
2112202030932100,Value Mismatch,valueusd,Calculated vs reported value differs by >10%
2112202030932100,Value Mismatch,valueusd,Calculated vs reported value differs by >10%
2112202030932000,Value Mismatch,valueusd,Calculated vs reported value differs by >10%
2112202030932100,Value Mismatch,valueusd,Calculated vs reported value differs by >10%
2112202030932100,Value Mismatch,valueusd,Calculated vs reported value differs by >10%
2112202030932100,Value Mismatch,valueusd,Calculated vs reported value differs by >10%
2112202030932100,Value Mismatch,valueusd,Calculated vs reported value differs by >10%
2112202030932000,Value Mismatch,valueusd,Calculated vs reported value differs by >10%
2112202030932100,Value Mismatch,valueusd,Calculated vs reported value differs by >10%
2112202030932100,Value Mismatch,valueusd,Calculated vs reported value differs by >10%
2112202030932000,Value Mismatch,valueusd,Calculated vs reported value differs by >10%
2112202030932000,Value Mismatch,valueusd,Calculated vs reported value differs by >10%
2112202030932100,Value Mismatch,valueusd,Calculated vs reported value differs by >10%
2112202030932100,Value Mismatch,valueusd,Calculated vs reported value differs by >10%
2112202030932100,Value Mismatch,valueusd,Calculated vs reported value differs by >10%
2112202030932000,Value Mismatch,valueusd,Calculated vs reported value differs by >10%
2112202030471200,Value Mismatch,valueusd,Calculated vs reported value differs by >10%
1712202030873800,Value Mismatch,valueusd,Calculated vs reported value differs by >10%
1712202030873800,Value Mismatch,valueusd,Calculated vs reported value differs by >10%
1612202032492800,Value Mismatch,valueusd,Calculated vs reported value differs by >10%
1412202030815900,Value Mismatch,valueusd,Calculated vs reported value differs by >10%
1412202030815900,Value Mismatch,valueusd,Calculated vs reported value differs by >10%
1412202030815900,Value Mismatch,valueusd,Calculated vs reported value differs by >10%
1112202010555900,Value Mismatch,valueusd,Calculated vs reported value differs by >10%
0312202031825648,Value Mismatch,valueusd,Calculated vs reported value differs by >10%
0212202030942296,Value Mismatch,valueusd,Calculated vs reported value differs by >10%
0212202030942290,Value Mismatch,valueusd,Calculated vs reported value differs by >10%
0212202030942293,Value Mismatch,valueusd,Calculated vs reported value differs by >10%
0212202030942304,Value Mismatch,valueusd,Calculated vs reported value differs by >10%
0212202030942308,Value Mismatch,valueusd,Calculated vs reported value differs by >10%
0212202030942292,Value Mismatch,valueusd,Calculated vs reported value differs by >10%
0212202030942298,Value Mismatch,valueusd,Calculated vs reported value differs by >10%
0212202030942301,Value Mismatch,valueusd,Calculated vs reported value differs by >10%
0212202030942303,Value Mismatch,valueusd,Calculated vs reported value differs by >10%
0212202030942305,Value Mismatch,valueusd,Calculated vs reported value differs by >10%
0212202030942309,Value Mismatch,valueusd,Calculated vs reported value differs by >10%
0212202030942313,Value Mismatch,valueusd,Calculated vs reported value differs by >10%
0212202030942295,Value Mismatch,valueusd,Calculated vs reported value differs by >10%
0212202030942311,Value Mismatch,valueusd,Calculated vs reported value differs by >10%
0212202030942307,Value Mismatch,valueusd,Calculated vs reported value differs by >10%
0212202030942314,Value Mismatch,valueusd,Calculated vs reported value differs by >10%
0212202030942310,Value Mismatch,valueusd,Calculated vs reported value differs by >10%
0212202030942300,Value Mismatch,valueusd,Calculated vs reported value differs by >10%
0212202030942297,Value Mismatch,valueusd,Calculated vs reported value differs by >10%
0212202030942294,Value Mismatch,valueusd,Calculated vs reported value differs by >10%
0212202030942302,Value Mismatch,valueusd,Calculated vs reported value differs by >10%
0212202030942306,Value Mismatch,valueusd,Calculated vs reported value differs by >10%
0212202030942312,Value Mismatch,valueusd,Calculated vs reported value differs by >10%
0212202030942316,Value Mismatch,valueusd,Calculated vs reported value differs by >10%
2711202028866400,Value Mismatch,valueusd,Calculated vs reported value differs by >10%
2711202028866400,Value Mismatch,valueusd,Calculated vs reported value differs by >10%
2511202027726800,Value Mismatch,valueusd,Calculated vs reported value differs by >10%
2511202027726800,Value Mismatch,valueusd,Calculated vs reported value differs by >10%
2511202027726800,Value Mismatch,valueusd,Calculated vs reported value differs by >10%
2511202027726800,Value Mismatch,valueusd,Calculated vs reported value differs by >10%
2511202027726800,Value Mismatch,valueusd,Calculated vs reported value differs by >10%
2511202027726800,Value Mismatch,valueusd,Calculated vs reported value differs by >10%
2511202027726800,Value Mismatch,valueusd,Calculated vs reported value differs by >10%
2511202027726800,Value Mismatch,valueusd,Calculated vs reported value differs by >10%
2511202027726800,Value Mismatch,valueusd,Calculated vs reported value differs by >10%
2511202027726800,Value Mismatch,valueusd,Calculated vs reported value differs by >10%
2511202027726800,Value Mismatch,valueusd,Calculated vs reported value differs by >10%
2511202027726800,Value Mismatch,valueusd,Calculated vs reported value differs by >10%
2511202027726800,Value Mismatch,valueusd,Calculated vs reported value differs by >10%
2511202027726800,Value Mismatch,valueusd,Calculated vs reported value differs by >10%
2511202027726800,Value Mismatch,valueusd,Calculated vs reported value differs by >10%
2511202027726800,Value Mismatch,valueusd,Calculated vs reported value differs by >10%
2511202027726800,Value Mismatch,valueusd,Calculated vs reported value differs by >10%
2511202027726800,Value Mismatch,valueusd,Calculated vs reported value differs by >10%
2511202027726800,Value Mismatch,valueusd,Calculated vs reported value differs by >10%
2511202027726800,Value Mismatch,valueusd,Calculated vs reported value differs by >10%
2511202027726800,Value Mismatch,valueusd,Calculated vs reported value differs by >10%
2511202027726800,Value Mismatch,valueusd,Calculated vs reported value differs by >10%
2511202027726800,Value Mismatch,valueusd,Calculated vs reported value differs by >10%
2511202027726800,Value Mismatch,valueusd,Calculated vs reported value differs by >10%
2511202027726800,Value Mismatch,valueusd,Calculated vs reported value differs by >10%
2511202027726800,Value Mismatch,valueusd,Calculated vs reported value differs by >10%
2011202027722100,Value Mismatch,valueusd,Calculated vs reported value differs by >10%
2011202027722100,Value Mismatch,valueusd,Calculated vs reported value differs by >10%
1911202029665100,Value Mismatch,valueusd,Calculated vs reported value differs by >10%
181120207638880,Value Mismatch,valueusd,Calculated vs reported value differs by >10%
1711202027718600,Value Mismatch,valueusd,Calculated vs reported value differs by >10%
1711202027718600,Value Mismatch,valueusd,Calculated vs reported value differs by >10%
1711202027718600,Value Mismatch,valueusd,Calculated vs reported value differs by >10%
1711202027718600,Value Mismatch,valueusd,Calculated vs reported value differs by >10%
1711202027718600,Value Mismatch,valueusd,Calculated vs reported value differs by >10%
1711202027718600,Value Mismatch,valueusd,Calculated vs reported value differs by >10%
1711202027718600,Value Mismatch,valueusd,Calculated vs reported value differs by >10%
1711202027718600,Value Mismatch,valueusd,Calculated vs reported value differs by >10%
1711202027718600,Value Mismatch,valueusd,Calculated vs reported value differs by >10%
1711202027718600,Value Mismatch,valueusd,Calculated vs reported value differs by >10%
1711202027718600,Value Mismatch,valueusd,Calculated vs reported value differs by >10%
1711202027718600,Value Mismatch,valueusd,Calculated vs reported value differs by >10%
1711202027718600,Value Mismatch,valueusd,Calculated vs reported value differs by >10%
1711202027718600,Value Mismatch,valueusd,Calculated vs reported value differs by >10%
1711202027718600,Value Mismatch,valueusd,Calculated vs reported value differs by >10%
1711202027718600,Value Mismatch,valueusd,Calculated vs reported value differs by >10%
1711202027718600,Value Mismatch,valueusd,Calculated vs reported value differs by >10%
1711202027718600,Value Mismatch,valueusd,Calculated vs reported value differs by >10%
1711202027718600,Value Mismatch,valueusd,Calculated vs reported value differs by >10%
1711202027718600,Value Mismatch,valueusd,Calculated vs reported value differs by >10%
1711202027718600,Value Mismatch,valueusd,Calculated vs reported value differs by >10%
1711202027718600,Value Mismatch,valueusd,Calculated vs reported value differs by >10%
1711202027718600,Value Mismatch,valueusd,Calculated vs reported value differs by >10%
1711202027718600,Value Mismatch,valueusd,Calculated vs reported value differs by >10%
1711202027718600,Value Mismatch,valueusd,Calculated vs reported value differs by >10%
1711202027718600,Value Mismatch,valueusd,Calculated vs reported value differs by >10%
0711202029487316,Value Mismatch,valueusd,Calculated vs reported value differs by >10%
0711202029487310,Value Mismatch,valueusd,Calculated vs reported value differs by >10%
0711202029487327,Value Mismatch,valueusd,Calculated vs reported value differs by >10%
0711202029487317,Value Mismatch,valueusd,Calculated vs reported value differs by >10%
0711202029487319,Value Mismatch,valueusd,Calculated vs reported value differs by >10%
0711202029487315,Value Mismatch,valueusd,Calculated vs reported value differs by >10%
0611202027268666,Value Mismatch,valueusd,Calculated vs reported value differs by >10%
0511202028494040,Value Mismatch,valueusd,Calculated vs reported value differs by >10%
0511202028494040,Value Mismatch,valueusd,Calculated vs reported value differs by >10%
0411202027709616,Value Mismatch,valueusd,Calculated vs reported value differs by >10%
0411202027709619,Value Mismatch,valueusd,Calculated vs reported value differs by >10%
0411202027709620,Value Mismatch,valueusd,Calculated vs reported value differs by >10%
0411202027709617,Value Mismatch,valueusd,Calculated vs reported value differs by >10%
0411202027709632,Value Mismatch,valueusd,Calculated vs reported value differs by >10%
0411202027709623,Value Mismatch,valueusd,Calculated vs reported value differs by >10%
0411202027709615,Value Mismatch,valueusd,Calculated vs reported value differs by >10%
0411202027709667,Value Mismatch,valueusd,Calculated vs reported value differs by >10%
0411202027709647,Value Mismatch,valueusd,Calculated vs reported value differs by >10%
0411202027709637,Value Mismatch,valueusd,Calculated vs reported value differs by >10%
0411202027709639,Value Mismatch,valueusd,Calculated vs reported value differs by >10%
0411202027709614,Value Mismatch,valueusd,Calculated vs reported value differs by >10%
0411202027709636,Value Mismatch,valueusd,Calculated vs reported value differs by >10%
0411202027709644,Value Mismatch,valueusd,Calculated vs reported value differs by >10%
0411202027709635,Value Mismatch,valueusd,Calculated vs reported value differs by >10%
0411202027709624,Value Mismatch,valueusd,Calculated vs reported value differs by >10%
0411202027709625,Value Mismatch,valueusd,Calculated vs reported value differs by >10%
0411202027709655,Value Mismatch,valueusd,Calculated vs reported value differs by >10%
0411202027709648,Value Mismatch,valueusd,Calculated vs reported value differs by >10%
0411202027709649,Value Mismatch,valueusd,Calculated vs reported value differs by >10%
0411202027709656,Value Mismatch,valueusd,Calculated vs reported value differs by >10%
0411202027709627,Value Mismatch,valueusd,Calculated vs reported value differs by >10%
0411202027709651,Value Mismatch,valueusd,Calculated vs reported value differs by >10%
0411202027709642,Value Mismatch,valueusd,Calculated vs reported value differs by >10%
0411202027709665,Value Mismatch,valueusd,Calculated vs reported value differs by >10%
0411202027709654,Value Mismatch,valueusd,Calculated vs reported value differs by >10%
0411202027709664,Value Mismatch,valueusd,Calculated vs reported value differs by >10%
0411202027709612,Value Mismatch,valueusd,Calculated vs reported value differs by >10%
0411202027709662,Value Mismatch,valueusd,Calculated vs reported value differs by >10%
0411202027709633,Value Mismatch,valueusd,Calculated vs reported value differs by >10%
0411202027709640,Value Mismatch,valueusd,Calculated vs reported value differs by >10%
0411202027709634,Value Mismatch,valueusd,Calculated vs reported value differs by >10%
0411202027709666,Value Mismatch,valueusd,Calculated vs reported value differs by >10%
0411202027709663,Value Mismatch,valueusd,Calculated vs reported value differs by >10%
0411202027709638,Value Mismatch,valueusd,Calculated vs reported value differs by >10%
0411202027709622,Value Mismatch,valueusd,Calculated vs reported value differs by >10%
0411202027709618,Value Mismatch,valueusd,Calculated vs reported value differs by >10%
0411202027709643,Value Mismatch,valueusd,Calculated vs reported value differs by >10%
0411202027709652,Value Mismatch,valueusd,Calculated vs reported value differs by >10%
0411202027709626,Value Mismatch,valueusd,Calculated vs reported value differs by >10%
0411202027709613,Value Mismatch,valueusd,Calculated vs reported value differs by >10%
0411202027709641,Value Mismatch,valueusd,Calculated vs reported value differs by >10%
0411202027709660,Value Mismatch,valueusd,Calculated vs reported value differs by >10%
0411202027709645,Value Mismatch,valueusd,Calculated vs reported value differs by >10%
0411202027709653,Value Mismatch,valueusd,Calculated vs reported value differs by >10%
0411202027709650,Value Mismatch,valueusd,Calculated vs reported value differs by >10%
0411202027709661,Value Mismatch,valueusd,Calculated vs reported value differs by >10%
0211202027707367,Value Mismatch,valueusd,Calculated vs reported value differs by >10%
301020206297120,Value Mismatch,valueusd,Calculated vs reported value differs by >10%
2810202024634200,Value Mismatch,valueusd,Calculated vs reported value differs by >10%
2810202024634200,Value Mismatch,valueusd,Calculated vs reported value differs by >10%
271020205776000,Value Mismatch,valueusd,Calculated vs reported value differs by >10%
2610202026643900,Value Mismatch,valueusd,Calculated vs reported value differs by >10%
2610202026643900,Value Mismatch,valueusd,Calculated vs reported value differs by >10%
2610202025929500,Value Mismatch,valueusd,Calculated vs reported value differs by >10%
2610202025929500,Value Mismatch,valueusd,Calculated vs reported value differs by >10%
2610202026643900,Value Mismatch,valueusd,Calculated vs reported value differs by >10%
2610202026643900,Value Mismatch,valueusd,Calculated vs reported value differs by >10%
2510202025731500,Value Mismatch,valueusd,Calculated vs reported value differs by >10%
2410202026618800,Value Mismatch,valueusd,Calculated vs reported value differs by >10%
2210202024629800,Value Mismatch,valueusd,Calculated vs reported value differs by >10%
2210202024629700,Value Mismatch,valueusd,Calculated vs reported value differs by >10%
2210202024629800,Value Mismatch,valueusd,Calculated vs reported value differs by >10%
2210202024629700,Value Mismatch,valueusd,Calculated vs reported value differs by >10%
2210202024629800,Value Mismatch,valueusd,Calculated vs reported value differs by >10%
2210202024629700,Value Mismatch,valueusd,Calculated vs reported value differs by >10%
2210202024629700,Value Mismatch,valueusd,Calculated vs reported value differs by >10%
2210202024629800,Value Mismatch,valueusd,Calculated vs reported value differs by >10%
2210202024629700,Value Mismatch,valueusd,Calculated vs reported value differs by >10%
2210202024629700,Value Mismatch,valueusd,Calculated vs reported value differs by >10%
2210202024629700,Value Mismatch,valueusd,Calculated vs reported value differs by >10%
2210202024629700,Value Mismatch,valueusd,Calculated vs reported value differs by >10%
2210202024629800,Value Mismatch,valueusd,Calculated vs reported value differs by >10%
2210202024629700,Value Mismatch,valueusd,Calculated vs reported value differs by >10%
2210202024629700,Value Mismatch,valueusd,Calculated vs reported value differs by >10%
2210202024629700,Value Mismatch,valueusd,Calculated vs reported value differs by >10%
2210202024629700,Value Mismatch,valueusd,Calculated vs reported value differs by >10%
2210202024629700,Value Mismatch,valueusd,Calculated vs reported value differs by >10%
2210202024629700,Value Mismatch,valueusd,Calculated vs reported value differs by >10%
2210202024629700,Value Mismatch,valueusd,Calculated vs reported value differs by >10%
2210202024629800,Value Mismatch,valueusd,Calculated vs reported value differs by >10%
2210202024629700,Value Mismatch,valueusd,Calculated vs reported value differs by >10%
2210202024629700,Value Mismatch,valueusd,Calculated vs reported value differs by >10%
2210202024629800,Value Mismatch,valueusd,Calculated vs reported value differs by >10%
2210202024629800,Value Mismatch,valueusd,Calculated vs reported value differs by >10%
2210202024629800,Value Mismatch,valueusd,Calculated vs reported value differs by >10%
2210202024629800,Value Mismatch,valueusd,Calculated vs reported value differs by >10%
2210202024629700,Value Mismatch,valueusd,Calculated vs reported value differs by >10%
2210202024629800,Value Mismatch,valueusd,Calculated vs reported value differs by >10%
2210202024629800,Value Mismatch,valueusd,Calculated vs reported value differs by >10%
2210202024629700,Value Mismatch,valueusd,Calculated vs reported value differs by >10%
2210202024629800,Value Mismatch,valueusd,Calculated vs reported value differs by >10%
2210202024629700,Value Mismatch,valueusd,Calculated vs reported value differs by >10%
2210202024629700,Value Mismatch,valueusd,Calculated vs reported value differs by >10%
2210202024629800,Value Mismatch,valueusd,Calculated vs reported value differs by >10%
2210202024629800,Value Mismatch,valueusd,Calculated vs reported value differs by >10%
2210202024629700,Value Mismatch,valueusd,Calculated vs reported value differs by >10%
2210202024629700,Value Mismatch,valueusd,Calculated vs reported value differs by >10%
2210202024629700,Value Mismatch,valueusd,Calculated vs reported value differs by >10%
2210202024629700,Value Mismatch,valueusd,Calculated vs reported value differs by >10%
2210202024629800,Value Mismatch,valueusd,Calculated vs reported value differs by >10%
2210202024629700,Value Mismatch,valueusd,Calculated vs reported value differs by >10%
2110202026567200,Value Mismatch,valueusd,Calculated vs reported value differs by >10%
2110202025896600,Value Mismatch,valueusd,Calculated vs reported value differs by >10%
1910202024352800,Value Mismatch,valueusd,Calculated vs reported value differs by >10%
151020205775250,Value Mismatch,valueusd,Calculated vs reported value differs by >10%
1410202024590100,Value Mismatch,valueusd,Calculated vs reported value differs by >10%
1210202025837300,Value Mismatch,valueusd,Calculated vs reported value differs by >10%
1210202025837300,Value Mismatch,valueusd,Calculated vs reported value differs by >10%
1210202024832700,Value Mismatch,valueusd,Calculated vs reported value differs by >10%
1210202024832700,Value Mismatch,valueusd,Calculated vs reported value differs by >10%
0510202026336208,Value Mismatch,valueusd,Calculated vs reported value differs by >10%
0510202026336208,Value Mismatch,valueusd,Calculated vs reported value differs by >10%
0310202025537162,Value Mismatch,valueusd,Calculated vs reported value differs by >10%
0310202025785516,Value Mismatch,valueusd,Calculated vs reported value differs by >10%
0310202025785516,Value Mismatch,valueusd,Calculated vs reported value differs by >10%
0110202025772021,Value Mismatch,valueusd,Calculated vs reported value differs by >10%
0110202025772021,Value Mismatch,valueusd,Calculated vs reported value differs by >10%
2909202021775200,Value Mismatch,valueusd,Calculated vs reported value differs by >10%
2909202021775200,Value Mismatch,valueusd,Calculated vs reported value differs by >10%
2909202021775200,Value Mismatch,valueusd,Calculated vs reported value differs by >10%
2909202021775200,Value Mismatch,valueusd,Calculated vs reported value differs by >10%
2909202023003500,Value Mismatch,valueusd,Calculated vs reported value differs by >10%
2809202023385700,Value Mismatch,valueusd,Calculated vs reported value differs by >10%
2809202023385700,Value Mismatch,valueusd,Calculated vs reported value differs by >10%
2809202023385700,Value Mismatch,valueusd,Calculated vs reported value differs by >10%
2809202023385700,Value Mismatch,valueusd,Calculated vs reported value differs by >10%
2809202023382800,Value Mismatch,valueusd,Calculated vs reported value differs by >10%
2809202023385700,Value Mismatch,valueusd,Calculated vs reported value differs by >10%
2809202023385700,Value Mismatch,valueusd,Calculated vs reported value differs by >10%
2509202023356400,Value Mismatch,valueusd,Calculated vs reported value differs by >10%
2509202023356400,Value Mismatch,valueusd,Calculated vs reported value differs by >10%
2509202023356400,Value Mismatch,valueusd,Calculated vs reported value differs by >10%
2409202021228900,Value Mismatch,valueusd,Calculated vs reported value differs by >10%
2409202021228900,Value Mismatch,valueusd,Calculated vs reported value differs by >10%
230920204644220,Value Mismatch,valueusd,Calculated vs reported value differs by >10%
210920203578260,Value Mismatch,valueusd,Calculated vs reported value differs by >10%
2109202021769500,Value Mismatch,valueusd,Calculated vs reported value differs by >10%
2109202021769500,Value Mismatch,valueusd,Calculated vs reported value differs by >10%
1909202021768100,Value Mismatch,valueusd,Calculated vs reported value differs by >10%
1809202023263800,Value Mismatch,valueusd,Calculated vs reported value differs by >10%
150920204665860,Value Mismatch,valueusd,Calculated vs reported value differs by >10%
1509202021764800,Value Mismatch,valueusd,Calculated vs reported value differs by >10%
1509202021764800,Value Mismatch,valueusd,Calculated vs reported value differs by >10%
1509202021764800,Value Mismatch,valueusd,Calculated vs reported value differs by >10%
1409202023208300,Value Mismatch,valueusd,Calculated vs reported value differs by >10%
1409202021468100,Value Mismatch,valueusd,Calculated vs reported value differs by >10%
1409202021468100,Value Mismatch,valueusd,Calculated vs reported value differs by >10%
100920203399460,Value Mismatch,valueusd,Calculated vs reported value differs by >10%
070920203737251,Value Mismatch,valueusd,Calculated vs reported value differs by >10%
0509202023105326,Value Mismatch,valueusd,Calculated vs reported value differs by >10%
0209202021755821,Value Mismatch,valueusd,Calculated vs reported value differs by >10%
0209202021755819,Value Mismatch,valueusd,Calculated vs reported value differs by >10%
0209202021755822,Value Mismatch,valueusd,Calculated vs reported value differs by >10%
0209202021340144,Value Mismatch,valueusd,Calculated vs reported value differs by >10%
010920204527882,Value Mismatch,valueusd,Calculated vs reported value differs by >10%
0109202021755197,Value Mismatch,valueusd,Calculated vs reported value differs by >10%
0109202021755198,Value Mismatch,valueusd,Calculated vs reported value differs by >10%
0109202021755199,Value Mismatch,valueusd,Calculated vs reported value differs by >10%
0109202022514915,Value Mismatch,valueusd,Calculated vs reported value differs by >10%
0109202022514915,Value Mismatch,valueusd,Calculated vs reported value differs by >10%
0109202022514881,Value Mismatch,valueusd,Calculated vs reported value differs by >10%
0109202022514881,Value Mismatch,valueusd,Calculated vs reported value differs by >10%
3108202019334700,Value Mismatch,valueusd,Calculated vs reported value differs by >10%
3108202019334700,Value Mismatch,valueusd,Calculated vs reported value differs by >10%
2708202019742100,Value Mismatch,valueusd,Calculated vs reported value differs by >10%
2708202019742100,Value Mismatch,valueusd,Calculated vs reported value differs by >10%
2708202019742100,Value Mismatch,valueusd,Calculated vs reported value differs by >10%
2608202019332200,Value Mismatch,valueusd,Calculated vs reported value differs by >10%
2608202019332200,Value Mismatch,valueusd,Calculated vs reported value differs by >10%
190820202715390,Value Mismatch,valueusd,Calculated vs reported value differs by >10%
1708202019325900,Value Mismatch,valueusd,Calculated vs reported value differs by >10%
1708202019325900,Value Mismatch,valueusd,Calculated vs reported value differs by >10%
1708202019325900,Value Mismatch,valueusd,Calculated vs reported value differs by >10%
1708202019325900,Value Mismatch,valueusd,Calculated vs reported value differs by >10%
1008202019320500,Value Mismatch,valueusd,Calculated vs reported value differs by >10%
0708202020424031,Value Mismatch,valueusd,Calculated vs reported value differs by >10%
050820202846019,Value Mismatch,valueusd,Calculated vs reported value differs by >10%
050820202842814,Value Mismatch,valueusd,Calculated vs reported value differs by >10%
0508202020019380,Value Mismatch,valueusd,Calculated vs reported value differs by >10%
0508202020019380,Value Mismatch,valueusd,Calculated vs reported value differs by >10%
0508202020019388,Value Mismatch,valueusd,Calculated vs reported value differs by >10%
0508202020019388,Value Mismatch,valueusd,Calculated vs reported value differs by >10%
0508202020019386,Value Mismatch,valueusd,Calculated vs reported value differs by >10%
0508202020019386,Value Mismatch,valueusd,Calculated vs reported value differs by >10%
040820202275271,Value Mismatch,valueusd,Calculated vs reported value differs by >10%
030820202064515,Value Mismatch,valueusd,Calculated vs reported value differs by >10%
0308202019316440,Value Mismatch,valueusd,Calculated vs reported value differs by >10%
0308202020184804,Value Mismatch,valueusd,Calculated vs reported value differs by >10%
3107202016992000,Value Mismatch,valueusd,Calculated vs reported value differs by >10%
3007202018582000,Value Mismatch,valueusd,Calculated vs reported value differs by >10%
3007202016991200,Value Mismatch,valueusd,Calculated vs reported value differs by >10%
3007202016922100,Value Mismatch,valueusd,Calculated vs reported value differs by >10%
3007202016922100,Value Mismatch,valueusd,Calculated vs reported value differs by >10%
2807202016989700,Value Mismatch,valueusd,Calculated vs reported value differs by >10%
2807202016989700,Value Mismatch,valueusd,Calculated vs reported value differs by >10%
2807202016989700,Value Mismatch,valueusd,Calculated vs reported value differs by >10%
2807202016989700,Value Mismatch,valueusd,Calculated vs reported value differs by >10%
2807202016989700,Value Mismatch,valueusd,Calculated vs reported value differs by >10%
2807202016887200,Value Mismatch,valueusd,Calculated vs reported value differs by >10%
2807202016887200,Value Mismatch,valueusd,Calculated vs reported value differs by >10%
2007202016985400,Value Mismatch,valueusd,Calculated vs reported value differs by >10%
2007202016775000,Value Mismatch,valueusd,Calculated vs reported value differs by >10%
2007202016775000,Value Mismatch,valueusd,Calculated vs reported value differs by >10%
2007202016985300,Value Mismatch,valueusd,Calculated vs reported value differs by >10%
2007202016985300,Value Mismatch,valueusd,Calculated vs reported value differs by >10%
1807202017226200,Value Mismatch,valueusd,Calculated vs reported value differs by >10%
1807202017226200,Value Mismatch,valueusd,Calculated vs reported value differs by >10%
1707202016732100,Value Mismatch,valueusd,Calculated vs reported value differs by >10%
130720201277640,Value Mismatch,valueusd,Calculated vs reported value differs by >10%
1307202016678700,Value Mismatch,valueusd,Calculated vs reported value differs by >10%
1307202016678700,Value Mismatch,valueusd,Calculated vs reported value differs by >10%
11072020738566,Value Mismatch,valueusd,Calculated vs reported value differs by >10%
1007202016978600,Value Mismatch,valueusd,Calculated vs reported value differs by >10%
1007202016978600,Value Mismatch,valueusd,Calculated vs reported value differs by >10%
1007202018145000,Value Mismatch,valueusd,Calculated vs reported value differs by >10%
1007202018145100,Value Mismatch,valueusd,Calculated vs reported value differs by >10%
1007202018145100,Value Mismatch,valueusd,Calculated vs reported value differs by >10%
1007202016661700,Value Mismatch,valueusd,Calculated vs reported value differs by >10%
1007202018145000,Value Mismatch,valueusd,Calculated vs reported value differs by >10%
1007202018145100,Value Mismatch,valueusd,Calculated vs reported value differs by >10%
0907202016977433,Value Mismatch,valueusd,Calculated vs reported value differs by >10%
0907202016977431,Value Mismatch,valueusd,Calculated vs reported value differs by >10%
0907202016977432,Value Mismatch,valueusd,Calculated vs reported value differs by >10%
0907202016977430,Value Mismatch,valueusd,Calculated vs reported value differs by >10%
0607202016974889,Value Mismatch,valueusd,Calculated vs reported value differs by >10%
0607202016974885,Value Mismatch,valueusd,Calculated vs reported value differs by >10%
0607202016974890,Value Mismatch,valueusd,Calculated vs reported value differs by >10%
0607202016974886,Value Mismatch,valueusd,Calculated vs reported value differs by >10%
0607202016974884,Value Mismatch,valueusd,Calculated vs reported value differs by >10%
0607202017891318,Value Mismatch,valueusd,Calculated vs reported value differs by >10%
0207202016589000,Value Mismatch,valueusd,Calculated vs reported value differs by >10%
389614,Value Mismatch,valueusd,Calculated vs reported value differs by >10%
3006202015741000,Value Mismatch,valueusd,Calculated vs reported value differs by >10%
3006202015741000,Value Mismatch,valueusd,Calculated vs reported value differs by >10%
3006202014424000,Value Mismatch,valueusd,Calculated vs reported value differs by >10%
3006202014424000,Value Mismatch,valueusd,Calculated vs reported value differs by >10%
290620208484670,Value Mismatch,valueusd,Calculated vs reported value differs by >10%
270620208284770,Value Mismatch,valueusd,Calculated vs reported value differs by >10%
270620208284770,Value Mismatch,valueusd,Calculated vs reported value differs by >10%
2506202015004600,Value Mismatch,valueusd,Calculated vs reported value differs by >10%
2506202015004600,Value Mismatch,valueusd,Calculated vs reported value differs by >10%
2306202015985700,Value Mismatch,valueusd,Calculated vs reported value differs by >10%
2306202015985700,Value Mismatch,valueusd,Calculated vs reported value differs by >10%
2306202015985700,Value Mismatch,valueusd,Calculated vs reported value differs by >10%
2306202015985700,Value Mismatch,valueusd,Calculated vs reported value differs by >10%
2206202015002800,Value Mismatch,valueusd,Calculated vs reported value differs by >10%
2206202015002800,Value Mismatch,valueusd,Calculated vs reported value differs by >10%
2206202015002800,Value Mismatch,valueusd,Calculated vs reported value differs by >10%
2206202015002800,Value Mismatch,valueusd,Calculated vs reported value differs by >10%
2206202015002800,Value Mismatch,valueusd,Calculated vs reported value differs by >10%
2206202015002800,Value Mismatch,valueusd,Calculated vs reported value differs by >10%
2206202015002800,Value Mismatch,valueusd,Calculated vs reported value differs by >10%
2206202015002800,Value Mismatch,valueusd,Calculated vs reported value differs by >10%
1806202015000500,Value Mismatch,valueusd,Calculated vs reported value differs by >10%
1806202015000500,Value Mismatch,valueusd,Calculated vs reported value differs by >10%
1806202015000500,Value Mismatch,valueusd,Calculated vs reported value differs by >10%
1806202015000500,Value Mismatch,valueusd,Calculated vs reported value differs by >10%
1806202015000500,Value Mismatch,valueusd,Calculated vs reported value differs by >10%
1806202015000500,Value Mismatch,valueusd,Calculated vs reported value differs by >10%
1806202015000500,Value Mismatch,valueusd,Calculated vs reported value differs by >10%
1806202015000500,Value Mismatch,valueusd,Calculated vs reported value differs by >10%
1806202015700300,Value Mismatch,valueusd,Calculated vs reported value differs by >10%
0606202014994578,Value Mismatch,valueusd,Calculated vs reported value differs by >10%
0606202014994572,Value Mismatch,valueusd,Calculated vs reported value differs by >10%
0606202014994571,Value Mismatch,valueusd,Calculated vs reported value differs by >10%
0606202014994575,Value Mismatch,valueusd,Calculated vs reported value differs by >10%
0606202014994573,Value Mismatch,valueusd,Calculated vs reported value differs by >10%
0606202014994577,Value Mismatch,valueusd,Calculated vs reported value differs by >10%
0606202014994576,Value Mismatch,valueusd,Calculated vs reported value differs by >10%
0606202014994580,Value Mismatch,valueusd,Calculated vs reported value differs by >10%
681779,Value Mismatch,valueusd,Calculated vs reported value differs by >10%
2605202013171300,Value Mismatch,valueusd,Calculated vs reported value differs by >10%
2605202013171300,Value Mismatch,valueusd,Calculated vs reported value differs by >10%
2605202013171300,Value Mismatch,valueusd,Calculated vs reported value differs by >10%
2605202013171300,Value Mismatch,valueusd,Calculated vs reported value differs by >10%
150520206425770,Value Mismatch,valueusd,Calculated vs reported value differs by >10%
1405202013774700,Value Mismatch,valueusd,Calculated vs reported value differs by >10%
1405202013774700,Value Mismatch,valueusd,Calculated vs reported value differs by >10%
0605202013904527,Value Mismatch,valueusd,Calculated vs reported value differs by >10%
0605202013904870,Value Mismatch,valueusd,Calculated vs reported value differs by >10%
0505202013594611,Value Mismatch,valueusd,Calculated vs reported value differs by >10%
2904202012576900,Value Mismatch,valueusd,Calculated vs reported value differs by >10%
2904202012576900,Value Mismatch,valueusd,Calculated vs reported value differs by >10%
2904202012576900,Value Mismatch,valueusd,Calculated vs reported value differs by >10%
2904202012576900,Value Mismatch,valueusd,Calculated vs reported value differs by >10%
270420204897030,Value Mismatch,valueusd,Calculated vs reported value differs by >10%
270420205678200,Value Mismatch,valueusd,Calculated vs reported value differs by >10%
2704202011718000,Value Mismatch,valueusd,Calculated vs reported value differs by >10%
2704202011718000,Value Mismatch,valueusd,Calculated vs reported value differs by >10%
2304202011701600,Value Mismatch,valueusd,Calculated vs reported value differs by >10%
0904202012203065,Value Mismatch,valueusd,Calculated vs reported value differs by >10%
2103202011212400,Value Mismatch,valueusd,Calculated vs reported value differs by >10%
2103202011212400,Value Mismatch,valueusd,Calculated vs reported value differs by >10%
2103202011212400,Value Mismatch,valueusd,Calculated vs reported value differs by >10%
2103202011212400,Value Mismatch,valueusd,Calculated vs reported value differs by >10%
2103202011212400,Value Mismatch,valueusd,Calculated vs reported value differs by >10%
2103202011212400,Value Mismatch,valueusd,Calculated vs reported value differs by >10%
180320209657120,Value Mismatch,valueusd,Calculated vs reported value differs by >10%
180320209657120,Value Mismatch,valueusd,Calculated vs reported value differs by >10%
180320209657120,Value Mismatch,valueusd,Calculated vs reported value differs by >10%
180320209657120,Value Mismatch,valueusd,Calculated vs reported value differs by >10%
180320209657120,Value Mismatch,valueusd,Calculated vs reported value differs by >10%
180320209657120,Value Mismatch,valueusd,Calculated vs reported value differs by >10%
180320209774420,Value Mismatch,valueusd,Calculated vs reported value differs by >10%
180320209774420,Value Mismatch,valueusd,Calculated vs reported value differs by >10%
180320209774420,Value Mismatch,valueusd,Calculated vs reported value differs by >10%
180320209774420,Value Mismatch,valueusd,Calculated vs reported value differs by >10%
180320209774430,Value Mismatch,valueusd,Calculated vs reported value differs by >10%
180320209774420,Value Mismatch,valueusd,Calculated vs reported value differs by >10%
180320209774420,Value Mismatch,valueusd,Calculated vs reported value differs by >10%
180320209774420,Value Mismatch,valueusd,Calculated vs reported value differs by >10%
180320209774420,Value Mismatch,valueusd,Calculated vs reported value differs by >10%
180320209774420,Value Mismatch,valueusd,Calculated vs reported value differs by >10%
1803202010828900,Value Mismatch,valueusd,Calculated vs reported value differs by >10%
1803202010639700,Value Mismatch,valueusd,Calculated vs reported value differs by >10%
170320209773920,Value Mismatch,valueusd,Calculated vs reported value differs by >10%
170320209773920,Value Mismatch,valueusd,Calculated vs reported value differs by >10%
060320209473034,Value Mismatch,valueusd,Calculated vs reported value differs by >10%
060320209473034,Value Mismatch,valueusd,Calculated vs reported value differs by >10%
060320209473031,Value Mismatch,valueusd,Calculated vs reported value differs by >10%
060320209473031,Value Mismatch,valueusd,Calculated vs reported value differs by >10%
060320209474210,Value Mismatch,valueusd,Calculated vs reported value differs by >10%
060320209474210,Value Mismatch,valueusd,Calculated vs reported value differs by >10%
050320209761981,Value Mismatch,valueusd,Calculated vs reported value differs by >10%
050320209761983,Value Mismatch,valueusd,Calculated vs reported value differs by >10%
050320209761982,Value Mismatch,valueusd,Calculated vs reported value differs by >10%
050320209761978,Value Mismatch,valueusd,Calculated vs reported value differs by >10%
030320209969216,Value Mismatch,valueusd,Calculated vs reported value differs by >10%
030320209969206,Value Mismatch,valueusd,Calculated vs reported value differs by >10%
030320209969203,Value Mismatch,valueusd,Calculated vs reported value differs by >10%
030320209740640,Value Mismatch,valueusd,Calculated vs reported value differs by >10%
290220207135160,Value Mismatch,valueusd,Calculated vs reported value differs by >10%
290220207135150,Value Mismatch,valueusd,Calculated vs reported value differs by >10%
290220207135160,Value Mismatch,valueusd,Calculated vs reported value differs by >10%
290220207135150,Value Mismatch,valueusd,Calculated vs reported value differs by >10%
290220207135150,Value Mismatch,valueusd,Calculated vs reported value differs by >10%
290220207135150,Value Mismatch,valueusd,Calculated vs reported value differs by >10%
290220209033000,Value Mismatch,valueusd,Calculated vs reported value differs by >10%
290220207135150,Value Mismatch,valueusd,Calculated vs reported value differs by >10%
290220207135150,Value Mismatch,valueusd,Calculated vs reported value differs by >10%
290220207135160,Value Mismatch,valueusd,Calculated vs reported value differs by >10%
290220208258470,Value Mismatch,valueusd,Calculated vs reported value differs by >10%
290220207135160,Value Mismatch,valueusd,Calculated vs reported value differs by >10%
280220207027480,Value Mismatch,valueusd,Calculated vs reported value differs by >10%
260220208090600,Value Mismatch,valueusd,Calculated vs reported value differs by >10%
260220208090590,Value Mismatch,valueusd,Calculated vs reported value differs by >10%
260220207579710,Value Mismatch,valueusd,Calculated vs reported value differs by >10%
260220207579700,Value Mismatch,valueusd,Calculated vs reported value differs by >10%
230220206939410,Value Mismatch,valueusd,Calculated vs reported value differs by >10%
230220206939410,Value Mismatch,valueusd,Calculated vs reported value differs by >10%
220220207096130,Value Mismatch,valueusd,Calculated vs reported value differs by >10%
220220207096130,Value Mismatch,valueusd,Calculated vs reported value differs by >10%
22022020233416,Value Mismatch,valueusd,Calculated vs reported value differs by >10%
180220208206200,Value Mismatch,valueusd,Calculated vs reported value differs by >10%
180220207124270,Value Mismatch,valueusd,Calculated vs reported value differs by >10%
180220207124270,Value Mismatch,valueusd,Calculated vs reported value differs by >10%
180220207124270,Value Mismatch,valueusd,Calculated vs reported value differs by >10%
180220207124260,Value Mismatch,valueusd,Calculated vs reported value differs by >10%
180220207124260,Value Mismatch,valueusd,Calculated vs reported value differs by >10%
180220207124260,Value Mismatch,valueusd,Calculated vs reported value differs by >10%
180220207124260,Value Mismatch,valueusd,Calculated vs reported value differs by >10%
170220206836170,Value Mismatch,valueusd,Calculated vs reported value differs by >10%
170220208199100,Value Mismatch,valueusd,Calculated vs reported value differs by >10%
170220208194060,Value Mismatch,valueusd,Calculated vs reported value differs by >10%
170220208194070,Value Mismatch,valueusd,Calculated vs reported value differs by >10%
140220208830660,Value Mismatch,valueusd,Calculated vs reported value differs by >10%
130220206248370,Value Mismatch,valueusd,Calculated vs reported value differs by >10%
130220206828930,Value Mismatch,valueusd,Calculated vs reported value differs by >10%
110220206246690,Value Mismatch,valueusd,Calculated vs reported value differs by >10%
110220206246690,Value Mismatch,valueusd,Calculated vs reported value differs by >10%
070220203051696,Value Mismatch,valueusd,Calculated vs reported value differs by >10%
070220202804258,Value Mismatch,valueusd,Calculated vs reported value differs by >10%
060220202973850,Value Mismatch,valueusd,Calculated vs reported value differs by >10%
050220207064034,Value Mismatch,valueusd,Calculated vs reported value differs by >10%
050220206690343,Value Mismatch,valueusd,Calculated vs reported value differs by >10%
040220207111510,Value Mismatch,valueusd,Calculated vs reported value differs by >10%
040220207111515,Value Mismatch,valueusd,Calculated vs reported value differs by >10%
040220207111516,Value Mismatch,valueusd,Calculated vs reported value differs by >10%
040220207111517,Value Mismatch,valueusd,Calculated vs reported value differs by >10%
040220207111511,Value Mismatch,valueusd,Calculated vs reported value differs by >10%
040220207111512,Value Mismatch,valueusd,Calculated vs reported value differs by >10%
040220207111589,Value Mismatch,valueusd,Calculated vs reported value differs by >10%
040220207742229,Value Mismatch,valueusd,Calculated vs reported value differs by >10%
040220207742223,Value Mismatch,valueusd,Calculated vs reported value differs by >10%
030220207940389,Value Mismatch,valueusd,Calculated vs reported value differs by >10%
030220207940388,Value Mismatch,valueusd,Calculated vs reported value differs by >10%
030220206640025,Value Mismatch,valueusd,Calculated vs reported value differs by >10%
030220208118266,Value Mismatch,valueusd,Calculated vs reported value differs by >10%
030220208123860,Value Mismatch,valueusd,Calculated vs reported value differs by >10%
31012020409902,Value Mismatch,valueusd,Calculated vs reported value differs by >10%
30012020770690,Value Mismatch,valueusd,Calculated vs reported value differs by >10%
270120201020770,Value Mismatch,valueusd,Calculated vs reported value differs by >10%
270120202371320,Value Mismatch,valueusd,Calculated vs reported value differs by >10%
270120202371340,Value Mismatch,valueusd,Calculated vs reported value differs by >10%
250120202130710,Value Mismatch,valueusd,Calculated vs reported value differs by >10%
250120202130710,Value Mismatch,valueusd,Calculated vs reported value differs by >10%
25012020337689,Value Mismatch,valueusd,Calculated vs reported value differs by >10%
240120202121520,Value Mismatch,valueusd,Calculated vs reported value differs by >10%
240120202121520,Value Mismatch,valueusd,Calculated vs reported value differs by >10%
230120202114520,Value Mismatch,valueusd,Calculated vs reported value differs by >10%
230120202114290,Value Mismatch,valueusd,Calculated vs reported value differs by >10%
23012020986841,Value Mismatch,valueusd,Calculated vs reported value differs by >10%
230120202117850,Value Mismatch,valueusd,Calculated vs reported value differs by >10%
230120202114450,Value Mismatch,valueusd,Calculated vs reported value differs by >10%
210120201015610,Value Mismatch,valueusd,Calculated vs reported value differs by >10%
210120201015610,Value Mismatch,valueusd,Calculated vs reported value differs by >10%
210120201015610,Value Mismatch,valueusd,Calculated vs reported value differs by >10%
210120201015620,Value Mismatch,valueusd,Calculated vs reported value differs by >10%
210120201015620,Value Mismatch,valueusd,Calculated vs reported value differs by >10%
210120201015610,Value Mismatch,valueusd,Calculated vs reported value differs by >10%
210120201015620,Value Mismatch,valueusd,Calculated vs reported value differs by >10%
210120202326990,Value Mismatch,valueusd,Calculated vs reported value differs by >10%
200120202317580,Value Mismatch,valueusd,Calculated vs reported value differs by >10%
200120202317580,Value Mismatch,valueusd,Calculated vs reported value differs by >10%
090120202936246,Value Mismatch,valueusd,Calculated vs reported value differs by >10%
070120202238141,Value Mismatch,valueusd,Calculated vs reported value differs by >10%
070120202238143,Value Mismatch,valueusd,Calculated vs reported value differs by >10%
070120202238124,Value Mismatch,valueusd,Calculated vs reported value differs by >10%
070120202238058,Value Mismatch,valueusd,Calculated vs reported value differs by >10%
03012020999354,Value Mismatch,valueusd,Calculated vs reported value differs by >10%
03012020999348,Value Mismatch,valueusd,Calculated vs reported value differs by >10%
03012020999347,Value Mismatch,valueusd,Calculated vs reported value differs by >10%
03012020999346,Value Mismatch,valueusd,Calculated vs reported value differs by >10%
03012020999358,Value Mismatch,valueusd,Calculated vs reported value differs by >10%
03012020999361,Value Mismatch,valueusd,Calculated vs reported value differs by >10%
03012020999359,Value Mismatch,valueusd,Calculated vs reported value differs by >10%
03012020999362,Value Mismatch,valueusd,Calculated vs reported value differs by >10%
03012020999341,Value Mismatch,valueusd,Calculated vs reported value differs by >10%
3112201916849400,Value Mismatch,valueusd,Calculated vs reported value differs by >10%
2812201918618300,Value Mismatch,valueusd,Calculated vs reported value differs by >10%
2812201917824500,Value Mismatch,valueusd,Calculated vs reported value differs by >10%
2712201919422200,Value Mismatch,valueusd,Calculated vs reported value differs by >10%
2612201917821400,Value Mismatch,valueusd,Calculated vs reported value differs by >10%
2612201917821400,Value Mismatch,valueusd,Calculated vs reported value differs by >10%
2612201918536100,Value Mismatch,valueusd,Calculated vs reported value differs by >10%
2612201918536100,Value Mismatch,valueusd,Calculated vs reported value differs by >10%
2612201918535900,Value Mismatch,valueusd,Calculated vs reported value differs by >10%
2612201918535900,Value Mismatch,valueusd,Calculated vs reported value differs by >10%
2612201917821400,Value Mismatch,valueusd,Calculated vs reported value differs by >10%
2612201919182600,Value Mismatch,valueusd,Calculated vs reported value differs by >10%
2412201919851200,Value Mismatch,valueusd,Calculated vs reported value differs by >10%
2412201919851200,Value Mismatch,valueusd,Calculated vs reported value differs by >10%
2412201919851200,Value Mismatch,valueusd,Calculated vs reported value differs by >10%
2412201919851200,Value Mismatch,valueusd,Calculated vs reported value differs by >10%
2412201919851200,Value Mismatch,valueusd,Calculated vs reported value differs by >10%
2412201919851200,Value Mismatch,valueusd,Calculated vs reported value differs by >10%
2412201919851200,Value Mismatch,valueusd,Calculated vs reported value differs by >10%
2412201919851200,Value Mismatch,valueusd,Calculated vs reported value differs by >10%
2412201919851200,Value Mismatch,valueusd,Calculated vs reported value differs by >10%
2412201919851200,Value Mismatch,valueusd,Calculated vs reported value differs by >10%
2412201919851200,Value Mismatch,valueusd,Calculated vs reported value differs by >10%
2412201919851200,Value Mismatch,valueusd,Calculated vs reported value differs by >10%
2412201919851200,Value Mismatch,valueusd,Calculated vs reported value differs by >10%
2412201919851200,Value Mismatch,valueusd,Calculated vs reported value differs by >10%
2412201919851200,Value Mismatch,valueusd,Calculated vs reported value differs by >10%
2312201919170200,Value Mismatch,valueusd,Calculated vs reported value differs by >10%
2312201917819300,Value Mismatch,valueusd,Calculated vs reported value differs by >10%
2312201919170200,Value Mismatch,valueusd,Calculated vs reported value differs by >10%
2312201918610500,Value Mismatch,valueusd,Calculated vs reported value differs by >10%
2312201918610500,Value Mismatch,valueusd,Calculated vs reported value differs by >10%
2112201919154100,Value Mismatch,valueusd,Calculated vs reported value differs by >10%
2112201919151900,Value Mismatch,valueusd,Calculated vs reported value differs by >10%
2012201919143400,Value Mismatch,valueusd,Calculated vs reported value differs by >10%
1912201919134800,Value Mismatch,valueusd,Calculated vs reported value differs by >10%
1812201918533800,Value Mismatch,valueusd,Calculated vs reported value differs by >10%
1812201919132000,Value Mismatch,valueusd,Calculated vs reported value differs by >10%
1812201919132000,Value Mismatch,valueusd,Calculated vs reported value differs by >10%
1712201917510700,Value Mismatch,valueusd,Calculated vs reported value differs by >10%
1712201917510700,Value Mismatch,valueusd,Calculated vs reported value differs by >10%
1612201919448200,Value Mismatch,valueusd,Calculated vs reported value differs by >10%
1612201919109300,Value Mismatch,valueusd,Calculated vs reported value differs by >10%
1612201919109300,Value Mismatch,valueusd,Calculated vs reported value differs by >10%
1112201917806600,Value Mismatch,valueusd,Calculated vs reported value differs by >10%
1112201917806600,Value Mismatch,valueusd,Calculated vs reported value differs by >10%
1112201917806600,Value Mismatch,valueusd,Calculated vs reported value differs by >10%
1112201917806600,Value Mismatch,valueusd,Calculated vs reported value differs by >10%
1112201917806600,Value Mismatch,valueusd,Calculated vs reported value differs by >10%
1112201917806600,Value Mismatch,valueusd,Calculated vs reported value differs by >10%
1112201917806600,Value Mismatch,valueusd,Calculated vs reported value differs by >10%
1112201917806600,Value Mismatch,valueusd,Calculated vs reported value differs by >10%
1112201917806600,Value Mismatch,valueusd,Calculated vs reported value differs by >10%
1112201917806600,Value Mismatch,valueusd,Calculated vs reported value differs by >10%
1112201917806600,Value Mismatch,valueusd,Calculated vs reported value differs by >10%
1112201917806600,Value Mismatch,valueusd,Calculated vs reported value differs by >10%
1112201917806600,Value Mismatch,valueusd,Calculated vs reported value differs by >10%
1112201917806600,Value Mismatch,valueusd,Calculated vs reported value differs by >10%
1112201917806600,Value Mismatch,valueusd,Calculated vs reported value differs by >10%
1112201917806600,Value Mismatch,valueusd,Calculated vs reported value differs by >10%
1112201917806600,Value Mismatch,valueusd,Calculated vs reported value differs by >10%
1112201917806600,Value Mismatch,valueusd,Calculated vs reported value differs by >10%
1112201917806600,Value Mismatch,valueusd,Calculated vs reported value differs by >10%
1112201917806600,Value Mismatch,valueusd,Calculated vs reported value differs by >10%
1112201917806600,Value Mismatch,valueusd,Calculated vs reported value differs by >10%
1112201917806600,Value Mismatch,valueusd,Calculated vs reported value differs by >10%
1112201917806600,Value Mismatch,valueusd,Calculated vs reported value differs by >10%
1112201917806600,Value Mismatch,valueusd,Calculated vs reported value differs by >10%
1112201917806600,Value Mismatch,valueusd,Calculated vs reported value differs by >10%
1112201917806600,Value Mismatch,valueusd,Calculated vs reported value differs by >10%
1112201917806600,Value Mismatch,valueusd,Calculated vs reported value differs by >10%
1112201917806600,Value Mismatch,valueusd,Calculated vs reported value differs by >10%
1112201917806600,Value Mismatch,valueusd,Calculated vs reported value differs by >10%
1112201917806600,Value Mismatch,valueusd,Calculated vs reported value differs by >10%
1112201917806600,Value Mismatch,valueusd,Calculated vs reported value differs by >10%
1012201919068100,Value Mismatch,valueusd,Calculated vs reported value differs by >10%
1012201916975700,Value Mismatch,valueusd,Calculated vs reported value differs by >10%
0912201918042163,Value Mismatch,valueusd,Calculated vs reported value differs by >10%
0712201919048659,Value Mismatch,valueusd,Calculated vs reported value differs by >10%
0712201917341100,Value Mismatch,valueusd,Calculated vs reported value differs by >10%
0612201918797898,Value Mismatch,valueusd,Calculated vs reported value differs by >10%
0312201919021877,Value Mismatch,valueusd,Calculated vs reported value differs by >10%
0312201919023759,Value Mismatch,valueusd,Calculated vs reported value differs by >10%
0212201919479991,Value Mismatch,valueusd,Calculated vs reported value differs by >10%
0212201919479990,Value Mismatch,valueusd,Calculated vs reported value differs by >10%
3011201916817200,Value Mismatch,valueusd,Calculated vs reported value differs by >10%
3011201916817200,Value Mismatch,valueusd,Calculated vs reported value differs by >10%
3011201916817200,Value Mismatch,valueusd,Calculated vs reported value differs by >10%
3011201916817200,Value Mismatch,valueusd,Calculated vs reported value differs by >10%
2811201914624200,Value Mismatch,valueusd,Calculated vs reported value differs by >10%
2711201916001800,Value Mismatch,valueusd,Calculated vs reported value differs by >10%
2611201914653400,Value Mismatch,valueusd,Calculated vs reported value differs by >10%
2611201914653400,Value Mismatch,valueusd,Calculated vs reported value differs by >10%
2611201914653400,Value Mismatch,valueusd,Calculated vs reported value differs by >10%
2611201914653400,Value Mismatch,valueusd,Calculated vs reported value differs by >10%
2611201914653400,Value Mismatch,valueusd,Calculated vs reported value differs by >10%
2611201914653400,Value Mismatch,valueusd,Calculated vs reported value differs by >10%
2611201914653500,Value Mismatch,valueusd,Calculated vs reported value differs by >10%
2611201914653400,Value Mismatch,valueusd,Calculated vs reported value differs by >10%
2611201914653400,Value Mismatch,valueusd,Calculated vs reported value differs by >10%
2611201914653400,Value Mismatch,valueusd,Calculated vs reported value differs by >10%
2611201914653400,Value Mismatch,valueusd,Calculated vs reported value differs by >10%
2611201914653400,Value Mismatch,valueusd,Calculated vs reported value differs by >10%
2611201914653400,Value Mismatch,valueusd,Calculated vs reported value differs by >10%
2611201914653400,Value Mismatch,valueusd,Calculated vs reported value differs by >10%
2611201914653400,Value Mismatch,valueusd,Calculated vs reported value differs by >10%
2611201914653400,Value Mismatch,valueusd,Calculated vs reported value differs by >10%
2611201914653400,Value Mismatch,valueusd,Calculated vs reported value differs by >10%
2611201914653400,Value Mismatch,valueusd,Calculated vs reported value differs by >10%
2611201914653400,Value Mismatch,valueusd,Calculated vs reported value differs by >10%
2611201914653400,Value Mismatch,valueusd,Calculated vs reported value differs by >10%
2611201914653400,Value Mismatch,valueusd,Calculated vs reported value differs by >10%
2611201914653400,Value Mismatch,valueusd,Calculated vs reported value differs by >10%
2611201914653400,Value Mismatch,valueusd,Calculated vs reported value differs by >10%
2611201914653400,Value Mismatch,valueusd,Calculated vs reported value differs by >10%
2611201914653400,Value Mismatch,valueusd,Calculated vs reported value differs by >10%
2611201914653400,Value Mismatch,valueusd,Calculated vs reported value differs by >10%
2611201914653300,Value Mismatch,valueusd,Calculated vs reported value differs by >10%
2611201914653300,Value Mismatch,valueusd,Calculated vs reported value differs by >10%
2611201914653300,Value Mismatch,valueusd,Calculated vs reported value differs by >10%
2511201913727800,Value Mismatch,valueusd,Calculated vs reported value differs by >10%
2511201913727800,Value Mismatch,valueusd,Calculated vs reported value differs by >10%
2511201913727800,Value Mismatch,valueusd,Calculated vs reported value differs by >10%
2511201914478500,Value Mismatch,valueusd,Calculated vs reported value differs by >10%
2511201915984000,Value Mismatch,valueusd,Calculated vs reported value differs by >10%
2511201915989500,Value Mismatch,valueusd,Calculated vs reported value differs by >10%
2511201915989500,Value Mismatch,valueusd,Calculated vs reported value differs by >10%
2011201916259000,Value Mismatch,valueusd,Calculated vs reported value differs by >10%
1811201915935000,Value Mismatch,valueusd,Calculated vs reported value differs by >10%
1411201914640900,Value Mismatch,valueusd,Calculated vs reported value differs by >10%
1411201914640900,Value Mismatch,valueusd,Calculated vs reported value differs by >10%
1411201914640800,Value Mismatch,valueusd,Calculated vs reported value differs by >10%
1411201914640900,Value Mismatch,valueusd,Calculated vs reported value differs by >10%
1411201914640900,Value Mismatch,valueusd,Calculated vs reported value differs by >10%
1411201914640900,Value Mismatch,valueusd,Calculated vs reported value differs by >10%
1411201914640900,Value Mismatch,valueusd,Calculated vs reported value differs by >10%
1411201914640800,Value Mismatch,valueusd,Calculated vs reported value differs by >10%
1411201914640900,Value Mismatch,valueusd,Calculated vs reported value differs by >10%
1411201914640900,Value Mismatch,valueusd,Calculated vs reported value differs by >10%
1411201914640800,Value Mismatch,valueusd,Calculated vs reported value differs by >10%
1411201914640800,Value Mismatch,valueusd,Calculated vs reported value differs by >10%
1411201914640800,Value Mismatch,valueusd,Calculated vs reported value differs by >10%
1411201914640900,Value Mismatch,valueusd,Calculated vs reported value differs by >10%
1411201914640800,Value Mismatch,valueusd,Calculated vs reported value differs by >10%
1411201914640800,Value Mismatch,valueusd,Calculated vs reported value differs by >10%
1411201914640900,Value Mismatch,valueusd,Calculated vs reported value differs by >10%
1411201914640800,Value Mismatch,valueusd,Calculated vs reported value differs by >10%
1411201914640800,Value Mismatch,valueusd,Calculated vs reported value differs by >10%
1411201914640900,Value Mismatch,valueusd,Calculated vs reported value differs by >10%
1411201914640900,Value Mismatch,valueusd,Calculated vs reported value differs by >10%
1411201914640900,Value Mismatch,valueusd,Calculated vs reported value differs by >10%
1411201914640900,Value Mismatch,valueusd,Calculated vs reported value differs by >10%
1411201914640800,Value Mismatch,valueusd,Calculated vs reported value differs by >10%
1411201914640900,Value Mismatch,valueusd,Calculated vs reported value differs by >10%
1411201914640900,Value Mismatch,valueusd,Calculated vs reported value differs by >10%
1411201914640800,Value Mismatch,valueusd,Calculated vs reported value differs by >10%
1411201914640900,Value Mismatch,valueusd,Calculated vs reported value differs by >10%
1411201914640900,Value Mismatch,valueusd,Calculated vs reported value differs by >10%
1411201914640800,Value Mismatch,valueusd,Calculated vs reported value differs by >10%
1411201914640900,Value Mismatch,valueusd,Calculated vs reported value differs by >10%
1411201914640800,Value Mismatch,valueusd,Calculated vs reported value differs by >10%
1411201914640900,Value Mismatch,valueusd,Calculated vs reported value differs by >10%
1311201915459900,Value Mismatch,valueusd,Calculated vs reported value differs by >10%
1211201914265000,Value Mismatch,valueusd,Calculated vs reported value differs by >10%
1211201915905700,Value Mismatch,valueusd,Calculated vs reported value differs by >10%
1211201915905700,Value Mismatch,valueusd,Calculated vs reported value differs by >10%
1111201913717900,Value Mismatch,valueusd,Calculated vs reported value differs by >10%
1111201914909400,Value Mismatch,valueusd,Calculated vs reported value differs by >10%
0911201915882807,Value Mismatch,valueusd,Calculated vs reported value differs by >10%
0611201913715783,Value Mismatch,valueusd,Calculated vs reported value differs by >10%
0611201913715782,Value Mismatch,valueusd,Calculated vs reported value differs by >10%
0611201913715776,Value Mismatch,valueusd,Calculated vs reported value differs by >10%
0611201913715775,Value Mismatch,valueusd,Calculated vs reported value differs by >10%
0411201915849779,Value Mismatch,valueusd,Calculated vs reported value differs by >10%
0411201915849782,Value Mismatch,valueusd,Calculated vs reported value differs by >10%
0411201915847341,Value Mismatch,valueusd,Calculated vs reported value differs by >10%
0411201915847345,Value Mismatch,valueusd,Calculated vs reported value differs by >10%
301020195931310,Value Mismatch,valueusd,Calculated vs reported value differs by >10%
301020195729900,Value Mismatch,valueusd,Calculated vs reported value differs by >10%
301020195729900,Value Mismatch,valueusd,Calculated vs reported value differs by >10%
301020195931330,Value Mismatch,valueusd,Calculated vs reported value differs by >10%
301020195931340,Value Mismatch,valueusd,Calculated vs reported value differs by >10%
301020195931320,Value Mismatch,valueusd,Calculated vs reported value differs by >10%
301020195931340,Value Mismatch,valueusd,Calculated vs reported value differs by >10%
301020195931340,Value Mismatch,valueusd,Calculated vs reported value differs by >10%
301020195931330,Value Mismatch,valueusd,Calculated vs reported value differs by >10%
301020195931330,Value Mismatch,valueusd,Calculated vs reported value differs by >10%
301020195931340,Value Mismatch,valueusd,Calculated vs reported value differs by >10%
301020195931330,Value Mismatch,valueusd,Calculated vs reported value differs by >10%
301020195931330,Value Mismatch,valueusd,Calculated vs reported value differs by >10%
301020195931340,Value Mismatch,valueusd,Calculated vs reported value differs by >10%
301020195931330,Value Mismatch,valueusd,Calculated vs reported value differs by >10%
301020195931320,Value Mismatch,valueusd,Calculated vs reported value differs by >10%
301020193748540,Value Mismatch,valueusd,Calculated vs reported value differs by >10%
291020194379320,Value Mismatch,valueusd,Calculated vs reported value differs by >10%
291020194379330,Value Mismatch,valueusd,Calculated vs reported value differs by >10%
291020194379330,Value Mismatch,valueusd,Calculated vs reported value differs by >10%
291020194379320,Value Mismatch,valueusd,Calculated vs reported value differs by >10%
291020194379310,Value Mismatch,valueusd,Calculated vs reported value differs by >10%
291020194379330,Value Mismatch,valueusd,Calculated vs reported value differs by >10%
291020194379320,Value Mismatch,valueusd,Calculated vs reported value differs by >10%
291020194379320,Value Mismatch,valueusd,Calculated vs reported value differs by >10%
291020194379320,Value Mismatch,valueusd,Calculated vs reported value differs by >10%
291020194379320,Value Mismatch,valueusd,Calculated vs reported value differs by >10%
291020194379330,Value Mismatch,valueusd,Calculated vs reported value differs by >10%
291020194379320,Value Mismatch,valueusd,Calculated vs reported value differs by >10%
291020194379330,Value Mismatch,valueusd,Calculated vs reported value differs by >10%
291020194379320,Value Mismatch,valueusd,Calculated vs reported value differs by >10%
291020194379320,Value Mismatch,valueusd,Calculated vs reported value differs by >10%
291020194379330,Value Mismatch,valueusd,Calculated vs reported value differs by >10%
291020194379330,Value Mismatch,valueusd,Calculated vs reported value differs by >10%
291020194379320,Value Mismatch,valueusd,Calculated vs reported value differs by >10%
251020195902510,Value Mismatch,valueusd,Calculated vs reported value differs by >10%
241020194177170,Value Mismatch,valueusd,Calculated vs reported value differs by >10%
241020195311350,Value Mismatch,valueusd,Calculated vs reported value differs by >10%
241020195311350,Value Mismatch,valueusd,Calculated vs reported value differs by >10%
241020194184720,Value Mismatch,valueusd,Calculated vs reported value differs by >10%
231020194165600,Value Mismatch,valueusd,Calculated vs reported value differs by >10%
221020194146100,Value Mismatch,valueusd,Calculated vs reported value differs by >10%
221020195884490,Value Mismatch,valueusd,Calculated vs reported value differs by >10%
211020195873680,Value Mismatch,valueusd,Calculated vs reported value differs by >10%
171020195627100,Value Mismatch,valueusd,Calculated vs reported value differs by >10%
171020194367940,Value Mismatch,valueusd,Calculated vs reported value differs by >10%
171020194367940,Value Mismatch,valueusd,Calculated vs reported value differs by >10%
171020194367950,Value Mismatch,valueusd,Calculated vs reported value differs by >10%
171020194367960,Value Mismatch,valueusd,Calculated vs reported value differs by >10%
171020194367930,Value Mismatch,valueusd,Calculated vs reported value differs by >10%
171020194367930,Value Mismatch,valueusd,Calculated vs reported value differs by >10%
171020194367930,Value Mismatch,valueusd,Calculated vs reported value differs by >10%
171020194367970,Value Mismatch,valueusd,Calculated vs reported value differs by >10%
171020194367930,Value Mismatch,valueusd,Calculated vs reported value differs by >10%
171020194367940,Value Mismatch,valueusd,Calculated vs reported value differs by >10%
171020194367960,Value Mismatch,valueusd,Calculated vs reported value differs by >10%
171020194367960,Value Mismatch,valueusd,Calculated vs reported value differs by >10%
171020194367950,Value Mismatch,valueusd,Calculated vs reported value differs by >10%
171020194367940,Value Mismatch,valueusd,Calculated vs reported value differs by >10%
171020194367970,Value Mismatch,valueusd,Calculated vs reported value differs by >10%
171020194367950,Value Mismatch,valueusd,Calculated vs reported value differs by >10%
171020194367940,Value Mismatch,valueusd,Calculated vs reported value differs by >10%
171020194367950,Value Mismatch,valueusd,Calculated vs reported value differs by >10%
171020194367940,Value Mismatch,valueusd,Calculated vs reported value differs by >10%
171020194367960,Value Mismatch,valueusd,Calculated vs reported value differs by >10%
171020194367940,Value Mismatch,valueusd,Calculated vs reported value differs by >10%
171020194367930,Value Mismatch,valueusd,Calculated vs reported value differs by >10%
171020194367960,Value Mismatch,valueusd,Calculated vs reported value differs by >10%
171020194367940,Value Mismatch,valueusd,Calculated vs reported value differs by >10%
171020194367950,Value Mismatch,valueusd,Calculated vs reported value differs by >10%
171020194367950,Value Mismatch,valueusd,Calculated vs reported value differs by >10%
171020194367840,Value Mismatch,valueusd,Calculated vs reported value differs by >10%
171020194367840,Value Mismatch,valueusd,Calculated vs reported value differs by >10%
161020194367130,Value Mismatch,valueusd,Calculated vs reported value differs by >10%
151020196202510,Value Mismatch,valueusd,Calculated vs reported value differs by >10%
111020193961850,Value Mismatch,valueusd,Calculated vs reported value differs by >10%
091020193926783,Value Mismatch,valueusd,Calculated vs reported value differs by >10%
091020195794690,Value Mismatch,valueusd,Calculated vs reported value differs by >10%
091020195796497,Value Mismatch,valueusd,Calculated vs reported value differs by >10%
081020195789912,Value Mismatch,valueusd,Calculated vs reported value differs by >10%
081020195789917,Value Mismatch,valueusd,Calculated vs reported value differs by >10%
081020195789929,Value Mismatch,valueusd,Calculated vs reported value differs by >10%
011020194354667,Value Mismatch,valueusd,Calculated vs reported value differs by >10%
011020194354675,Value Mismatch,valueusd,Calculated vs reported value differs by >10%
011020194354666,Value Mismatch,valueusd,Calculated vs reported value differs by >10%
011020194354659,Value Mismatch,valueusd,Calculated vs reported value differs by >10%
011020194354676,Value Mismatch,valueusd,Calculated vs reported value differs by >10%
011020194354665,Value Mismatch,valueusd,Calculated vs reported value differs by >10%
011020194354672,Value Mismatch,valueusd,Calculated vs reported value differs by >10%
011020194354662,Value Mismatch,valueusd,Calculated vs reported value differs by >10%
011020194354661,Value Mismatch,valueusd,Calculated vs reported value differs by >10%
011020194354660,Value Mismatch,valueusd,Calculated vs reported value differs by >10%
011020194354664,Value Mismatch,valueusd,Calculated vs reported value differs by >10%
011020194354674,Value Mismatch,valueusd,Calculated vs reported value differs by >10%
011020194354663,Value Mismatch,valueusd,Calculated vs reported value differs by >10%
011020194354669,Value Mismatch,valueusd,Calculated vs reported value differs by >10%
270920192273860,Value Mismatch,valueusd,Calculated vs reported value differs by >10%
270920192273830,Value Mismatch,valueusd,Calculated vs reported value differs by >10%
230920192430910,Value Mismatch,valueusd,Calculated vs reported value differs by >10%
230920192430810,Value Mismatch,valueusd,Calculated vs reported value differs by >10%
210920192703910,Value Mismatch,valueusd,Calculated vs reported value differs by >10%
210920192219670,Value Mismatch,valueusd,Calculated vs reported value differs by >10%
210920192423640,Value Mismatch,valueusd,Calculated vs reported value differs by >10%
20092019676776,Value Mismatch,valueusd,Calculated vs reported value differs by >10%
19092019935052,Value Mismatch,valueusd,Calculated vs reported value differs by >10%
19092019935051,Value Mismatch,valueusd,Calculated vs reported value differs by >10%
19092019935061,Value Mismatch,valueusd,Calculated vs reported value differs by >10%
19092019935046,Value Mismatch,valueusd,Calculated vs reported value differs by >10%
19092019935045,Value Mismatch,valueusd,Calculated vs reported value differs by >10%
19092019935042,Value Mismatch,valueusd,Calculated vs reported value differs by >10%
19092019935048,Value Mismatch,valueusd,Calculated vs reported value differs by >10%
19092019935063,Value Mismatch,valueusd,Calculated vs reported value differs by >10%
19092019935050,Value Mismatch,valueusd,Calculated vs reported value differs by >10%
19092019935041,Value Mismatch,valueusd,Calculated vs reported value differs by >10%
19092019935036,Value Mismatch,valueusd,Calculated vs reported value differs by >10%
19092019935032,Value Mismatch,valueusd,Calculated vs reported value differs by >10%
19092019935039,Value Mismatch,valueusd,Calculated vs reported value differs by >10%
19092019935033,Value Mismatch,valueusd,Calculated vs reported value differs by >10%
19092019935059,Value Mismatch,valueusd,Calculated vs reported value differs by >10%
19092019935037,Value Mismatch,valueusd,Calculated vs reported value differs by >10%
19092019935035,Value Mismatch,valueusd,Calculated vs reported value differs by >10%
19092019935047,Value Mismatch,valueusd,Calculated vs reported value differs by >10%
19092019935057,Value Mismatch,valueusd,Calculated vs reported value differs by >10%
19092019935056,Value Mismatch,valueusd,Calculated vs reported value differs by >10%
19092019935055,Value Mismatch,valueusd,Calculated vs reported value differs by >10%
19092019935054,Value Mismatch,valueusd,Calculated vs reported value differs by >10%
19092019935062,Value Mismatch,valueusd,Calculated vs reported value differs by >10%
19092019935053,Value Mismatch,valueusd,Calculated vs reported value differs by >10%
19092019935040,Value Mismatch,valueusd,Calculated vs reported value differs by >10%
19092019935043,Value Mismatch,valueusd,Calculated vs reported value differs by >10%
19092019935031,Value Mismatch,valueusd,Calculated vs reported value differs by >10%
19092019935038,Value Mismatch,valueusd,Calculated vs reported value differs by >10%
180920193139880,Value Mismatch,valueusd,Calculated vs reported value differs by >10%
180920193139700,Value Mismatch,valueusd,Calculated vs reported value differs by >10%
180920193139700,Value Mismatch,valueusd,Calculated vs reported value differs by >10%
17092019932757,Value Mismatch,valueusd,Calculated vs reported value differs by >10%
17092019634686,Value Mismatch,valueusd,Calculated vs reported value differs by >10%
170920192393140,Value Mismatch,valueusd,Calculated vs reported value differs by >10%
160920199682,Value Mismatch,valueusd,Calculated vs reported value differs by >10%
13092019929550,Value Mismatch,valueusd,Calculated vs reported value differs by >10%
13092019563843,Value Mismatch,valueusd,Calculated vs reported value differs by >10%
13092019928817,Value Mismatch,valueusd,Calculated vs reported value differs by >10%
13092019928875,Value Mismatch,valueusd,Calculated vs reported value differs by >10%
130920192146280,Value Mismatch,valueusd,Calculated vs reported value differs by >10%
130920192146340,Value Mismatch,valueusd,Calculated vs reported value differs by >10%
110920192117440,Value Mismatch,valueusd,Calculated vs reported value differs by >10%
110920192115560,Value Mismatch,valueusd,Calculated vs reported value differs by >10%
100920192354970,Value Mismatch,valueusd,Calculated vs reported value differs by >10%
100920192351660,Value Mismatch,valueusd,Calculated vs reported value differs by >10%
070920192082642,Value Mismatch,valueusd,Calculated vs reported value differs by >10%
070920192082607,Value Mismatch,valueusd,Calculated vs reported value differs by >10%
070920192082606,Value Mismatch,valueusd,Calculated vs reported value differs by >10%
060920192324558,Value Mismatch,valueusd,Calculated vs reported value differs by >10%
040920192045303,Value Mismatch,valueusd,Calculated vs reported value differs by >10%
04092019419117,Value Mismatch,valueusd,Calculated vs reported value differs by >10%
040920192313267,Value Mismatch,valueusd,Calculated vs reported value differs by >10%
03092019917850,Value Mismatch,valueusd,Calculated vs reported value differs by >10%
03092019917828,Value Mismatch,valueusd,Calculated vs reported value differs by >10%
03092019917839,Value Mismatch,valueusd,Calculated vs reported value differs by >10%
03092019917826,Value Mismatch,valueusd,Calculated vs reported value differs by >10%
03092019917835,Value Mismatch,valueusd,Calculated vs reported value differs by >10%
03092019917824,Value Mismatch,valueusd,Calculated vs reported value differs by >10%
03092019917849,Value Mismatch,valueusd,Calculated vs reported value differs by >10%
03092019917831,Value Mismatch,valueusd,Calculated vs reported value differs by >10%
03092019917830,Value Mismatch,valueusd,Calculated vs reported value differs by >10%
03092019917827,Value Mismatch,valueusd,Calculated vs reported value differs by >10%
03092019917841,Value Mismatch,valueusd,Calculated vs reported value differs by >10%
03092019917843,Value Mismatch,valueusd,Calculated vs reported value differs by >10%
03092019917836,Value Mismatch,valueusd,Calculated vs reported value differs by >10%
03092019917833,Value Mismatch,valueusd,Calculated vs reported value differs by >10%
03092019917846,Value Mismatch,valueusd,Calculated vs reported value differs by >10%
03092019917840,Value Mismatch,valueusd,Calculated vs reported value differs by >10%
03092019917844,Value Mismatch,valueusd,Calculated vs reported value differs by >10%
03092019917845,Value Mismatch,valueusd,Calculated vs reported value differs by >10%
03092019917838,Value Mismatch,valueusd,Calculated vs reported value differs by >10%
03092019917837,Value Mismatch,valueusd,Calculated vs reported value differs by >10%
03092019917851,Value Mismatch,valueusd,Calculated vs reported value differs by >10%
03092019917825,Value Mismatch,valueusd,Calculated vs reported value differs by >10%
03092019399975,Value Mismatch,valueusd,Calculated vs reported value differs by >10%
03092019392578,Value Mismatch,valueusd,Calculated vs reported value differs by >10%
02092019916565,Value Mismatch,valueusd,Calculated vs reported value differs by >10%
3108201925658200,Value Mismatch,valueusd,Calculated vs reported value differs by >10%
3108201925416000,Value Mismatch,valueusd,Calculated vs reported value differs by >10%
3008201926409800,Value Mismatch,valueusd,Calculated vs reported value differs by >10%
3008201926409800,Value Mismatch,valueusd,Calculated vs reported value differs by >10%
3008201926409800,Value Mismatch,valueusd,Calculated vs reported value differs by >10%
3008201926409800,Value Mismatch,valueusd,Calculated vs reported value differs by >10%
3008201926409800,Value Mismatch,valueusd,Calculated vs reported value differs by >10%
3008201926409800,Value Mismatch,valueusd,Calculated vs reported value differs by >10%
3008201926409800,Value Mismatch,valueusd,Calculated vs reported value differs by >10%
3008201926409800,Value Mismatch,valueusd,Calculated vs reported value differs by >10%
3008201926409800,Value Mismatch,valueusd,Calculated vs reported value differs by >10%
3008201926409800,Value Mismatch,valueusd,Calculated vs reported value differs by >10%
3008201926409800,Value Mismatch,valueusd,Calculated vs reported value differs by >10%
3008201926409800,Value Mismatch,valueusd,Calculated vs reported value differs by >10%
3008201926409800,Value Mismatch,valueusd,Calculated vs reported value differs by >10%
3008201926409800,Value Mismatch,valueusd,Calculated vs reported value differs by >10%
3008201926409800,Value Mismatch,valueusd,Calculated vs reported value differs by >10%
3008201926409800,Value Mismatch,valueusd,Calculated vs reported value differs by >10%
3008201926409800,Value Mismatch,valueusd,Calculated vs reported value differs by >10%
3008201926409800,Value Mismatch,valueusd,Calculated vs reported value differs by >10%
3008201926409800,Value Mismatch,valueusd,Calculated vs reported value differs by >10%
3008201926409800,Value Mismatch,valueusd,Calculated vs reported value differs by >10%
3008201926409800,Value Mismatch,valueusd,Calculated vs reported value differs by >10%
3008201926409800,Value Mismatch,valueusd,Calculated vs reported value differs by >10%
3008201926409800,Value Mismatch,valueusd,Calculated vs reported value differs by >10%
3008201926409700,Value Mismatch,valueusd,Calculated vs reported value differs by >10%
3008201926409700,Value Mismatch,valueusd,Calculated vs reported value differs by >10%
3008201926409700,Value Mismatch,valueusd,Calculated vs reported value differs by >10%
3008201926409700,Value Mismatch,valueusd,Calculated vs reported value differs by >10%
3008201926409700,Value Mismatch,valueusd,Calculated vs reported value differs by >10%
3008201926409700,Value Mismatch,valueusd,Calculated vs reported value differs by >10%
3008201926409700,Value Mismatch,valueusd,Calculated vs reported value differs by >10%
3008201926409700,Value Mismatch,valueusd,Calculated vs reported value differs by >10%
3008201926409700,Value Mismatch,valueusd,Calculated vs reported value differs by >10%
3008201926409700,Value Mismatch,valueusd,Calculated vs reported value differs by >10%
3008201926409700,Value Mismatch,valueusd,Calculated vs reported value differs by >10%
3008201926409700,Value Mismatch,valueusd,Calculated vs reported value differs by >10%
3008201926409700,Value Mismatch,valueusd,Calculated vs reported value differs by >10%
3008201926409700,Value Mismatch,valueusd,Calculated vs reported value differs by >10%
3008201926409700,Value Mismatch,valueusd,Calculated vs reported value differs by >10%
3008201926409600,Value Mismatch,valueusd,Calculated vs reported value differs by >10%
3008201926409600,Value Mismatch,valueusd,Calculated vs reported value differs by >10%
3008201926409600,Value Mismatch,valueusd,Calculated vs reported value differs by >10%
3008201926409600,Value Mismatch,valueusd,Calculated vs reported value differs by >10%
3008201926409600,Value Mismatch,valueusd,Calculated vs reported value differs by >10%
3008201926409600,Value Mismatch,valueusd,Calculated vs reported value differs by >10%
3008201926409600,Value Mismatch,valueusd,Calculated vs reported value differs by >10%
3008201926409600,Value Mismatch,valueusd,Calculated vs reported value differs by >10%
3008201926409600,Value Mismatch,valueusd,Calculated vs reported value differs by >10%
3008201926409600,Value Mismatch,valueusd,Calculated vs reported value differs by >10%
3008201926409600,Value Mismatch,valueusd,Calculated vs reported value differs by >10%
3008201926409600,Value Mismatch,valueusd,Calculated vs reported value differs by >10%
3008201926409600,Value Mismatch,valueusd,Calculated vs reported value differs by >10%
3008201926409600,Value Mismatch,valueusd,Calculated vs reported value differs by >10%
3008201926409600,Value Mismatch,valueusd,Calculated vs reported value differs by >10%
3008201926409600,Value Mismatch,valueusd,Calculated vs reported value differs by >10%
3008201926409600,Value Mismatch,valueusd,Calculated vs reported value differs by >10%
3008201926409600,Value Mismatch,valueusd,Calculated vs reported value differs by >10%
3008201926409600,Value Mismatch,valueusd,Calculated vs reported value differs by >10%
3008201926409600,Value Mismatch,valueusd,Calculated vs reported value differs by >10%
3008201926409600,Value Mismatch,valueusd,Calculated vs reported value differs by >10%
3008201926409600,Value Mismatch,valueusd,Calculated vs reported value differs by >10%
3008201926409600,Value Mismatch,valueusd,Calculated vs reported value differs by >10%
3008201926409600,Value Mismatch,valueusd,Calculated vs reported value differs by >10%
3008201926409600,Value Mismatch,valueusd,Calculated vs reported value differs by >10%
3008201926409600,Value Mismatch,valueusd,Calculated vs reported value differs by >10%
3008201926409600,Value Mismatch,valueusd,Calculated vs reported value differs by >10%
3008201926409600,Value Mismatch,valueusd,Calculated vs reported value differs by >10%
3008201926409600,Value Mismatch,valueusd,Calculated vs reported value differs by >10%
3008201926409600,Value Mismatch,valueusd,Calculated vs reported value differs by >10%
3008201926409600,Value Mismatch,valueusd,Calculated vs reported value differs by >10%
3008201926409600,Value Mismatch,valueusd,Calculated vs reported value differs by >10%
3008201926409600,Value Mismatch,valueusd,Calculated vs reported value differs by >10%
3008201926409600,Value Mismatch,valueusd,Calculated vs reported value differs by >10%
3008201926409600,Value Mismatch,valueusd,Calculated vs reported value differs by >10%
3008201926409600,Value Mismatch,valueusd,Calculated vs reported value differs by >10%
3008201926409600,Value Mismatch,valueusd,Calculated vs reported value differs by >10%
3008201926409600,Value Mismatch,valueusd,Calculated vs reported value differs by >10%
3008201926409600,Value Mismatch,valueusd,Calculated vs reported value differs by >10%
3008201926409600,Value Mismatch,valueusd,Calculated vs reported value differs by >10%
3008201926409600,Value Mismatch,valueusd,Calculated vs reported value differs by >10%
3008201926409600,Value Mismatch,valueusd,Calculated vs reported value differs by >10%
3008201926409600,Value Mismatch,valueusd,Calculated vs reported value differs by >10%
3008201926409600,Value Mismatch,valueusd,Calculated vs reported value differs by >10%
3008201926409600,Value Mismatch,valueusd,Calculated vs reported value differs by >10%
3008201926409500,Value Mismatch,valueusd,Calculated vs reported value differs by >10%
3008201925204800,Value Mismatch,valueusd,Calculated vs reported value differs by >10%
3008201926409600,Value Mismatch,valueusd,Calculated vs reported value differs by >10%
3008201926409600,Value Mismatch,valueusd,Calculated vs reported value differs by >10%
3008201926409600,Value Mismatch,valueusd,Calculated vs reported value differs by >10%
3008201926409600,Value Mismatch,valueusd,Calculated vs reported value differs by >10%
3008201926409600,Value Mismatch,valueusd,Calculated vs reported value differs by >10%
3008201926409600,Value Mismatch,valueusd,Calculated vs reported value differs by >10%
3008201926409600,Value Mismatch,valueusd,Calculated vs reported value differs by >10%
3008201926409600,Value Mismatch,valueusd,Calculated vs reported value differs by >10%
3008201926409600,Value Mismatch,valueusd,Calculated vs reported value differs by >10%
3008201926409600,Value Mismatch,valueusd,Calculated vs reported value differs by >10%
3008201926409600,Value Mismatch,valueusd,Calculated vs reported value differs by >10%
3008201926409600,Value Mismatch,valueusd,Calculated vs reported value differs by >10%
3008201926409600,Value Mismatch,valueusd,Calculated vs reported value differs by >10%
3008201926409600,Value Mismatch,valueusd,Calculated vs reported value differs by >10%
3008201926409600,Value Mismatch,valueusd,Calculated vs reported value differs by >10%
3008201926409600,Value Mismatch,valueusd,Calculated vs reported value differs by >10%
3008201926409600,Value Mismatch,valueusd,Calculated vs reported value differs by >10%
3008201926409600,Value Mismatch,valueusd,Calculated vs reported value differs by >10%
3008201926409600,Value Mismatch,valueusd,Calculated vs reported value differs by >10%
3008201926409500,Value Mismatch,valueusd,Calculated vs reported value differs by >10%
3008201926409500,Value Mismatch,valueusd,Calculated vs reported value differs by >10%
3008201926409500,Value Mismatch,valueusd,Calculated vs reported value differs by >10%
3008201926409600,Value Mismatch,valueusd,Calculated vs reported value differs by >10%
3008201926409600,Value Mismatch,valueusd,Calculated vs reported value differs by >10%
3008201926409600,Value Mismatch,valueusd,Calculated vs reported value differs by >10%
3008201926409600,Value Mismatch,valueusd,Calculated vs reported value differs by >10%
3008201926409600,Value Mismatch,valueusd,Calculated vs reported value differs by >10%
3008201926409600,Value Mismatch,valueusd,Calculated vs reported value differs by >10%
3008201926409500,Value Mismatch,valueusd,Calculated vs reported value differs by >10%
3008201926409500,Value Mismatch,valueusd,Calculated vs reported value differs by >10%
3008201926409500,Value Mismatch,valueusd,Calculated vs reported value differs by >10%
3008201926409500,Value Mismatch,valueusd,Calculated vs reported value differs by >10%
3008201926409700,Value Mismatch,valueusd,Calculated vs reported value differs by >10%
3008201926409600,Value Mismatch,valueusd,Calculated vs reported value differs by >10%
3008201926409600,Value Mismatch,valueusd,Calculated vs reported value differs by >10%
3008201926409800,Value Mismatch,valueusd,Calculated vs reported value differs by >10%
3008201926409800,Value Mismatch,valueusd,Calculated vs reported value differs by >10%
3008201926409800,Value Mismatch,valueusd,Calculated vs reported value differs by >10%
3008201926409700,Value Mismatch,valueusd,Calculated vs reported value differs by >10%
3008201926409700,Value Mismatch,valueusd,Calculated vs reported value differs by >10%
3008201926409600,Value Mismatch,valueusd,Calculated vs reported value differs by >10%
3008201926409700,Value Mismatch,valueusd,Calculated vs reported value differs by >10%
3008201926409700,Value Mismatch,valueusd,Calculated vs reported value differs by >10%
3008201926409700,Value Mismatch,valueusd,Calculated vs reported value differs by >10%
3008201926409800,Value Mismatch,valueusd,Calculated vs reported value differs by >10%
3008201926409800,Value Mismatch,valueusd,Calculated vs reported value differs by >10%
3008201926409800,Value Mismatch,valueusd,Calculated vs reported value differs by >10%
3008201926409700,Value Mismatch,valueusd,Calculated vs reported value differs by >10%
3008201926409700,Value Mismatch,valueusd,Calculated vs reported value differs by >10%
3008201926409700,Value Mismatch,valueusd,Calculated vs reported value differs by >10%
3008201926409800,Value Mismatch,valueusd,Calculated vs reported value differs by >10%
3008201926409800,Value Mismatch,valueusd,Calculated vs reported value differs by >10%
3008201926409800,Value Mismatch,valueusd,Calculated vs reported value differs by >10%
3008201926409700,Value Mismatch,valueusd,Calculated vs reported value differs by >10%
3008201926409700,Value Mismatch,valueusd,Calculated vs reported value differs by >10%
3008201926409700,Value Mismatch,valueusd,Calculated vs reported value differs by >10%
3008201926409700,Value Mismatch,valueusd,Calculated vs reported value differs by >10%
3008201926409700,Value Mismatch,valueusd,Calculated vs reported value differs by >10%
3008201926409700,Value Mismatch,valueusd,Calculated vs reported value differs by >10%
3008201926409800,Value Mismatch,valueusd,Calculated vs reported value differs by >10%
3008201926409800,Value Mismatch,valueusd,Calculated vs reported value differs by >10%
3008201926409800,Value Mismatch,valueusd,Calculated vs reported value differs by >10%
3008201926409700,Value Mismatch,valueusd,Calculated vs reported value differs by >10%
3008201926409700,Value Mismatch,valueusd,Calculated vs reported value differs by >10%
3008201926409700,Value Mismatch,valueusd,Calculated vs reported value differs by >10%
3008201926409800,Value Mismatch,valueusd,Calculated vs reported value differs by >10%
3008201926409800,Value Mismatch,valueusd,Calculated vs reported value differs by >10%
3008201926409800,Value Mismatch,valueusd,Calculated vs reported value differs by >10%
3008201926409700,Value Mismatch,valueusd,Calculated vs reported value differs by >10%
3008201926409700,Value Mismatch,valueusd,Calculated vs reported value differs by >10%
3008201926409700,Value Mismatch,valueusd,Calculated vs reported value differs by >10%
3008201926409800,Value Mismatch,valueusd,Calculated vs reported value differs by >10%
3008201926409800,Value Mismatch,valueusd,Calculated vs reported value differs by >10%
3008201926409800,Value Mismatch,valueusd,Calculated vs reported value differs by >10%
3008201926409800,Value Mismatch,valueusd,Calculated vs reported value differs by >10%
3008201926409800,Value Mismatch,valueusd,Calculated vs reported value differs by >10%
3008201926409700,Value Mismatch,valueusd,Calculated vs reported value differs by >10%
3008201926409800,Value Mismatch,valueusd,Calculated vs reported value differs by >10%
3008201926409800,Value Mismatch,valueusd,Calculated vs reported value differs by >10%
3008201926409800,Value Mismatch,valueusd,Calculated vs reported value differs by >10%
3008201926409700,Value Mismatch,valueusd,Calculated vs reported value differs by >10%
3008201926409700,Value Mismatch,valueusd,Calculated vs reported value differs by >10%
3008201926409700,Value Mismatch,valueusd,Calculated vs reported value differs by >10%
3008201926409800,Value Mismatch,valueusd,Calculated vs reported value differs by >10%
3008201926409800,Value Mismatch,valueusd,Calculated vs reported value differs by >10%
3008201926409800,Value Mismatch,valueusd,Calculated vs reported value differs by >10%
3008201926409800,Value Mismatch,valueusd,Calculated vs reported value differs by >10%
3008201926409800,Value Mismatch,valueusd,Calculated vs reported value differs by >10%
3008201926409800,Value Mismatch,valueusd,Calculated vs reported value differs by >10%
3008201926409700,Value Mismatch,valueusd,Calculated vs reported value differs by >10%
3008201926409700,Value Mismatch,valueusd,Calculated vs reported value differs by >10%
3008201926409700,Value Mismatch,valueusd,Calculated vs reported value differs by >10%
3008201926409700,Value Mismatch,valueusd,Calculated vs reported value differs by >10%
3008201926409600,Value Mismatch,valueusd,Calculated vs reported value differs by >10%
3008201926409800,Value Mismatch,valueusd,Calculated vs reported value differs by >10%
3008201926409800,Value Mismatch,valueusd,Calculated vs reported value differs by >10%
3008201926409800,Value Mismatch,valueusd,Calculated vs reported value differs by >10%
3008201926409800,Value Mismatch,valueusd,Calculated vs reported value differs by >10%
3008201926409800,Value Mismatch,valueusd,Calculated vs reported value differs by >10%
3008201926409700,Value Mismatch,valueusd,Calculated vs reported value differs by >10%
3008201926409700,Value Mismatch,valueusd,Calculated vs reported value differs by >10%
3008201926409700,Value Mismatch,valueusd,Calculated vs reported value differs by >10%
3008201926409700,Value Mismatch,valueusd,Calculated vs reported value differs by >10%
3008201926409800,Value Mismatch,valueusd,Calculated vs reported value differs by >10%
3008201926409800,Value Mismatch,valueusd,Calculated vs reported value differs by >10%
3008201926409800,Value Mismatch,valueusd,Calculated vs reported value differs by >10%
3008201926409800,Value Mismatch,valueusd,Calculated vs reported value differs by >10%
3008201926409800,Value Mismatch,valueusd,Calculated vs reported value differs by >10%
3008201926409700,Value Mismatch,valueusd,Calculated vs reported value differs by >10%
3008201926409700,Value Mismatch,valueusd,Calculated vs reported value differs by >10%
3008201926409700,Value Mismatch,valueusd,Calculated vs reported value differs by >10%
3008201926409700,Value Mismatch,valueusd,Calculated vs reported value differs by >10%
3008201926409700,Value Mismatch,valueusd,Calculated vs reported value differs by >10%
3008201926409600,Value Mismatch,valueusd,Calculated vs reported value differs by >10%
2808201923889000,Value Mismatch,valueusd,Calculated vs reported value differs by >10%
2808201925399000,Value Mismatch,valueusd,Calculated vs reported value differs by >10%
270820191048770,Value Mismatch,valueusd,Calculated vs reported value differs by >10%
2608201925379300,Value Mismatch,valueusd,Calculated vs reported value differs by >10%
2608201925381000,Value Mismatch,valueusd,Calculated vs reported value differs by >10%
2408201925369300,Value Mismatch,valueusd,Calculated vs reported value differs by >10%
2408201925373500,Value Mismatch,valueusd,Calculated vs reported value differs by >10%
2308201925367500,Value Mismatch,valueusd,Calculated vs reported value differs by >10%
2308201925367500,Value Mismatch,valueusd,Calculated vs reported value differs by >10%
2308201925367500,Value Mismatch,valueusd,Calculated vs reported value differs by >10%
2308201924448300,Value Mismatch,valueusd,Calculated vs reported value differs by >10%
2208201925360100,Value Mismatch,valueusd,Calculated vs reported value differs by >10%
2108201923621400,Value Mismatch,valueusd,Calculated vs reported value differs by >10%
2008201923597100,Value Mismatch,valueusd,Calculated vs reported value differs by >10%
2008201923879600,Value Mismatch,valueusd,Calculated vs reported value differs by >10%
2008201923879600,Value Mismatch,valueusd,Calculated vs reported value differs by >10%
2008201923879600,Value Mismatch,valueusd,Calculated vs reported value differs by >10%
2008201923879600,Value Mismatch,valueusd,Calculated vs reported value differs by >10%
2008201923879600,Value Mismatch,valueusd,Calculated vs reported value differs by >10%
2008201923879600,Value Mismatch,valueusd,Calculated vs reported value differs by >10%
2008201923879600,Value Mismatch,valueusd,Calculated vs reported value differs by >10%
2008201923879600,Value Mismatch,valueusd,Calculated vs reported value differs by >10%
2008201923879600,Value Mismatch,valueusd,Calculated vs reported value differs by >10%
2008201923879600,Value Mismatch,valueusd,Calculated vs reported value differs by >10%
2008201923879600,Value Mismatch,valueusd,Calculated vs reported value differs by >10%
2008201923879600,Value Mismatch,valueusd,Calculated vs reported value differs by >10%
2008201923879600,Value Mismatch,valueusd,Calculated vs reported value differs by >10%
2008201923879600,Value Mismatch,valueusd,Calculated vs reported value differs by >10%
2008201923879600,Value Mismatch,valueusd,Calculated vs reported value differs by >10%
2008201923879600,Value Mismatch,valueusd,Calculated vs reported value differs by >10%
2008201923879600,Value Mismatch,valueusd,Calculated vs reported value differs by >10%
2008201923879600,Value Mismatch,valueusd,Calculated vs reported value differs by >10%
2008201923879600,Value Mismatch,valueusd,Calculated vs reported value differs by >10%
2008201923879600,Value Mismatch,valueusd,Calculated vs reported value differs by >10%
1708201925536200,Value Mismatch,valueusd,Calculated vs reported value differs by >10%
1608201925072100,Value Mismatch,valueusd,Calculated vs reported value differs by >10%
1608201925072300,Value Mismatch,valueusd,Calculated vs reported value differs by >10%
1608201925313500,Value Mismatch,valueusd,Calculated vs reported value differs by >10%
1608201925313500,Value Mismatch,valueusd,Calculated vs reported value differs by >10%
1608201925313600,Value Mismatch,valueusd,Calculated vs reported value differs by >10%
1608201925313500,Value Mismatch,valueusd,Calculated vs reported value differs by >10%
1408201925516900,Value Mismatch,valueusd,Calculated vs reported value differs by >10%
1408201925309400,Value Mismatch,valueusd,Calculated vs reported value differs by >10%
1208201923871600,Value Mismatch,valueusd,Calculated vs reported value differs by >10%
1208201923871600,Value Mismatch,valueusd,Calculated vs reported value differs by >10%
1208201923871600,Value Mismatch,valueusd,Calculated vs reported value differs by >10%
1208201923871600,Value Mismatch,valueusd,Calculated vs reported value differs by >10%
1208201923871600,Value Mismatch,valueusd,Calculated vs reported value differs by >10%
1208201923871600,Value Mismatch,valueusd,Calculated vs reported value differs by >10%
1208201924194900,Value Mismatch,valueusd,Calculated vs reported value differs by >10%
1008201925285400,Value Mismatch,valueusd,Calculated vs reported value differs by >10%
0908201925929174,Value Mismatch,valueusd,Calculated vs reported value differs by >10%
0908201925929165,Value Mismatch,valueusd,Calculated vs reported value differs by >10%
0908201925928877,Value Mismatch,valueusd,Calculated vs reported value differs by >10%
0908201925929063,Value Mismatch,valueusd,Calculated vs reported value differs by >10%
0908201925929061,Value Mismatch,valueusd,Calculated vs reported value differs by >10%
0908201925928981,Value Mismatch,valueusd,Calculated vs reported value differs by >10%
0908201925928946,Value Mismatch,valueusd,Calculated vs reported value differs by >10%
0908201925929198,Value Mismatch,valueusd,Calculated vs reported value differs by >10%
0908201925929190,Value Mismatch,valueusd,Calculated vs reported value differs by >10%
0908201925929182,Value Mismatch,valueusd,Calculated vs reported value differs by >10%
0908201925929177,Value Mismatch,valueusd,Calculated vs reported value differs by >10%
0908201925929176,Value Mismatch,valueusd,Calculated vs reported value differs by >10%
0908201925929167,Value Mismatch,valueusd,Calculated vs reported value differs by >10%
0908201925928950,Value Mismatch,valueusd,Calculated vs reported value differs by >10%
0908201925928948,Value Mismatch,valueusd,Calculated vs reported value differs by >10%
0908201925928902,Value Mismatch,valueusd,Calculated vs reported value differs by >10%
0908201925928900,Value Mismatch,valueusd,Calculated vs reported value differs by >10%
0908201925928848,Value Mismatch,valueusd,Calculated vs reported value differs by >10%
0908201925929060,Value Mismatch,valueusd,Calculated vs reported value differs by >10%
0908201925929034,Value Mismatch,valueusd,Calculated vs reported value differs by >10%
0908201925929032,Value Mismatch,valueusd,Calculated vs reported value differs by >10%
0908201925928971,Value Mismatch,valueusd,Calculated vs reported value differs by >10%
0908201925928970,Value Mismatch,valueusd,Calculated vs reported value differs by >10%
0908201925928968,Value Mismatch,valueusd,Calculated vs reported value differs by >10%
0908201925928954,Value Mismatch,valueusd,Calculated vs reported value differs by >10%
0908201925928903,Value Mismatch,valueusd,Calculated vs reported value differs by >10%
0908201925928951,Value Mismatch,valueusd,Calculated vs reported value differs by >10%
0908201925928945,Value Mismatch,valueusd,Calculated vs reported value differs by >10%
0908201925928887,Value Mismatch,valueusd,Calculated vs reported value differs by >10%
0908201925929199,Value Mismatch,valueusd,Calculated vs reported value differs by >10%
0908201925929173,Value Mismatch,valueusd,Calculated vs reported value differs by >10%
0908201925929208,Value Mismatch,valueusd,Calculated vs reported value differs by >10%
0908201925929206,Value Mismatch,valueusd,Calculated vs reported value differs by >10%
0908201925929205,Value Mismatch,valueusd,Calculated vs reported value differs by >10%
0908201925929203,Value Mismatch,valueusd,Calculated vs reported value differs by >10%
0908201925929201,Value Mismatch,valueusd,Calculated vs reported value differs by >10%
0908201925929192,Value Mismatch,valueusd,Calculated vs reported value differs by >10%
0908201925929164,Value Mismatch,valueusd,Calculated vs reported value differs by >10%
0908201925929161,Value Mismatch,valueusd,Calculated vs reported value differs by >10%
0908201925929159,Value Mismatch,valueusd,Calculated vs reported value differs by >10%
0908201925929157,Value Mismatch,valueusd,Calculated vs reported value differs by >10%
0908201925929155,Value Mismatch,valueusd,Calculated vs reported value differs by >10%
0908201925929153,Value Mismatch,valueusd,Calculated vs reported value differs by >10%
0908201925929152,Value Mismatch,valueusd,Calculated vs reported value differs by >10%
0908201925929149,Value Mismatch,valueusd,Calculated vs reported value differs by >10%
0908201925929148,Value Mismatch,valueusd,Calculated vs reported value differs by >10%
0908201925929134,Value Mismatch,valueusd,Calculated vs reported value differs by >10%
0908201925929094,Value Mismatch,valueusd,Calculated vs reported value differs by >10%
0908201925929197,Value Mismatch,valueusd,Calculated vs reported value differs by >10%
0908201925929175,Value Mismatch,valueusd,Calculated vs reported value differs by >10%
0908201925929172,Value Mismatch,valueusd,Calculated vs reported value differs by >10%
0908201925929171,Value Mismatch,valueusd,Calculated vs reported value differs by >10%
0908201925928955,Value Mismatch,valueusd,Calculated vs reported value differs by >10%
0908201925928953,Value Mismatch,valueusd,Calculated vs reported value differs by >10%
0908201925928949,Value Mismatch,valueusd,Calculated vs reported value differs by >10%
0908201925928904,Value Mismatch,valueusd,Calculated vs reported value differs by >10%
0908201925928901,Value Mismatch,valueusd,Calculated vs reported value differs by >10%
0908201925928898,Value Mismatch,valueusd,Calculated vs reported value differs by >10%
0908201925929137,Value Mismatch,valueusd,Calculated vs reported value differs by >10%
0908201925929129,Value Mismatch,valueusd,Calculated vs reported value differs by >10%
0908201925929139,Value Mismatch,valueusd,Calculated vs reported value differs by >10%
0908201925929180,Value Mismatch,valueusd,Calculated vs reported value differs by >10%
0908201925929179,Value Mismatch,valueusd,Calculated vs reported value differs by >10%
0908201925929178,Value Mismatch,valueusd,Calculated vs reported value differs by >10%
0908201925929170,Value Mismatch,valueusd,Calculated vs reported value differs by >10%
0908201925929169,Value Mismatch,valueusd,Calculated vs reported value differs by >10%
0908201925929168,Value Mismatch,valueusd,Calculated vs reported value differs by >10%
0908201925928947,Value Mismatch,valueusd,Calculated vs reported value differs by >10%
0908201925928899,Value Mismatch,valueusd,Calculated vs reported value differs by >10%
0908201925928897,Value Mismatch,valueusd,Calculated vs reported value differs by >10%
0908201925928896,Value Mismatch,valueusd,Calculated vs reported value differs by >10%
0908201925928888,Value Mismatch,valueusd,Calculated vs reported value differs by >10%
0908201925928871,Value Mismatch,valueusd,Calculated vs reported value differs by >10%
0908201925929210,Value Mismatch,valueusd,Calculated vs reported value differs by >10%
0908201925929209,Value Mismatch,valueusd,Calculated vs reported value differs by >10%
0908201925929207,Value Mismatch,valueusd,Calculated vs reported value differs by >10%
0908201925929204,Value Mismatch,valueusd,Calculated vs reported value differs by >10%
0908201925929202,Value Mismatch,valueusd,Calculated vs reported value differs by >10%
0908201925929166,Value Mismatch,valueusd,Calculated vs reported value differs by >10%
0908201925929160,Value Mismatch,valueusd,Calculated vs reported value differs by >10%
0908201925929158,Value Mismatch,valueusd,Calculated vs reported value differs by >10%
0908201925929151,Value Mismatch,valueusd,Calculated vs reported value differs by >10%
0908201925929150,Value Mismatch,valueusd,Calculated vs reported value differs by >10%
0908201925929147,Value Mismatch,valueusd,Calculated vs reported value differs by >10%
0908201925929138,Value Mismatch,valueusd,Calculated vs reported value differs by >10%
0908201925929108,Value Mismatch,valueusd,Calculated vs reported value differs by >10%
0608201925862986,Value Mismatch,valueusd,Calculated vs reported value differs by >10%
0608201925862985,Value Mismatch,valueusd,Calculated vs reported value differs by >10%
0608201925862984,Value Mismatch,valueusd,Calculated vs reported value differs by >10%
0608201925862983,Value Mismatch,valueusd,Calculated vs reported value differs by >10%
0608201925862982,Value Mismatch,valueusd,Calculated vs reported value differs by >10%
0608201925862981,Value Mismatch,valueusd,Calculated vs reported value differs by >10%
0608201925862980,Value Mismatch,valueusd,Calculated vs reported value differs by >10%
0608201925862979,Value Mismatch,valueusd,Calculated vs reported value differs by >10%
0608201925862987,Value Mismatch,valueusd,Calculated vs reported value differs by >10%
0608201925862978,Value Mismatch,valueusd,Calculated vs reported value differs by >10%
0608201925261575,Value Mismatch,valueusd,Calculated vs reported value differs by >10%
0608201925261588,Value Mismatch,valueusd,Calculated vs reported value differs by >10%
0508201925249158,Value Mismatch,valueusd,Calculated vs reported value differs by >10%
0508201925249152,Value Mismatch,valueusd,Calculated vs reported value differs by >10%
0208201923327255,Value Mismatch,valueusd,Calculated vs reported value differs by >10%
0208201925235010,Value Mismatch,valueusd,Calculated vs reported value differs by >10%
0108201925655294,Value Mismatch,valueusd,Calculated vs reported value differs by >10%
0108201923860178,Value Mismatch,valueusd,Calculated vs reported value differs by >10%
0108201923860164,Value Mismatch,valueusd,Calculated vs reported value differs by >10%
0108201923860179,Value Mismatch,valueusd,Calculated vs reported value differs by >10%
0108201923860189,Value Mismatch,valueusd,Calculated vs reported value differs by >10%
0108201923860160,Value Mismatch,valueusd,Calculated vs reported value differs by >10%
0108201923860161,Value Mismatch,valueusd,Calculated vs reported value differs by >10%
0108201923860159,Value Mismatch,valueusd,Calculated vs reported value differs by >10%
0108201923860158,Value Mismatch,valueusd,Calculated vs reported value differs by >10%
0108201923860184,Value Mismatch,valueusd,Calculated vs reported value differs by >10%
0108201923860148,Value Mismatch,valueusd,Calculated vs reported value differs by >10%
0108201923860147,Value Mismatch,valueusd,Calculated vs reported value differs by >10%
0108201923860167,Value Mismatch,valueusd,Calculated vs reported value differs by >10%
0108201923860175,Value Mismatch,valueusd,Calculated vs reported value differs by >10%
0108201923860173,Value Mismatch,valueusd,Calculated vs reported value differs by >10%
0108201923860153,Value Mismatch,valueusd,Calculated vs reported value differs by >10%
0108201923860169,Value Mismatch,valueusd,Calculated vs reported value differs by >10%
0108201923860168,Value Mismatch,valueusd,Calculated vs reported value differs by >10%
0108201923860171,Value Mismatch,valueusd,Calculated vs reported value differs by >10%
0108201923860183,Value Mismatch,valueusd,Calculated vs reported value differs by >10%
0108201923860180,Value Mismatch,valueusd,Calculated vs reported value differs by >10%
0108201923860176,Value Mismatch,valueusd,Calculated vs reported value differs by >10%
0108201923860177,Value Mismatch,valueusd,Calculated vs reported value differs by >10%
0108201923860154,Value Mismatch,valueusd,Calculated vs reported value differs by >10%
0108201923860151,Value Mismatch,valueusd,Calculated vs reported value differs by >10%
0108201923860145,Value Mismatch,valueusd,Calculated vs reported value differs by >10%
0108201923860166,Value Mismatch,valueusd,Calculated vs reported value differs by >10%
0108201923860146,Value Mismatch,valueusd,Calculated vs reported value differs by >10%
0108201923860172,Value Mismatch,valueusd,Calculated vs reported value differs by >10%
0108201923860157,Value Mismatch,valueusd,Calculated vs reported value differs by >10%
0108201923860152,Value Mismatch,valueusd,Calculated vs reported value differs by >10%
0108201923860150,Value Mismatch,valueusd,Calculated vs reported value differs by >10%
0108201923860156,Value Mismatch,valueusd,Calculated vs reported value differs by >10%
0108201923860144,Value Mismatch,valueusd,Calculated vs reported value differs by >10%
0108201923860165,Value Mismatch,valueusd,Calculated vs reported value differs by >10%
0108201923860185,Value Mismatch,valueusd,Calculated vs reported value differs by >10%
0108201923860170,Value Mismatch,valueusd,Calculated vs reported value differs by >10%
0108201923860182,Value Mismatch,valueusd,Calculated vs reported value differs by >10%
0108201923860149,Value Mismatch,valueusd,Calculated vs reported value differs by >10%
3007201920181400,Value Mismatch,valueusd,Calculated vs reported value differs by >10%
3007201921146600,Value Mismatch,valueusd,Calculated vs reported value differs by >10%
3007201921146600,Value Mismatch,valueusd,Calculated vs reported value differs by >10%
2907201921585100,Value Mismatch,valueusd,Calculated vs reported value differs by >10%
2907201921584900,Value Mismatch,valueusd,Calculated vs reported value differs by >10%
2907201921584900,Value Mismatch,valueusd,Calculated vs reported value differs by >10%
2707201921144200,Value Mismatch,valueusd,Calculated vs reported value differs by >10%
2407201921490600,Value Mismatch,valueusd,Calculated vs reported value differs by >10%
2207201921528500,Value Mismatch,valueusd,Calculated vs reported value differs by >10%
2207201921528500,Value Mismatch,valueusd,Calculated vs reported value differs by >10%
2207201921638100,Value Mismatch,valueusd,Calculated vs reported value differs by >10%
2207201921528500,Value Mismatch,valueusd,Calculated vs reported value differs by >10%
2207201921638100,Value Mismatch,valueusd,Calculated vs reported value differs by >10%
2207201919554800,Value Mismatch,valueusd,Calculated vs reported value differs by >10%
2207201921638100,Value Mismatch,valueusd,Calculated vs reported value differs by >10%
2207201921584600,Value Mismatch,valueusd,Calculated vs reported value differs by >10%
2007201920284200,Value Mismatch,valueusd,Calculated vs reported value differs by >10%
2007201920284200,Value Mismatch,valueusd,Calculated vs reported value differs by >10%
2007201920284200,Value Mismatch,valueusd,Calculated vs reported value differs by >10%
2007201921693800,Value Mismatch,valueusd,Calculated vs reported value differs by >10%
2007201920284200,Value Mismatch,valueusd,Calculated vs reported value differs by >10%
1907201921875600,Value Mismatch,valueusd,Calculated vs reported value differs by >10%
1807201920280900,Value Mismatch,valueusd,Calculated vs reported value differs by >10%
1707201921798200,Value Mismatch,valueusd,Calculated vs reported value differs by >10%
1707201921693600,Value Mismatch,valueusd,Calculated vs reported value differs by >10%
1707201919965700,Value Mismatch,valueusd,Calculated vs reported value differs by >10%
1507201920278700,Value Mismatch,valueusd,Calculated vs reported value differs by >10%
1507201920278700,Value Mismatch,valueusd,Calculated vs reported value differs by >10%
1507201920278700,Value Mismatch,valueusd,Calculated vs reported value differs by >10%
1507201920278700,Value Mismatch,valueusd,Calculated vs reported value differs by >10%
1507201920278700,Value Mismatch,valueusd,Calculated vs reported value differs by >10%
1507201920278700,Value Mismatch,valueusd,Calculated vs reported value differs by >10%
1507201920278700,Value Mismatch,valueusd,Calculated vs reported value differs by >10%
1507201920278700,Value Mismatch,valueusd,Calculated vs reported value differs by >10%
1507201920278700,Value Mismatch,valueusd,Calculated vs reported value differs by >10%
1507201920278700,Value Mismatch,valueusd,Calculated vs reported value differs by >10%
1507201920278700,Value Mismatch,valueusd,Calculated vs reported value differs by >10%
1507201920278700,Value Mismatch,valueusd,Calculated vs reported value differs by >10%
1507201920278700,Value Mismatch,valueusd,Calculated vs reported value differs by >10%
1507201920278700,Value Mismatch,valueusd,Calculated vs reported value differs by >10%
1507201920278700,Value Mismatch,valueusd,Calculated vs reported value differs by >10%
1507201920278700,Value Mismatch,valueusd,Calculated vs reported value differs by >10%
1507201920278600,Value Mismatch,valueusd,Calculated vs reported value differs by >10%
1507201920278700,Value Mismatch,valueusd,Calculated vs reported value differs by >10%
1507201920278700,Value Mismatch,valueusd,Calculated vs reported value differs by >10%
1507201920278700,Value Mismatch,valueusd,Calculated vs reported value differs by >10%
1507201920278700,Value Mismatch,valueusd,Calculated vs reported value differs by >10%
1507201920278700,Value Mismatch,valueusd,Calculated vs reported value differs by >10%
1507201920278700,Value Mismatch,valueusd,Calculated vs reported value differs by >10%
1507201920278700,Value Mismatch,valueusd,Calculated vs reported value differs by >10%
1507201920278700,Value Mismatch,valueusd,Calculated vs reported value differs by >10%
1507201920278700,Value Mismatch,valueusd,Calculated vs reported value differs by >10%
1507201920278700,Value Mismatch,valueusd,Calculated vs reported value differs by >10%
1507201920278700,Value Mismatch,valueusd,Calculated vs reported value differs by >10%
1507201920278700,Value Mismatch,valueusd,Calculated vs reported value differs by >10%
1507201920278700,Value Mismatch,valueusd,Calculated vs reported value differs by >10%
1507201920278700,Value Mismatch,valueusd,Calculated vs reported value differs by >10%
1507201920278700,Value Mismatch,valueusd,Calculated vs reported value differs by >10%
1507201920278700,Value Mismatch,valueusd,Calculated vs reported value differs by >10%
1507201920278700,Value Mismatch,valueusd,Calculated vs reported value differs by >10%
1507201920278700,Value Mismatch,valueusd,Calculated vs reported value differs by >10%
1507201920278700,Value Mismatch,valueusd,Calculated vs reported value differs by >10%
1507201920278700,Value Mismatch,valueusd,Calculated vs reported value differs by >10%
1507201920278700,Value Mismatch,valueusd,Calculated vs reported value differs by >10%
1507201920278700,Value Mismatch,valueusd,Calculated vs reported value differs by >10%
1507201920278700,Value Mismatch,valueusd,Calculated vs reported value differs by >10%
1507201920278700,Value Mismatch,valueusd,Calculated vs reported value differs by >10%
1507201920278700,Value Mismatch,valueusd,Calculated vs reported value differs by >10%
1507201920278700,Value Mismatch,valueusd,Calculated vs reported value differs by >10%
1507201920278800,Value Mismatch,valueusd,Calculated vs reported value differs by >10%
1507201920278700,Value Mismatch,valueusd,Calculated vs reported value differs by >10%
1507201920278700,Value Mismatch,valueusd,Calculated vs reported value differs by >10%
1507201920278700,Value Mismatch,valueusd,Calculated vs reported value differs by >10%
1507201920278700,Value Mismatch,valueusd,Calculated vs reported value differs by >10%
1507201920278700,Value Mismatch,valueusd,Calculated vs reported value differs by >10%
1507201920278700,Value Mismatch,valueusd,Calculated vs reported value differs by >10%
1507201920278700,Value Mismatch,valueusd,Calculated vs reported value differs by >10%
1507201920278700,Value Mismatch,valueusd,Calculated vs reported value differs by >10%
1107201920222200,Value Mismatch,valueusd,Calculated vs reported value differs by >10%
0907201922379804,Value Mismatch,valueusd,Calculated vs reported value differs by >10%
0907201922379803,Value Mismatch,valueusd,Calculated vs reported value differs by >10%
0907201922379815,Value Mismatch,valueusd,Calculated vs reported value differs by >10%
0907201922379772,Value Mismatch,valueusd,Calculated vs reported value differs by >10%
0907201920272299,Value Mismatch,valueusd,Calculated vs reported value differs by >10%
0807201921676317,Value Mismatch,valueusd,Calculated vs reported value differs by >10%
0807201921676318,Value Mismatch,valueusd,Calculated vs reported value differs by >10%
0807201920270932,Value Mismatch,valueusd,Calculated vs reported value differs by >10%
0807201920270891,Value Mismatch,valueusd,Calculated vs reported value differs by >10%
0807201920270517,Value Mismatch,valueusd,Calculated vs reported value differs by >10%
0807201920270511,Value Mismatch,valueusd,Calculated vs reported value differs by >10%
0807201920270508,Value Mismatch,valueusd,Calculated vs reported value differs by >10%
0807201920270504,Value Mismatch,valueusd,Calculated vs reported value differs by >10%
0807201920270513,Value Mismatch,valueusd,Calculated vs reported value differs by >10%
0807201920270892,Value Mismatch,valueusd,Calculated vs reported value differs by >10%
0807201920270500,Value Mismatch,valueusd,Calculated vs reported value differs by >10%
0807201920270498,Value Mismatch,valueusd,Calculated vs reported value differs by >10%
0807201920270889,Value Mismatch,valueusd,Calculated vs reported value differs by >10%
0807201920270512,Value Mismatch,valueusd,Calculated vs reported value differs by >10%
0807201920270503,Value Mismatch,valueusd,Calculated vs reported value differs by >10%
0807201920270877,Value Mismatch,valueusd,Calculated vs reported value differs by >10%
0607201921875791,Value Mismatch,valueusd,Calculated vs reported value differs by >10%
0407201919753857,Value Mismatch,valueusd,Calculated vs reported value differs by >10%
0407201919753857,Value Mismatch,valueusd,Calculated vs reported value differs by >10%
0207201920265251,Value Mismatch,valueusd,Calculated vs reported value differs by >10%
0207201920265951,Value Mismatch,valueusd,Calculated vs reported value differs by >10%
0207201920265206,Value Mismatch,valueusd,Calculated vs reported value differs by >10%
0107201920264217,Value Mismatch,valueusd,Calculated vs reported value differs by >10%
0107201920264216,Value Mismatch,valueusd,Calculated vs reported value differs by >10%
2806201917690500,Value Mismatch,valueusd,Calculated vs reported value differs by >10%
2706201916984800,Value Mismatch,valueusd,Calculated vs reported value differs by >10%
2706201916984800,Value Mismatch,valueusd,Calculated vs reported value differs by >10%
2706201916862700,Value Mismatch,valueusd,Calculated vs reported value differs by >10%
2606201917868000,Value Mismatch,valueusd,Calculated vs reported value differs by >10%
2606201919086800,Value Mismatch,valueusd,Calculated vs reported value differs by >10%
2506201918393600,Value Mismatch,valueusd,Calculated vs reported value differs by >10%
2506201917862900,Value Mismatch,valueusd,Calculated vs reported value differs by >10%
2506201917862900,Value Mismatch,valueusd,Calculated vs reported value differs by >10%
2406201917684800,Value Mismatch,valueusd,Calculated vs reported value differs by >10%
2406201917842000,Value Mismatch,valueusd,Calculated vs reported value differs by >10%
2006201916095800,Value Mismatch,valueusd,Calculated vs reported value differs by >10%
2006201916095800,Value Mismatch,valueusd,Calculated vs reported value differs by >10%
2006201916978600,Value Mismatch,valueusd,Calculated vs reported value differs by >10%
2006201916978500,Value Mismatch,valueusd,Calculated vs reported value differs by >10%
2006201916978500,Value Mismatch,valueusd,Calculated vs reported value differs by >10%
2006201916978500,Value Mismatch,valueusd,Calculated vs reported value differs by >10%
2006201916978500,Value Mismatch,valueusd,Calculated vs reported value differs by >10%
2006201916978600,Value Mismatch,valueusd,Calculated vs reported value differs by >10%
2006201916978600,Value Mismatch,valueusd,Calculated vs reported value differs by >10%
2006201916978400,Value Mismatch,valueusd,Calculated vs reported value differs by >10%
2006201916978500,Value Mismatch,valueusd,Calculated vs reported value differs by >10%
2006201916978500,Value Mismatch,valueusd,Calculated vs reported value differs by >10%
2006201916978400,Value Mismatch,valueusd,Calculated vs reported value differs by >10%
2006201916978500,Value Mismatch,valueusd,Calculated vs reported value differs by >10%
2006201916978500,Value Mismatch,valueusd,Calculated vs reported value differs by >10%
2006201916978500,Value Mismatch,valueusd,Calculated vs reported value differs by >10%
2006201916978600,Value Mismatch,valueusd,Calculated vs reported value differs by >10%
2006201916978600,Value Mismatch,valueusd,Calculated vs reported value differs by >10%
2006201916978600,Value Mismatch,valueusd,Calculated vs reported value differs by >10%
2006201916978500,Value Mismatch,valueusd,Calculated vs reported value differs by >10%
2006201916978600,Value Mismatch,valueusd,Calculated vs reported value differs by >10%
2006201916978400,Value Mismatch,valueusd,Calculated vs reported value differs by >10%
2006201916978400,Value Mismatch,valueusd,Calculated vs reported value differs by >10%
2006201916978400,Value Mismatch,valueusd,Calculated vs reported value differs by >10%
2006201916978500,Value Mismatch,valueusd,Calculated vs reported value differs by >10%
2006201916978600,Value Mismatch,valueusd,Calculated vs reported value differs by >10%
2006201916978500,Value Mismatch,valueusd,Calculated vs reported value differs by >10%
2006201916978400,Value Mismatch,valueusd,Calculated vs reported value differs by >10%
2006201916978600,Value Mismatch,valueusd,Calculated vs reported value differs by >10%
2006201916978600,Value Mismatch,valueusd,Calculated vs reported value differs by >10%
2006201916978400,Value Mismatch,valueusd,Calculated vs reported value differs by >10%
2006201916978500,Value Mismatch,valueusd,Calculated vs reported value differs by >10%
2006201916978500,Value Mismatch,valueusd,Calculated vs reported value differs by >10%
2006201916978400,Value Mismatch,valueusd,Calculated vs reported value differs by >10%
2006201916978600,Value Mismatch,valueusd,Calculated vs reported value differs by >10%
2006201916978400,Value Mismatch,valueusd,Calculated vs reported value differs by >10%
2006201916978600,Value Mismatch,valueusd,Calculated vs reported value differs by >10%
2006201916978600,Value Mismatch,valueusd,Calculated vs reported value differs by >10%
2006201916978600,Value Mismatch,valueusd,Calculated vs reported value differs by >10%
2006201916978600,Value Mismatch,valueusd,Calculated vs reported value differs by >10%
2006201916978600,Value Mismatch,valueusd,Calculated vs reported value differs by >10%
2006201916978500,Value Mismatch,valueusd,Calculated vs reported value differs by >10%
2006201916978600,Value Mismatch,valueusd,Calculated vs reported value differs by >10%
2006201916978500,Value Mismatch,valueusd,Calculated vs reported value differs by >10%
2006201916978500,Value Mismatch,valueusd,Calculated vs reported value differs by >10%
2006201916978400,Value Mismatch,valueusd,Calculated vs reported value differs by >10%
2006201916978400,Value Mismatch,valueusd,Calculated vs reported value differs by >10%
2006201916978400,Value Mismatch,valueusd,Calculated vs reported value differs by >10%
2006201916978500,Value Mismatch,valueusd,Calculated vs reported value differs by >10%
2006201916978600,Value Mismatch,valueusd,Calculated vs reported value differs by >10%
2006201916978500,Value Mismatch,valueusd,Calculated vs reported value differs by >10%
2006201916978600,Value Mismatch,valueusd,Calculated vs reported value differs by >10%
2006201916978500,Value Mismatch,valueusd,Calculated vs reported value differs by >10%
2006201916978500,Value Mismatch,valueusd,Calculated vs reported value differs by >10%
2006201916978600,Value Mismatch,valueusd,Calculated vs reported value differs by >10%
2006201916978500,Value Mismatch,valueusd,Calculated vs reported value differs by >10%
2006201916978400,Value Mismatch,valueusd,Calculated vs reported value differs by >10%
2006201916978400,Value Mismatch,valueusd,Calculated vs reported value differs by >10%
2006201916978400,Value Mismatch,valueusd,Calculated vs reported value differs by >10%
1706201916674700,Value Mismatch,valueusd,Calculated vs reported value differs by >10%
1706201916274300,Value Mismatch,valueusd,Calculated vs reported value differs by >10%
1306201919041600,Value Mismatch,valueusd,Calculated vs reported value differs by >10%
1306201918150800,Value Mismatch,valueusd,Calculated vs reported value differs by >10%
1306201918150300,Value Mismatch,valueusd,Calculated vs reported value differs by >10%
1306201918150300,Value Mismatch,valueusd,Calculated vs reported value differs by >10%
1306201918150300,Value Mismatch,valueusd,Calculated vs reported value differs by >10%
1306201918150300,Value Mismatch,valueusd,Calculated vs reported value differs by >10%
1306201918150300,Value Mismatch,valueusd,Calculated vs reported value differs by >10%
1306201918150300,Value Mismatch,valueusd,Calculated vs reported value differs by >10%
1306201918150300,Value Mismatch,valueusd,Calculated vs reported value differs by >10%
1306201918150300,Value Mismatch,valueusd,Calculated vs reported value differs by >10%
1306201918150300,Value Mismatch,valueusd,Calculated vs reported value differs by >10%
1306201918150300,Value Mismatch,valueusd,Calculated vs reported value differs by >10%
1306201918150300,Value Mismatch,valueusd,Calculated vs reported value differs by >10%
1306201918150300,Value Mismatch,valueusd,Calculated vs reported value differs by >10%
1306201918150200,Value Mismatch,valueusd,Calculated vs reported value differs by >10%
1306201918150200,Value Mismatch,valueusd,Calculated vs reported value differs by >10%
1306201918150200,Value Mismatch,valueusd,Calculated vs reported value differs by >10%
1306201918150200,Value Mismatch,valueusd,Calculated vs reported value differs by >10%
1306201918150200,Value Mismatch,valueusd,Calculated vs reported value differs by >10%
1306201918150200,Value Mismatch,valueusd,Calculated vs reported value differs by >10%
1306201918150200,Value Mismatch,valueusd,Calculated vs reported value differs by >10%
1306201918150200,Value Mismatch,valueusd,Calculated vs reported value differs by >10%
1306201918150200,Value Mismatch,valueusd,Calculated vs reported value differs by >10%
1306201918150200,Value Mismatch,valueusd,Calculated vs reported value differs by >10%
1306201918150200,Value Mismatch,valueusd,Calculated vs reported value differs by >10%
1306201918150200,Value Mismatch,valueusd,Calculated vs reported value differs by >10%
1306201918150200,Value Mismatch,valueusd,Calculated vs reported value differs by >10%
1306201918150200,Value Mismatch,valueusd,Calculated vs reported value differs by >10%
1306201918150200,Value Mismatch,valueusd,Calculated vs reported value differs by >10%
1306201918150200,Value Mismatch,valueusd,Calculated vs reported value differs by >10%
1306201918150200,Value Mismatch,valueusd,Calculated vs reported value differs by >10%
1306201918150200,Value Mismatch,valueusd,Calculated vs reported value differs by >10%
1306201918150200,Value Mismatch,valueusd,Calculated vs reported value differs by >10%
1306201918150200,Value Mismatch,valueusd,Calculated vs reported value differs by >10%
1306201918150200,Value Mismatch,valueusd,Calculated vs reported value differs by >10%
1306201918150200,Value Mismatch,valueusd,Calculated vs reported value differs by >10%
1306201918150200,Value Mismatch,valueusd,Calculated vs reported value differs by >10%
1306201918150200,Value Mismatch,valueusd,Calculated vs reported value differs by >10%
1306201918150200,Value Mismatch,valueusd,Calculated vs reported value differs by >10%
1306201918150200,Value Mismatch,valueusd,Calculated vs reported value differs by >10%
1306201918150200,Value Mismatch,valueusd,Calculated vs reported value differs by >10%
1306201918150200,Value Mismatch,valueusd,Calculated vs reported value differs by >10%
1306201918150200,Value Mismatch,valueusd,Calculated vs reported value differs by >10%
1306201918150200,Value Mismatch,valueusd,Calculated vs reported value differs by >10%
1306201918150200,Value Mismatch,valueusd,Calculated vs reported value differs by >10%
1306201918150200,Value Mismatch,valueusd,Calculated vs reported value differs by >10%
1306201918150200,Value Mismatch,valueusd,Calculated vs reported value differs by >10%
1306201918150200,Value Mismatch,valueusd,Calculated vs reported value differs by >10%
1306201918150200,Value Mismatch,valueusd,Calculated vs reported value differs by >10%
1306201918150200,Value Mismatch,valueusd,Calculated vs reported value differs by >10%
1306201918150200,Value Mismatch,valueusd,Calculated vs reported value differs by >10%
1306201918150200,Value Mismatch,valueusd,Calculated vs reported value differs by >10%
1306201918150200,Value Mismatch,valueusd,Calculated vs reported value differs by >10%
1306201918150200,Value Mismatch,valueusd,Calculated vs reported value differs by >10%
1306201918150200,Value Mismatch,valueusd,Calculated vs reported value differs by >10%
1306201918150200,Value Mismatch,valueusd,Calculated vs reported value differs by >10%
1306201918150200,Value Mismatch,valueusd,Calculated vs reported value differs by >10%
1306201918150100,Value Mismatch,valueusd,Calculated vs reported value differs by >10%
1306201918150100,Value Mismatch,valueusd,Calculated vs reported value differs by >10%
1306201918150000,Value Mismatch,valueusd,Calculated vs reported value differs by >10%
1306201918150000,Value Mismatch,valueusd,Calculated vs reported value differs by >10%
1306201918150000,Value Mismatch,valueusd,Calculated vs reported value differs by >10%
1306201918150000,Value Mismatch,valueusd,Calculated vs reported value differs by >10%
1306201918150000,Value Mismatch,valueusd,Calculated vs reported value differs by >10%
1306201918150000,Value Mismatch,valueusd,Calculated vs reported value differs by >10%
1306201918150000,Value Mismatch,valueusd,Calculated vs reported value differs by >10%
1306201918150000,Value Mismatch,valueusd,Calculated vs reported value differs by >10%
1306201918150000,Value Mismatch,valueusd,Calculated vs reported value differs by >10%
1306201918150000,Value Mismatch,valueusd,Calculated vs reported value differs by >10%
1306201918150000,Value Mismatch,valueusd,Calculated vs reported value differs by >10%
1306201918150000,Value Mismatch,valueusd,Calculated vs reported value differs by >10%
1306201918150000,Value Mismatch,valueusd,Calculated vs reported value differs by >10%
1306201918150000,Value Mismatch,valueusd,Calculated vs reported value differs by >10%
1306201918150000,Value Mismatch,valueusd,Calculated vs reported value differs by >10%
1306201918150000,Value Mismatch,valueusd,Calculated vs reported value differs by >10%
1306201918150000,Value Mismatch,valueusd,Calculated vs reported value differs by >10%
1306201918150000,Value Mismatch,valueusd,Calculated vs reported value differs by >10%
1306201918150000,Value Mismatch,valueusd,Calculated vs reported value differs by >10%
1306201918150000,Value Mismatch,valueusd,Calculated vs reported value differs by >10%
1306201918150000,Value Mismatch,valueusd,Calculated vs reported value differs by >10%
1306201918150000,Value Mismatch,valueusd,Calculated vs reported value differs by >10%
1306201918150000,Value Mismatch,valueusd,Calculated vs reported value differs by >10%
1306201918150000,Value Mismatch,valueusd,Calculated vs reported value differs by >10%
1306201918150000,Value Mismatch,valueusd,Calculated vs reported value differs by >10%
1306201918150000,Value Mismatch,valueusd,Calculated vs reported value differs by >10%
1306201918150000,Value Mismatch,valueusd,Calculated vs reported value differs by >10%
1306201918150000,Value Mismatch,valueusd,Calculated vs reported value differs by >10%
1306201918150000,Value Mismatch,valueusd,Calculated vs reported value differs by >10%
1306201918150000,Value Mismatch,valueusd,Calculated vs reported value differs by >10%
1306201918150000,Value Mismatch,valueusd,Calculated vs reported value differs by >10%
1306201918150000,Value Mismatch,valueusd,Calculated vs reported value differs by >10%
1306201916971000,Value Mismatch,valueusd,Calculated vs reported value differs by >10%
1306201916971000,Value Mismatch,valueusd,Calculated vs reported value differs by >10%
1306201918151600,Value Mismatch,valueusd,Calculated vs reported value differs by >10%
1306201918151600,Value Mismatch,valueusd,Calculated vs reported value differs by >10%
1306201918151600,Value Mismatch,valueusd,Calculated vs reported value differs by >10%
1306201918151600,Value Mismatch,valueusd,Calculated vs reported value differs by >10%
1306201918151600,Value Mismatch,valueusd,Calculated vs reported value differs by >10%
1306201918151600,Value Mismatch,valueusd,Calculated vs reported value differs by >10%
1306201918151600,Value Mismatch,valueusd,Calculated vs reported value differs by >10%
1306201918151600,Value Mismatch,valueusd,Calculated vs reported value differs by >10%
1306201918151600,Value Mismatch,valueusd,Calculated vs reported value differs by >10%
1306201918151600,Value Mismatch,valueusd,Calculated vs reported value differs by >10%
1306201918151600,Value Mismatch,valueusd,Calculated vs reported value differs by >10%
1306201918151600,Value Mismatch,valueusd,Calculated vs reported value differs by >10%
1306201918151500,Value Mismatch,valueusd,Calculated vs reported value differs by >10%
1306201918151500,Value Mismatch,valueusd,Calculated vs reported value differs by >10%
1306201918151500,Value Mismatch,valueusd,Calculated vs reported value differs by >10%
1306201918151500,Value Mismatch,valueusd,Calculated vs reported value differs by >10%
1306201918151500,Value Mismatch,valueusd,Calculated vs reported value differs by >10%
1306201918151500,Value Mismatch,valueusd,Calculated vs reported value differs by >10%
1306201918151500,Value Mismatch,valueusd,Calculated vs reported value differs by >10%
1306201918151500,Value Mismatch,valueusd,Calculated vs reported value differs by >10%
1306201918151500,Value Mismatch,valueusd,Calculated vs reported value differs by >10%
1306201918151500,Value Mismatch,valueusd,Calculated vs reported value differs by >10%
1306201918151500,Value Mismatch,valueusd,Calculated vs reported value differs by >10%
1306201918151500,Value Mismatch,valueusd,Calculated vs reported value differs by >10%
1306201918151500,Value Mismatch,valueusd,Calculated vs reported value differs by >10%
1306201918151500,Value Mismatch,valueusd,Calculated vs reported value differs by >10%
1306201918151500,Value Mismatch,valueusd,Calculated vs reported value differs by >10%
1306201918151500,Value Mismatch,valueusd,Calculated vs reported value differs by >10%
1306201918151500,Value Mismatch,valueusd,Calculated vs reported value differs by >10%
1306201918151500,Value Mismatch,valueusd,Calculated vs reported value differs by >10%
1306201918151500,Value Mismatch,valueusd,Calculated vs reported value differs by >10%
1306201918151500,Value Mismatch,valueusd,Calculated vs reported value differs by >10%
1306201918151500,Value Mismatch,valueusd,Calculated vs reported value differs by >10%
1306201918151500,Value Mismatch,valueusd,Calculated vs reported value differs by >10%
1306201918151500,Value Mismatch,valueusd,Calculated vs reported value differs by >10%
1306201918151500,Value Mismatch,valueusd,Calculated vs reported value differs by >10%
1306201918151500,Value Mismatch,valueusd,Calculated vs reported value differs by >10%
1306201918151500,Value Mismatch,valueusd,Calculated vs reported value differs by >10%
1306201918151500,Value Mismatch,valueusd,Calculated vs reported value differs by >10%
1306201918151500,Value Mismatch,valueusd,Calculated vs reported value differs by >10%
1306201918151500,Value Mismatch,valueusd,Calculated vs reported value differs by >10%
1306201918151500,Value Mismatch,valueusd,Calculated vs reported value differs by >10%
1306201918151500,Value Mismatch,valueusd,Calculated vs reported value differs by >10%
1306201918151500,Value Mismatch,valueusd,Calculated vs reported value differs by >10%
1306201918151500,Value Mismatch,valueusd,Calculated vs reported value differs by >10%
1306201918151500,Value Mismatch,valueusd,Calculated vs reported value differs by >10%
1306201918151500,Value Mismatch,valueusd,Calculated vs reported value differs by >10%
1306201918151500,Value Mismatch,valueusd,Calculated vs reported value differs by >10%
1306201918151500,Value Mismatch,valueusd,Calculated vs reported value differs by >10%
1306201918151500,Value Mismatch,valueusd,Calculated vs reported value differs by >10%
1306201918151500,Value Mismatch,valueusd,Calculated vs reported value differs by >10%
1306201918151500,Value Mismatch,valueusd,Calculated vs reported value differs by >10%
1306201918151500,Value Mismatch,valueusd,Calculated vs reported value differs by >10%
1306201918151500,Value Mismatch,valueusd,Calculated vs reported value differs by >10%
1306201918151500,Value Mismatch,valueusd,Calculated vs reported value differs by >10%
1306201918151500,Value Mismatch,valueusd,Calculated vs reported value differs by >10%
1306201918151500,Value Mismatch,valueusd,Calculated vs reported value differs by >10%
1306201918151500,Value Mismatch,valueusd,Calculated vs reported value differs by >10%
1306201918151500,Value Mismatch,valueusd,Calculated vs reported value differs by >10%
1306201918151500,Value Mismatch,valueusd,Calculated vs reported value differs by >10%
1306201918151500,Value Mismatch,valueusd,Calculated vs reported value differs by >10%
1306201918151500,Value Mismatch,valueusd,Calculated vs reported value differs by >10%
1306201918151500,Value Mismatch,valueusd,Calculated vs reported value differs by >10%
1306201918151500,Value Mismatch,valueusd,Calculated vs reported value differs by >10%
1306201918151500,Value Mismatch,valueusd,Calculated vs reported value differs by >10%
1306201918151400,Value Mismatch,valueusd,Calculated vs reported value differs by >10%
1306201918151400,Value Mismatch,valueusd,Calculated vs reported value differs by >10%
1306201918151400,Value Mismatch,valueusd,Calculated vs reported value differs by >10%
1306201918151400,Value Mismatch,valueusd,Calculated vs reported value differs by >10%
1306201918151400,Value Mismatch,valueusd,Calculated vs reported value differs by >10%
1306201918151400,Value Mismatch,valueusd,Calculated vs reported value differs by >10%
1306201918151400,Value Mismatch,valueusd,Calculated vs reported value differs by >10%
1306201918151400,Value Mismatch,valueusd,Calculated vs reported value differs by >10%
1306201918151400,Value Mismatch,valueusd,Calculated vs reported value differs by >10%
1306201918151400,Value Mismatch,valueusd,Calculated vs reported value differs by >10%
1306201918151400,Value Mismatch,valueusd,Calculated vs reported value differs by >10%
1306201918151400,Value Mismatch,valueusd,Calculated vs reported value differs by >10%
1306201918151400,Value Mismatch,valueusd,Calculated vs reported value differs by >10%
1306201918151400,Value Mismatch,valueusd,Calculated vs reported value differs by >10%
1306201918151400,Value Mismatch,valueusd,Calculated vs reported value differs by >10%
1306201918151400,Value Mismatch,valueusd,Calculated vs reported value differs by >10%
1306201918151400,Value Mismatch,valueusd,Calculated vs reported value differs by >10%
1306201918151400,Value Mismatch,valueusd,Calculated vs reported value differs by >10%
1306201918151400,Value Mismatch,valueusd,Calculated vs reported value differs by >10%
1306201918151400,Value Mismatch,valueusd,Calculated vs reported value differs by >10%
1306201918151400,Value Mismatch,valueusd,Calculated vs reported value differs by >10%
1306201918151400,Value Mismatch,valueusd,Calculated vs reported value differs by >10%
1306201918151400,Value Mismatch,valueusd,Calculated vs reported value differs by >10%
1306201918151400,Value Mismatch,valueusd,Calculated vs reported value differs by >10%
1306201918151400,Value Mismatch,valueusd,Calculated vs reported value differs by >10%
1306201918151400,Value Mismatch,valueusd,Calculated vs reported value differs by >10%
1306201918151400,Value Mismatch,valueusd,Calculated vs reported value differs by >10%
1306201918151400,Value Mismatch,valueusd,Calculated vs reported value differs by >10%
1306201918151400,Value Mismatch,valueusd,Calculated vs reported value differs by >10%
1306201918151400,Value Mismatch,valueusd,Calculated vs reported value differs by >10%
1306201918151400,Value Mismatch,valueusd,Calculated vs reported value differs by >10%
1306201918151400,Value Mismatch,valueusd,Calculated vs reported value differs by >10%
1306201918151400,Value Mismatch,valueusd,Calculated vs reported value differs by >10%
1306201918151400,Value Mismatch,valueusd,Calculated vs reported value differs by >10%
1306201918151400,Value Mismatch,valueusd,Calculated vs reported value differs by >10%
1306201918151400,Value Mismatch,valueusd,Calculated vs reported value differs by >10%
1306201918151400,Value Mismatch,valueusd,Calculated vs reported value differs by >10%
1306201918151400,Value Mismatch,valueusd,Calculated vs reported value differs by >10%
1306201918151400,Value Mismatch,valueusd,Calculated vs reported value differs by >10%
1306201918151400,Value Mismatch,valueusd,Calculated vs reported value differs by >10%
1306201918151400,Value Mismatch,valueusd,Calculated vs reported value differs by >10%
1306201918151400,Value Mismatch,valueusd,Calculated vs reported value differs by >10%
1306201918151300,Value Mismatch,valueusd,Calculated vs reported value differs by >10%
1306201918151200,Value Mismatch,valueusd,Calculated vs reported value differs by >10%
1306201918151200,Value Mismatch,valueusd,Calculated vs reported value differs by >10%
1306201918151200,Value Mismatch,valueusd,Calculated vs reported value differs by >10%
1306201918151200,Value Mismatch,valueusd,Calculated vs reported value differs by >10%
1306201918151200,Value Mismatch,valueusd,Calculated vs reported value differs by >10%
1306201918151200,Value Mismatch,valueusd,Calculated vs reported value differs by >10%
1306201918151200,Value Mismatch,valueusd,Calculated vs reported value differs by >10%
1306201918151200,Value Mismatch,valueusd,Calculated vs reported value differs by >10%
1306201918151200,Value Mismatch,valueusd,Calculated vs reported value differs by >10%
1306201918151200,Value Mismatch,valueusd,Calculated vs reported value differs by >10%
1306201918151200,Value Mismatch,valueusd,Calculated vs reported value differs by >10%
1306201918151200,Value Mismatch,valueusd,Calculated vs reported value differs by >10%
1306201918151200,Value Mismatch,valueusd,Calculated vs reported value differs by >10%
1306201918151200,Value Mismatch,valueusd,Calculated vs reported value differs by >10%
1306201918151200,Value Mismatch,valueusd,Calculated vs reported value differs by >10%
1306201918151200,Value Mismatch,valueusd,Calculated vs reported value differs by >10%
1306201918151200,Value Mismatch,valueusd,Calculated vs reported value differs by >10%
1306201918151200,Value Mismatch,valueusd,Calculated vs reported value differs by >10%
1306201918151200,Value Mismatch,valueusd,Calculated vs reported value differs by >10%
1306201918151200,Value Mismatch,valueusd,Calculated vs reported value differs by >10%
1306201918151200,Value Mismatch,valueusd,Calculated vs reported value differs by >10%
1306201918151200,Value Mismatch,valueusd,Calculated vs reported value differs by >10%
1306201918150900,Value Mismatch,valueusd,Calculated vs reported value differs by >10%
1306201918150900,Value Mismatch,valueusd,Calculated vs reported value differs by >10%
1306201918150900,Value Mismatch,valueusd,Calculated vs reported value differs by >10%
1306201918150900,Value Mismatch,valueusd,Calculated vs reported value differs by >10%
1306201918150900,Value Mismatch,valueusd,Calculated vs reported value differs by >10%
1306201918150900,Value Mismatch,valueusd,Calculated vs reported value differs by >10%
1306201918150900,Value Mismatch,valueusd,Calculated vs reported value differs by >10%
1306201918150900,Value Mismatch,valueusd,Calculated vs reported value differs by >10%
1306201918150900,Value Mismatch,valueusd,Calculated vs reported value differs by >10%
1306201918150900,Value Mismatch,valueusd,Calculated vs reported value differs by >10%
1306201918150900,Value Mismatch,valueusd,Calculated vs reported value differs by >10%
1306201918150900,Value Mismatch,valueusd,Calculated vs reported value differs by >10%
1306201918150900,Value Mismatch,valueusd,Calculated vs reported value differs by >10%
1306201918150900,Value Mismatch,valueusd,Calculated vs reported value differs by >10%
1306201918150900,Value Mismatch,valueusd,Calculated vs reported value differs by >10%
1306201918150900,Value Mismatch,valueusd,Calculated vs reported value differs by >10%
1306201918150900,Value Mismatch,valueusd,Calculated vs reported value differs by >10%
1306201918150900,Value Mismatch,valueusd,Calculated vs reported value differs by >10%
1306201918150900,Value Mismatch,valueusd,Calculated vs reported value differs by >10%
1306201918150900,Value Mismatch,valueusd,Calculated vs reported value differs by >10%
1306201918150900,Value Mismatch,valueusd,Calculated vs reported value differs by >10%
1306201918150900,Value Mismatch,valueusd,Calculated vs reported value differs by >10%
1306201918150900,Value Mismatch,valueusd,Calculated vs reported value differs by >10%
1306201918150900,Value Mismatch,valueusd,Calculated vs reported value differs by >10%
1306201918150900,Value Mismatch,valueusd,Calculated vs reported value differs by >10%
1306201918150900,Value Mismatch,valueusd,Calculated vs reported value differs by >10%
1306201918150900,Value Mismatch,valueusd,Calculated vs reported value differs by >10%
1306201918150900,Value Mismatch,valueusd,Calculated vs reported value differs by >10%
1306201918150900,Value Mismatch,valueusd,Calculated vs reported value differs by >10%
1306201918150900,Value Mismatch,valueusd,Calculated vs reported value differs by >10%
1306201918150900,Value Mismatch,valueusd,Calculated vs reported value differs by >10%
1306201918150900,Value Mismatch,valueusd,Calculated vs reported value differs by >10%
1306201918150900,Value Mismatch,valueusd,Calculated vs reported value differs by >10%
1306201918150900,Value Mismatch,valueusd,Calculated vs reported value differs by >10%
1306201918150900,Value Mismatch,valueusd,Calculated vs reported value differs by >10%
1306201918150900,Value Mismatch,valueusd,Calculated vs reported value differs by >10%
1306201918151400,Value Mismatch,valueusd,Calculated vs reported value differs by >10%
1306201918151400,Value Mismatch,valueusd,Calculated vs reported value differs by >10%
1306201918151300,Value Mismatch,valueusd,Calculated vs reported value differs by >10%
1306201918151300,Value Mismatch,valueusd,Calculated vs reported value differs by >10%
1306201918151300,Value Mismatch,valueusd,Calculated vs reported value differs by >10%
1306201918151300,Value Mismatch,valueusd,Calculated vs reported value differs by >10%
1306201918151300,Value Mismatch,valueusd,Calculated vs reported value differs by >10%
1306201918151300,Value Mismatch,valueusd,Calculated vs reported value differs by >10%
1306201918151300,Value Mismatch,valueusd,Calculated vs reported value differs by >10%
1306201918151300,Value Mismatch,valueusd,Calculated vs reported value differs by >10%
1306201918151300,Value Mismatch,valueusd,Calculated vs reported value differs by >10%
1306201918151300,Value Mismatch,valueusd,Calculated vs reported value differs by >10%
1306201918151300,Value Mismatch,valueusd,Calculated vs reported value differs by >10%
1306201918151300,Value Mismatch,valueusd,Calculated vs reported value differs by >10%
1306201918151300,Value Mismatch,valueusd,Calculated vs reported value differs by >10%
1306201918151300,Value Mismatch,valueusd,Calculated vs reported value differs by >10%
1306201918151300,Value Mismatch,valueusd,Calculated vs reported value differs by >10%
1306201918151300,Value Mismatch,valueusd,Calculated vs reported value differs by >10%
1306201918151300,Value Mismatch,valueusd,Calculated vs reported value differs by >10%
1306201918151300,Value Mismatch,valueusd,Calculated vs reported value differs by >10%
1306201918151300,Value Mismatch,valueusd,Calculated vs reported value differs by >10%
1306201918151300,Value Mismatch,valueusd,Calculated vs reported value differs by >10%
1306201918151300,Value Mismatch,valueusd,Calculated vs reported value differs by >10%
1306201918151300,Value Mismatch,valueusd,Calculated vs reported value differs by >10%
1306201918151300,Value Mismatch,valueusd,Calculated vs reported value differs by >10%
1306201918151300,Value Mismatch,valueusd,Calculated vs reported value differs by >10%
1306201918151200,Value Mismatch,valueusd,Calculated vs reported value differs by >10%
1306201918151200,Value Mismatch,valueusd,Calculated vs reported value differs by >10%
1306201918151200,Value Mismatch,valueusd,Calculated vs reported value differs by >10%
1306201918151200,Value Mismatch,valueusd,Calculated vs reported value differs by >10%
1306201918151200,Value Mismatch,valueusd,Calculated vs reported value differs by >10%
1306201918151200,Value Mismatch,valueusd,Calculated vs reported value differs by >10%
1306201918151200,Value Mismatch,valueusd,Calculated vs reported value differs by >10%
1306201918151200,Value Mismatch,valueusd,Calculated vs reported value differs by >10%
1306201918151200,Value Mismatch,valueusd,Calculated vs reported value differs by >10%
1306201918151200,Value Mismatch,valueusd,Calculated vs reported value differs by >10%
1306201918151200,Value Mismatch,valueusd,Calculated vs reported value differs by >10%
1306201918151200,Value Mismatch,valueusd,Calculated vs reported value differs by >10%
1306201918151200,Value Mismatch,valueusd,Calculated vs reported value differs by >10%
1306201918151200,Value Mismatch,valueusd,Calculated vs reported value differs by >10%
1306201918151200,Value Mismatch,valueusd,Calculated vs reported value differs by >10%
1306201918151200,Value Mismatch,valueusd,Calculated vs reported value differs by >10%
1306201918151200,Value Mismatch,valueusd,Calculated vs reported value differs by >10%
1306201918151200,Value Mismatch,valueusd,Calculated vs reported value differs by >10%
1306201918151200,Value Mismatch,valueusd,Calculated vs reported value differs by >10%
1306201918151200,Value Mismatch,valueusd,Calculated vs reported value differs by >10%
1306201918151200,Value Mismatch,valueusd,Calculated vs reported value differs by >10%
1306201918151200,Value Mismatch,valueusd,Calculated vs reported value differs by >10%
1306201918151200,Value Mismatch,valueusd,Calculated vs reported value differs by >10%
1306201918151200,Value Mismatch,valueusd,Calculated vs reported value differs by >10%
1306201918150300,Value Mismatch,valueusd,Calculated vs reported value differs by >10%
1306201918150300,Value Mismatch,valueusd,Calculated vs reported value differs by >10%
1306201918150300,Value Mismatch,valueusd,Calculated vs reported value differs by >10%
1306201918150300,Value Mismatch,valueusd,Calculated vs reported value differs by >10%
1306201918150300,Value Mismatch,valueusd,Calculated vs reported value differs by >10%
1306201918150300,Value Mismatch,valueusd,Calculated vs reported value differs by >10%
1306201918150300,Value Mismatch,valueusd,Calculated vs reported value differs by >10%
1306201918150300,Value Mismatch,valueusd,Calculated vs reported value differs by >10%
1306201918150300,Value Mismatch,valueusd,Calculated vs reported value differs by >10%
1306201918150300,Value Mismatch,valueusd,Calculated vs reported value differs by >10%
1306201918150300,Value Mismatch,valueusd,Calculated vs reported value differs by >10%
1306201918150300,Value Mismatch,valueusd,Calculated vs reported value differs by >10%
1306201918150200,Value Mismatch,valueusd,Calculated vs reported value differs by >10%
1306201918150200,Value Mismatch,valueusd,Calculated vs reported value differs by >10%
1306201918150200,Value Mismatch,valueusd,Calculated vs reported value differs by >10%
1306201918150200,Value Mismatch,valueusd,Calculated vs reported value differs by >10%
1306201918150200,Value Mismatch,valueusd,Calculated vs reported value differs by >10%
1306201918150200,Value Mismatch,valueusd,Calculated vs reported value differs by >10%
1306201918150200,Value Mismatch,valueusd,Calculated vs reported value differs by >10%
1306201918150200,Value Mismatch,valueusd,Calculated vs reported value differs by >10%
1306201918150200,Value Mismatch,valueusd,Calculated vs reported value differs by >10%
1306201918150200,Value Mismatch,valueusd,Calculated vs reported value differs by >10%
1306201918150200,Value Mismatch,valueusd,Calculated vs reported value differs by >10%
1306201918150200,Value Mismatch,valueusd,Calculated vs reported value differs by >10%
1306201918150200,Value Mismatch,valueusd,Calculated vs reported value differs by >10%
1306201918150200,Value Mismatch,valueusd,Calculated vs reported value differs by >10%
1306201918150200,Value Mismatch,valueusd,Calculated vs reported value differs by >10%
1306201918150200,Value Mismatch,valueusd,Calculated vs reported value differs by >10%
1306201918150200,Value Mismatch,valueusd,Calculated vs reported value differs by >10%
1306201918150100,Value Mismatch,valueusd,Calculated vs reported value differs by >10%
1306201918151400,Value Mismatch,valueusd,Calculated vs reported value differs by >10%
1306201918151400,Value Mismatch,valueusd,Calculated vs reported value differs by >10%
1306201918151300,Value Mismatch,valueusd,Calculated vs reported value differs by >10%
1306201918151300,Value Mismatch,valueusd,Calculated vs reported value differs by >10%
1306201918151300,Value Mismatch,valueusd,Calculated vs reported value differs by >10%
1306201918151300,Value Mismatch,valueusd,Calculated vs reported value differs by >10%
1306201918151300,Value Mismatch,valueusd,Calculated vs reported value differs by >10%
1306201918151300,Value Mismatch,valueusd,Calculated vs reported value differs by >10%
1306201918151300,Value Mismatch,valueusd,Calculated vs reported value differs by >10%
1306201918151300,Value Mismatch,valueusd,Calculated vs reported value differs by >10%
1306201918151300,Value Mismatch,valueusd,Calculated vs reported value differs by >10%
1306201918151300,Value Mismatch,valueusd,Calculated vs reported value differs by >10%
1306201918151300,Value Mismatch,valueusd,Calculated vs reported value differs by >10%
1306201918151300,Value Mismatch,valueusd,Calculated vs reported value differs by >10%
1306201918151300,Value Mismatch,valueusd,Calculated vs reported value differs by >10%
1306201918151300,Value Mismatch,valueusd,Calculated vs reported value differs by >10%
1306201918151200,Value Mismatch,valueusd,Calculated vs reported value differs by >10%
1306201918151200,Value Mismatch,valueusd,Calculated vs reported value differs by >10%
1306201918151200,Value Mismatch,valueusd,Calculated vs reported value differs by >10%
1306201918151200,Value Mismatch,valueusd,Calculated vs reported value differs by >10%
1306201918151200,Value Mismatch,valueusd,Calculated vs reported value differs by >10%
1306201918151200,Value Mismatch,valueusd,Calculated vs reported value differs by >10%
1306201918151200,Value Mismatch,valueusd,Calculated vs reported value differs by >10%
1306201918151200,Value Mismatch,valueusd,Calculated vs reported value differs by >10%
1306201918151200,Value Mismatch,valueusd,Calculated vs reported value differs by >10%
1306201918151200,Value Mismatch,valueusd,Calculated vs reported value differs by >10%
1306201918151200,Value Mismatch,valueusd,Calculated vs reported value differs by >10%
1306201918150300,Value Mismatch,valueusd,Calculated vs reported value differs by >10%
1306201918150300,Value Mismatch,valueusd,Calculated vs reported value differs by >10%
1306201918150300,Value Mismatch,valueusd,Calculated vs reported value differs by >10%
1306201918150300,Value Mismatch,valueusd,Calculated vs reported value differs by >10%
1306201918150300,Value Mismatch,valueusd,Calculated vs reported value differs by >10%
1306201918150300,Value Mismatch,valueusd,Calculated vs reported value differs by >10%
1306201918150300,Value Mismatch,valueusd,Calculated vs reported value differs by >10%
1306201918150200,Value Mismatch,valueusd,Calculated vs reported value differs by >10%
1306201918150200,Value Mismatch,valueusd,Calculated vs reported value differs by >10%
1306201918150200,Value Mismatch,valueusd,Calculated vs reported value differs by >10%
1306201918150200,Value Mismatch,valueusd,Calculated vs reported value differs by >10%
1306201918150200,Value Mismatch,valueusd,Calculated vs reported value differs by >10%
1306201918150200,Value Mismatch,valueusd,Calculated vs reported value differs by >10%
1306201918150200,Value Mismatch,valueusd,Calculated vs reported value differs by >10%
1306201918150200,Value Mismatch,valueusd,Calculated vs reported value differs by >10%
1206201916970400,Value Mismatch,valueusd,Calculated vs reported value differs by >10%
1206201916970300,Value Mismatch,valueusd,Calculated vs reported value differs by >10%
1206201916970400,Value Mismatch,valueusd,Calculated vs reported value differs by >10%
1206201916970400,Value Mismatch,valueusd,Calculated vs reported value differs by >10%
1206201916970400,Value Mismatch,valueusd,Calculated vs reported value differs by >10%
1106201916968800,Value Mismatch,valueusd,Calculated vs reported value differs by >10%
1106201917790100,Value Mismatch,valueusd,Calculated vs reported value differs by >10%
1106201917790100,Value Mismatch,valueusd,Calculated vs reported value differs by >10%
1006201916967000,Value Mismatch,valueusd,Calculated vs reported value differs by >10%
1006201917780600,Value Mismatch,valueusd,Calculated vs reported value differs by >10%
1006201917780600,Value Mismatch,valueusd,Calculated vs reported value differs by >10%
1006201917780100,Value Mismatch,valueusd,Calculated vs reported value differs by >10%
0606201919019947,Value Mismatch,valueusd,Calculated vs reported value differs by >10%
0606201919019949,Value Mismatch,valueusd,Calculated vs reported value differs by >10%
0606201919019948,Value Mismatch,valueusd,Calculated vs reported value differs by >10%
0606201919019218,Value Mismatch,valueusd,Calculated vs reported value differs by >10%
0606201916510597,Value Mismatch,valueusd,Calculated vs reported value differs by >10%
0306201916960640,Value Mismatch,valueusd,Calculated vs reported value differs by >10%
0306201916960651,Value Mismatch,valueusd,Calculated vs reported value differs by >10%
0306201917743995,Value Mismatch,valueusd,Calculated vs reported value differs by >10%
0306201917743684,Value Mismatch,valueusd,Calculated vs reported value differs by >10%
3105201915814700,Value Mismatch,valueusd,Calculated vs reported value differs by >10%
3005201915254300,Value Mismatch,valueusd,Calculated vs reported value differs by >10%
3005201915254300,Value Mismatch,valueusd,Calculated vs reported value differs by >10%
2905201914061400,Value Mismatch,valueusd,Calculated vs reported value differs by >10%
2905201914061400,Value Mismatch,valueusd,Calculated vs reported value differs by >10%
2905201914061400,Value Mismatch,valueusd,Calculated vs reported value differs by >10%
2905201914061500,Value Mismatch,valueusd,Calculated vs reported value differs by >10%
2905201914061400,Value Mismatch,valueusd,Calculated vs reported value differs by >10%
2905201914061400,Value Mismatch,valueusd,Calculated vs reported value differs by >10%
2905201914061400,Value Mismatch,valueusd,Calculated vs reported value differs by >10%
2905201914061500,Value Mismatch,valueusd,Calculated vs reported value differs by >10%
2905201914061500,Value Mismatch,valueusd,Calculated vs reported value differs by >10%
2905201914061400,Value Mismatch,valueusd,Calculated vs reported value differs by >10%
2905201914061400,Value Mismatch,valueusd,Calculated vs reported value differs by >10%
2905201914061400,Value Mismatch,valueusd,Calculated vs reported value differs by >10%
2905201914061400,Value Mismatch,valueusd,Calculated vs reported value differs by >10%
2905201914061400,Value Mismatch,valueusd,Calculated vs reported value differs by >10%
2905201914061400,Value Mismatch,valueusd,Calculated vs reported value differs by >10%
2905201914061400,Value Mismatch,valueusd,Calculated vs reported value differs by >10%
2905201914061400,Value Mismatch,valueusd,Calculated vs reported value differs by >10%
2905201914061400,Value Mismatch,valueusd,Calculated vs reported value differs by >10%
2905201914061400,Value Mismatch,valueusd,Calculated vs reported value differs by >10%
2905201914061400,Value Mismatch,valueusd,Calculated vs reported value differs by >10%
2905201914061400,Value Mismatch,valueusd,Calculated vs reported value differs by >10%
2905201914061400,Value Mismatch,valueusd,Calculated vs reported value differs by >10%
2905201914061400,Value Mismatch,valueusd,Calculated vs reported value differs by >10%
2905201914061400,Value Mismatch,valueusd,Calculated vs reported value differs by >10%
2905201914061400,Value Mismatch,valueusd,Calculated vs reported value differs by >10%
2905201914061400,Value Mismatch,valueusd,Calculated vs reported value differs by >10%
2905201914061400,Value Mismatch,valueusd,Calculated vs reported value differs by >10%
2905201914061400,Value Mismatch,valueusd,Calculated vs reported value differs by >10%
2905201914061400,Value Mismatch,valueusd,Calculated vs reported value differs by >10%
2905201914061400,Value Mismatch,valueusd,Calculated vs reported value differs by >10%
2905201914061400,Value Mismatch,valueusd,Calculated vs reported value differs by >10%
2905201914061400,Value Mismatch,valueusd,Calculated vs reported value differs by >10%
2905201914061400,Value Mismatch,valueusd,Calculated vs reported value differs by >10%
2905201914061400,Value Mismatch,valueusd,Calculated vs reported value differs by >10%
2905201914061400,Value Mismatch,valueusd,Calculated vs reported value differs by >10%
2905201914061400,Value Mismatch,valueusd,Calculated vs reported value differs by >10%
2905201914061400,Value Mismatch,valueusd,Calculated vs reported value differs by >10%
2905201914061500,Value Mismatch,valueusd,Calculated vs reported value differs by >10%
2905201914061400,Value Mismatch,valueusd,Calculated vs reported value differs by >10%
2905201914061400,Value Mismatch,valueusd,Calculated vs reported value differs by >10%
2905201914061400,Value Mismatch,valueusd,Calculated vs reported value differs by >10%
2905201914061500,Value Mismatch,valueusd,Calculated vs reported value differs by >10%
2905201914061400,Value Mismatch,valueusd,Calculated vs reported value differs by >10%
2905201914061400,Value Mismatch,valueusd,Calculated vs reported value differs by >10%
2905201914061400,Value Mismatch,valueusd,Calculated vs reported value differs by >10%
2905201914061400,Value Mismatch,valueusd,Calculated vs reported value differs by >10%
2905201914061500,Value Mismatch,valueusd,Calculated vs reported value differs by >10%
2905201914061400,Value Mismatch,valueusd,Calculated vs reported value differs by >10%
2905201914061500,Value Mismatch,valueusd,Calculated vs reported value differs by >10%
2905201915803300,Value Mismatch,valueusd,Calculated vs reported value differs by >10%
2805201913910700,Value Mismatch,valueusd,Calculated vs reported value differs by >10%
2805201913903800,Value Mismatch,valueusd,Calculated vs reported value differs by >10%
2705201915792600,Value Mismatch,valueusd,Calculated vs reported value differs by >10%
2305201914054200,Value Mismatch,valueusd,Calculated vs reported value differs by >10%
2305201912864800,Value Mismatch,valueusd,Calculated vs reported value differs by >10%
2305201912864900,Value Mismatch,valueusd,Calculated vs reported value differs by >10%
1805201915603900,Value Mismatch,valueusd,Calculated vs reported value differs by >10%
1805201912760900,Value Mismatch,valueusd,Calculated vs reported value differs by >10%
1705201912749500,Value Mismatch,valueusd,Calculated vs reported value differs by >10%
1705201912749500,Value Mismatch,valueusd,Calculated vs reported value differs by >10%
1705201913715900,Value Mismatch,valueusd,Calculated vs reported value differs by >10%
1605201915575200,Value Mismatch,valueusd,Calculated vs reported value differs by >10%
1605201915575200,Value Mismatch,valueusd,Calculated vs reported value differs by >10%
1605201913257000,Value Mismatch,valueusd,Calculated vs reported value differs by >10%
1405201913077400,Value Mismatch,valueusd,Calculated vs reported value differs by >10%
1405201915885500,Value Mismatch,valueusd,Calculated vs reported value differs by >10%
1405201915885500,Value Mismatch,valueusd,Calculated vs reported value differs by >10%
1405201915885500,Value Mismatch,valueusd,Calculated vs reported value differs by >10%
1405201915885500,Value Mismatch,valueusd,Calculated vs reported value differs by >10%
1305201914044500,Value Mismatch,valueusd,Calculated vs reported value differs by >10%
1305201914044500,Value Mismatch,valueusd,Calculated vs reported value differs by >10%
1305201914043700,Value Mismatch,valueusd,Calculated vs reported value differs by >10%
1305201914044500,Value Mismatch,valueusd,Calculated vs reported value differs by >10%
1305201914044500,Value Mismatch,valueusd,Calculated vs reported value differs by >10%
1305201914043700,Value Mismatch,valueusd,Calculated vs reported value differs by >10%
1305201914044500,Value Mismatch,valueusd,Calculated vs reported value differs by >10%
1305201914044500,Value Mismatch,valueusd,Calculated vs reported value differs by >10%
1305201914044500,Value Mismatch,valueusd,Calculated vs reported value differs by >10%
1305201914044500,Value Mismatch,valueusd,Calculated vs reported value differs by >10%
1305201914044500,Value Mismatch,valueusd,Calculated vs reported value differs by >10%
1305201914044500,Value Mismatch,valueusd,Calculated vs reported value differs by >10%
1305201914044400,Value Mismatch,valueusd,Calculated vs reported value differs by >10%
1305201914044500,Value Mismatch,valueusd,Calculated vs reported value differs by >10%
1305201914044500,Value Mismatch,valueusd,Calculated vs reported value differs by >10%
1305201914044500,Value Mismatch,valueusd,Calculated vs reported value differs by >10%
1305201914044500,Value Mismatch,valueusd,Calculated vs reported value differs by >10%
1305201914044500,Value Mismatch,valueusd,Calculated vs reported value differs by >10%
1305201914044500,Value Mismatch,valueusd,Calculated vs reported value differs by >10%
1305201914044500,Value Mismatch,valueusd,Calculated vs reported value differs by >10%
1305201914044400,Value Mismatch,valueusd,Calculated vs reported value differs by >10%
1305201914043700,Value Mismatch,valueusd,Calculated vs reported value differs by >10%
1305201915875900,Value Mismatch,valueusd,Calculated vs reported value differs by >10%
0905201915511939,Value Mismatch,valueusd,Calculated vs reported value differs by >10%
0905201915511940,Value Mismatch,valueusd,Calculated vs reported value differs by >10%
0905201914267714,Value Mismatch,valueusd,Calculated vs reported value differs by >10%
0705201915847674,Value Mismatch,valueusd,Calculated vs reported value differs by >10%
0605201914037476,Value Mismatch,valueusd,Calculated vs reported value differs by >10%
0405201915481155,Value Mismatch,valueusd,Calculated vs reported value differs by >10%
0405201915481165,Value Mismatch,valueusd,Calculated vs reported value differs by >10%
0305201915471417,Value Mismatch,valueusd,Calculated vs reported value differs by >10%
0305201915471416,Value Mismatch,valueusd,Calculated vs reported value differs by >10%
0105201914032878,Value Mismatch,valueusd,Calculated vs reported value differs by >10%
0105201914032882,Value Mismatch,valueusd,Calculated vs reported value differs by >10%
0105201914032874,Value Mismatch,valueusd,Calculated vs reported value differs by >10%
0105201914032875,Value Mismatch,valueusd,Calculated vs reported value differs by >10%
0105201914032879,Value Mismatch,valueusd,Calculated vs reported value differs by >10%
0105201914859250,Value Mismatch,valueusd,Calculated vs reported value differs by >10%
0105201914859237,Value Mismatch,valueusd,Calculated vs reported value differs by >10%
0105201914859208,Value Mismatch,valueusd,Calculated vs reported value differs by >10%
0105201914859248,Value Mismatch,valueusd,Calculated vs reported value differs by >10%
0105201914859214,Value Mismatch,valueusd,Calculated vs reported value differs by >10%
0105201914859213,Value Mismatch,valueusd,Calculated vs reported value differs by >10%
300420199435440,Value Mismatch,valueusd,Calculated vs reported value differs by >10%
300420199435760,Value Mismatch,valueusd,Calculated vs reported value differs by >10%
300420199435440,Value Mismatch,valueusd,Calculated vs reported value differs by >10%
300420199435760,Value Mismatch,valueusd,Calculated vs reported value differs by >10%
300420199435760,Value Mismatch,valueusd,Calculated vs reported value differs by >10%
2904201911153900,Value Mismatch,valueusd,Calculated vs reported value differs by >10%
2904201911153900,Value Mismatch,valueusd,Calculated vs reported value differs by >10%
2904201911153900,Value Mismatch,valueusd,Calculated vs reported value differs by >10%
2904201911153900,Value Mismatch,valueusd,Calculated vs reported value differs by >10%
2604201910318200,Value Mismatch,valueusd,Calculated vs reported value differs by >10%
2304201911117900,Value Mismatch,valueusd,Calculated vs reported value differs by >10%
1904201911529900,Value Mismatch,valueusd,Calculated vs reported value differs by >10%
1904201911529900,Value Mismatch,valueusd,Calculated vs reported value differs by >10%
1904201911033200,Value Mismatch,valueusd,Calculated vs reported value differs by >10%
170420199422760,Value Mismatch,valueusd,Calculated vs reported value differs by >10%
170420199423010,Value Mismatch,valueusd,Calculated vs reported value differs by >10%
170420199423010,Value Mismatch,valueusd,Calculated vs reported value differs by >10%
170420199423010,Value Mismatch,valueusd,Calculated vs reported value differs by >10%
170420199423010,Value Mismatch,valueusd,Calculated vs reported value differs by >10%
170420199423010,Value Mismatch,valueusd,Calculated vs reported value differs by >10%
170420199423010,Value Mismatch,valueusd,Calculated vs reported value differs by >10%
1604201911021500,Value Mismatch,valueusd,Calculated vs reported value differs by >10%
1604201911021500,Value Mismatch,valueusd,Calculated vs reported value differs by >10%
1504201911446900,Value Mismatch,valueusd,Calculated vs reported value differs by >10%
1504201911013500,Value Mismatch,valueusd,Calculated vs reported value differs by >10%
1504201911446900,Value Mismatch,valueusd,Calculated vs reported value differs by >10%
1504201910175400,Value Mismatch,valueusd,Calculated vs reported value differs by >10%
1504201911446800,Value Mismatch,valueusd,Calculated vs reported value differs by >10%
130420199418990,Value Mismatch,valueusd,Calculated vs reported value differs by >10%
130420199418990,Value Mismatch,valueusd,Calculated vs reported value differs by >10%
130420199418990,Value Mismatch,valueusd,Calculated vs reported value differs by >10%
130420199418990,Value Mismatch,valueusd,Calculated vs reported value differs by >10%
130420199418990,Value Mismatch,valueusd,Calculated vs reported value differs by >10%
110420199329150,Value Mismatch,valueusd,Calculated vs reported value differs by >10%
110420199329150,Value Mismatch,valueusd,Calculated vs reported value differs by >10%
1004201910812100,Value Mismatch,valueusd,Calculated vs reported value differs by >10%
090420199530878,Value Mismatch,valueusd,Calculated vs reported value differs by >10%
090420199530877,Value Mismatch,valueusd,Calculated vs reported value differs by >10%
080420199324337,Value Mismatch,valueusd,Calculated vs reported value differs by >10%
080420199324336,Value Mismatch,valueusd,Calculated vs reported value differs by >10%
0804201911095588,Value Mismatch,valueusd,Calculated vs reported value differs by >10%
060420199410318,Value Mismatch,valueusd,Calculated vs reported value differs by >10%
060420199410326,Value Mismatch,valueusd,Calculated vs reported value differs by >10%
060420199410320,Value Mismatch,valueusd,Calculated vs reported value differs by >10%
060420199410333,Value Mismatch,valueusd,Calculated vs reported value differs by >10%
060420199410332,Value Mismatch,valueusd,Calculated vs reported value differs by >10%
060420199410300,Value Mismatch,valueusd,Calculated vs reported value differs by >10%
060420199410329,Value Mismatch,valueusd,Calculated vs reported value differs by >10%
060420199410316,Value Mismatch,valueusd,Calculated vs reported value differs by >10%
060420199410308,Value Mismatch,valueusd,Calculated vs reported value differs by >10%
060420199410306,Value Mismatch,valueusd,Calculated vs reported value differs by >10%
060420199410303,Value Mismatch,valueusd,Calculated vs reported value differs by >10%
060420199410323,Value Mismatch,valueusd,Calculated vs reported value differs by >10%
060420199410331,Value Mismatch,valueusd,Calculated vs reported value differs by >10%
060420199410313,Value Mismatch,valueusd,Calculated vs reported value differs by >10%
060420199410314,Value Mismatch,valueusd,Calculated vs reported value differs by >10%
060420199410312,Value Mismatch,valueusd,Calculated vs reported value differs by >10%
060420199410310,Value Mismatch,valueusd,Calculated vs reported value differs by >10%
060420199410330,Value Mismatch,valueusd,Calculated vs reported value differs by >10%
060420199410302,Value Mismatch,valueusd,Calculated vs reported value differs by >10%
060420199410317,Value Mismatch,valueusd,Calculated vs reported value differs by >10%
060420199410321,Value Mismatch,valueusd,Calculated vs reported value differs by >10%
060420199410307,Value Mismatch,valueusd,Calculated vs reported value differs by >10%
060420199410319,Value Mismatch,valueusd,Calculated vs reported value differs by >10%
060420199410328,Value Mismatch,valueusd,Calculated vs reported value differs by >10%
060420199410315,Value Mismatch,valueusd,Calculated vs reported value differs by >10%
060420199410305,Value Mismatch,valueusd,Calculated vs reported value differs by >10%
060420199410304,Value Mismatch,valueusd,Calculated vs reported value differs by >10%
060420199410301,Value Mismatch,valueusd,Calculated vs reported value differs by >10%
060420199410325,Value Mismatch,valueusd,Calculated vs reported value differs by >10%
060420199410311,Value Mismatch,valueusd,Calculated vs reported value differs by >10%
060420199410299,Value Mismatch,valueusd,Calculated vs reported value differs by >10%
060420199410322,Value Mismatch,valueusd,Calculated vs reported value differs by >10%
060420199410324,Value Mismatch,valueusd,Calculated vs reported value differs by >10%
060420199410327,Value Mismatch,valueusd,Calculated vs reported value differs by >10%
0504201910635343,Value Mismatch,valueusd,Calculated vs reported value differs by >10%
0504201911077180,Value Mismatch,valueusd,Calculated vs reported value differs by >10%
0504201911077179,Value Mismatch,valueusd,Calculated vs reported value differs by >10%
0404201910761455,Value Mismatch,valueusd,Calculated vs reported value differs by >10%
0204201911055738,Value Mismatch,valueusd,Calculated vs reported value differs by >10%
010420199405015,Value Mismatch,valueusd,Calculated vs reported value differs by >10%
300320195682670,Value Mismatch,valueusd,Calculated vs reported value differs by >10%
290320197952830,Value Mismatch,valueusd,Calculated vs reported value differs by >10%
290320197473000,Value Mismatch,valueusd,Calculated vs reported value differs by >10%
290320197473030,Value Mismatch,valueusd,Calculated vs reported value differs by >10%
280320195685020,Value Mismatch,valueusd,Calculated vs reported value differs by >10%
260320195649110,Value Mismatch,valueusd,Calculated vs reported value differs by >10%
260320195649110,Value Mismatch,valueusd,Calculated vs reported value differs by >10%
260320195649110,Value Mismatch,valueusd,Calculated vs reported value differs by >10%
250320196224770,Value Mismatch,valueusd,Calculated vs reported value differs by >10%
230320195674900,Value Mismatch,valueusd,Calculated vs reported value differs by >10%
230320196636470,Value Mismatch,valueusd,Calculated vs reported value differs by >10%
220320197846630,Value Mismatch,valueusd,Calculated vs reported value differs by >10%
220320197851880,Value Mismatch,valueusd,Calculated vs reported value differs by >10%
220320197851880,Value Mismatch,valueusd,Calculated vs reported value differs by >10%
220320197851880,Value Mismatch,valueusd,Calculated vs reported value differs by >10%
220320197851880,Value Mismatch,valueusd,Calculated vs reported value differs by >10%
220320197839500,Value Mismatch,valueusd,Calculated vs reported value differs by >10%
220320195672660,Value Mismatch,valueusd,Calculated vs reported value differs by >10%
220320195672660,Value Mismatch,valueusd,Calculated vs reported value differs by >10%
220320195672670,Value Mismatch,valueusd,Calculated vs reported value differs by >10%
220320195672650,Value Mismatch,valueusd,Calculated vs reported value differs by >10%
220320195672660,Value Mismatch,valueusd,Calculated vs reported value differs by >10%
220320195672650,Value Mismatch,valueusd,Calculated vs reported value differs by >10%
220320195672670,Value Mismatch,valueusd,Calculated vs reported value differs by >10%
220320195672660,Value Mismatch,valueusd,Calculated vs reported value differs by >10%
220320195672660,Value Mismatch,valueusd,Calculated vs reported value differs by >10%
220320195672650,Value Mismatch,valueusd,Calculated vs reported value differs by >10%
220320195672660,Value Mismatch,valueusd,Calculated vs reported value differs by >10%
220320195672670,Value Mismatch,valueusd,Calculated vs reported value differs by >10%
220320195672670,Value Mismatch,valueusd,Calculated vs reported value differs by >10%
220320195672660,Value Mismatch,valueusd,Calculated vs reported value differs by >10%
220320195672660,Value Mismatch,valueusd,Calculated vs reported value differs by >10%
220320195672650,Value Mismatch,valueusd,Calculated vs reported value differs by >10%
220320195672650,Value Mismatch,valueusd,Calculated vs reported value differs by >10%
220320195672650,Value Mismatch,valueusd,Calculated vs reported value differs by >10%
220320195672660,Value Mismatch,valueusd,Calculated vs reported value differs by >10%
220320195672660,Value Mismatch,valueusd,Calculated vs reported value differs by >10%
220320195672670,Value Mismatch,valueusd,Calculated vs reported value differs by >10%
220320195672670,Value Mismatch,valueusd,Calculated vs reported value differs by >10%
220320195672650,Value Mismatch,valueusd,Calculated vs reported value differs by >10%
220320195672660,Value Mismatch,valueusd,Calculated vs reported value differs by >10%
220320195672650,Value Mismatch,valueusd,Calculated vs reported value differs by >10%
210320197408270,Value Mismatch,valueusd,Calculated vs reported value differs by >10%
210320197408280,Value Mismatch,valueusd,Calculated vs reported value differs by >10%
210320197408280,Value Mismatch,valueusd,Calculated vs reported value differs by >10%
200320199042180,Value Mismatch,valueusd,Calculated vs reported value differs by >10%
200320197070660,Value Mismatch,valueusd,Calculated vs reported value differs by >10%
200320199042180,Value Mismatch,valueusd,Calculated vs reported value differs by >10%
200320197070660,Value Mismatch,valueusd,Calculated vs reported value differs by >10%
200320196606240,Value Mismatch,valueusd,Calculated vs reported value differs by >10%
190320195831620,Value Mismatch,valueusd,Calculated vs reported value differs by >10%
190320195831610,Value Mismatch,valueusd,Calculated vs reported value differs by >10%
190320195831680,Value Mismatch,valueusd,Calculated vs reported value differs by >10%
190320195831700,Value Mismatch,valueusd,Calculated vs reported value differs by >10%
190320195831670,Value Mismatch,valueusd,Calculated vs reported value differs by >10%
190320195831690,Value Mismatch,valueusd,Calculated vs reported value differs by >10%
190320195669280,Value Mismatch,valueusd,Calculated vs reported value differs by >10%
190320196587110,Value Mismatch,valueusd,Calculated vs reported value differs by >10%
190320199008070,Value Mismatch,valueusd,Calculated vs reported value differs by >10%
190320197036550,Value Mismatch,valueusd,Calculated vs reported value differs by >10%
190320191977980,Value Mismatch,valueusd,Calculated vs reported value differs by >10%
190320199026430,Value Mismatch,valueusd,Calculated vs reported value differs by >10%
190320197054910,Value Mismatch,valueusd,Calculated vs reported value differs by >10%
190320196187740,Value Mismatch,valueusd,Calculated vs reported value differs by >10%
180320195668300,Value Mismatch,valueusd,Calculated vs reported value differs by >10%
160320198306420,Value Mismatch,valueusd,Calculated vs reported value differs by >10%
150320195666250,Value Mismatch,valueusd,Calculated vs reported value differs by >10%
120320195663050,Value Mismatch,valueusd,Calculated vs reported value differs by >10%
120320197673350,Value Mismatch,valueusd,Calculated vs reported value differs by >10%
120320197673350,Value Mismatch,valueusd,Calculated vs reported value differs by >10%
120320197673350,Value Mismatch,valueusd,Calculated vs reported value differs by >10%
120320197673350,Value Mismatch,valueusd,Calculated vs reported value differs by >10%
120320197673350,Value Mismatch,valueusd,Calculated vs reported value differs by >10%
120320198901810,Value Mismatch,valueusd,Calculated vs reported value differs by >10%
120320196930290,Value Mismatch,valueusd,Calculated vs reported value differs by >10%
120320197673180,Value Mismatch,valueusd,Calculated vs reported value differs by >10%
120320197673180,Value Mismatch,valueusd,Calculated vs reported value differs by >10%
120320197673180,Value Mismatch,valueusd,Calculated vs reported value differs by >10%
120320197673180,Value Mismatch,valueusd,Calculated vs reported value differs by >10%
120320197673180,Value Mismatch,valueusd,Calculated vs reported value differs by >10%
120320197673180,Value Mismatch,valueusd,Calculated vs reported value differs by >10%
120320197673180,Value Mismatch,valueusd,Calculated vs reported value differs by >10%
120320197673170,Value Mismatch,valueusd,Calculated vs reported value differs by >10%
120320197673170,Value Mismatch,valueusd,Calculated vs reported value differs by >10%
120320197673170,Value Mismatch,valueusd,Calculated vs reported value differs by >10%
120320197673170,Value Mismatch,valueusd,Calculated vs reported value differs by >10%
120320197673170,Value Mismatch,valueusd,Calculated vs reported value differs by >10%
120320197673170,Value Mismatch,valueusd,Calculated vs reported value differs by >10%
120320197673170,Value Mismatch,valueusd,Calculated vs reported value differs by >10%
120320197673170,Value Mismatch,valueusd,Calculated vs reported value differs by >10%
120320197673170,Value Mismatch,valueusd,Calculated vs reported value differs by >10%
120320197673160,Value Mismatch,valueusd,Calculated vs reported value differs by >10%
120320197673160,Value Mismatch,valueusd,Calculated vs reported value differs by >10%
120320197673160,Value Mismatch,valueusd,Calculated vs reported value differs by >10%
120320197673160,Value Mismatch,valueusd,Calculated vs reported value differs by >10%
120320197673160,Value Mismatch,valueusd,Calculated vs reported value differs by >10%
120320197673160,Value Mismatch,valueusd,Calculated vs reported value differs by >10%
120320197673160,Value Mismatch,valueusd,Calculated vs reported value differs by >10%
120320197673160,Value Mismatch,valueusd,Calculated vs reported value differs by >10%
120320197673160,Value Mismatch,valueusd,Calculated vs reported value differs by >10%
120320197673160,Value Mismatch,valueusd,Calculated vs reported value differs by >10%
120320197673160,Value Mismatch,valueusd,Calculated vs reported value differs by >10%
120320197673150,Value Mismatch,valueusd,Calculated vs reported value differs by >10%
120320197673150,Value Mismatch,valueusd,Calculated vs reported value differs by >10%
120320197673150,Value Mismatch,valueusd,Calculated vs reported value differs by >10%
120320197673150,Value Mismatch,valueusd,Calculated vs reported value differs by >10%
120320197673150,Value Mismatch,valueusd,Calculated vs reported value differs by >10%
120320197673150,Value Mismatch,valueusd,Calculated vs reported value differs by >10%
120320197673150,Value Mismatch,valueusd,Calculated vs reported value differs by >10%
120320197673150,Value Mismatch,valueusd,Calculated vs reported value differs by >10%
120320197673150,Value Mismatch,valueusd,Calculated vs reported value differs by >10%
120320197673140,Value Mismatch,valueusd,Calculated vs reported value differs by >10%
120320197673140,Value Mismatch,valueusd,Calculated vs reported value differs by >10%
120320197673140,Value Mismatch,valueusd,Calculated vs reported value differs by >10%
120320197673140,Value Mismatch,valueusd,Calculated vs reported value differs by >10%
120320197673140,Value Mismatch,valueusd,Calculated vs reported value differs by >10%
120320195785760,Value Mismatch,valueusd,Calculated vs reported value differs by >10%
120320197673340,Value Mismatch,valueusd,Calculated vs reported value differs by >10%
120320197673340,Value Mismatch,valueusd,Calculated vs reported value differs by >10%
120320197673340,Value Mismatch,valueusd,Calculated vs reported value differs by >10%
120320197673340,Value Mismatch,valueusd,Calculated vs reported value differs by >10%
120320197673340,Value Mismatch,valueusd,Calculated vs reported value differs by >10%
120320197673340,Value Mismatch,valueusd,Calculated vs reported value differs by >10%
120320197673340,Value Mismatch,valueusd,Calculated vs reported value differs by >10%
120320197673340,Value Mismatch,valueusd,Calculated vs reported value differs by >10%
120320197673340,Value Mismatch,valueusd,Calculated vs reported value differs by >10%
120320197673340,Value Mismatch,valueusd,Calculated vs reported value differs by >10%
120320197673340,Value Mismatch,valueusd,Calculated vs reported value differs by >10%
120320197673330,Value Mismatch,valueusd,Calculated vs reported value differs by >10%
120320197673330,Value Mismatch,valueusd,Calculated vs reported value differs by >10%
120320197673330,Value Mismatch,valueusd,Calculated vs reported value differs by >10%
120320197673330,Value Mismatch,valueusd,Calculated vs reported value differs by >10%
120320197673330,Value Mismatch,valueusd,Calculated vs reported value differs by >10%
120320197673330,Value Mismatch,valueusd,Calculated vs reported value differs by >10%
120320197673330,Value Mismatch,valueusd,Calculated vs reported value differs by >10%
120320197673330,Value Mismatch,valueusd,Calculated vs reported value differs by >10%
120320197673330,Value Mismatch,valueusd,Calculated vs reported value differs by >10%
120320197673320,Value Mismatch,valueusd,Calculated vs reported value differs by >10%
120320197673320,Value Mismatch,valueusd,Calculated vs reported value differs by >10%
120320197673320,Value Mismatch,valueusd,Calculated vs reported value differs by >10%
120320197673320,Value Mismatch,valueusd,Calculated vs reported value differs by >10%
120320197673320,Value Mismatch,valueusd,Calculated vs reported value differs by >10%
120320197673320,Value Mismatch,valueusd,Calculated vs reported value differs by >10%
120320197673320,Value Mismatch,valueusd,Calculated vs reported value differs by >10%
120320197673320,Value Mismatch,valueusd,Calculated vs reported value differs by >10%
120320197673320,Value Mismatch,valueusd,Calculated vs reported value differs by >10%
120320197673320,Value Mismatch,valueusd,Calculated vs reported value differs by >10%
120320197673320,Value Mismatch,valueusd,Calculated vs reported value differs by >10%
120320197673310,Value Mismatch,valueusd,Calculated vs reported value differs by >10%
120320197673310,Value Mismatch,valueusd,Calculated vs reported value differs by >10%
120320197673310,Value Mismatch,valueusd,Calculated vs reported value differs by >10%
120320197673310,Value Mismatch,valueusd,Calculated vs reported value differs by >10%
120320197673310,Value Mismatch,valueusd,Calculated vs reported value differs by >10%
120320197673310,Value Mismatch,valueusd,Calculated vs reported value differs by >10%
120320197673310,Value Mismatch,valueusd,Calculated vs reported value differs by >10%
120320197673310,Value Mismatch,valueusd,Calculated vs reported value differs by >10%
120320197673310,Value Mismatch,valueusd,Calculated vs reported value differs by >10%
120320197673300,Value Mismatch,valueusd,Calculated vs reported value differs by >10%
120320197673300,Value Mismatch,valueusd,Calculated vs reported value differs by >10%
120320197673300,Value Mismatch,valueusd,Calculated vs reported value differs by >10%
120320197673300,Value Mismatch,valueusd,Calculated vs reported value differs by >10%
120320197673300,Value Mismatch,valueusd,Calculated vs reported value differs by >10%
120320197673300,Value Mismatch,valueusd,Calculated vs reported value differs by >10%
120320197673300,Value Mismatch,valueusd,Calculated vs reported value differs by >10%
120320197673300,Value Mismatch,valueusd,Calculated vs reported value differs by >10%
120320197673300,Value Mismatch,valueusd,Calculated vs reported value differs by >10%
120320197673300,Value Mismatch,valueusd,Calculated vs reported value differs by >10%
120320197673300,Value Mismatch,valueusd,Calculated vs reported value differs by >10%
120320197673290,Value Mismatch,valueusd,Calculated vs reported value differs by >10%
120320197673290,Value Mismatch,valueusd,Calculated vs reported value differs by >10%
120320197673290,Value Mismatch,valueusd,Calculated vs reported value differs by >10%
120320197673290,Value Mismatch,valueusd,Calculated vs reported value differs by >10%
120320197673290,Value Mismatch,valueusd,Calculated vs reported value differs by >10%
120320197673290,Value Mismatch,valueusd,Calculated vs reported value differs by >10%
120320197673290,Value Mismatch,valueusd,Calculated vs reported value differs by >10%
120320197673290,Value Mismatch,valueusd,Calculated vs reported value differs by >10%
120320197673290,Value Mismatch,valueusd,Calculated vs reported value differs by >10%
120320197673280,Value Mismatch,valueusd,Calculated vs reported value differs by >10%
120320197673280,Value Mismatch,valueusd,Calculated vs reported value differs by >10%
120320197673280,Value Mismatch,valueusd,Calculated vs reported value differs by >10%
120320197673280,Value Mismatch,valueusd,Calculated vs reported value differs by >10%
120320197673280,Value Mismatch,valueusd,Calculated vs reported value differs by >10%
120320197673280,Value Mismatch,valueusd,Calculated vs reported value differs by >10%
120320197673280,Value Mismatch,valueusd,Calculated vs reported value differs by >10%
120320197673280,Value Mismatch,valueusd,Calculated vs reported value differs by >10%
120320197673280,Value Mismatch,valueusd,Calculated vs reported value differs by >10%
120320197673280,Value Mismatch,valueusd,Calculated vs reported value differs by >10%
120320197673280,Value Mismatch,valueusd,Calculated vs reported value differs by >10%
120320197673270,Value Mismatch,valueusd,Calculated vs reported value differs by >10%
120320197673270,Value Mismatch,valueusd,Calculated vs reported value differs by >10%
120320197673270,Value Mismatch,valueusd,Calculated vs reported value differs by >10%
120320197673270,Value Mismatch,valueusd,Calculated vs reported value differs by >10%
120320197673270,Value Mismatch,valueusd,Calculated vs reported value differs by >10%
120320197673270,Value Mismatch,valueusd,Calculated vs reported value differs by >10%
120320197673270,Value Mismatch,valueusd,Calculated vs reported value differs by >10%
120320197673270,Value Mismatch,valueusd,Calculated vs reported value differs by >10%
120320197673270,Value Mismatch,valueusd,Calculated vs reported value differs by >10%
120320197673260,Value Mismatch,valueusd,Calculated vs reported value differs by >10%
120320197673260,Value Mismatch,valueusd,Calculated vs reported value differs by >10%
120320197673260,Value Mismatch,valueusd,Calculated vs reported value differs by >10%
120320197673260,Value Mismatch,valueusd,Calculated vs reported value differs by >10%
120320197673260,Value Mismatch,valueusd,Calculated vs reported value differs by >10%
120320197673260,Value Mismatch,valueusd,Calculated vs reported value differs by >10%
120320197673260,Value Mismatch,valueusd,Calculated vs reported value differs by >10%
120320197673260,Value Mismatch,valueusd,Calculated vs reported value differs by >10%
120320197673260,Value Mismatch,valueusd,Calculated vs reported value differs by >10%
120320197673260,Value Mismatch,valueusd,Calculated vs reported value differs by >10%
120320197673260,Value Mismatch,valueusd,Calculated vs reported value differs by >10%
120320197673250,Value Mismatch,valueusd,Calculated vs reported value differs by >10%
120320197673250,Value Mismatch,valueusd,Calculated vs reported value differs by >10%
120320197673250,Value Mismatch,valueusd,Calculated vs reported value differs by >10%
120320197673250,Value Mismatch,valueusd,Calculated vs reported value differs by >10%
120320197673250,Value Mismatch,valueusd,Calculated vs reported value differs by >10%
120320197673250,Value Mismatch,valueusd,Calculated vs reported value differs by >10%
120320197673250,Value Mismatch,valueusd,Calculated vs reported value differs by >10%
120320197673250,Value Mismatch,valueusd,Calculated vs reported value differs by >10%
120320197673250,Value Mismatch,valueusd,Calculated vs reported value differs by >10%
120320197673240,Value Mismatch,valueusd,Calculated vs reported value differs by >10%
120320197673240,Value Mismatch,valueusd,Calculated vs reported value differs by >10%
120320197673240,Value Mismatch,valueusd,Calculated vs reported value differs by >10%
120320197673240,Value Mismatch,valueusd,Calculated vs reported value differs by >10%
120320197673240,Value Mismatch,valueusd,Calculated vs reported value differs by >10%
120320197673240,Value Mismatch,valueusd,Calculated vs reported value differs by >10%
120320197673240,Value Mismatch,valueusd,Calculated vs reported value differs by >10%
120320197673240,Value Mismatch,valueusd,Calculated vs reported value differs by >10%
120320197673240,Value Mismatch,valueusd,Calculated vs reported value differs by >10%
120320197673240,Value Mismatch,valueusd,Calculated vs reported value differs by >10%
120320197673240,Value Mismatch,valueusd,Calculated vs reported value differs by >10%
120320197673230,Value Mismatch,valueusd,Calculated vs reported value differs by >10%
120320197673230,Value Mismatch,valueusd,Calculated vs reported value differs by >10%
120320197673230,Value Mismatch,valueusd,Calculated vs reported value differs by >10%
120320197673230,Value Mismatch,valueusd,Calculated vs reported value differs by >10%
120320197673230,Value Mismatch,valueusd,Calculated vs reported value differs by >10%
120320197673230,Value Mismatch,valueusd,Calculated vs reported value differs by >10%
120320197673230,Value Mismatch,valueusd,Calculated vs reported value differs by >10%
120320197673230,Value Mismatch,valueusd,Calculated vs reported value differs by >10%
120320197673230,Value Mismatch,valueusd,Calculated vs reported value differs by >10%
120320197673220,Value Mismatch,valueusd,Calculated vs reported value differs by >10%
120320197673220,Value Mismatch,valueusd,Calculated vs reported value differs by >10%
120320197673220,Value Mismatch,valueusd,Calculated vs reported value differs by >10%
120320197673220,Value Mismatch,valueusd,Calculated vs reported value differs by >10%
120320197673220,Value Mismatch,valueusd,Calculated vs reported value differs by >10%
120320197673220,Value Mismatch,valueusd,Calculated vs reported value differs by >10%
120320197673220,Value Mismatch,valueusd,Calculated vs reported value differs by >10%
120320197673220,Value Mismatch,valueusd,Calculated vs reported value differs by >10%
120320197673220,Value Mismatch,valueusd,Calculated vs reported value differs by >10%
120320197673220,Value Mismatch,valueusd,Calculated vs reported value differs by >10%
120320197673220,Value Mismatch,valueusd,Calculated vs reported value differs by >10%
120320197673210,Value Mismatch,valueusd,Calculated vs reported value differs by >10%
120320197673210,Value Mismatch,valueusd,Calculated vs reported value differs by >10%
120320197673210,Value Mismatch,valueusd,Calculated vs reported value differs by >10%
120320197673210,Value Mismatch,valueusd,Calculated vs reported value differs by >10%
120320197673210,Value Mismatch,valueusd,Calculated vs reported value differs by >10%
120320197673210,Value Mismatch,valueusd,Calculated vs reported value differs by >10%
120320197673210,Value Mismatch,valueusd,Calculated vs reported value differs by >10%
120320197673210,Value Mismatch,valueusd,Calculated vs reported value differs by >10%
120320197673210,Value Mismatch,valueusd,Calculated vs reported value differs by >10%
120320197673200,Value Mismatch,valueusd,Calculated vs reported value differs by >10%
120320197673200,Value Mismatch,valueusd,Calculated vs reported value differs by >10%
120320197673200,Value Mismatch,valueusd,Calculated vs reported value differs by >10%
120320197673200,Value Mismatch,valueusd,Calculated vs reported value differs by >10%
120320197673200,Value Mismatch,valueusd,Calculated vs reported value differs by >10%
120320197673200,Value Mismatch,valueusd,Calculated vs reported value differs by >10%
120320197673200,Value Mismatch,valueusd,Calculated vs reported value differs by >10%
120320197673200,Value Mismatch,valueusd,Calculated vs reported value differs by >10%
120320197673200,Value Mismatch,valueusd,Calculated vs reported value differs by >10%
120320197673200,Value Mismatch,valueusd,Calculated vs reported value differs by >10%
120320197673200,Value Mismatch,valueusd,Calculated vs reported value differs by >10%
120320197673190,Value Mismatch,valueusd,Calculated vs reported value differs by >10%
120320197673190,Value Mismatch,valueusd,Calculated vs reported value differs by >10%
120320197673190,Value Mismatch,valueusd,Calculated vs reported value differs by >10%
120320197673190,Value Mismatch,valueusd,Calculated vs reported value differs by >10%
120320197673190,Value Mismatch,valueusd,Calculated vs reported value differs by >10%
120320197673190,Value Mismatch,valueusd,Calculated vs reported value differs by >10%
120320197673190,Value Mismatch,valueusd,Calculated vs reported value differs by >10%
120320197673190,Value Mismatch,valueusd,Calculated vs reported value differs by >10%
120320197673190,Value Mismatch,valueusd,Calculated vs reported value differs by >10%
120320197673180,Value Mismatch,valueusd,Calculated vs reported value differs by >10%
120320197673180,Value Mismatch,valueusd,Calculated vs reported value differs by >10%
120320197673180,Value Mismatch,valueusd,Calculated vs reported value differs by >10%
120320197673180,Value Mismatch,valueusd,Calculated vs reported value differs by >10%
120320195663230,Value Mismatch,valueusd,Calculated vs reported value differs by >10%
120320195663050,Value Mismatch,valueusd,Calculated vs reported value differs by >10%
120320195663050,Value Mismatch,valueusd,Calculated vs reported value differs by >10%
120320197673000,Value Mismatch,valueusd,Calculated vs reported value differs by >10%
120320197673000,Value Mismatch,valueusd,Calculated vs reported value differs by >10%
120320197673000,Value Mismatch,valueusd,Calculated vs reported value differs by >10%
120320197673000,Value Mismatch,valueusd,Calculated vs reported value differs by >10%
120320197673000,Value Mismatch,valueusd,Calculated vs reported value differs by >10%
120320197673000,Value Mismatch,valueusd,Calculated vs reported value differs by >10%
120320195663050,Value Mismatch,valueusd,Calculated vs reported value differs by >10%
120320195786260,Value Mismatch,valueusd,Calculated vs reported value differs by >10%
110320196139340,Value Mismatch,valueusd,Calculated vs reported value differs by >10%
090320197624911,Value Mismatch,valueusd,Calculated vs reported value differs by >10%
090320197624912,Value Mismatch,valueusd,Calculated vs reported value differs by >10%
090320197624809,Value Mismatch,valueusd,Calculated vs reported value differs by >10%
090320197624808,Value Mismatch,valueusd,Calculated vs reported value differs by >10%
090320197624807,Value Mismatch,valueusd,Calculated vs reported value differs by >10%
090320197624806,Value Mismatch,valueusd,Calculated vs reported value differs by >10%
090320197624814,Value Mismatch,valueusd,Calculated vs reported value differs by >10%
090320197624813,Value Mismatch,valueusd,Calculated vs reported value differs by >10%
090320197624812,Value Mismatch,valueusd,Calculated vs reported value differs by >10%
090320197624811,Value Mismatch,valueusd,Calculated vs reported value differs by >10%
090320197624810,Value Mismatch,valueusd,Calculated vs reported value differs by >10%
090320197624819,Value Mismatch,valueusd,Calculated vs reported value differs by >10%
090320197624818,Value Mismatch,valueusd,Calculated vs reported value differs by >10%
090320197624817,Value Mismatch,valueusd,Calculated vs reported value differs by >10%
090320197624816,Value Mismatch,valueusd,Calculated vs reported value differs by >10%
090320197624815,Value Mismatch,valueusd,Calculated vs reported value differs by >10%
090320197624824,Value Mismatch,valueusd,Calculated vs reported value differs by >10%
090320197624823,Value Mismatch,valueusd,Calculated vs reported value differs by >10%
090320197624822,Value Mismatch,valueusd,Calculated vs reported value differs by >10%
090320197624821,Value Mismatch,valueusd,Calculated vs reported value differs by >10%
090320197624820,Value Mismatch,valueusd,Calculated vs reported value differs by >10%
090320197624830,Value Mismatch,valueusd,Calculated vs reported value differs by >10%
090320197624829,Value Mismatch,valueusd,Calculated vs reported value differs by >10%
090320197624828,Value Mismatch,valueusd,Calculated vs reported value differs by >10%
090320197624827,Value Mismatch,valueusd,Calculated vs reported value differs by >10%
090320197624826,Value Mismatch,valueusd,Calculated vs reported value differs by >10%
090320197624825,Value Mismatch,valueusd,Calculated vs reported value differs by >10%
090320197624834,Value Mismatch,valueusd,Calculated vs reported value differs by >10%
090320197624833,Value Mismatch,valueusd,Calculated vs reported value differs by >10%
090320197624832,Value Mismatch,valueusd,Calculated vs reported value differs by >10%
090320197624831,Value Mismatch,valueusd,Calculated vs reported value differs by >10%
090320197624838,Value Mismatch,valueusd,Calculated vs reported value differs by >10%
090320197624837,Value Mismatch,valueusd,Calculated vs reported value differs by >10%
090320197624836,Value Mismatch,valueusd,Calculated vs reported value differs by >10%
090320197624835,Value Mismatch,valueusd,Calculated vs reported value differs by >10%
090320197624842,Value Mismatch,valueusd,Calculated vs reported value differs by >10%
090320197624841,Value Mismatch,valueusd,Calculated vs reported value differs by >10%
090320197624840,Value Mismatch,valueusd,Calculated vs reported value differs by >10%
090320197624839,Value Mismatch,valueusd,Calculated vs reported value differs by >10%
090320197624847,Value Mismatch,valueusd,Calculated vs reported value differs by >10%
090320197624846,Value Mismatch,valueusd,Calculated vs reported value differs by >10%
090320197624845,Value Mismatch,valueusd,Calculated vs reported value differs by >10%
090320197624844,Value Mismatch,valueusd,Calculated vs reported value differs by >10%
090320197624843,Value Mismatch,valueusd,Calculated vs reported value differs by >10%
090320197624852,Value Mismatch,valueusd,Calculated vs reported value differs by >10%
090320197624851,Value Mismatch,valueusd,Calculated vs reported value differs by >10%
090320197624850,Value Mismatch,valueusd,Calculated vs reported value differs by >10%
090320197624849,Value Mismatch,valueusd,Calculated vs reported value differs by >10%
090320197624848,Value Mismatch,valueusd,Calculated vs reported value differs by >10%
090320197624857,Value Mismatch,valueusd,Calculated vs reported value differs by >10%
090320197624856,Value Mismatch,valueusd,Calculated vs reported value differs by >10%
090320197624855,Value Mismatch,valueusd,Calculated vs reported value differs by >10%
090320197624854,Value Mismatch,valueusd,Calculated vs reported value differs by >10%
090320197624853,Value Mismatch,valueusd,Calculated vs reported value differs by >10%
090320197624863,Value Mismatch,valueusd,Calculated vs reported value differs by >10%
090320197624862,Value Mismatch,valueusd,Calculated vs reported value differs by >10%
090320197624861,Value Mismatch,valueusd,Calculated vs reported value differs by >10%
090320197624860,Value Mismatch,valueusd,Calculated vs reported value differs by >10%
090320197624859,Value Mismatch,valueusd,Calculated vs reported value differs by >10%
090320197624858,Value Mismatch,valueusd,Calculated vs reported value differs by >10%
090320197624915,Value Mismatch,valueusd,Calculated vs reported value differs by >10%
090320197624914,Value Mismatch,valueusd,Calculated vs reported value differs by >10%
090320197624913,Value Mismatch,valueusd,Calculated vs reported value differs by >10%
090320197624964,Value Mismatch,valueusd,Calculated vs reported value differs by >10%
090320197624963,Value Mismatch,valueusd,Calculated vs reported value differs by >10%
090320197624962,Value Mismatch,valueusd,Calculated vs reported value differs by >10%
090320197624967,Value Mismatch,valueusd,Calculated vs reported value differs by >10%
090320197624966,Value Mismatch,valueusd,Calculated vs reported value differs by >10%
090320197624965,Value Mismatch,valueusd,Calculated vs reported value differs by >10%
090320197624918,Value Mismatch,valueusd,Calculated vs reported value differs by >10%
090320197624917,Value Mismatch,valueusd,Calculated vs reported value differs by >10%
090320197624916,Value Mismatch,valueusd,Calculated vs reported value differs by >10%
090320197624970,Value Mismatch,valueusd,Calculated vs reported value differs by >10%
090320197624969,Value Mismatch,valueusd,Calculated vs reported value differs by >10%
090320197624968,Value Mismatch,valueusd,Calculated vs reported value differs by >10%
090320197624921,Value Mismatch,valueusd,Calculated vs reported value differs by >10%
090320197624920,Value Mismatch,valueusd,Calculated vs reported value differs by >10%
090320197624919,Value Mismatch,valueusd,Calculated vs reported value differs by >10%
090320197624973,Value Mismatch,valueusd,Calculated vs reported value differs by >10%
090320197624972,Value Mismatch,valueusd,Calculated vs reported value differs by >10%
090320197624971,Value Mismatch,valueusd,Calculated vs reported value differs by >10%
090320197624976,Value Mismatch,valueusd,Calculated vs reported value differs by >10%
090320197624975,Value Mismatch,valueusd,Calculated vs reported value differs by >10%
090320197624974,Value Mismatch,valueusd,Calculated vs reported value differs by >10%
090320197624924,Value Mismatch,valueusd,Calculated vs reported value differs by >10%
090320197624923,Value Mismatch,valueusd,Calculated vs reported value differs by >10%
090320197624922,Value Mismatch,valueusd,Calculated vs reported value differs by >10%
090320197624979,Value Mismatch,valueusd,Calculated vs reported value differs by >10%
090320197624978,Value Mismatch,valueusd,Calculated vs reported value differs by >10%
090320197624977,Value Mismatch,valueusd,Calculated vs reported value differs by >10%
090320197624927,Value Mismatch,valueusd,Calculated vs reported value differs by >10%
090320197624926,Value Mismatch,valueusd,Calculated vs reported value differs by >10%
090320197624925,Value Mismatch,valueusd,Calculated vs reported value differs by >10%
090320197624982,Value Mismatch,valueusd,Calculated vs reported value differs by >10%
090320197624981,Value Mismatch,valueusd,Calculated vs reported value differs by >10%
090320197624980,Value Mismatch,valueusd,Calculated vs reported value differs by >10%
090320197624930,Value Mismatch,valueusd,Calculated vs reported value differs by >10%
090320197624929,Value Mismatch,valueusd,Calculated vs reported value differs by >10%
090320197624928,Value Mismatch,valueusd,Calculated vs reported value differs by >10%
090320197624985,Value Mismatch,valueusd,Calculated vs reported value differs by >10%
090320197624984,Value Mismatch,valueusd,Calculated vs reported value differs by >10%
090320197624983,Value Mismatch,valueusd,Calculated vs reported value differs by >10%
090320197624933,Value Mismatch,valueusd,Calculated vs reported value differs by >10%
090320197624932,Value Mismatch,valueusd,Calculated vs reported value differs by >10%
090320197624931,Value Mismatch,valueusd,Calculated vs reported value differs by >10%
090320197624937,Value Mismatch,valueusd,Calculated vs reported value differs by >10%
090320197624936,Value Mismatch,valueusd,Calculated vs reported value differs by >10%
090320197624935,Value Mismatch,valueusd,Calculated vs reported value differs by >10%
090320197624934,Value Mismatch,valueusd,Calculated vs reported value differs by >10%
090320197624941,Value Mismatch,valueusd,Calculated vs reported value differs by >10%
090320197624940,Value Mismatch,valueusd,Calculated vs reported value differs by >10%
090320197624939,Value Mismatch,valueusd,Calculated vs reported value differs by >10%
090320197624938,Value Mismatch,valueusd,Calculated vs reported value differs by >10%
090320197624945,Value Mismatch,valueusd,Calculated vs reported value differs by >10%
090320197624944,Value Mismatch,valueusd,Calculated vs reported value differs by >10%
090320197624943,Value Mismatch,valueusd,Calculated vs reported value differs by >10%
090320197624942,Value Mismatch,valueusd,Calculated vs reported value differs by >10%
090320197624949,Value Mismatch,valueusd,Calculated vs reported value differs by >10%
090320197624948,Value Mismatch,valueusd,Calculated vs reported value differs by >10%
090320197624947,Value Mismatch,valueusd,Calculated vs reported value differs by >10%
090320197624946,Value Mismatch,valueusd,Calculated vs reported value differs by >10%
090320197624955,Value Mismatch,valueusd,Calculated vs reported value differs by >10%
090320197624954,Value Mismatch,valueusd,Calculated vs reported value differs by >10%
090320197624953,Value Mismatch,valueusd,Calculated vs reported value differs by >10%
090320197624952,Value Mismatch,valueusd,Calculated vs reported value differs by >10%
090320197624951,Value Mismatch,valueusd,Calculated vs reported value differs by >10%
090320197624950,Value Mismatch,valueusd,Calculated vs reported value differs by >10%
090320197624961,Value Mismatch,valueusd,Calculated vs reported value differs by >10%
090320197624960,Value Mismatch,valueusd,Calculated vs reported value differs by >10%
090320197624959,Value Mismatch,valueusd,Calculated vs reported value differs by >10%
090320197624958,Value Mismatch,valueusd,Calculated vs reported value differs by >10%
090320197624957,Value Mismatch,valueusd,Calculated vs reported value differs by >10%
090320197624956,Value Mismatch,valueusd,Calculated vs reported value differs by >10%
090320197624988,Value Mismatch,valueusd,Calculated vs reported value differs by >10%
090320197624987,Value Mismatch,valueusd,Calculated vs reported value differs by >10%
090320197624986,Value Mismatch,valueusd,Calculated vs reported value differs by >10%
090320197624991,Value Mismatch,valueusd,Calculated vs reported value differs by >10%
090320197624990,Value Mismatch,valueusd,Calculated vs reported value differs by >10%
090320197624989,Value Mismatch,valueusd,Calculated vs reported value differs by >10%
090320197624995,Value Mismatch,valueusd,Calculated vs reported value differs by >10%
090320197624994,Value Mismatch,valueusd,Calculated vs reported value differs by >10%
090320197624993,Value Mismatch,valueusd,Calculated vs reported value differs by >10%
090320197624992,Value Mismatch,valueusd,Calculated vs reported value differs by >10%
090320197624999,Value Mismatch,valueusd,Calculated vs reported value differs by >10%
090320197624998,Value Mismatch,valueusd,Calculated vs reported value differs by >10%
090320197624997,Value Mismatch,valueusd,Calculated vs reported value differs by >10%
090320197624996,Value Mismatch,valueusd,Calculated vs reported value differs by >10%
090320197624910,Value Mismatch,valueusd,Calculated vs reported value differs by >10%
090320197624909,Value Mismatch,valueusd,Calculated vs reported value differs by >10%
090320197624908,Value Mismatch,valueusd,Calculated vs reported value differs by >10%
090320197624907,Value Mismatch,valueusd,Calculated vs reported value differs by >10%
090320197624899,Value Mismatch,valueusd,Calculated vs reported value differs by >10%
090320197624898,Value Mismatch,valueusd,Calculated vs reported value differs by >10%
090320197624897,Value Mismatch,valueusd,Calculated vs reported value differs by >10%
090320197624896,Value Mismatch,valueusd,Calculated vs reported value differs by >10%
090320197624887,Value Mismatch,valueusd,Calculated vs reported value differs by >10%
090320197624886,Value Mismatch,valueusd,Calculated vs reported value differs by >10%
090320197624885,Value Mismatch,valueusd,Calculated vs reported value differs by >10%
090320197624884,Value Mismatch,valueusd,Calculated vs reported value differs by >10%
090320197624875,Value Mismatch,valueusd,Calculated vs reported value differs by >10%
090320197624874,Value Mismatch,valueusd,Calculated vs reported value differs by >10%
090320197624873,Value Mismatch,valueusd,Calculated vs reported value differs by >10%
090320197624872,Value Mismatch,valueusd,Calculated vs reported value differs by >10%
090320197624906,Value Mismatch,valueusd,Calculated vs reported value differs by >10%
090320197624905,Value Mismatch,valueusd,Calculated vs reported value differs by >10%
090320197624895,Value Mismatch,valueusd,Calculated vs reported value differs by >10%
090320197624894,Value Mismatch,valueusd,Calculated vs reported value differs by >10%
090320197624883,Value Mismatch,valueusd,Calculated vs reported value differs by >10%
090320197624882,Value Mismatch,valueusd,Calculated vs reported value differs by >10%
090320197624871,Value Mismatch,valueusd,Calculated vs reported value differs by >10%
090320197624870,Value Mismatch,valueusd,Calculated vs reported value differs by >10%
090320197624904,Value Mismatch,valueusd,Calculated vs reported value differs by >10%
090320197624903,Value Mismatch,valueusd,Calculated vs reported value differs by >10%
090320197624902,Value Mismatch,valueusd,Calculated vs reported value differs by >10%
090320197624901,Value Mismatch,valueusd,Calculated vs reported value differs by >10%
090320197624900,Value Mismatch,valueusd,Calculated vs reported value differs by >10%
090320197624881,Value Mismatch,valueusd,Calculated vs reported value differs by >10%
090320197624880,Value Mismatch,valueusd,Calculated vs reported value differs by >10%
090320197624879,Value Mismatch,valueusd,Calculated vs reported value differs by >10%
090320197624878,Value Mismatch,valueusd,Calculated vs reported value differs by >10%
090320197624877,Value Mismatch,valueusd,Calculated vs reported value differs by >10%
090320197624876,Value Mismatch,valueusd,Calculated vs reported value differs by >10%
090320197624869,Value Mismatch,valueusd,Calculated vs reported value differs by >10%
090320197624868,Value Mismatch,valueusd,Calculated vs reported value differs by >10%
090320197624867,Value Mismatch,valueusd,Calculated vs reported value differs by >10%
090320197624866,Value Mismatch,valueusd,Calculated vs reported value differs by >10%
090320197624865,Value Mismatch,valueusd,Calculated vs reported value differs by >10%
090320197624864,Value Mismatch,valueusd,Calculated vs reported value differs by >10%
090320197624890,Value Mismatch,valueusd,Calculated vs reported value differs by >10%
090320197624889,Value Mismatch,valueusd,Calculated vs reported value differs by >10%
090320197624888,Value Mismatch,valueusd,Calculated vs reported value differs by >10%
090320197624893,Value Mismatch,valueusd,Calculated vs reported value differs by >10%
090320197624892,Value Mismatch,valueusd,Calculated vs reported value differs by >10%
090320197624891,Value Mismatch,valueusd,Calculated vs reported value differs by >10%
080320196118168,Value Mismatch,valueusd,Calculated vs reported value differs by >10%
070320195657462,Value Mismatch,valueusd,Calculated vs reported value differs by >10%
070320195657472,Value Mismatch,valueusd,Calculated vs reported value differs by >10%
070320195657471,Value Mismatch,valueusd,Calculated vs reported value differs by >10%
070320195657468,Value Mismatch,valueusd,Calculated vs reported value differs by >10%
070320195657476,Value Mismatch,valueusd,Calculated vs reported value differs by >10%
070320195657467,Value Mismatch,valueusd,Calculated vs reported value differs by >10%
070320195657453,Value Mismatch,valueusd,Calculated vs reported value differs by >10%
070320195657473,Value Mismatch,valueusd,Calculated vs reported value differs by >10%
070320195657474,Value Mismatch,valueusd,Calculated vs reported value differs by >10%
070320195657464,Value Mismatch,valueusd,Calculated vs reported value differs by >10%
070320195657452,Value Mismatch,valueusd,Calculated vs reported value differs by >10%
070320195657479,Value Mismatch,valueusd,Calculated vs reported value differs by >10%
070320195657475,Value Mismatch,valueusd,Calculated vs reported value differs by >10%
070320195657477,Value Mismatch,valueusd,Calculated vs reported value differs by >10%
070320195657461,Value Mismatch,valueusd,Calculated vs reported value differs by >10%
070320195657459,Value Mismatch,valueusd,Calculated vs reported value differs by >10%
070320195657469,Value Mismatch,valueusd,Calculated vs reported value differs by >10%
070320195657465,Value Mismatch,valueusd,Calculated vs reported value differs by >10%
070320195657470,Value Mismatch,valueusd,Calculated vs reported value differs by >10%
070320195657458,Value Mismatch,valueusd,Calculated vs reported value differs by >10%
070320195657455,Value Mismatch,valueusd,Calculated vs reported value differs by >10%
070320195657456,Value Mismatch,valueusd,Calculated vs reported value differs by >10%
070320195657457,Value Mismatch,valueusd,Calculated vs reported value differs by >10%
070320195657463,Value Mismatch,valueusd,Calculated vs reported value differs by >10%
070320195657460,Value Mismatch,valueusd,Calculated vs reported value differs by >10%
070320195657466,Value Mismatch,valueusd,Calculated vs reported value differs by >10%
070320195657454,Value Mismatch,valueusd,Calculated vs reported value differs by >10%
070320196457844,Value Mismatch,valueusd,Calculated vs reported value differs by >10%
060320198088534,Value Mismatch,valueusd,Calculated vs reported value differs by >10%
060320198088533,Value Mismatch,valueusd,Calculated vs reported value differs by >10%
060320195573040,Value Mismatch,valueusd,Calculated vs reported value differs by >10%
040320196099862,Value Mismatch,valueusd,Calculated vs reported value differs by >10%
040320196099852,Value Mismatch,valueusd,Calculated vs reported value differs by >10%
040320196099858,Value Mismatch,valueusd,Calculated vs reported value differs by >10%
010320196393910,Value Mismatch,valueusd,Calculated vs reported value differs by >10%
010320196393914,Value Mismatch,valueusd,Calculated vs reported value differs by >10%
280220193944400,Value Mismatch,valueusd,Calculated vs reported value differs by >10%
280220194731480,Value Mismatch,valueusd,Calculated vs reported value differs by >10%
280220194746450,Value Mismatch,valueusd,Calculated vs reported value differs by >10%
280220194920380,Value Mismatch,valueusd,Calculated vs reported value differs by >10%
230220194159890,Value Mismatch,valueusd,Calculated vs reported value differs by >10%
200220192984060,Value Mismatch,valueusd,Calculated vs reported value differs by >10%
200220192984080,Value Mismatch,valueusd,Calculated vs reported value differs by >10%
200220192984070,Value Mismatch,valueusd,Calculated vs reported value differs by >10%
200220192984070,Value Mismatch,valueusd,Calculated vs reported value differs by >10%
200220192984100,Value Mismatch,valueusd,Calculated vs reported value differs by >10%
200220192984080,Value Mismatch,valueusd,Calculated vs reported value differs by >10%
200220192984080,Value Mismatch,valueusd,Calculated vs reported value differs by >10%
200220192984100,Value Mismatch,valueusd,Calculated vs reported value differs by >10%
200220192984100,Value Mismatch,valueusd,Calculated vs reported value differs by >10%
200220192984100,Value Mismatch,valueusd,Calculated vs reported value differs by >10%
200220192984080,Value Mismatch,valueusd,Calculated vs reported value differs by >10%
200220192984090,Value Mismatch,valueusd,Calculated vs reported value differs by >10%
200220192984080,Value Mismatch,valueusd,Calculated vs reported value differs by >10%
200220192984070,Value Mismatch,valueusd,Calculated vs reported value differs by >10%
200220192984070,Value Mismatch,valueusd,Calculated vs reported value differs by >10%
200220192984070,Value Mismatch,valueusd,Calculated vs reported value differs by >10%
200220192984080,Value Mismatch,valueusd,Calculated vs reported value differs by >10%
200220192984110,Value Mismatch,valueusd,Calculated vs reported value differs by >10%
200220192984110,Value Mismatch,valueusd,Calculated vs reported value differs by >10%
200220192984080,Value Mismatch,valueusd,Calculated vs reported value differs by >10%
200220192984090,Value Mismatch,valueusd,Calculated vs reported value differs by >10%
200220192984100,Value Mismatch,valueusd,Calculated vs reported value differs by >10%
200220192984060,Value Mismatch,valueusd,Calculated vs reported value differs by >10%
200220192984100,Value Mismatch,valueusd,Calculated vs reported value differs by >10%
200220192984090,Value Mismatch,valueusd,Calculated vs reported value differs by >10%
200220192984070,Value Mismatch,valueusd,Calculated vs reported value differs by >10%
200220192984100,Value Mismatch,valueusd,Calculated vs reported value differs by >10%
200220192984110,Value Mismatch,valueusd,Calculated vs reported value differs by >10%
200220192984070,Value Mismatch,valueusd,Calculated vs reported value differs by >10%
200220192984090,Value Mismatch,valueusd,Calculated vs reported value differs by >10%
200220192984090,Value Mismatch,valueusd,Calculated vs reported value differs by >10%
200220192984110,Value Mismatch,valueusd,Calculated vs reported value differs by >10%
200220192984100,Value Mismatch,valueusd,Calculated vs reported value differs by >10%
200220192984080,Value Mismatch,valueusd,Calculated vs reported value differs by >10%
200220192984080,Value Mismatch,valueusd,Calculated vs reported value differs by >10%
200220192984090,Value Mismatch,valueusd,Calculated vs reported value differs by >10%
200220192984060,Value Mismatch,valueusd,Calculated vs reported value differs by >10%
200220192984080,Value Mismatch,valueusd,Calculated vs reported value differs by >10%
200220192984090,Value Mismatch,valueusd,Calculated vs reported value differs by >10%
200220192984060,Value Mismatch,valueusd,Calculated vs reported value differs by >10%
200220192984110,Value Mismatch,valueusd,Calculated vs reported value differs by >10%
200220192984100,Value Mismatch,valueusd,Calculated vs reported value differs by >10%
200220192984070,Value Mismatch,valueusd,Calculated vs reported value differs by >10%
200220192984100,Value Mismatch,valueusd,Calculated vs reported value differs by >10%
200220192984060,Value Mismatch,valueusd,Calculated vs reported value differs by >10%
200220192984070,Value Mismatch,valueusd,Calculated vs reported value differs by >10%
200220192984090,Value Mismatch,valueusd,Calculated vs reported value differs by >10%
200220192984080,Value Mismatch,valueusd,Calculated vs reported value differs by >10%
200220192984060,Value Mismatch,valueusd,Calculated vs reported value differs by >10%
200220192984060,Value Mismatch,valueusd,Calculated vs reported value differs by >10%
180220194121080,Value Mismatch,valueusd,Calculated vs reported value differs by >10%
180220194121030,Value Mismatch,valueusd,Calculated vs reported value differs by >10%
180220194121030,Value Mismatch,valueusd,Calculated vs reported value differs by >10%
180220194121110,Value Mismatch,valueusd,Calculated vs reported value differs by >10%
180220194121080,Value Mismatch,valueusd,Calculated vs reported value differs by >10%
180220194121030,Value Mismatch,valueusd,Calculated vs reported value differs by >10%
150220194657350,Value Mismatch,valueusd,Calculated vs reported value differs by >10%
150220194657360,Value Mismatch,valueusd,Calculated vs reported value differs by >10%
150220194657360,Value Mismatch,valueusd,Calculated vs reported value differs by >10%
150220194657350,Value Mismatch,valueusd,Calculated vs reported value differs by >10%
150220194657350,Value Mismatch,valueusd,Calculated vs reported value differs by >10%
110220195113100,Value Mismatch,valueusd,Calculated vs reported value differs by >10%
110220194841660,Value Mismatch,valueusd,Calculated vs reported value differs by >10%
070220195025015,Value Mismatch,valueusd,Calculated vs reported value differs by >10%
070220194835840,Value Mismatch,valueusd,Calculated vs reported value differs by >10%
050220193303881,Value Mismatch,valueusd,Calculated vs reported value differs by >10%
050220193303880,Value Mismatch,valueusd,Calculated vs reported value differs by >10%
050220192996719,Value Mismatch,valueusd,Calculated vs reported value differs by >10%
020220194573032,Value Mismatch,valueusd,Calculated vs reported value differs by >10%
020220194573033,Value Mismatch,valueusd,Calculated vs reported value differs by >10%
020220192994378,Value Mismatch,valueusd,Calculated vs reported value differs by >10%
310120192070150,Value Mismatch,valueusd,Calculated vs reported value differs by >10%
310120192070130,Value Mismatch,valueusd,Calculated vs reported value differs by >10%
31012019787274,Value Mismatch,valueusd,Calculated vs reported value differs by >10%
31012019787277,Value Mismatch,valueusd,Calculated vs reported value differs by >10%
31012019787256,Value Mismatch,valueusd,Calculated vs reported value differs by >10%
31012019787246,Value Mismatch,valueusd,Calculated vs reported value differs by >10%
31012019787261,Value Mismatch,valueusd,Calculated vs reported value differs by >10%
31012019787268,Value Mismatch,valueusd,Calculated vs reported value differs by >10%
31012019787267,Value Mismatch,valueusd,Calculated vs reported value differs by >10%
31012019787273,Value Mismatch,valueusd,Calculated vs reported value differs by >10%
31012019787276,Value Mismatch,valueusd,Calculated vs reported value differs by >10%
31012019787284,Value Mismatch,valueusd,Calculated vs reported value differs by >10%
31012019787283,Value Mismatch,valueusd,Calculated vs reported value differs by >10%
31012019787248,Value Mismatch,valueusd,Calculated vs reported value differs by >10%
31012019787237,Value Mismatch,valueusd,Calculated vs reported value differs by >10%
31012019787239,Value Mismatch,valueusd,Calculated vs reported value differs by >10%
31012019787285,Value Mismatch,valueusd,Calculated vs reported value differs by >10%
31012019787250,Value Mismatch,valueusd,Calculated vs reported value differs by >10%
31012019787252,Value Mismatch,valueusd,Calculated vs reported value differs by >10%
31012019787249,Value Mismatch,valueusd,Calculated vs reported value differs by >10%
31012019787281,Value Mismatch,valueusd,Calculated vs reported value differs by >10%
31012019787266,Value Mismatch,valueusd,Calculated vs reported value differs by >10%
31012019787242,Value Mismatch,valueusd,Calculated vs reported value differs by >10%
31012019787243,Value Mismatch,valueusd,Calculated vs reported value differs by >10%
31012019787240,Value Mismatch,valueusd,Calculated vs reported value differs by >10%
31012019787238,Value Mismatch,valueusd,Calculated vs reported value differs by >10%
31012019787282,Value Mismatch,valueusd,Calculated vs reported value differs by >10%
31012019787253,Value Mismatch,valueusd,Calculated vs reported value differs by >10%
31012019787244,Value Mismatch,valueusd,Calculated vs reported value differs by >10%
31012019787257,Value Mismatch,valueusd,Calculated vs reported value differs by >10%
31012019787255,Value Mismatch,valueusd,Calculated vs reported value differs by >10%
31012019787271,Value Mismatch,valueusd,Calculated vs reported value differs by >10%
31012019787241,Value Mismatch,valueusd,Calculated vs reported value differs by >10%
31012019787278,Value Mismatch,valueusd,Calculated vs reported value differs by >10%
31012019787247,Value Mismatch,valueusd,Calculated vs reported value differs by >10%
31012019787264,Value Mismatch,valueusd,Calculated vs reported value differs by >10%
31012019787263,Value Mismatch,valueusd,Calculated vs reported value differs by >10%
31012019787251,Value Mismatch,valueusd,Calculated vs reported value differs by >10%
31012019787262,Value Mismatch,valueusd,Calculated vs reported value differs by >10%
31012019787254,Value Mismatch,valueusd,Calculated vs reported value differs by >10%
31012019787270,Value Mismatch,valueusd,Calculated vs reported value differs by >10%
31012019787275,Value Mismatch,valueusd,Calculated vs reported value differs by >10%
31012019787259,Value Mismatch,valueusd,Calculated vs reported value differs by >10%
31012019787272,Value Mismatch,valueusd,Calculated vs reported value differs by >10%
31012019787279,Value Mismatch,valueusd,Calculated vs reported value differs by >10%
31012019787260,Value Mismatch,valueusd,Calculated vs reported value differs by >10%
31012019787265,Value Mismatch,valueusd,Calculated vs reported value differs by >10%
31012019787245,Value Mismatch,valueusd,Calculated vs reported value differs by >10%
31012019787236,Value Mismatch,valueusd,Calculated vs reported value differs by >10%
31012019787280,Value Mismatch,valueusd,Calculated vs reported value differs by >10%
31012019787269,Value Mismatch,valueusd,Calculated vs reported value differs by >10%
31012019787235,Value Mismatch,valueusd,Calculated vs reported value differs by >10%
31012019787258,Value Mismatch,valueusd,Calculated vs reported value differs by >10%
29012019945089,Value Mismatch,valueusd,Calculated vs reported value differs by >10%
29012019945088,Value Mismatch,valueusd,Calculated vs reported value differs by >10%
280120192215330,Value Mismatch,valueusd,Calculated vs reported value differs by >10%
24012019779130,Value Mismatch,valueusd,Calculated vs reported value differs by >10%
24012019779129,Value Mismatch,valueusd,Calculated vs reported value differs by >10%
240120192215330,Value Mismatch,valueusd,Calculated vs reported value differs by >10%
240120191783440,Value Mismatch,valueusd,Calculated vs reported value differs by >10%
22012019776494,Value Mismatch,valueusd,Calculated vs reported value differs by >10%
220120192156810,Value Mismatch,valueusd,Calculated vs reported value differs by >10%
190120192001660,Value Mismatch,valueusd,Calculated vs reported value differs by >10%
170120192169850,Value Mismatch,valueusd,Calculated vs reported value differs by >10%
170120192169850,Value Mismatch,valueusd,Calculated vs reported value differs by >10%
15012019769284,Value Mismatch,valueusd,Calculated vs reported value differs by >10%
15012019769286,Value Mismatch,valueusd,Calculated vs reported value differs by >10%
15012019769285,Value Mismatch,valueusd,Calculated vs reported value differs by >10%
15012019769301,Value Mismatch,valueusd,Calculated vs reported value differs by >10%
15012019769302,Value Mismatch,valueusd,Calculated vs reported value differs by >10%
15012019769316,Value Mismatch,valueusd,Calculated vs reported value differs by >10%
15012019769307,Value Mismatch,valueusd,Calculated vs reported value differs by >10%
15012019769312,Value Mismatch,valueusd,Calculated vs reported value differs by >10%
15012019769319,Value Mismatch,valueusd,Calculated vs reported value differs by >10%
15012019769304,Value Mismatch,valueusd,Calculated vs reported value differs by >10%
15012019769299,Value Mismatch,valueusd,Calculated vs reported value differs by >10%
15012019769297,Value Mismatch,valueusd,Calculated vs reported value differs by >10%
15012019769318,Value Mismatch,valueusd,Calculated vs reported value differs by >10%
15012019769296,Value Mismatch,valueusd,Calculated vs reported value differs by >10%
15012019769320,Value Mismatch,valueusd,Calculated vs reported value differs by >10%
15012019769309,Value Mismatch,valueusd,Calculated vs reported value differs by >10%
15012019769317,Value Mismatch,valueusd,Calculated vs reported value differs by >10%
15012019769295,Value Mismatch,valueusd,Calculated vs reported value differs by >10%
15012019769298,Value Mismatch,valueusd,Calculated vs reported value differs by >10%
15012019769300,Value Mismatch,valueusd,Calculated vs reported value differs by >10%
15012019769292,Value Mismatch,valueusd,Calculated vs reported value differs by >10%
15012019769311,Value Mismatch,valueusd,Calculated vs reported value differs by >10%
15012019769291,Value Mismatch,valueusd,Calculated vs reported value differs by >10%
15012019769287,Value Mismatch,valueusd,Calculated vs reported value differs by >10%
15012019769314,Value Mismatch,valueusd,Calculated vs reported value differs by >10%
15012019769293,Value Mismatch,valueusd,Calculated vs reported value differs by >10%
15012019769289,Value Mismatch,valueusd,Calculated vs reported value differs by >10%
15012019769283,Value Mismatch,valueusd,Calculated vs reported value differs by >10%
15012019769313,Value Mismatch,valueusd,Calculated vs reported value differs by >10%
15012019769310,Value Mismatch,valueusd,Calculated vs reported value differs by >10%
15012019769306,Value Mismatch,valueusd,Calculated vs reported value differs by >10%
15012019769294,Value Mismatch,valueusd,Calculated vs reported value differs by >10%
15012019769308,Value Mismatch,valueusd,Calculated vs reported value differs by >10%
15012019769305,Value Mismatch,valueusd,Calculated vs reported value differs by >10%
15012019769288,Value Mismatch,valueusd,Calculated vs reported value differs by >10%
15012019769290,Value Mismatch,valueusd,Calculated vs reported value differs by >10%
15012019769303,Value Mismatch,valueusd,Calculated vs reported value differs by >10%
15012019769315,Value Mismatch,valueusd,Calculated vs reported value differs by >10%
15012019769660,Value Mismatch,valueusd,Calculated vs reported value differs by >10%
140120192418020,Value Mismatch,valueusd,Calculated vs reported value differs by >10%
100120191748960,Value Mismatch,valueusd,Calculated vs reported value differs by >10%
090120191968491,Value Mismatch,valueusd,Calculated vs reported value differs by >10%
08012019762943,Value Mismatch,valueusd,Calculated vs reported value differs by >10%
08012019762944,Value Mismatch,valueusd,Calculated vs reported value differs by >10%
08012019762934,Value Mismatch,valueusd,Calculated vs reported value differs by >10%
08012019762937,Value Mismatch,valueusd,Calculated vs reported value differs by >10%
08012019762935,Value Mismatch,valueusd,Calculated vs reported value differs by >10%
07012019761910,Value Mismatch,valueusd,Calculated vs reported value differs by >10%
04012019919895,Value Mismatch,valueusd,Calculated vs reported value differs by >10%
04012019919897,Value Mismatch,valueusd,Calculated vs reported value differs by >10%
03012019759133,Value Mismatch,valueusd,Calculated vs reported value differs by >10%
03012019759146,Value Mismatch,valueusd,Calculated vs reported value differs by >10%
03012019759147,Value Mismatch,valueusd,Calculated vs reported value differs by >10%
03012019759126,Value Mismatch,valueusd,Calculated vs reported value differs by >10%
03012019759152,Value Mismatch,valueusd,Calculated vs reported value differs by >10%
03012019759153,Value Mismatch,valueusd,Calculated vs reported value differs by >10%
03012019759129,Value Mismatch,valueusd,Calculated vs reported value differs by >10%
03012019759144,Value Mismatch,valueusd,Calculated vs reported value differs by >10%
03012019759148,Value Mismatch,valueusd,Calculated vs reported value differs by >10%
03012019759149,Value Mismatch,valueusd,Calculated vs reported value differs by >10%
03012019759145,Value Mismatch,valueusd,Calculated vs reported value differs by >10%
03012019759137,Value Mismatch,valueusd,Calculated vs reported value differs by >10%
03012019759136,Value Mismatch,valueusd,Calculated vs reported value differs by >10%
03012019759143,Value Mismatch,valueusd,Calculated vs reported value differs by >10%
03012019759156,Value Mismatch,valueusd,Calculated vs reported value differs by >10%
03012019759155,Value Mismatch,valueusd,Calculated vs reported value differs by >10%
03012019759139,Value Mismatch,valueusd,Calculated vs reported value differs by >10%
03012019759138,Value Mismatch,valueusd,Calculated vs reported value differs by >10%
03012019759135,Value Mismatch,valueusd,Calculated vs reported value differs by >10%
03012019759132,Value Mismatch,valueusd,Calculated vs reported value differs by >10%
03012019759130,Value Mismatch,valueusd,Calculated vs reported value differs by >10%
03012019759134,Value Mismatch,valueusd,Calculated vs reported value differs by >10%
03012019759125,Value Mismatch,valueusd,Calculated vs reported value differs by >10%
03012019759131,Value Mismatch,valueusd,Calculated vs reported value differs by >10%
03012019759140,Value Mismatch,valueusd,Calculated vs reported value differs by >10%
03012019759150,Value Mismatch,valueusd,Calculated vs reported value differs by >10%
03012019759160,Value Mismatch,valueusd,Calculated vs reported value differs by >10%
03012019759154,Value Mismatch,valueusd,Calculated vs reported value differs by >10%
03012019759151,Value Mismatch,valueusd,Calculated vs reported value differs by >10%
03012019759142,Value Mismatch,valueusd,Calculated vs reported value differs by >10%
03012019759141,Value Mismatch,valueusd,Calculated vs reported value differs by >10%
03012019759127,Value Mismatch,valueusd,Calculated vs reported value differs by >10%
03012019759128,Value Mismatch,valueusd,Calculated vs reported value differs by >10%
301120184186610,Value Mismatch,valueusd,Calculated vs reported value differs by >10%
301120184186540,Value Mismatch,valueusd,Calculated vs reported value differs by >10%
241120184182330,Value Mismatch,valueusd,Calculated vs reported value differs by >10%
231120184180970,Value Mismatch,valueusd,Calculated vs reported value differs by >10%
231120184180830,Value Mismatch,valueusd,Calculated vs reported value differs by >10%
231120184180710,Value Mismatch,valueusd,Calculated vs reported value differs by >10%
231120184180530,Value Mismatch,valueusd,Calculated vs reported value differs by >10%
231120184180460,Value Mismatch,valueusd,Calculated vs reported value differs by >10%
231120184180620,Value Mismatch,valueusd,Calculated vs reported value differs by >10%
231120184180890,Value Mismatch,valueusd,Calculated vs reported value differs by >10%
231120184180890,Value Mismatch,valueusd,Calculated vs reported value differs by >10%
231120184180800,Value Mismatch,valueusd,Calculated vs reported value differs by >10%
231120184180650,Value Mismatch,valueusd,Calculated vs reported value differs by >10%
231120184180640,Value Mismatch,valueusd,Calculated vs reported value differs by >10%
231120184180540,Value Mismatch,valueusd,Calculated vs reported value differs by >10%
231120184180760,Value Mismatch,valueusd,Calculated vs reported value differs by >10%
231120184181380,Value Mismatch,valueusd,Calculated vs reported value differs by >10%
231120184180990,Value Mismatch,valueusd,Calculated vs reported value differs by >10%
231120184180510,Value Mismatch,valueusd,Calculated vs reported value differs by >10%
231120184180970,Value Mismatch,valueusd,Calculated vs reported value differs by >10%
231120184180460,Value Mismatch,valueusd,Calculated vs reported value differs by >10%
231120184181380,Value Mismatch,valueusd,Calculated vs reported value differs by >10%
231120184180500,Value Mismatch,valueusd,Calculated vs reported value differs by >10%
231120184181120,Value Mismatch,valueusd,Calculated vs reported value differs by >10%
231120184181120,Value Mismatch,valueusd,Calculated vs reported value differs by >10%
231120184181290,Value Mismatch,valueusd,Calculated vs reported value differs by >10%
231120184181120,Value Mismatch,valueusd,Calculated vs reported value differs by >10%
231120184181120,Value Mismatch,valueusd,Calculated vs reported value differs by >10%
231120184180920,Value Mismatch,valueusd,Calculated vs reported value differs by >10%
231120184180710,Value Mismatch,valueusd,Calculated vs reported value differs by >10%
231120184181030,Value Mismatch,valueusd,Calculated vs reported value differs by >10%
231120184180540,Value Mismatch,valueusd,Calculated vs reported value differs by >10%
231120184181020,Value Mismatch,valueusd,Calculated vs reported value differs by >10%
231120184180470,Value Mismatch,valueusd,Calculated vs reported value differs by >10%
231120184180600,Value Mismatch,valueusd,Calculated vs reported value differs by >10%
231120184180590,Value Mismatch,valueusd,Calculated vs reported value differs by >10%
231120184181220,Value Mismatch,valueusd,Calculated vs reported value differs by >10%
231120184181120,Value Mismatch,valueusd,Calculated vs reported value differs by >10%
231120184180530,Value Mismatch,valueusd,Calculated vs reported value differs by >10%
231120184180870,Value Mismatch,valueusd,Calculated vs reported value differs by >10%
231120184181200,Value Mismatch,valueusd,Calculated vs reported value differs by >10%
231120184180820,Value Mismatch,valueusd,Calculated vs reported value differs by >10%
231120184181300,Value Mismatch,valueusd,Calculated vs reported value differs by >10%
231120184181200,Value Mismatch,valueusd,Calculated vs reported value differs by >10%
231120184180630,Value Mismatch,valueusd,Calculated vs reported value differs by >10%
231120184180480,Value Mismatch,valueusd,Calculated vs reported value differs by >10%
231120184180780,Value Mismatch,valueusd,Calculated vs reported value differs by >10%
231120184180860,Value Mismatch,valueusd,Calculated vs reported value differs by >10%
231120184180730,Value Mismatch,valueusd,Calculated vs reported value differs by >10%
231120184181220,Value Mismatch,valueusd,Calculated vs reported value differs by >10%
231120184181210,Value Mismatch,valueusd,Calculated vs reported value differs by >10%
231120184180570,Value Mismatch,valueusd,Calculated vs reported value differs by >10%
231120184180610,Value Mismatch,valueusd,Calculated vs reported value differs by >10%
231120184180550,Value Mismatch,valueusd,Calculated vs reported value differs by >10%
231120184181050,Value Mismatch,valueusd,Calculated vs reported value differs by >10%
231120184180910,Value Mismatch,valueusd,Calculated vs reported value differs by >10%
231120184181130,Value Mismatch,valueusd,Calculated vs reported value differs by >10%
231120184181020,Value Mismatch,valueusd,Calculated vs reported value differs by >10%
231120184180630,Value Mismatch,valueusd,Calculated vs reported value differs by >10%
231120184181260,Value Mismatch,valueusd,Calculated vs reported value differs by >10%
221120185776000,Value Mismatch,valueusd,Calculated vs reported value differs by >10%
221120185211640,Value Mismatch,valueusd,Calculated vs reported value differs by >10%
201120185447520,Value Mismatch,valueusd,Calculated vs reported value differs by >10%
201120185447520,Value Mismatch,valueusd,Calculated vs reported value differs by >10%
151120185128580,Value Mismatch,valueusd,Calculated vs reported value differs by >10%
151120185132240,Value Mismatch,valueusd,Calculated vs reported value differs by >10%
151120185123630,Value Mismatch,valueusd,Calculated vs reported value differs by >10%
151120185124720,Value Mismatch,valueusd,Calculated vs reported value differs by >10%
151120185132540,Value Mismatch,valueusd,Calculated vs reported value differs by >10%
151120184169880,Value Mismatch,valueusd,Calculated vs reported value differs by >10%
151120184169880,Value Mismatch,valueusd,Calculated vs reported value differs by >10%
151120184169350,Value Mismatch,valueusd,Calculated vs reported value differs by >10%
151120184169350,Value Mismatch,valueusd,Calculated vs reported value differs by >10%
151120186071530,Value Mismatch,valueusd,Calculated vs reported value differs by >10%
151120183264440,Value Mismatch,valueusd,Calculated vs reported value differs by >10%
151120185126040,Value Mismatch,valueusd,Calculated vs reported value differs by >10%
151120185125280,Value Mismatch,valueusd,Calculated vs reported value differs by >10%
141120185115000,Value Mismatch,valueusd,Calculated vs reported value differs by >10%
121120185379620,Value Mismatch,valueusd,Calculated vs reported value differs by >10%
121120185383920,Value Mismatch,valueusd,Calculated vs reported value differs by >10%
081120184159499,Value Mismatch,valueusd,Calculated vs reported value differs by >10%
081120184159876,Value Mismatch,valueusd,Calculated vs reported value differs by >10%
051120185027333,Value Mismatch,valueusd,Calculated vs reported value differs by >10%
051120185340189,Value Mismatch,valueusd,Calculated vs reported value differs by >10%
051120185343028,Value Mismatch,valueusd,Calculated vs reported value differs by >10%
031120183691105,Value Mismatch,valueusd,Calculated vs reported value differs by >10%
021120184154142,Value Mismatch,valueusd,Calculated vs reported value differs by >10%
021120185330746,Value Mismatch,valueusd,Calculated vs reported value differs by >10%
011120183646203,Value Mismatch,valueusd,Calculated vs reported value differs by >10%
011120184153345,Value Mismatch,valueusd,Calculated vs reported value differs by >10%
011120184152867,Value Mismatch,valueusd,Calculated vs reported value differs by >10%
011120184152916,Value Mismatch,valueusd,Calculated vs reported value differs by >10%
011120184153383,Value Mismatch,valueusd,Calculated vs reported value differs by >10%
011120184152874,Value Mismatch,valueusd,Calculated vs reported value differs by >10%
011120184153263,Value Mismatch,valueusd,Calculated vs reported value differs by >10%
011120184153467,Value Mismatch,valueusd,Calculated vs reported value differs by >10%
011120184153031,Value Mismatch,valueusd,Calculated vs reported value differs by >10%
011120184153621,Value Mismatch,valueusd,Calculated vs reported value differs by >10%
011120184153631,Value Mismatch,valueusd,Calculated vs reported value differs by >10%
011120184153257,Value Mismatch,valueusd,Calculated vs reported value differs by >10%
011120184153486,Value Mismatch,valueusd,Calculated vs reported value differs by >10%
011120184153083,Value Mismatch,valueusd,Calculated vs reported value differs by >10%
011120184153557,Value Mismatch,valueusd,Calculated vs reported value differs by >10%
011120184153471,Value Mismatch,valueusd,Calculated vs reported value differs by >10%
011120184153214,Value Mismatch,valueusd,Calculated vs reported value differs by >10%
011120184152990,Value Mismatch,valueusd,Calculated vs reported value differs by >10%
011120184153182,Value Mismatch,valueusd,Calculated vs reported value differs by >10%
011120184153553,Value Mismatch,valueusd,Calculated vs reported value differs by >10%
011120184153463,Value Mismatch,valueusd,Calculated vs reported value differs by >10%
011120184153352,Value Mismatch,valueusd,Calculated vs reported value differs by >10%
011120184153237,Value Mismatch,valueusd,Calculated vs reported value differs by >10%
011120184152960,Value Mismatch,valueusd,Calculated vs reported value differs by >10%
011120184153613,Value Mismatch,valueusd,Calculated vs reported value differs by >10%
011120184153412,Value Mismatch,valueusd,Calculated vs reported value differs by >10%
011120184153331,Value Mismatch,valueusd,Calculated vs reported value differs by >10%
011120184153392,Value Mismatch,valueusd,Calculated vs reported value differs by >10%
011120184152847,Value Mismatch,valueusd,Calculated vs reported value differs by >10%
011120184153603,Value Mismatch,valueusd,Calculated vs reported value differs by >10%
011120184153151,Value Mismatch,valueusd,Calculated vs reported value differs by >10%
011120184153328,Value Mismatch,valueusd,Calculated vs reported value differs by >10%
011120184153385,Value Mismatch,valueusd,Calculated vs reported value differs by >10%
011120184153405,Value Mismatch,valueusd,Calculated vs reported value differs by >10%
011120184153131,Value Mismatch,valueusd,Calculated vs reported value differs by >10%
011120184153413,Value Mismatch,valueusd,Calculated vs reported value differs by >10%
011120184153509,Value Mismatch,valueusd,Calculated vs reported value differs by >10%
011120184152954,Value Mismatch,valueusd,Calculated vs reported value differs by >10%
011120184153587,Value Mismatch,valueusd,Calculated vs reported value differs by >10%
011120184152910,Value Mismatch,valueusd,Calculated vs reported value differs by >10%
011120184153607,Value Mismatch,valueusd,Calculated vs reported value differs by >10%
011120184153640,Value Mismatch,valueusd,Calculated vs reported value differs by >10%
011120184153133,Value Mismatch,valueusd,Calculated vs reported value differs by >10%
011120184153268,Value Mismatch,valueusd,Calculated vs reported value differs by >10%
011120184152983,Value Mismatch,valueusd,Calculated vs reported value differs by >10%
011120184153001,Value Mismatch,valueusd,Calculated vs reported value differs by >10%
011120184152996,Value Mismatch,valueusd,Calculated vs reported value differs by >10%
011120184153532,Value Mismatch,valueusd,Calculated vs reported value differs by >10%
011120184152854,Value Mismatch,valueusd,Calculated vs reported value differs by >10%
011120184153342,Value Mismatch,valueusd,Calculated vs reported value differs by >10%
011120184153071,Value Mismatch,valueusd,Calculated vs reported value differs by >10%
011120184153114,Value Mismatch,valueusd,Calculated vs reported value differs by >10%
011120184153626,Value Mismatch,valueusd,Calculated vs reported value differs by >10%
011120184153065,Value Mismatch,valueusd,Calculated vs reported value differs by >10%
011120184153324,Value Mismatch,valueusd,Calculated vs reported value differs by >10%
011120184153569,Value Mismatch,valueusd,Calculated vs reported value differs by >10%
011120184152924,Value Mismatch,valueusd,Calculated vs reported value differs by >10%
011120184153019,Value Mismatch,valueusd,Calculated vs reported value differs by >10%
011120184152989,Value Mismatch,valueusd,Calculated vs reported value differs by >10%
011120184152824,Value Mismatch,valueusd,Calculated vs reported value differs by >10%
011120184153632,Value Mismatch,valueusd,Calculated vs reported value differs by >10%
011120184153250,Value Mismatch,valueusd,Calculated vs reported value differs by >10%
251020182575400,Value Mismatch,valueusd,Calculated vs reported value differs by >10%
241020183113200,Value Mismatch,valueusd,Calculated vs reported value differs by >10%
23102018672450,Value Mismatch,valueusd,Calculated vs reported value differs by >10%
221020182198150,Value Mismatch,valueusd,Calculated vs reported value differs by >10%
201020182906840,Value Mismatch,valueusd,Calculated vs reported value differs by >10%
20102018584959,Value Mismatch,valueusd,Calculated vs reported value differs by >10%
181020182582760,Value Mismatch,valueusd,Calculated vs reported value differs by >10%
12102018394926,Value Mismatch,valueusd,Calculated vs reported value differs by >10%
091020183193525,Value Mismatch,valueusd,Calculated vs reported value differs by >10%
08102018783707,Value Mismatch,valueusd,Calculated vs reported value differs by >10%
041020182645894,Value Mismatch,valueusd,Calculated vs reported value differs by >10%
2909201828992200,Value Mismatch,valueusd,Calculated vs reported value differs by >10%
2909201828992200,Value Mismatch,valueusd,Calculated vs reported value differs by >10%
2609201828579400,Value Mismatch,valueusd,Calculated vs reported value differs by >10%
2609201828580700,Value Mismatch,valueusd,Calculated vs reported value differs by >10%
2609201828619500,Value Mismatch,valueusd,Calculated vs reported value differs by >10%
2409201828388300,Value Mismatch,valueusd,Calculated vs reported value differs by >10%
2409201828261900,Value Mismatch,valueusd,Calculated vs reported value differs by >10%
2409201828262300,Value Mismatch,valueusd,Calculated vs reported value differs by >10%
2209201828146400,Value Mismatch,valueusd,Calculated vs reported value differs by >10%
2209201828146400,Value Mismatch,valueusd,Calculated vs reported value differs by >10%
2209201828202500,Value Mismatch,valueusd,Calculated vs reported value differs by >10%
2209201828193500,Value Mismatch,valueusd,Calculated vs reported value differs by >10%
2209201828202500,Value Mismatch,valueusd,Calculated vs reported value differs by >10%
2209201828202500,Value Mismatch,valueusd,Calculated vs reported value differs by >10%
2209201828202500,Value Mismatch,valueusd,Calculated vs reported value differs by >10%
2209201828202500,Value Mismatch,valueusd,Calculated vs reported value differs by >10%
2209201828202500,Value Mismatch,valueusd,Calculated vs reported value differs by >10%
2209201828202500,Value Mismatch,valueusd,Calculated vs reported value differs by >10%
2209201828202500,Value Mismatch,valueusd,Calculated vs reported value differs by >10%
2109201828042300,Value Mismatch,valueusd,Calculated vs reported value differs by >10%
2109201828037300,Value Mismatch,valueusd,Calculated vs reported value differs by >10%
2009201827904900,Value Mismatch,valueusd,Calculated vs reported value differs by >10%
2009201827922000,Value Mismatch,valueusd,Calculated vs reported value differs by >10%
2009201827917900,Value Mismatch,valueusd,Calculated vs reported value differs by >10%
2009201827906300,Value Mismatch,valueusd,Calculated vs reported value differs by >10%
2009201827920800,Value Mismatch,valueusd,Calculated vs reported value differs by >10%
2009201827909800,Value Mismatch,valueusd,Calculated vs reported value differs by >10%
2009201827912300,Value Mismatch,valueusd,Calculated vs reported value differs by >10%
2009201827907100,Value Mismatch,valueusd,Calculated vs reported value differs by >10%
2009201827917500,Value Mismatch,valueusd,Calculated vs reported value differs by >10%
2009201827917100,Value Mismatch,valueusd,Calculated vs reported value differs by >10%
2009201827907900,Value Mismatch,valueusd,Calculated vs reported value differs by >10%
2009201827915400,Value Mismatch,valueusd,Calculated vs reported value differs by >10%
2009201827920100,Value Mismatch,valueusd,Calculated vs reported value differs by >10%
2009201827919300,Value Mismatch,valueusd,Calculated vs reported value differs by >10%
2009201827927800,Value Mismatch,valueusd,Calculated vs reported value differs by >10%
2009201827906500,Value Mismatch,valueusd,Calculated vs reported value differs by >10%
2009201827920200,Value Mismatch,valueusd,Calculated vs reported value differs by >10%
2009201827919300,Value Mismatch,valueusd,Calculated vs reported value differs by >10%
2009201827927400,Value Mismatch,valueusd,Calculated vs reported value differs by >10%
2009201827926200,Value Mismatch,valueusd,Calculated vs reported value differs by >10%
2009201827910200,Value Mismatch,valueusd,Calculated vs reported value differs by >10%
2009201827910900,Value Mismatch,valueusd,Calculated vs reported value differs by >10%
2009201827914500,Value Mismatch,valueusd,Calculated vs reported value differs by >10%
2009201827918200,Value Mismatch,valueusd,Calculated vs reported value differs by >10%
2009201827914800,Value Mismatch,valueusd,Calculated vs reported value differs by >10%
2009201827906300,Value Mismatch,valueusd,Calculated vs reported value differs by >10%
2009201827927600,Value Mismatch,valueusd,Calculated vs reported value differs by >10%
2009201827910200,Value Mismatch,valueusd,Calculated vs reported value differs by >10%
2009201827910600,Value Mismatch,valueusd,Calculated vs reported value differs by >10%
2009201827921300,Value Mismatch,valueusd,Calculated vs reported value differs by >10%
2009201827922900,Value Mismatch,valueusd,Calculated vs reported value differs by >10%
2009201827912700,Value Mismatch,valueusd,Calculated vs reported value differs by >10%
2009201827922800,Value Mismatch,valueusd,Calculated vs reported value differs by >10%
2009201827909300,Value Mismatch,valueusd,Calculated vs reported value differs by >10%
2009201827918600,Value Mismatch,valueusd,Calculated vs reported value differs by >10%
2009201827924300,Value Mismatch,valueusd,Calculated vs reported value differs by >10%
2009201827921200,Value Mismatch,valueusd,Calculated vs reported value differs by >10%
2009201827922600,Value Mismatch,valueusd,Calculated vs reported value differs by >10%
2009201827924400,Value Mismatch,valueusd,Calculated vs reported value differs by >10%
2009201827926600,Value Mismatch,valueusd,Calculated vs reported value differs by >10%
2009201827921500,Value Mismatch,valueusd,Calculated vs reported value differs by >10%
2009201827910100,Value Mismatch,valueusd,Calculated vs reported value differs by >10%
2009201827925400,Value Mismatch,valueusd,Calculated vs reported value differs by >10%
2009201827915600,Value Mismatch,valueusd,Calculated vs reported value differs by >10%
2009201827923500,Value Mismatch,valueusd,Calculated vs reported value differs by >10%
2009201827911000,Value Mismatch,valueusd,Calculated vs reported value differs by >10%
2009201827909700,Value Mismatch,valueusd,Calculated vs reported value differs by >10%
2009201827912700,Value Mismatch,valueusd,Calculated vs reported value differs by >10%
2009201827912700,Value Mismatch,valueusd,Calculated vs reported value differs by >10%
2009201827924400,Value Mismatch,valueusd,Calculated vs reported value differs by >10%
2009201827914400,Value Mismatch,valueusd,Calculated vs reported value differs by >10%
2009201827924800,Value Mismatch,valueusd,Calculated vs reported value differs by >10%
2009201827974100,Value Mismatch,valueusd,Calculated vs reported value differs by >10%
1809201827750300,Value Mismatch,valueusd,Calculated vs reported value differs by >10%
1209201827043300,Value Mismatch,valueusd,Calculated vs reported value differs by >10%
1109201826953400,Value Mismatch,valueusd,Calculated vs reported value differs by >10%
1109201826945600,Value Mismatch,valueusd,Calculated vs reported value differs by >10%
1009201826866600,Value Mismatch,valueusd,Calculated vs reported value differs by >10%
1009201826796800,Value Mismatch,valueusd,Calculated vs reported value differs by >10%
1009201826710100,Value Mismatch,valueusd,Calculated vs reported value differs by >10%
0609201826379981,Value Mismatch,valueusd,Calculated vs reported value differs by >10%
0609201826408706,Value Mismatch,valueusd,Calculated vs reported value differs by >10%
0609201826408706,Value Mismatch,valueusd,Calculated vs reported value differs by >10%
0609201826400925,Value Mismatch,valueusd,Calculated vs reported value differs by >10%
3108201821411300,Value Mismatch,valueusd,Calculated vs reported value differs by >10%
3108201819294100,Value Mismatch,valueusd,Calculated vs reported value differs by >10%
3108201819294100,Value Mismatch,valueusd,Calculated vs reported value differs by >10%
3008201820263100,Value Mismatch,valueusd,Calculated vs reported value differs by >10%
3008201819159200,Value Mismatch,valueusd,Calculated vs reported value differs by >10%
3008201820142800,Value Mismatch,valueusd,Calculated vs reported value differs by >10%
2808201820142300,Value Mismatch,valueusd,Calculated vs reported value differs by >10%
2708201819159100,Value Mismatch,valueusd,Calculated vs reported value differs by >10%
2708201819159100,Value Mismatch,valueusd,Calculated vs reported value differs by >10%
2708201819159100,Value Mismatch,valueusd,Calculated vs reported value differs by >10%
2708201819159100,Value Mismatch,valueusd,Calculated vs reported value differs by >10%
2708201819159200,Value Mismatch,valueusd,Calculated vs reported value differs by >10%
2708201819159100,Value Mismatch,valueusd,Calculated vs reported value differs by >10%
2708201819159200,Value Mismatch,valueusd,Calculated vs reported value differs by >10%
2708201819159100,Value Mismatch,valueusd,Calculated vs reported value differs by >10%
2708201819159100,Value Mismatch,valueusd,Calculated vs reported value differs by >10%
2708201819159100,Value Mismatch,valueusd,Calculated vs reported value differs by >10%
2708201819159100,Value Mismatch,valueusd,Calculated vs reported value differs by >10%
2708201819159100,Value Mismatch,valueusd,Calculated vs reported value differs by >10%
2708201819159200,Value Mismatch,valueusd,Calculated vs reported value differs by >10%
2708201819159100,Value Mismatch,valueusd,Calculated vs reported value differs by >10%
2708201819159200,Value Mismatch,valueusd,Calculated vs reported value differs by >10%
2708201819159200,Value Mismatch,valueusd,Calculated vs reported value differs by >10%
2708201819159100,Value Mismatch,valueusd,Calculated vs reported value differs by >10%
2708201819159200,Value Mismatch,valueusd,Calculated vs reported value differs by >10%
2708201819159200,Value Mismatch,valueusd,Calculated vs reported value differs by >10%
2708201819159100,Value Mismatch,valueusd,Calculated vs reported value differs by >10%
2708201819159100,Value Mismatch,valueusd,Calculated vs reported value differs by >10%
2708201819159200,Value Mismatch,valueusd,Calculated vs reported value differs by >10%
2708201819159100,Value Mismatch,valueusd,Calculated vs reported value differs by >10%
2708201819159100,Value Mismatch,valueusd,Calculated vs reported value differs by >10%
2708201819159100,Value Mismatch,valueusd,Calculated vs reported value differs by >10%
2708201819159100,Value Mismatch,valueusd,Calculated vs reported value differs by >10%
2708201819159200,Value Mismatch,valueusd,Calculated vs reported value differs by >10%
2708201819159100,Value Mismatch,valueusd,Calculated vs reported value differs by >10%
2708201819159100,Value Mismatch,valueusd,Calculated vs reported value differs by >10%
2708201819159100,Value Mismatch,valueusd,Calculated vs reported value differs by >10%
2708201819159100,Value Mismatch,valueusd,Calculated vs reported value differs by >10%
2708201819159200,Value Mismatch,valueusd,Calculated vs reported value differs by >10%
2708201819159100,Value Mismatch,valueusd,Calculated vs reported value differs by >10%
2708201819159200,Value Mismatch,valueusd,Calculated vs reported value differs by >10%
2708201819159200,Value Mismatch,valueusd,Calculated vs reported value differs by >10%
2708201819159100,Value Mismatch,valueusd,Calculated vs reported value differs by >10%
2708201819159200,Value Mismatch,valueusd,Calculated vs reported value differs by >10%
2708201819159200,Value Mismatch,valueusd,Calculated vs reported value differs by >10%
2708201819159200,Value Mismatch,valueusd,Calculated vs reported value differs by >10%
2708201819159100,Value Mismatch,valueusd,Calculated vs reported value differs by >10%
2708201819159200,Value Mismatch,valueusd,Calculated vs reported value differs by >10%
2708201819159200,Value Mismatch,valueusd,Calculated vs reported value differs by >10%
2708201819159200,Value Mismatch,valueusd,Calculated vs reported value differs by >10%
2708201820912600,Value Mismatch,valueusd,Calculated vs reported value differs by >10%
2508201819987700,Value Mismatch,valueusd,Calculated vs reported value differs by >10%
2408201821742400,Value Mismatch,valueusd,Calculated vs reported value differs by >10%
2408201821742700,Value Mismatch,valueusd,Calculated vs reported value differs by >10%
2408201821742600,Value Mismatch,valueusd,Calculated vs reported value differs by >10%
2408201821739600,Value Mismatch,valueusd,Calculated vs reported value differs by >10%
2408201821739500,Value Mismatch,valueusd,Calculated vs reported value differs by >10%
2408201819602300,Value Mismatch,valueusd,Calculated vs reported value differs by >10%
2208201822089000,Value Mismatch,valueusd,Calculated vs reported value differs by >10%
2108201821470700,Value Mismatch,valueusd,Calculated vs reported value differs by >10%
2108201821077800,Value Mismatch,valueusd,Calculated vs reported value differs by >10%
2108201820354200,Value Mismatch,valueusd,Calculated vs reported value differs by >10%
2108201820609200,Value Mismatch,valueusd,Calculated vs reported value differs by >10%
2108201820609200,Value Mismatch,valueusd,Calculated vs reported value differs by >10%
2008201819617100,Value Mismatch,valueusd,Calculated vs reported value differs by >10%
2008201820875600,Value Mismatch,valueusd,Calculated vs reported value differs by >10%
2008201820391000,Value Mismatch,valueusd,Calculated vs reported value differs by >10%
2008201820391000,Value Mismatch,valueusd,Calculated vs reported value differs by >10%
2008201820423900,Value Mismatch,valueusd,Calculated vs reported value differs by >10%
2008201820423900,Value Mismatch,valueusd,Calculated vs reported value differs by >10%
2008201820423900,Value Mismatch,valueusd,Calculated vs reported value differs by >10%
2008201820423900,Value Mismatch,valueusd,Calculated vs reported value differs by >10%
2008201820354200,Value Mismatch,valueusd,Calculated vs reported value differs by >10%
2008201819758500,Value Mismatch,valueusd,Calculated vs reported value differs by >10%
2008201819551500,Value Mismatch,valueusd,Calculated vs reported value differs by >10%
1808201819525100,Value Mismatch,valueusd,Calculated vs reported value differs by >10%
1808201820142700,Value Mismatch,valueusd,Calculated vs reported value differs by >10%
1808201820359500,Value Mismatch,valueusd,Calculated vs reported value differs by >10%
1608201819159100,Value Mismatch,valueusd,Calculated vs reported value differs by >10%
1608201819159100,Value Mismatch,valueusd,Calculated vs reported value differs by >10%
1608201819159100,Value Mismatch,valueusd,Calculated vs reported value differs by >10%
1608201819159100,Value Mismatch,valueusd,Calculated vs reported value differs by >10%
1608201819159100,Value Mismatch,valueusd,Calculated vs reported value differs by >10%
1608201819159100,Value Mismatch,valueusd,Calculated vs reported value differs by >10%
1608201819159100,Value Mismatch,valueusd,Calculated vs reported value differs by >10%
1608201819159100,Value Mismatch,valueusd,Calculated vs reported value differs by >10%
1608201819159100,Value Mismatch,valueusd,Calculated vs reported value differs by >10%
1608201819159100,Value Mismatch,valueusd,Calculated vs reported value differs by >10%
1608201819159100,Value Mismatch,valueusd,Calculated vs reported value differs by >10%
1608201819159100,Value Mismatch,valueusd,Calculated vs reported value differs by >10%
1608201819159100,Value Mismatch,valueusd,Calculated vs reported value differs by >10%
1608201819159100,Value Mismatch,valueusd,Calculated vs reported value differs by >10%
1608201819159100,Value Mismatch,valueusd,Calculated vs reported value differs by >10%
1608201819159100,Value Mismatch,valueusd,Calculated vs reported value differs by >10%
1608201819159100,Value Mismatch,valueusd,Calculated vs reported value differs by >10%
1608201819159100,Value Mismatch,valueusd,Calculated vs reported value differs by >10%
1608201819159100,Value Mismatch,valueusd,Calculated vs reported value differs by >10%
1608201819159100,Value Mismatch,valueusd,Calculated vs reported value differs by >10%
1608201819159100,Value Mismatch,valueusd,Calculated vs reported value differs by >10%
1608201819159100,Value Mismatch,valueusd,Calculated vs reported value differs by >10%
1608201819159100,Value Mismatch,valueusd,Calculated vs reported value differs by >10%
1608201819159100,Value Mismatch,valueusd,Calculated vs reported value differs by >10%
1608201819159100,Value Mismatch,valueusd,Calculated vs reported value differs by >10%
1608201819159100,Value Mismatch,valueusd,Calculated vs reported value differs by >10%
1608201819159100,Value Mismatch,valueusd,Calculated vs reported value differs by >10%
1608201819159100,Value Mismatch,valueusd,Calculated vs reported value differs by >10%
1608201819159100,Value Mismatch,valueusd,Calculated vs reported value differs by >10%
1608201819159100,Value Mismatch,valueusd,Calculated vs reported value differs by >10%
1608201819159100,Value Mismatch,valueusd,Calculated vs reported value differs by >10%
1608201819159100,Value Mismatch,valueusd,Calculated vs reported value differs by >10%
1608201819159100,Value Mismatch,valueusd,Calculated vs reported value differs by >10%
1608201819159100,Value Mismatch,valueusd,Calculated vs reported value differs by >10%
1608201819159100,Value Mismatch,valueusd,Calculated vs reported value differs by >10%
1608201819159100,Value Mismatch,valueusd,Calculated vs reported value differs by >10%
1608201819159100,Value Mismatch,valueusd,Calculated vs reported value differs by >10%
1608201819159100,Value Mismatch,valueusd,Calculated vs reported value differs by >10%
1608201819159100,Value Mismatch,valueusd,Calculated vs reported value differs by >10%
1608201819159100,Value Mismatch,valueusd,Calculated vs reported value differs by >10%
1608201819159100,Value Mismatch,valueusd,Calculated vs reported value differs by >10%
1608201819159100,Value Mismatch,valueusd,Calculated vs reported value differs by >10%
1608201819159100,Value Mismatch,valueusd,Calculated vs reported value differs by >10%
1608201819159100,Value Mismatch,valueusd,Calculated vs reported value differs by >10%
1608201819159100,Value Mismatch,valueusd,Calculated vs reported value differs by >10%
1608201819159100,Value Mismatch,valueusd,Calculated vs reported value differs by >10%
1608201819159100,Value Mismatch,valueusd,Calculated vs reported value differs by >10%
1608201819159100,Value Mismatch,valueusd,Calculated vs reported value differs by >10%
1608201819159100,Value Mismatch,valueusd,Calculated vs reported value differs by >10%
1608201819159100,Value Mismatch,valueusd,Calculated vs reported value differs by >10%
1608201819606600,Value Mismatch,valueusd,Calculated vs reported value differs by >10%
1608201821646100,Value Mismatch,valueusd,Calculated vs reported value differs by >10%
1408201821634000,Value Mismatch,valueusd,Calculated vs reported value differs by >10%
1408201821634000,Value Mismatch,valueusd,Calculated vs reported value differs by >10%
1408201821634000,Value Mismatch,valueusd,Calculated vs reported value differs by >10%
1408201821634000,Value Mismatch,valueusd,Calculated vs reported value differs by >10%
1408201821634000,Value Mismatch,valueusd,Calculated vs reported value differs by >10%
1308201821233000,Value Mismatch,valueusd,Calculated vs reported value differs by >10%
1308201820465900,Value Mismatch,valueusd,Calculated vs reported value differs by >10%
1008201821074100,Value Mismatch,valueusd,Calculated vs reported value differs by >10%
0808201820824854,Value Mismatch,valueusd,Calculated vs reported value differs by >10%
0708201819434769,Value Mismatch,valueusd,Calculated vs reported value differs by >10%
0608201822247134,Value Mismatch,valueusd,Calculated vs reported value differs by >10%
0608201819377549,Value Mismatch,valueusd,Calculated vs reported value differs by >10%
0608201821551868,Value Mismatch,valueusd,Calculated vs reported value differs by >10%
0608201821551867,Value Mismatch,valueusd,Calculated vs reported value differs by >10%
0608201821312278,Value Mismatch,valueusd,Calculated vs reported value differs by >10%
0608201820921046,Value Mismatch,valueusd,Calculated vs reported value differs by >10%
0608201819758421,Value Mismatch,valueusd,Calculated vs reported value differs by >10%
0608201819793238,Value Mismatch,valueusd,Calculated vs reported value differs by >10%
0608201819551421,Value Mismatch,valueusd,Calculated vs reported value differs by >10%
0408201819159007,Value Mismatch,valueusd,Calculated vs reported value differs by >10%
0408201819159006,Value Mismatch,valueusd,Calculated vs reported value differs by >10%
0408201819515287,Value Mismatch,valueusd,Calculated vs reported value differs by >10%
0408201819507155,Value Mismatch,valueusd,Calculated vs reported value differs by >10%
0308201819525110,Value Mismatch,valueusd,Calculated vs reported value differs by >10%
0308201819525109,Value Mismatch,valueusd,Calculated vs reported value differs by >10%
0308201819525111,Value Mismatch,valueusd,Calculated vs reported value differs by >10%
0308201819758411,Value Mismatch,valueusd,Calculated vs reported value differs by >10%
0308201819159045,Value Mismatch,valueusd,Calculated vs reported value differs by >10%
0308201819159029,Value Mismatch,valueusd,Calculated vs reported value differs by >10%
0308201819159036,Value Mismatch,valueusd,Calculated vs reported value differs by >10%
0308201819159039,Value Mismatch,valueusd,Calculated vs reported value differs by >10%
0308201819159051,Value Mismatch,valueusd,Calculated vs reported value differs by >10%
0308201819159026,Value Mismatch,valueusd,Calculated vs reported value differs by >10%
0308201819159024,Value Mismatch,valueusd,Calculated vs reported value differs by >10%
0308201819159019,Value Mismatch,valueusd,Calculated vs reported value differs by >10%
0308201819159032,Value Mismatch,valueusd,Calculated vs reported value differs by >10%
0308201819159018,Value Mismatch,valueusd,Calculated vs reported value differs by >10%
0308201819159050,Value Mismatch,valueusd,Calculated vs reported value differs by >10%
0308201819159041,Value Mismatch,valueusd,Calculated vs reported value differs by >10%
0308201819159025,Value Mismatch,valueusd,Calculated vs reported value differs by >10%
0308201819159027,Value Mismatch,valueusd,Calculated vs reported value differs by >10%
0308201819159048,Value Mismatch,valueusd,Calculated vs reported value differs by >10%
0308201819159043,Value Mismatch,valueusd,Calculated vs reported value differs by >10%
0308201819159020,Value Mismatch,valueusd,Calculated vs reported value differs by >10%
0308201819159034,Value Mismatch,valueusd,Calculated vs reported value differs by >10%
0308201819159016,Value Mismatch,valueusd,Calculated vs reported value differs by >10%
0308201819159038,Value Mismatch,valueusd,Calculated vs reported value differs by >10%
0308201819159037,Value Mismatch,valueusd,Calculated vs reported value differs by >10%
0308201819159047,Value Mismatch,valueusd,Calculated vs reported value differs by >10%
0308201819159035,Value Mismatch,valueusd,Calculated vs reported value differs by >10%
0308201819159031,Value Mismatch,valueusd,Calculated vs reported value differs by >10%
0308201819159049,Value Mismatch,valueusd,Calculated vs reported value differs by >10%
0308201819159015,Value Mismatch,valueusd,Calculated vs reported value differs by >10%
0308201819159028,Value Mismatch,valueusd,Calculated vs reported value differs by >10%
0308201819159021,Value Mismatch,valueusd,Calculated vs reported value differs by >10%
0308201819159017,Value Mismatch,valueusd,Calculated vs reported value differs by >10%
0308201819159042,Value Mismatch,valueusd,Calculated vs reported value differs by >10%
0308201819159030,Value Mismatch,valueusd,Calculated vs reported value differs by >10%
0308201819159023,Value Mismatch,valueusd,Calculated vs reported value differs by >10%
0308201819159022,Value Mismatch,valueusd,Calculated vs reported value differs by >10%
0308201819159040,Value Mismatch,valueusd,Calculated vs reported value differs by >10%
0308201819159044,Value Mismatch,valueusd,Calculated vs reported value differs by >10%
0308201819159033,Value Mismatch,valueusd,Calculated vs reported value differs by >10%
0308201819758409,Value Mismatch,valueusd,Calculated vs reported value differs by >10%
0308201819604062,Value Mismatch,valueusd,Calculated vs reported value differs by >10%
0208201819159005,Value Mismatch,valueusd,Calculated vs reported value differs by >10%
0208201819159002,Value Mismatch,valueusd,Calculated vs reported value differs by >10%
0208201819159003,Value Mismatch,valueusd,Calculated vs reported value differs by >10%
3107201823423400,Value Mismatch,valueusd,Calculated vs reported value differs by >10%
3107201823421600,Value Mismatch,valueusd,Calculated vs reported value differs by >10%
3107201825140900,Value Mismatch,valueusd,Calculated vs reported value differs by >10%
3107201823431200,Value Mismatch,valueusd,Calculated vs reported value differs by >10%
3007201823367800,Value Mismatch,valueusd,Calculated vs reported value differs by >10%
2807201825039300,Value Mismatch,valueusd,Calculated vs reported value differs by >10%
2507201823233600,Value Mismatch,valueusd,Calculated vs reported value differs by >10%
2507201823248500,Value Mismatch,valueusd,Calculated vs reported value differs by >10%
2307201823161100,Value Mismatch,valueusd,Calculated vs reported value differs by >10%
1707201822996300,Value Mismatch,valueusd,Calculated vs reported value differs by >10%
1707201823002500,Value Mismatch,valueusd,Calculated vs reported value differs by >10%
1707201823002100,Value Mismatch,valueusd,Calculated vs reported value differs by >10%
1707201823004100,Value Mismatch,valueusd,Calculated vs reported value differs by >10%
1707201823006600,Value Mismatch,valueusd,Calculated vs reported value differs by >10%
1707201823008100,Value Mismatch,valueusd,Calculated vs reported value differs by >10%
1707201823004200,Value Mismatch,valueusd,Calculated vs reported value differs by >10%
1707201823011700,Value Mismatch,valueusd,Calculated vs reported value differs by >10%
1707201823010200,Value Mismatch,valueusd,Calculated vs reported value differs by >10%
1707201823013300,Value Mismatch,valueusd,Calculated vs reported value differs by >10%
1707201823003500,Value Mismatch,valueusd,Calculated vs reported value differs by >10%
1707201823003500,Value Mismatch,valueusd,Calculated vs reported value differs by >10%
1707201823015500,Value Mismatch,valueusd,Calculated vs reported value differs by >10%
1707201823009800,Value Mismatch,valueusd,Calculated vs reported value differs by >10%
1707201823010600,Value Mismatch,valueusd,Calculated vs reported value differs by >10%
1707201823007300,Value Mismatch,valueusd,Calculated vs reported value differs by >10%
1707201823006800,Value Mismatch,valueusd,Calculated vs reported value differs by >10%
1707201823010700,Value Mismatch,valueusd,Calculated vs reported value differs by >10%
1707201823000100,Value Mismatch,valueusd,Calculated vs reported value differs by >10%
1707201823010900,Value Mismatch,valueusd,Calculated vs reported value differs by >10%
1707201823011200,Value Mismatch,valueusd,Calculated vs reported value differs by >10%
1707201823010900,Value Mismatch,valueusd,Calculated vs reported value differs by >10%
1707201822999100,Value Mismatch,valueusd,Calculated vs reported value differs by >10%
1707201822992800,Value Mismatch,valueusd,Calculated vs reported value differs by >10%
1307201822903900,Value Mismatch,valueusd,Calculated vs reported value differs by >10%
1107201822811600,Value Mismatch,valueusd,Calculated vs reported value differs by >10%
0907201824376158,Value Mismatch,valueusd,Calculated vs reported value differs by >10%
0907201822766790,Value Mismatch,valueusd,Calculated vs reported value differs by >10%
0907201822760926,Value Mismatch,valueusd,Calculated vs reported value differs by >10%
0907201822765871,Value Mismatch,valueusd,Calculated vs reported value differs by >10%
0907201822760343,Value Mismatch,valueusd,Calculated vs reported value differs by >10%
0907201822764519,Value Mismatch,valueusd,Calculated vs reported value differs by >10%
0707201823612246,Value Mismatch,valueusd,Calculated vs reported value differs by >10%
0507201822665898,Value Mismatch,valueusd,Calculated vs reported value differs by >10%
0507201822669130,Value Mismatch,valueusd,Calculated vs reported value differs by >10%
0507201822653001,Value Mismatch,valueusd,Calculated vs reported value differs by >10%
0507201822653000,Value Mismatch,valueusd,Calculated vs reported value differs by >10%
0507201822651964,Value Mismatch,valueusd,Calculated vs reported value differs by >10%
0507201822651882,Value Mismatch,valueusd,Calculated vs reported value differs by >10%
0507201822662258,Value Mismatch,valueusd,Calculated vs reported value differs by >10%
0507201822661595,Value Mismatch,valueusd,Calculated vs reported value differs by >10%
0507201822655480,Value Mismatch,valueusd,Calculated vs reported value differs by >10%
0507201822652453,Value Mismatch,valueusd,Calculated vs reported value differs by >10%
0507201822656700,Value Mismatch,valueusd,Calculated vs reported value differs by >10%
0507201822657462,Value Mismatch,valueusd,Calculated vs reported value differs by >10%
0507201822655837,Value Mismatch,valueusd,Calculated vs reported value differs by >10%
0507201822655654,Value Mismatch,valueusd,Calculated vs reported value differs by >10%
0507201822668292,Value Mismatch,valueusd,Calculated vs reported value differs by >10%
0507201822653793,Value Mismatch,valueusd,Calculated vs reported value differs by >10%
0507201822649065,Value Mismatch,valueusd,Calculated vs reported value differs by >10%
0507201822662802,Value Mismatch,valueusd,Calculated vs reported value differs by >10%
0507201822668575,Value Mismatch,valueusd,Calculated vs reported value differs by >10%
0507201822664437,Value Mismatch,valueusd,Calculated vs reported value differs by >10%
0507201822655382,Value Mismatch,valueusd,Calculated vs reported value differs by >10%
0507201822664727,Value Mismatch,valueusd,Calculated vs reported value differs by >10%
0507201822665739,Value Mismatch,valueusd,Calculated vs reported value differs by >10%
0507201822663711,Value Mismatch,valueusd,Calculated vs reported value differs by >10%
0507201822665112,Value Mismatch,valueusd,Calculated vs reported value differs by >10%
0507201822660784,Value Mismatch,valueusd,Calculated vs reported value differs by >10%
0507201822660783,Value Mismatch,valueusd,Calculated vs reported value differs by >10%
0507201822660782,Value Mismatch,valueusd,Calculated vs reported value differs by >10%
0507201822663427,Value Mismatch,valueusd,Calculated vs reported value differs by >10%
0507201822662929,Value Mismatch,valueusd,Calculated vs reported value differs by >10%
0507201822664772,Value Mismatch,valueusd,Calculated vs reported value differs by >10%
0507201822651580,Value Mismatch,valueusd,Calculated vs reported value differs by >10%
0507201822666967,Value Mismatch,valueusd,Calculated vs reported value differs by >10%
0507201822665806,Value Mismatch,valueusd,Calculated vs reported value differs by >10%
0507201822668757,Value Mismatch,valueusd,Calculated vs reported value differs by >10%
0507201822653939,Value Mismatch,valueusd,Calculated vs reported value differs by >10%
0507201822658066,Value Mismatch,valueusd,Calculated vs reported value differs by >10%
0507201822660743,Value Mismatch,valueusd,Calculated vs reported value differs by >10%
0507201822658033,Value Mismatch,valueusd,Calculated vs reported value differs by >10%
0507201822658032,Value Mismatch,valueusd,Calculated vs reported value differs by >10%
0507201822651383,Value Mismatch,valueusd,Calculated vs reported value differs by >10%
0507201822653809,Value Mismatch,valueusd,Calculated vs reported value differs by >10%
0507201822653910,Value Mismatch,valueusd,Calculated vs reported value differs by >10%
0507201822664431,Value Mismatch,valueusd,Calculated vs reported value differs by >10%
0407201825250574,Value Mismatch,valueusd,Calculated vs reported value differs by >10%
0407201824222973,Value Mismatch,valueusd,Calculated vs reported value differs by >10%
0407201822598821,Value Mismatch,valueusd,Calculated vs reported value differs by >10%
2906201818066300,Value Mismatch,valueusd,Calculated vs reported value differs by >10%
2906201818058700,Value Mismatch,valueusd,Calculated vs reported value differs by >10%
2906201815423600,Value Mismatch,valueusd,Calculated vs reported value differs by >10%
2206201818369900,Value Mismatch,valueusd,Calculated vs reported value differs by >10%
1806201818307500,Value Mismatch,valueusd,Calculated vs reported value differs by >10%
1806201818307500,Value Mismatch,valueusd,Calculated vs reported value differs by >10%
1806201818004400,Value Mismatch,valueusd,Calculated vs reported value differs by >10%
1806201817896100,Value Mismatch,valueusd,Calculated vs reported value differs by >10%
1806201817465900,Value Mismatch,valueusd,Calculated vs reported value differs by >10%
1506201816073600,Value Mismatch,valueusd,Calculated vs reported value differs by >10%
1506201817055400,Value Mismatch,valueusd,Calculated vs reported value differs by >10%
1506201815422200,Value Mismatch,valueusd,Calculated vs reported value differs by >10%
1506201815733400,Value Mismatch,valueusd,Calculated vs reported value differs by >10%
1406201816276800,Value Mismatch,valueusd,Calculated vs reported value differs by >10%
1306201817274000,Value Mismatch,valueusd,Calculated vs reported value differs by >10%
11062018517590,Value Mismatch,valueusd,Calculated vs reported value differs by >10%
0406201815766070,Value Mismatch,valueusd,Calculated vs reported value differs by >10%
3105201813978600,Value Mismatch,valueusd,Calculated vs reported value differs by >10%
2905201815209200,Value Mismatch,valueusd,Calculated vs reported value differs by >10%
2905201815209200,Value Mismatch,valueusd,Calculated vs reported value differs by >10%
2905201815209200,Value Mismatch,valueusd,Calculated vs reported value differs by >10%
2905201814479100,Value Mismatch,valueusd,Calculated vs reported value differs by >10%
2905201814475800,Value Mismatch,valueusd,Calculated vs reported value differs by >10%
2905201814474600,Value Mismatch,valueusd,Calculated vs reported value differs by >10%
2905201814453900,Value Mismatch,valueusd,Calculated vs reported value differs by >10%
2905201814453900,Value Mismatch,valueusd,Calculated vs reported value differs by >10%
2905201814449400,Value Mismatch,valueusd,Calculated vs reported value differs by >10%
2905201814449400,Value Mismatch,valueusd,Calculated vs reported value differs by >10%
2405201814475900,Value Mismatch,valueusd,Calculated vs reported value differs by >10%
2405201814471200,Value Mismatch,valueusd,Calculated vs reported value differs by >10%
2405201814468600,Value Mismatch,valueusd,Calculated vs reported value differs by >10%
2405201814445900,Value Mismatch,valueusd,Calculated vs reported value differs by >10%
2205201813930700,Value Mismatch,valueusd,Calculated vs reported value differs by >10%
1905201815208500,Value Mismatch,valueusd,Calculated vs reported value differs by >10%
1905201814468100,Value Mismatch,valueusd,Calculated vs reported value differs by >10%
1905201814467000,Value Mismatch,valueusd,Calculated vs reported value differs by >10%
1905201814464600,Value Mismatch,valueusd,Calculated vs reported value differs by >10%
1905201814445800,Value Mismatch,valueusd,Calculated vs reported value differs by >10%
1905201813915200,Value Mismatch,valueusd,Calculated vs reported value differs by >10%
1405201813889800,Value Mismatch,valueusd,Calculated vs reported value differs by >10%
1005201814459600,Value Mismatch,valueusd,Calculated vs reported value differs by >10%
0205201813827010,Value Mismatch,valueusd,Calculated vs reported value differs by >10%
0205201813824705,Value Mismatch,valueusd,Calculated vs reported value differs by >10%
0105201814451291,Value Mismatch,valueusd,Calculated vs reported value differs by >10%
0105201814432885,Value Mismatch,valueusd,Calculated vs reported value differs by >10%
3004201810905800,Value Mismatch,valueusd,Calculated vs reported value differs by >10%
3004201810921100,Value Mismatch,valueusd,Calculated vs reported value differs by >10%
3004201811557400,Value Mismatch,valueusd,Calculated vs reported value differs by >10%
3004201810905800,Value Mismatch,valueusd,Calculated vs reported value differs by >10%
2604201810239700,Value Mismatch,valueusd,Calculated vs reported value differs by >10%
2504201810451800,Value Mismatch,valueusd,Calculated vs reported value differs by >10%
2304201810443400,Value Mismatch,valueusd,Calculated vs reported value differs by >10%
2304201810438800,Value Mismatch,valueusd,Calculated vs reported value differs by >10%
2104201810899900,Value Mismatch,valueusd,Calculated vs reported value differs by >10%
2104201810888400,Value Mismatch,valueusd,Calculated vs reported value differs by >10%
2104201810892800,Value Mismatch,valueusd,Calculated vs reported value differs by >10%
2104201810892700,Value Mismatch,valueusd,Calculated vs reported value differs by >10%
2104201810899900,Value Mismatch,valueusd,Calculated vs reported value differs by >10%
2104201810892900,Value Mismatch,valueusd,Calculated vs reported value differs by >10%
2104201810892500,Value Mismatch,valueusd,Calculated vs reported value differs by >10%
2104201810915300,Value Mismatch,valueusd,Calculated vs reported value differs by >10%
2104201810892500,Value Mismatch,valueusd,Calculated vs reported value differs by >10%
2104201810892800,Value Mismatch,valueusd,Calculated vs reported value differs by >10%
2104201810912100,Value Mismatch,valueusd,Calculated vs reported value differs by >10%
2104201811556600,Value Mismatch,valueusd,Calculated vs reported value differs by >10%
2104201811556600,Value Mismatch,valueusd,Calculated vs reported value differs by >10%
2104201810899900,Value Mismatch,valueusd,Calculated vs reported value differs by >10%
2104201811556600,Value Mismatch,valueusd,Calculated vs reported value differs by >10%
2104201810915300,Value Mismatch,valueusd,Calculated vs reported value differs by >10%
2104201810912100,Value Mismatch,valueusd,Calculated vs reported value differs by >10%
2104201810892800,Value Mismatch,valueusd,Calculated vs reported value differs by >10%
2104201810892800,Value Mismatch,valueusd,Calculated vs reported value differs by >10%
2104201810888400,Value Mismatch,valueusd,Calculated vs reported value differs by >10%
2104201810915300,Value Mismatch,valueusd,Calculated vs reported value differs by >10%
2104201810912100,Value Mismatch,valueusd,Calculated vs reported value differs by >10%
2104201810915300,Value Mismatch,valueusd,Calculated vs reported value differs by >10%
2104201811556600,Value Mismatch,valueusd,Calculated vs reported value differs by >10%
2104201810912200,Value Mismatch,valueusd,Calculated vs reported value differs by >10%
2104201810892500,Value Mismatch,valueusd,Calculated vs reported value differs by >10%
2104201810892500,Value Mismatch,valueusd,Calculated vs reported value differs by >10%
2104201810912100,Value Mismatch,valueusd,Calculated vs reported value differs by >10%
2104201810912100,Value Mismatch,valueusd,Calculated vs reported value differs by >10%
2104201810888400,Value Mismatch,valueusd,Calculated vs reported value differs by >10%
2104201810892800,Value Mismatch,valueusd,Calculated vs reported value differs by >10%
2104201810892800,Value Mismatch,valueusd,Calculated vs reported value differs by >10%
2104201810892500,Value Mismatch,valueusd,Calculated vs reported value differs by >10%
2104201810892900,Value Mismatch,valueusd,Calculated vs reported value differs by >10%
2104201810892500,Value Mismatch,valueusd,Calculated vs reported value differs by >10%
2104201810888400,Value Mismatch,valueusd,Calculated vs reported value differs by >10%
2104201810915300,Value Mismatch,valueusd,Calculated vs reported value differs by >10%
2104201810888400,Value Mismatch,valueusd,Calculated vs reported value differs by >10%
2104201810900000,Value Mismatch,valueusd,Calculated vs reported value differs by >10%
1304201811555800,Value Mismatch,valueusd,Calculated vs reported value differs by >10%
1304201811555800,Value Mismatch,valueusd,Calculated vs reported value differs by >10%
1304201810909700,Value Mismatch,valueusd,Calculated vs reported value differs by >10%
1304201810894200,Value Mismatch,valueusd,Calculated vs reported value differs by >10%
1304201810887600,Value Mismatch,valueusd,Calculated vs reported value differs by >10%
1204201810905400,Value Mismatch,valueusd,Calculated vs reported value differs by >10%
1204201810886000,Value Mismatch,valueusd,Calculated vs reported value differs by >10%
1104201811138000,Value Mismatch,valueusd,Calculated vs reported value differs by >10%
1104201811138000,Value Mismatch,valueusd,Calculated vs reported value differs by >10%
1104201811590200,Value Mismatch,valueusd,Calculated vs reported value differs by >10%
1104201811128600,Value Mismatch,valueusd,Calculated vs reported value differs by >10%
0904201811479846,Value Mismatch,valueusd,Calculated vs reported value differs by >10%
0904201811480666,Value Mismatch,valueusd,Calculated vs reported value differs by >10%
0704201810279697,Value Mismatch,valueusd,Calculated vs reported value differs by >10%
0604201810881324,Value Mismatch,valueusd,Calculated vs reported value differs by >10%
0604201810881620,Value Mismatch,valueusd,Calculated vs reported value differs by >10%
0604201810881339,Value Mismatch,valueusd,Calculated vs reported value differs by >10%
0604201810879920,Value Mismatch,valueusd,Calculated vs reported value differs by >10%
0604201810879906,Value Mismatch,valueusd,Calculated vs reported value differs by >10%
0604201810888376,Value Mismatch,valueusd,Calculated vs reported value differs by >10%
0604201810881602,Value Mismatch,valueusd,Calculated vs reported value differs by >10%
0604201810881646,Value Mismatch,valueusd,Calculated vs reported value differs by >10%
0604201810879900,Value Mismatch,valueusd,Calculated vs reported value differs by >10%
0604201810903368,Value Mismatch,valueusd,Calculated vs reported value differs by >10%
0604201810875608,Value Mismatch,valueusd,Calculated vs reported value differs by >10%
0604201810879898,Value Mismatch,valueusd,Calculated vs reported value differs by >10%
0604201811555022,Value Mismatch,valueusd,Calculated vs reported value differs by >10%
0604201810888398,Value Mismatch,valueusd,Calculated vs reported value differs by >10%
0604201810881326,Value Mismatch,valueusd,Calculated vs reported value differs by >10%
0604201810881336,Value Mismatch,valueusd,Calculated vs reported value differs by >10%
0604201811555021,Value Mismatch,valueusd,Calculated vs reported value differs by >10%
0604201810881606,Value Mismatch,valueusd,Calculated vs reported value differs by >10%
0604201811555020,Value Mismatch,valueusd,Calculated vs reported value differs by >10%
0604201810875597,Value Mismatch,valueusd,Calculated vs reported value differs by >10%
0604201810899938,Value Mismatch,valueusd,Calculated vs reported value differs by >10%
0604201810875610,Value Mismatch,valueusd,Calculated vs reported value differs by >10%
0604201811555019,Value Mismatch,valueusd,Calculated vs reported value differs by >10%
0604201810881632,Value Mismatch,valueusd,Calculated vs reported value differs by >10%
0604201810888375,Value Mismatch,valueusd,Calculated vs reported value differs by >10%
0604201810875624,Value Mismatch,valueusd,Calculated vs reported value differs by >10%
0604201810888379,Value Mismatch,valueusd,Calculated vs reported value differs by >10%
0604201810875603,Value Mismatch,valueusd,Calculated vs reported value differs by >10%
0604201811555023,Value Mismatch,valueusd,Calculated vs reported value differs by >10%
0604201810879897,Value Mismatch,valueusd,Calculated vs reported value differs by >10%
0604201811555025,Value Mismatch,valueusd,Calculated vs reported value differs by >10%
0604201811555024,Value Mismatch,valueusd,Calculated vs reported value differs by >10%
0604201810881648,Value Mismatch,valueusd,Calculated vs reported value differs by >10%
0604201810875649,Value Mismatch,valueusd,Calculated vs reported value differs by >10%
0604201811555027,Value Mismatch,valueusd,Calculated vs reported value differs by >10%
0604201810888409,Value Mismatch,valueusd,Calculated vs reported value differs by >10%
0604201811555026,Value Mismatch,valueusd,Calculated vs reported value differs by >10%
0604201810903378,Value Mismatch,valueusd,Calculated vs reported value differs by >10%
0604201810875591,Value Mismatch,valueusd,Calculated vs reported value differs by >10%
0604201810899939,Value Mismatch,valueusd,Calculated vs reported value differs by >10%
0604201810875622,Value Mismatch,valueusd,Calculated vs reported value differs by >10%
0604201810881651,Value Mismatch,valueusd,Calculated vs reported value differs by >10%
0604201810881463,Value Mismatch,valueusd,Calculated vs reported value differs by >10%
290320188643300,Value Mismatch,valueusd,Calculated vs reported value differs by >10%
290320188643960,Value Mismatch,valueusd,Calculated vs reported value differs by >10%
280320188591130,Value Mismatch,valueusd,Calculated vs reported value differs by >10%
280320188591120,Value Mismatch,valueusd,Calculated vs reported value differs by >10%
280320188591120,Value Mismatch,valueusd,Calculated vs reported value differs by >10%
280320188591130,Value Mismatch,valueusd,Calculated vs reported value differs by >10%
280320188591120,Value Mismatch,valueusd,Calculated vs reported value differs by >10%
280320188591100,Value Mismatch,valueusd,Calculated vs reported value differs by >10%
280320188591100,Value Mismatch,valueusd,Calculated vs reported value differs by >10%
280320188591110,Value Mismatch,valueusd,Calculated vs reported value differs by >10%
280320188591100,Value Mismatch,valueusd,Calculated vs reported value differs by >10%
280320188591140,Value Mismatch,valueusd,Calculated vs reported value differs by >10%
280320188591130,Value Mismatch,valueusd,Calculated vs reported value differs by >10%
280320188591130,Value Mismatch,valueusd,Calculated vs reported value differs by >10%
280320188591110,Value Mismatch,valueusd,Calculated vs reported value differs by >10%
280320188591120,Value Mismatch,valueusd,Calculated vs reported value differs by >10%
280320188591130,Value Mismatch,valueusd,Calculated vs reported value differs by >10%
280320188591110,Value Mismatch,valueusd,Calculated vs reported value differs by >10%
280320188591100,Value Mismatch,valueusd,Calculated vs reported value differs by >10%
280320188591130,Value Mismatch,valueusd,Calculated vs reported value differs by >10%
280320188591130,Value Mismatch,valueusd,Calculated vs reported value differs by >10%
280320188591120,Value Mismatch,valueusd,Calculated vs reported value differs by >10%
280320188591120,Value Mismatch,valueusd,Calculated vs reported value differs by >10%
280320188591110,Value Mismatch,valueusd,Calculated vs reported value differs by >10%
280320188591120,Value Mismatch,valueusd,Calculated vs reported value differs by >10%
280320188591130,Value Mismatch,valueusd,Calculated vs reported value differs by >10%
280320188591140,Value Mismatch,valueusd,Calculated vs reported value differs by >10%
280320188591110,Value Mismatch,valueusd,Calculated vs reported value differs by >10%
280320188591100,Value Mismatch,valueusd,Calculated vs reported value differs by >10%
280320188591120,Value Mismatch,valueusd,Calculated vs reported value differs by >10%
280320188591100,Value Mismatch,valueusd,Calculated vs reported value differs by >10%
280320188591130,Value Mismatch,valueusd,Calculated vs reported value differs by >10%
280320188591110,Value Mismatch,valueusd,Calculated vs reported value differs by >10%
280320188591140,Value Mismatch,valueusd,Calculated vs reported value differs by >10%
280320188591140,Value Mismatch,valueusd,Calculated vs reported value differs by >10%
280320188591140,Value Mismatch,valueusd,Calculated vs reported value differs by >10%
280320188591110,Value Mismatch,valueusd,Calculated vs reported value differs by >10%
280320188591110,Value Mismatch,valueusd,Calculated vs reported value differs by >10%
280320188591120,Value Mismatch,valueusd,Calculated vs reported value differs by >10%
280320188591100,Value Mismatch,valueusd,Calculated vs reported value differs by >10%
280320188591110,Value Mismatch,valueusd,Calculated vs reported value differs by >10%
280320188591120,Value Mismatch,valueusd,Calculated vs reported value differs by >10%
280320188591120,Value Mismatch,valueusd,Calculated vs reported value differs by >10%
240320188232120,Value Mismatch,valueusd,Calculated vs reported value differs by >10%
240320188232120,Value Mismatch,valueusd,Calculated vs reported value differs by >10%
240320188232120,Value Mismatch,valueusd,Calculated vs reported value differs by >10%
240320188232120,Value Mismatch,valueusd,Calculated vs reported value differs by >10%
240320188232130,Value Mismatch,valueusd,Calculated vs reported value differs by >10%
240320188232120,Value Mismatch,valueusd,Calculated vs reported value differs by >10%
230320188194700,Value Mismatch,valueusd,Calculated vs reported value differs by >10%
210320187985470,Value Mismatch,valueusd,Calculated vs reported value differs by >10%
210320187985470,Value Mismatch,valueusd,Calculated vs reported value differs by >10%
190320187743240,Value Mismatch,valueusd,Calculated vs reported value differs by >10%
160320189130360,Value Mismatch,valueusd,Calculated vs reported value differs by >10%
090320187061277,Value Mismatch,valueusd,Calculated vs reported value differs by >10%
090320187061114,Value Mismatch,valueusd,Calculated vs reported value differs by >10%
090320187061276,Value Mismatch,valueusd,Calculated vs reported value differs by >10%
080320186955104,Value Mismatch,valueusd,Calculated vs reported value differs by >10%
080320186955127,Value Mismatch,valueusd,Calculated vs reported value differs by >10%
080320186955121,Value Mismatch,valueusd,Calculated vs reported value differs by >10%
080320186955118,Value Mismatch,valueusd,Calculated vs reported value differs by >10%
080320186955114,Value Mismatch,valueusd,Calculated vs reported value differs by >10%
080320186955108,Value Mismatch,valueusd,Calculated vs reported value differs by >10%
080320186955107,Value Mismatch,valueusd,Calculated vs reported value differs by >10%
080320186955106,Value Mismatch,valueusd,Calculated vs reported value differs by >10%
080320186955102,Value Mismatch,valueusd,Calculated vs reported value differs by >10%
080320186955101,Value Mismatch,valueusd,Calculated vs reported value differs by >10%
080320186955134,Value Mismatch,valueusd,Calculated vs reported value differs by >10%
080320186955120,Value Mismatch,valueusd,Calculated vs reported value differs by >10%
080320186955110,Value Mismatch,valueusd,Calculated vs reported value differs by >10%
080320186955123,Value Mismatch,valueusd,Calculated vs reported value differs by >10%
080320186955115,Value Mismatch,valueusd,Calculated vs reported value differs by >10%
080320186955112,Value Mismatch,valueusd,Calculated vs reported value differs by >10%
080320186955109,Value Mismatch,valueusd,Calculated vs reported value differs by >10%
080320186955132,Value Mismatch,valueusd,Calculated vs reported value differs by >10%
080320186955131,Value Mismatch,valueusd,Calculated vs reported value differs by >10%
080320186955133,Value Mismatch,valueusd,Calculated vs reported value differs by >10%
080320186955128,Value Mismatch,valueusd,Calculated vs reported value differs by >10%
080320186955103,Value Mismatch,valueusd,Calculated vs reported value differs by >10%
080320186955135,Value Mismatch,valueusd,Calculated vs reported value differs by >10%
080320186955129,Value Mismatch,valueusd,Calculated vs reported value differs by >10%
080320186955098,Value Mismatch,valueusd,Calculated vs reported value differs by >10%
080320186955099,Value Mismatch,valueusd,Calculated vs reported value differs by >10%
080320186955111,Value Mismatch,valueusd,Calculated vs reported value differs by >10%
080320186955113,Value Mismatch,valueusd,Calculated vs reported value differs by >10%
080320186955125,Value Mismatch,valueusd,Calculated vs reported value differs by >10%
080320186955124,Value Mismatch,valueusd,Calculated vs reported value differs by >10%
080320186955117,Value Mismatch,valueusd,Calculated vs reported value differs by >10%
080320186955126,Value Mismatch,valueusd,Calculated vs reported value differs by >10%
080320186955130,Value Mismatch,valueusd,Calculated vs reported value differs by >10%
080320186955119,Value Mismatch,valueusd,Calculated vs reported value differs by >10%
080320186955100,Value Mismatch,valueusd,Calculated vs reported value differs by >10%
080320186955105,Value Mismatch,valueusd,Calculated vs reported value differs by >10%
080320186955122,Value Mismatch,valueusd,Calculated vs reported value differs by >10%
080320186955116,Value Mismatch,valueusd,Calculated vs reported value differs by >10%
070320186832038,Value Mismatch,valueusd,Calculated vs reported value differs by >10%
060320186695478,Value Mismatch,valueusd,Calculated vs reported value differs by >10%
060320186722988,Value Mismatch,valueusd,Calculated vs reported value differs by >10%
060320186722989,Value Mismatch,valueusd,Calculated vs reported value differs by >10%
050320186680305,Value Mismatch,valueusd,Calculated vs reported value differs by >10%
050320186680303,Value Mismatch,valueusd,Calculated vs reported value differs by >10%
050320186680304,Value Mismatch,valueusd,Calculated vs reported value differs by >10%
050320186680306,Value Mismatch,valueusd,Calculated vs reported value differs by >10%
050320186680307,Value Mismatch,valueusd,Calculated vs reported value differs by >10%
030320186512394,Value Mismatch,valueusd,Calculated vs reported value differs by >10%
030320186514480,Value Mismatch,valueusd,Calculated vs reported value differs by >10%
030320186532615,Value Mismatch,valueusd,Calculated vs reported value differs by >10%
020320186441878,Value Mismatch,valueusd,Calculated vs reported value differs by >10%
020320186441877,Value Mismatch,valueusd,Calculated vs reported value differs by >10%
020320186441880,Value Mismatch,valueusd,Calculated vs reported value differs by >10%
280220185038770,Value Mismatch,valueusd,Calculated vs reported value differs by >10%
280220185038800,Value Mismatch,valueusd,Calculated vs reported value differs by >10%
280220185038770,Value Mismatch,valueusd,Calculated vs reported value differs by >10%
280220185038790,Value Mismatch,valueusd,Calculated vs reported value differs by >10%
280220185038800,Value Mismatch,valueusd,Calculated vs reported value differs by >10%
280220185038760,Value Mismatch,valueusd,Calculated vs reported value differs by >10%
280220185038800,Value Mismatch,valueusd,Calculated vs reported value differs by >10%
280220185038730,Value Mismatch,valueusd,Calculated vs reported value differs by >10%
280220185038760,Value Mismatch,valueusd,Calculated vs reported value differs by >10%
280220185038760,Value Mismatch,valueusd,Calculated vs reported value differs by >10%
280220185038730,Value Mismatch,valueusd,Calculated vs reported value differs by >10%
280220185038770,Value Mismatch,valueusd,Calculated vs reported value differs by >10%
280220185038800,Value Mismatch,valueusd,Calculated vs reported value differs by >10%
280220185038780,Value Mismatch,valueusd,Calculated vs reported value differs by >10%
280220185038770,Value Mismatch,valueusd,Calculated vs reported value differs by >10%
280220185038780,Value Mismatch,valueusd,Calculated vs reported value differs by >10%
280220185038720,Value Mismatch,valueusd,Calculated vs reported value differs by >10%
280220185038720,Value Mismatch,valueusd,Calculated vs reported value differs by >10%
280220185038730,Value Mismatch,valueusd,Calculated vs reported value differs by >10%
280220185038760,Value Mismatch,valueusd,Calculated vs reported value differs by >10%
280220185038730,Value Mismatch,valueusd,Calculated vs reported value differs by >10%
280220185038780,Value Mismatch,valueusd,Calculated vs reported value differs by >10%
280220185038760,Value Mismatch,valueusd,Calculated vs reported value differs by >10%
280220185038730,Value Mismatch,valueusd,Calculated vs reported value differs by >10%
280220185038790,Value Mismatch,valueusd,Calculated vs reported value differs by >10%
280220185038740,Value Mismatch,valueusd,Calculated vs reported value differs by >10%
280220185038760,Value Mismatch,valueusd,Calculated vs reported value differs by >10%
280220185038760,Value Mismatch,valueusd,Calculated vs reported value differs by >10%
280220185038760,Value Mismatch,valueusd,Calculated vs reported value differs by >10%
280220185038780,Value Mismatch,valueusd,Calculated vs reported value differs by >10%
280220185038790,Value Mismatch,valueusd,Calculated vs reported value differs by >10%
280220185038730,Value Mismatch,valueusd,Calculated vs reported value differs by >10%
280220185038780,Value Mismatch,valueusd,Calculated vs reported value differs by >10%
280220185038800,Value Mismatch,valueusd,Calculated vs reported value differs by >10%
280220185038770,Value Mismatch,valueusd,Calculated vs reported value differs by >10%
280220185038780,Value Mismatch,valueusd,Calculated vs reported value differs by >10%
280220185038780,Value Mismatch,valueusd,Calculated vs reported value differs by >10%
280220185038760,Value Mismatch,valueusd,Calculated vs reported value differs by >10%
280220185038760,Value Mismatch,valueusd,Calculated vs reported value differs by >10%
280220185038790,Value Mismatch,valueusd,Calculated vs reported value differs by >10%
280220185038770,Value Mismatch,valueusd,Calculated vs reported value differs by >10%
280220185038720,Value Mismatch,valueusd,Calculated vs reported value differs by >10%
280220185038780,Value Mismatch,valueusd,Calculated vs reported value differs by >10%
280220185038730,Value Mismatch,valueusd,Calculated vs reported value differs by >10%
280220185038790,Value Mismatch,valueusd,Calculated vs reported value differs by >10%
280220185038790,Value Mismatch,valueusd,Calculated vs reported value differs by >10%
280220185038780,Value Mismatch,valueusd,Calculated vs reported value differs by >10%
280220185038780,Value Mismatch,valueusd,Calculated vs reported value differs by >10%
280220185038770,Value Mismatch,valueusd,Calculated vs reported value differs by >10%
280220185038720,Value Mismatch,valueusd,Calculated vs reported value differs by >10%
280220185038800,Value Mismatch,valueusd,Calculated vs reported value differs by >10%
280220185038760,Value Mismatch,valueusd,Calculated vs reported value differs by >10%
280220185038730,Value Mismatch,valueusd,Calculated vs reported value differs by >10%
280220185038770,Value Mismatch,valueusd,Calculated vs reported value differs by >10%
280220185038730,Value Mismatch,valueusd,Calculated vs reported value differs by >10%
280220185035010,Value Mismatch,valueusd,Calculated vs reported value differs by >10%
280220185035010,Value Mismatch,valueusd,Calculated vs reported value differs by >10%
260220185771280,Value Mismatch,valueusd,Calculated vs reported value differs by >10%
230220185719840,Value Mismatch,valueusd,Calculated vs reported value differs by >10%
210220184418910,Value Mismatch,valueusd,Calculated vs reported value differs by >10%
210220184443180,Value Mismatch,valueusd,Calculated vs reported value differs by >10%
210220184443180,Value Mismatch,valueusd,Calculated vs reported value differs by >10%
210220184415100,Value Mismatch,valueusd,Calculated vs reported value differs by >10%
190220184202280,Value Mismatch,valueusd,Calculated vs reported value differs by >10%
190220184202280,Value Mismatch,valueusd,Calculated vs reported value differs by >10%
170220184110730,Value Mismatch,valueusd,Calculated vs reported value differs by >10%
160220184026710,Value Mismatch,valueusd,Calculated vs reported value differs by >10%
150220183848000,Value Mismatch,valueusd,Calculated vs reported value differs by >10%
140220183694950,Value Mismatch,valueusd,Calculated vs reported value differs by >10%
120220186112900,Value Mismatch,valueusd,Calculated vs reported value differs by >10%
120220186112900,Value Mismatch,valueusd,Calculated vs reported value differs by >10%
120220183551200,Value Mismatch,valueusd,Calculated vs reported value differs by >10%
120220186119860,Value Mismatch,valueusd,Calculated vs reported value differs by >10%
120220183551220,Value Mismatch,valueusd,Calculated vs reported value differs by >10%
120220183551220,Value Mismatch,valueusd,Calculated vs reported value differs by >10%
060220186262136,Value Mismatch,valueusd,Calculated vs reported value differs by >10%
060220182949643,Value Mismatch,valueusd,Calculated vs reported value differs by >10%
060220182949635,Value Mismatch,valueusd,Calculated vs reported value differs by >10%
050220182857958,Value Mismatch,valueusd,Calculated vs reported value differs by >10%
050220182879474,Value Mismatch,valueusd,Calculated vs reported value differs by >10%
030220182635616,Value Mismatch,valueusd,Calculated vs reported value differs by >10%
010220182621207,Value Mismatch,valueusd,Calculated vs reported value differs by >10%
010220182621206,Value Mismatch,valueusd,Calculated vs reported value differs by >10%
010220182621190,Value Mismatch,valueusd,Calculated vs reported value differs by >10%
010220182621199,Value Mismatch,valueusd,Calculated vs reported value differs by >10%
010220182621201,Value Mismatch,valueusd,Calculated vs reported value differs by >10%
010220182621198,Value Mismatch,valueusd,Calculated vs reported value differs by >10%
010220182621208,Value Mismatch,valueusd,Calculated vs reported value differs by >10%
010220182621178,Value Mismatch,valueusd,Calculated vs reported value differs by >10%
010220182621209,Value Mismatch,valueusd,Calculated vs reported value differs by >10%
010220182621185,Value Mismatch,valueusd,Calculated vs reported value differs by >10%
010220182621186,Value Mismatch,valueusd,Calculated vs reported value differs by >10%
010220182621196,Value Mismatch,valueusd,Calculated vs reported value differs by >10%
010220182621204,Value Mismatch,valueusd,Calculated vs reported value differs by >10%
010220182621205,Value Mismatch,valueusd,Calculated vs reported value differs by >10%
010220182621200,Value Mismatch,valueusd,Calculated vs reported value differs by >10%
010220182621179,Value Mismatch,valueusd,Calculated vs reported value differs by >10%
010220182621177,Value Mismatch,valueusd,Calculated vs reported value differs by >10%
010220182621192,Value Mismatch,valueusd,Calculated vs reported value differs by >10%
010220182621203,Value Mismatch,valueusd,Calculated vs reported value differs by >10%
010220182621202,Value Mismatch,valueusd,Calculated vs reported value differs by >10%
010220182621181,Value Mismatch,valueusd,Calculated vs reported value differs by >10%
010220182621226,Value Mismatch,valueusd,Calculated vs reported value differs by >10%
010220182621223,Value Mismatch,valueusd,Calculated vs reported value differs by >10%
010220182621216,Value Mismatch,valueusd,Calculated vs reported value differs by >10%
010220182621215,Value Mismatch,valueusd,Calculated vs reported value differs by >10%
010220182621214,Value Mismatch,valueusd,Calculated vs reported value differs by >10%
010220182621213,Value Mismatch,valueusd,Calculated vs reported value differs by >10%
010220182621183,Value Mismatch,valueusd,Calculated vs reported value differs by >10%
010220182621217,Value Mismatch,valueusd,Calculated vs reported value differs by >10%
010220182621176,Value Mismatch,valueusd,Calculated vs reported value differs by >10%
010220182621188,Value Mismatch,valueusd,Calculated vs reported value differs by >10%
010220182621184,Value Mismatch,valueusd,Calculated vs reported value differs by >10%
010220182621195,Value Mismatch,valueusd,Calculated vs reported value differs by >10%
010220182621218,Value Mismatch,valueusd,Calculated vs reported value differs by >10%
010220182621224,Value Mismatch,valueusd,Calculated vs reported value differs by >10%
010220182621194,Value Mismatch,valueusd,Calculated vs reported value differs by >10%
010220182621221,Value Mismatch,valueusd,Calculated vs reported value differs by >10%
010220182621222,Value Mismatch,valueusd,Calculated vs reported value differs by >10%
010220182621220,Value Mismatch,valueusd,Calculated vs reported value differs by >10%
010220182621225,Value Mismatch,valueusd,Calculated vs reported value differs by >10%
010220182621187,Value Mismatch,valueusd,Calculated vs reported value differs by >10%
010220182621227,Value Mismatch,valueusd,Calculated vs reported value differs by >10%
010220182621180,Value Mismatch,valueusd,Calculated vs reported value differs by >10%
010220182621229,Value Mismatch,valueusd,Calculated vs reported value differs by >10%
010220182621212,Value Mismatch,valueusd,Calculated vs reported value differs by >10%
010220182621211,Value Mismatch,valueusd,Calculated vs reported value differs by >10%
010220182621191,Value Mismatch,valueusd,Calculated vs reported value differs by >10%
010220182621197,Value Mismatch,valueusd,Calculated vs reported value differs by >10%
010220182621210,Value Mismatch,valueusd,Calculated vs reported value differs by >10%
010220182621189,Value Mismatch,valueusd,Calculated vs reported value differs by >10%
010220182621219,Value Mismatch,valueusd,Calculated vs reported value differs by >10%
010220182621182,Value Mismatch,valueusd,Calculated vs reported value differs by >10%
010220182621165,Value Mismatch,valueusd,Calculated vs reported value differs by >10%
310120182182890,Value Mismatch,valueusd,Calculated vs reported value differs by >10%
310120182143300,Value Mismatch,valueusd,Calculated vs reported value differs by >10%
310120182182890,Value Mismatch,valueusd,Calculated vs reported value differs by >10%
310120182143300,Value Mismatch,valueusd,Calculated vs reported value differs by >10%
300120182388600,Value Mismatch,valueusd,Calculated vs reported value differs by >10%
300120182250050,Value Mismatch,valueusd,Calculated vs reported value differs by >10%
250120182430950,Value Mismatch,valueusd,Calculated vs reported value differs by >10%
250120182430950,Value Mismatch,valueusd,Calculated vs reported value differs by >10%
230120181216980,Value Mismatch,valueusd,Calculated vs reported value differs by >10%
200120181782930,Value Mismatch,valueusd,Calculated vs reported value differs by >10%
180120181487750,Value Mismatch,valueusd,Calculated vs reported value differs by >10%
180120181487800,Value Mismatch,valueusd,Calculated vs reported value differs by >10%
180120181487790,Value Mismatch,valueusd,Calculated vs reported value differs by >10%
180120181487800,Value Mismatch,valueusd,Calculated vs reported value differs by >10%
180120181487780,Value Mismatch,valueusd,Calculated vs reported value differs by >10%
180120181487760,Value Mismatch,valueusd,Calculated vs reported value differs by >10%
180120181487790,Value Mismatch,valueusd,Calculated vs reported value differs by >10%
180120181487800,Value Mismatch,valueusd,Calculated vs reported value differs by >10%
180120181487800,Value Mismatch,valueusd,Calculated vs reported value differs by >10%
180120181487810,Value Mismatch,valueusd,Calculated vs reported value differs by >10%
180120181487770,Value Mismatch,valueusd,Calculated vs reported value differs by >10%
180120181487770,Value Mismatch,valueusd,Calculated vs reported value differs by >10%
180120181487780,Value Mismatch,valueusd,Calculated vs reported value differs by >10%
180120181487780,Value Mismatch,valueusd,Calculated vs reported value differs by >10%
180120181487770,Value Mismatch,valueusd,Calculated vs reported value differs by >10%
180120181487800,Value Mismatch,valueusd,Calculated vs reported value differs by >10%
180120181487800,Value Mismatch,valueusd,Calculated vs reported value differs by >10%
180120181487780,Value Mismatch,valueusd,Calculated vs reported value differs by >10%
180120181487780,Value Mismatch,valueusd,Calculated vs reported value differs by >10%
180120181487780,Value Mismatch,valueusd,Calculated vs reported value differs by >10%
180120181487790,Value Mismatch,valueusd,Calculated vs reported value differs by >10%
180120181487790,Value Mismatch,valueusd,Calculated vs reported value differs by >10%
180120181487770,Value Mismatch,valueusd,Calculated vs reported value differs by >10%
180120181487810,Value Mismatch,valueusd,Calculated vs reported value differs by >10%
180120181487770,Value Mismatch,valueusd,Calculated vs reported value differs by >10%
180120181487760,Value Mismatch,valueusd,Calculated vs reported value differs by >10%
180120181487790,Value Mismatch,valueusd,Calculated vs reported value differs by >10%
180120181487770,Value Mismatch,valueusd,Calculated vs reported value differs by >10%
180120181487760,Value Mismatch,valueusd,Calculated vs reported value differs by >10%
180120181487770,Value Mismatch,valueusd,Calculated vs reported value differs by >10%
180120181487790,Value Mismatch,valueusd,Calculated vs reported value differs by >10%
180120181487770,Value Mismatch,valueusd,Calculated vs reported value differs by >10%
180120181487780,Value Mismatch,valueusd,Calculated vs reported value differs by >10%
180120181487760,Value Mismatch,valueusd,Calculated vs reported value differs by >10%
180120181487770,Value Mismatch,valueusd,Calculated vs reported value differs by >10%
180120181487760,Value Mismatch,valueusd,Calculated vs reported value differs by >10%
180120181487760,Value Mismatch,valueusd,Calculated vs reported value differs by >10%
180120181487760,Value Mismatch,valueusd,Calculated vs reported value differs by >10%
180120181487780,Value Mismatch,valueusd,Calculated vs reported value differs by >10%
180120181487800,Value Mismatch,valueusd,Calculated vs reported value differs by >10%
180120181487760,Value Mismatch,valueusd,Calculated vs reported value differs by >10%
180120181487760,Value Mismatch,valueusd,Calculated vs reported value differs by >10%
180120181487760,Value Mismatch,valueusd,Calculated vs reported value differs by >10%
180120181487790,Value Mismatch,valueusd,Calculated vs reported value differs by >10%
180120181487780,Value Mismatch,valueusd,Calculated vs reported value differs by >10%
180120181487800,Value Mismatch,valueusd,Calculated vs reported value differs by >10%
180120181487800,Value Mismatch,valueusd,Calculated vs reported value differs by >10%
180120181487800,Value Mismatch,valueusd,Calculated vs reported value differs by >10%
180120181487790,Value Mismatch,valueusd,Calculated vs reported value differs by >10%
180120181487800,Value Mismatch,valueusd,Calculated vs reported value differs by >10%
180120181487760,Value Mismatch,valueusd,Calculated vs reported value differs by >10%
170120181466020,Value Mismatch,valueusd,Calculated vs reported value differs by >10%
160120181782660,Value Mismatch,valueusd,Calculated vs reported value differs by >10%
10012018532684,Value Mismatch,valueusd,Calculated vs reported value differs by >10%
09012018861802,Value Mismatch,valueusd,Calculated vs reported value differs by >10%
04012018131089,Value Mismatch,valueusd,Calculated vs reported value differs by >10%
04012018250627,Value Mismatch,valueusd,Calculated vs reported value differs by >10%
04012018250613,Value Mismatch,valueusd,Calculated vs reported value differs by >10%
04012018250624,Value Mismatch,valueusd,Calculated vs reported value differs by >10%
04012018250623,Value Mismatch,valueusd,Calculated vs reported value differs by >10%
04012018250618,Value Mismatch,valueusd,Calculated vs reported value differs by >10%
04012018250610,Value Mismatch,valueusd,Calculated vs reported value differs by >10%
04012018250604,Value Mismatch,valueusd,Calculated vs reported value differs by >10%
04012018250625,Value Mismatch,valueusd,Calculated vs reported value differs by >10%
04012018250622,Value Mismatch,valueusd,Calculated vs reported value differs by >10%
04012018250621,Value Mismatch,valueusd,Calculated vs reported value differs by >10%
04012018250616,Value Mismatch,valueusd,Calculated vs reported value differs by >10%
04012018250603,Value Mismatch,valueusd,Calculated vs reported value differs by >10%
04012018250619,Value Mismatch,valueusd,Calculated vs reported value differs by >10%
04012018250626,Value Mismatch,valueusd,Calculated vs reported value differs by >10%
04012018250611,Value Mismatch,valueusd,Calculated vs reported value differs by >10%
04012018250609,Value Mismatch,valueusd,Calculated vs reported value differs by >10%
04012018250606,Value Mismatch,valueusd,Calculated vs reported value differs by >10%
04012018250608,Value Mismatch,valueusd,Calculated vs reported value differs by >10%
04012018250617,Value Mismatch,valueusd,Calculated vs reported value differs by >10%
04012018250605,Value Mismatch,valueusd,Calculated vs reported value differs by >10%
04012018250620,Value Mismatch,valueusd,Calculated vs reported value differs by >10%
04012018250615,Value Mismatch,valueusd,Calculated vs reported value differs by >10%
04012018250614,Value Mismatch,valueusd,Calculated vs reported value differs by >10%
04012018250612,Value Mismatch,valueusd,Calculated vs reported value differs by >10%
04012018250607,Value Mismatch,valueusd,Calculated vs reported value differs by >10%
02012018327871,Value Mismatch,valueusd,Calculated vs reported value differs by >10%
010120185140436,Value Mismatch,valueusd,Calculated vs reported value differs by >10%
3012201730789600,Value Mismatch,valueusd,Calculated vs reported value differs by >10%
3012201730789600,Value Mismatch,valueusd,Calculated vs reported value differs by >10%
2912201730735000,Value Mismatch,valueusd,Calculated vs reported value differs by >10%
2912201730735000,Value Mismatch,valueusd,Calculated vs reported value differs by >10%
2912201730735000,Value Mismatch,valueusd,Calculated vs reported value differs by >10%
2912201730735000,Value Mismatch,valueusd,Calculated vs reported value differs by >10%
2912201730676600,Value Mismatch,valueusd,Calculated vs reported value differs by >10%
291220171632310,Value Mismatch,valueusd,Calculated vs reported value differs by >10%
2812201730663400,Value Mismatch,valueusd,Calculated vs reported value differs by >10%
2812201730637300,Value Mismatch,valueusd,Calculated vs reported value differs by >10%
2612201730484500,Value Mismatch,valueusd,Calculated vs reported value differs by >10%
2612201730484500,Value Mismatch,valueusd,Calculated vs reported value differs by >10%
2612201730482500,Value Mismatch,valueusd,Calculated vs reported value differs by >10%
2612201730481800,Value Mismatch,valueusd,Calculated vs reported value differs by >10%
2612201730482000,Value Mismatch,valueusd,Calculated vs reported value differs by >10%
2212201730180500,Value Mismatch,valueusd,Calculated vs reported value differs by >10%
2112201730118400,Value Mismatch,valueusd,Calculated vs reported value differs by >10%
2112201730118400,Value Mismatch,valueusd,Calculated vs reported value differs by >10%
2112201730118400,Value Mismatch,valueusd,Calculated vs reported value differs by >10%
2112201730118400,Value Mismatch,valueusd,Calculated vs reported value differs by >10%
2112201730118400,Value Mismatch,valueusd,Calculated vs reported value differs by >10%
2112201730118400,Value Mismatch,valueusd,Calculated vs reported value differs by >10%
2112201730118300,Value Mismatch,valueusd,Calculated vs reported value differs by >10%
2112201730118300,Value Mismatch,valueusd,Calculated vs reported value differs by >10%
2112201730118400,Value Mismatch,valueusd,Calculated vs reported value differs by >10%
2112201730118300,Value Mismatch,valueusd,Calculated vs reported value differs by >10%
2112201730118300,Value Mismatch,valueusd,Calculated vs reported value differs by >10%
2112201730118300,Value Mismatch,valueusd,Calculated vs reported value differs by >10%
2112201730118400,Value Mismatch,valueusd,Calculated vs reported value differs by >10%
2112201730118300,Value Mismatch,valueusd,Calculated vs reported value differs by >10%
2112201730118300,Value Mismatch,valueusd,Calculated vs reported value differs by >10%
2112201730118400,Value Mismatch,valueusd,Calculated vs reported value differs by >10%
2112201730118400,Value Mismatch,valueusd,Calculated vs reported value differs by >10%
2112201730118400,Value Mismatch,valueusd,Calculated vs reported value differs by >10%
2112201730118300,Value Mismatch,valueusd,Calculated vs reported value differs by >10%
2112201730118300,Value Mismatch,valueusd,Calculated vs reported value differs by >10%
2112201730118400,Value Mismatch,valueusd,Calculated vs reported value differs by >10%
2112201730118400,Value Mismatch,valueusd,Calculated vs reported value differs by >10%
2112201730118300,Value Mismatch,valueusd,Calculated vs reported value differs by >10%
2112201730118300,Value Mismatch,valueusd,Calculated vs reported value differs by >10%
2112201730118300,Value Mismatch,valueusd,Calculated vs reported value differs by >10%
2112201730118400,Value Mismatch,valueusd,Calculated vs reported value differs by >10%
2112201730118400,Value Mismatch,valueusd,Calculated vs reported value differs by >10%
2112201730118400,Value Mismatch,valueusd,Calculated vs reported value differs by >10%
2112201730118400,Value Mismatch,valueusd,Calculated vs reported value differs by >10%
2112201730118300,Value Mismatch,valueusd,Calculated vs reported value differs by >10%
2112201730118400,Value Mismatch,valueusd,Calculated vs reported value differs by >10%
2112201730118400,Value Mismatch,valueusd,Calculated vs reported value differs by >10%
2112201730118300,Value Mismatch,valueusd,Calculated vs reported value differs by >10%
2112201730118300,Value Mismatch,valueusd,Calculated vs reported value differs by >10%
2112201730118300,Value Mismatch,valueusd,Calculated vs reported value differs by >10%
2112201730118300,Value Mismatch,valueusd,Calculated vs reported value differs by >10%
2112201730118400,Value Mismatch,valueusd,Calculated vs reported value differs by >10%
2112201730118400,Value Mismatch,valueusd,Calculated vs reported value differs by >10%
2112201730118400,Value Mismatch,valueusd,Calculated vs reported value differs by >10%
2112201730118400,Value Mismatch,valueusd,Calculated vs reported value differs by >10%
2112201730118300,Value Mismatch,valueusd,Calculated vs reported value differs by >10%
2112201730118300,Value Mismatch,valueusd,Calculated vs reported value differs by >10%
2112201730118300,Value Mismatch,valueusd,Calculated vs reported value differs by >10%
2112201730118400,Value Mismatch,valueusd,Calculated vs reported value differs by >10%
2112201730118400,Value Mismatch,valueusd,Calculated vs reported value differs by >10%
2112201730118400,Value Mismatch,valueusd,Calculated vs reported value differs by >10%
2112201730118400,Value Mismatch,valueusd,Calculated vs reported value differs by >10%
2112201730118400,Value Mismatch,valueusd,Calculated vs reported value differs by >10%
2112201730118400,Value Mismatch,valueusd,Calculated vs reported value differs by >10%
2112201730118300,Value Mismatch,valueusd,Calculated vs reported value differs by >10%
2112201730118400,Value Mismatch,valueusd,Calculated vs reported value differs by >10%
2112201730118400,Value Mismatch,valueusd,Calculated vs reported value differs by >10%
2112201730118400,Value Mismatch,valueusd,Calculated vs reported value differs by >10%
2112201730118400,Value Mismatch,valueusd,Calculated vs reported value differs by >10%
2112201730118400,Value Mismatch,valueusd,Calculated vs reported value differs by >10%
2112201730118400,Value Mismatch,valueusd,Calculated vs reported value differs by >10%
2112201730118300,Value Mismatch,valueusd,Calculated vs reported value differs by >10%
2112201730118500,Value Mismatch,valueusd,Calculated vs reported value differs by >10%
2112201730118200,Value Mismatch,valueusd,Calculated vs reported value differs by >10%
2012201730030500,Value Mismatch,valueusd,Calculated vs reported value differs by >10%
2012201729984200,Value Mismatch,valueusd,Calculated vs reported value differs by >10%
1912201729930300,Value Mismatch,valueusd,Calculated vs reported value differs by >10%
1912201729930200,Value Mismatch,valueusd,Calculated vs reported value differs by >10%
1912201729930200,Value Mismatch,valueusd,Calculated vs reported value differs by >10%
1912201729929800,Value Mismatch,valueusd,Calculated vs reported value differs by >10%
1912201729873900,Value Mismatch,valueusd,Calculated vs reported value differs by >10%
1512201731641500,Value Mismatch,valueusd,Calculated vs reported value differs by >10%
1412201729472800,Value Mismatch,valueusd,Calculated vs reported value differs by >10%
1212201729330200,Value Mismatch,valueusd,Calculated vs reported value differs by >10%
1212201729330200,Value Mismatch,valueusd,Calculated vs reported value differs by >10%
1212201729330200,Value Mismatch,valueusd,Calculated vs reported value differs by >10%
1212201729330200,Value Mismatch,valueusd,Calculated vs reported value differs by >10%
1212201729330200,Value Mismatch,valueusd,Calculated vs reported value differs by >10%
1212201729330900,Value Mismatch,valueusd,Calculated vs reported value differs by >10%
1212201729327600,Value Mismatch,valueusd,Calculated vs reported value differs by >10%
1112201729238800,Value Mismatch,valueusd,Calculated vs reported value differs by >10%
0912201729095826,Value Mismatch,valueusd,Calculated vs reported value differs by >10%
0912201729095808,Value Mismatch,valueusd,Calculated vs reported value differs by >10%
0912201729095820,Value Mismatch,valueusd,Calculated vs reported value differs by >10%
0912201729095754,Value Mismatch,valueusd,Calculated vs reported value differs by >10%
0912201729095806,Value Mismatch,valueusd,Calculated vs reported value differs by >10%
0912201729095807,Value Mismatch,valueusd,Calculated vs reported value differs by >10%
0912201729095761,Value Mismatch,valueusd,Calculated vs reported value differs by >10%
0912201729095791,Value Mismatch,valueusd,Calculated vs reported value differs by >10%
0912201729095756,Value Mismatch,valueusd,Calculated vs reported value differs by >10%
0912201729095753,Value Mismatch,valueusd,Calculated vs reported value differs by >10%
0912201729095752,Value Mismatch,valueusd,Calculated vs reported value differs by >10%
0912201729095813,Value Mismatch,valueusd,Calculated vs reported value differs by >10%
0912201729095776,Value Mismatch,valueusd,Calculated vs reported value differs by >10%
0912201729095828,Value Mismatch,valueusd,Calculated vs reported value differs by >10%
0912201729095764,Value Mismatch,valueusd,Calculated vs reported value differs by >10%
0912201729095800,Value Mismatch,valueusd,Calculated vs reported value differs by >10%
0912201729095799,Value Mismatch,valueusd,Calculated vs reported value differs by >10%
0912201729095810,Value Mismatch,valueusd,Calculated vs reported value differs by >10%
0912201729095777,Value Mismatch,valueusd,Calculated vs reported value differs by >10%
0912201729095755,Value Mismatch,valueusd,Calculated vs reported value differs by >10%
0912201729095792,Value Mismatch,valueusd,Calculated vs reported value differs by >10%
0912201729095775,Value Mismatch,valueusd,Calculated vs reported value differs by >10%
0912201729095805,Value Mismatch,valueusd,Calculated vs reported value differs by >10%
0912201729095796,Value Mismatch,valueusd,Calculated vs reported value differs by >10%
0912201729095789,Value Mismatch,valueusd,Calculated vs reported value differs by >10%
0912201729095815,Value Mismatch,valueusd,Calculated vs reported value differs by >10%
0912201729095825,Value Mismatch,valueusd,Calculated vs reported value differs by >10%
0912201729095781,Value Mismatch,valueusd,Calculated vs reported value differs by >10%
0912201729095801,Value Mismatch,valueusd,Calculated vs reported value differs by >10%
0912201729095798,Value Mismatch,valueusd,Calculated vs reported value differs by >10%
0912201729095786,Value Mismatch,valueusd,Calculated vs reported value differs by >10%
0912201729095790,Value Mismatch,valueusd,Calculated vs reported value differs by >10%
0912201729095774,Value Mismatch,valueusd,Calculated vs reported value differs by >10%
0912201729095809,Value Mismatch,valueusd,Calculated vs reported value differs by >10%
0912201729095788,Value Mismatch,valueusd,Calculated vs reported value differs by >10%
0912201729095757,Value Mismatch,valueusd,Calculated vs reported value differs by >10%
0912201729095812,Value Mismatch,valueusd,Calculated vs reported value differs by >10%
0912201729095811,Value Mismatch,valueusd,Calculated vs reported value differs by >10%
0912201729095795,Value Mismatch,valueusd,Calculated vs reported value differs by >10%
0912201729095827,Value Mismatch,valueusd,Calculated vs reported value differs by >10%
0912201729095783,Value Mismatch,valueusd,Calculated vs reported value differs by >10%
0912201729095780,Value Mismatch,valueusd,Calculated vs reported value differs by >10%
0912201729095763,Value Mismatch,valueusd,Calculated vs reported value differs by >10%
0912201729095762,Value Mismatch,valueusd,Calculated vs reported value differs by >10%
0912201729095814,Value Mismatch,valueusd,Calculated vs reported value differs by >10%
0912201729095797,Value Mismatch,valueusd,Calculated vs reported value differs by >10%
0912201729095793,Value Mismatch,valueusd,Calculated vs reported value differs by >10%
0912201729095768,Value Mismatch,valueusd,Calculated vs reported value differs by >10%
0912201729095765,Value Mismatch,valueusd,Calculated vs reported value differs by >10%
0912201729095767,Value Mismatch,valueusd,Calculated vs reported value differs by >10%
0912201729095766,Value Mismatch,valueusd,Calculated vs reported value differs by >10%
0912201729095778,Value Mismatch,valueusd,Calculated vs reported value differs by >10%
0912201729095782,Value Mismatch,valueusd,Calculated vs reported value differs by >10%
0912201729095769,Value Mismatch,valueusd,Calculated vs reported value differs by >10%
0912201729095773,Value Mismatch,valueusd,Calculated vs reported value differs by >10%
0912201729095787,Value Mismatch,valueusd,Calculated vs reported value differs by >10%
0912201729095784,Value Mismatch,valueusd,Calculated vs reported value differs by >10%
0912201729095785,Value Mismatch,valueusd,Calculated vs reported value differs by >10%
0912201729095779,Value Mismatch,valueusd,Calculated vs reported value differs by >10%
0712201728998999,Value Mismatch,valueusd,Calculated vs reported value differs by >10%
0712201728998998,Value Mismatch,valueusd,Calculated vs reported value differs by >10%
0712201728999038,Value Mismatch,valueusd,Calculated vs reported value differs by >10%
0712201728999037,Value Mismatch,valueusd,Calculated vs reported value differs by >10%
0712201728999036,Value Mismatch,valueusd,Calculated vs reported value differs by >10%
0712201728999013,Value Mismatch,valueusd,Calculated vs reported value differs by >10%
0612201728837195,Value Mismatch,valueusd,Calculated vs reported value differs by >10%
0512201728806872,Value Mismatch,valueusd,Calculated vs reported value differs by >10%
0512201728806872,Value Mismatch,valueusd,Calculated vs reported value differs by >10%
2911201728183000,Value Mismatch,valueusd,Calculated vs reported value differs by >10%
2911201728183000,Value Mismatch,valueusd,Calculated vs reported value differs by >10%
2711201728358600,Value Mismatch,valueusd,Calculated vs reported value differs by >10%
2711201728358600,Value Mismatch,valueusd,Calculated vs reported value differs by >10%
2711201728358600,Value Mismatch,valueusd,Calculated vs reported value differs by >10%
2711201728357000,Value Mismatch,valueusd,Calculated vs reported value differs by >10%
2311201727825800,Value Mismatch,valueusd,Calculated vs reported value differs by >10%
2111201727834700,Value Mismatch,valueusd,Calculated vs reported value differs by >10%
2111201727834700,Value Mismatch,valueusd,Calculated vs reported value differs by >10%
2011201727823600,Value Mismatch,valueusd,Calculated vs reported value differs by >10%
2011201727823600,Value Mismatch,valueusd,Calculated vs reported value differs by >10%
2011201727823600,Value Mismatch,valueusd,Calculated vs reported value differs by >10%
2011201727823600,Value Mismatch,valueusd,Calculated vs reported value differs by >10%
1811201727592500,Value Mismatch,valueusd,Calculated vs reported value differs by >10%
1511201726956600,Value Mismatch,valueusd,Calculated vs reported value differs by >10%
1411201726937400,Value Mismatch,valueusd,Calculated vs reported value differs by >10%
1411201726937400,Value Mismatch,valueusd,Calculated vs reported value differs by >10%
1411201726937400,Value Mismatch,valueusd,Calculated vs reported value differs by >10%
1411201726937400,Value Mismatch,valueusd,Calculated vs reported value differs by >10%
1411201727004200,Value Mismatch,valueusd,Calculated vs reported value differs by >10%
1411201727230800,Value Mismatch,valueusd,Calculated vs reported value differs by >10%
1411201727230800,Value Mismatch,valueusd,Calculated vs reported value differs by >10%
1411201727230800,Value Mismatch,valueusd,Calculated vs reported value differs by >10%
1411201727230800,Value Mismatch,valueusd,Calculated vs reported value differs by >10%
1411201727230800,Value Mismatch,valueusd,Calculated vs reported value differs by >10%
1411201727230800,Value Mismatch,valueusd,Calculated vs reported value differs by >10%
1411201727230800,Value Mismatch,valueusd,Calculated vs reported value differs by >10%
1411201727230800,Value Mismatch,valueusd,Calculated vs reported value differs by >10%
1411201727230800,Value Mismatch,valueusd,Calculated vs reported value differs by >10%
1411201727230800,Value Mismatch,valueusd,Calculated vs reported value differs by >10%
1411201727230800,Value Mismatch,valueusd,Calculated vs reported value differs by >10%
1411201727230800,Value Mismatch,valueusd,Calculated vs reported value differs by >10%
1411201727230800,Value Mismatch,valueusd,Calculated vs reported value differs by >10%
1411201727230800,Value Mismatch,valueusd,Calculated vs reported value differs by >10%
1411201727230800,Value Mismatch,valueusd,Calculated vs reported value differs by >10%
1411201727230800,Value Mismatch,valueusd,Calculated vs reported value differs by >10%
1411201727230800,Value Mismatch,valueusd,Calculated vs reported value differs by >10%
1411201726942900,Value Mismatch,valueusd,Calculated vs reported value differs by >10%
1411201727001100,Value Mismatch,valueusd,Calculated vs reported value differs by >10%
1011201727028400,Value Mismatch,valueusd,Calculated vs reported value differs by >10%
1011201727028400,Value Mismatch,valueusd,Calculated vs reported value differs by >10%
1011201727028400,Value Mismatch,valueusd,Calculated vs reported value differs by >10%
0811201726857895,Value Mismatch,valueusd,Calculated vs reported value differs by >10%
0711201726695883,Value Mismatch,valueusd,Calculated vs reported value differs by >10%
0711201726695882,Value Mismatch,valueusd,Calculated vs reported value differs by >10%
0711201726695876,Value Mismatch,valueusd,Calculated vs reported value differs by >10%
0711201726695875,Value Mismatch,valueusd,Calculated vs reported value differs by >10%
0711201726695871,Value Mismatch,valueusd,Calculated vs reported value differs by >10%
0711201726695880,Value Mismatch,valueusd,Calculated vs reported value differs by >10%
0711201726695895,Value Mismatch,valueusd,Calculated vs reported value differs by >10%
0711201726695884,Value Mismatch,valueusd,Calculated vs reported value differs by >10%
0711201726695881,Value Mismatch,valueusd,Calculated vs reported value differs by >10%
0711201726695877,Value Mismatch,valueusd,Calculated vs reported value differs by >10%
0711201726695885,Value Mismatch,valueusd,Calculated vs reported value differs by >10%
0711201726695888,Value Mismatch,valueusd,Calculated vs reported value differs by >10%
0711201726695886,Value Mismatch,valueusd,Calculated vs reported value differs by >10%
0711201726695894,Value Mismatch,valueusd,Calculated vs reported value differs by >10%
0711201726695891,Value Mismatch,valueusd,Calculated vs reported value differs by >10%
0711201726695893,Value Mismatch,valueusd,Calculated vs reported value differs by >10%
0711201726695896,Value Mismatch,valueusd,Calculated vs reported value differs by >10%
0711201726695879,Value Mismatch,valueusd,Calculated vs reported value differs by >10%
0711201726695872,Value Mismatch,valueusd,Calculated vs reported value differs by >10%
0711201726695874,Value Mismatch,valueusd,Calculated vs reported value differs by >10%
0711201726695878,Value Mismatch,valueusd,Calculated vs reported value differs by >10%
0711201726695873,Value Mismatch,valueusd,Calculated vs reported value differs by >10%
0711201726695887,Value Mismatch,valueusd,Calculated vs reported value differs by >10%
0711201726695890,Value Mismatch,valueusd,Calculated vs reported value differs by >10%
0711201726695889,Value Mismatch,valueusd,Calculated vs reported value differs by >10%
0711201726695870,Value Mismatch,valueusd,Calculated vs reported value differs by >10%
0711201726695869,Value Mismatch,valueusd,Calculated vs reported value differs by >10%
0711201726695892,Value Mismatch,valueusd,Calculated vs reported value differs by >10%
0311201726693224,Value Mismatch,valueusd,Calculated vs reported value differs by >10%
3110201726183400,Value Mismatch,valueusd,Calculated vs reported value differs by >10%
2710201725908900,Value Mismatch,valueusd,Calculated vs reported value differs by >10%
2710201725910500,Value Mismatch,valueusd,Calculated vs reported value differs by >10%
2710201725966900,Value Mismatch,valueusd,Calculated vs reported value differs by >10%
2710201725912400,Value Mismatch,valueusd,Calculated vs reported value differs by >10%
2710201725966900,Value Mismatch,valueusd,Calculated vs reported value differs by >10%
2610201725798200,Value Mismatch,valueusd,Calculated vs reported value differs by >10%
2010201725390100,Value Mismatch,valueusd,Calculated vs reported value differs by >10%
2010201725390100,Value Mismatch,valueusd,Calculated vs reported value differs by >10%
2010201725390000,Value Mismatch,valueusd,Calculated vs reported value differs by >10%
1810201725284200,Value Mismatch,valueusd,Calculated vs reported value differs by >10%
1810201725284200,Value Mismatch,valueusd,Calculated vs reported value differs by >10%
1810201725284200,Value Mismatch,valueusd,Calculated vs reported value differs by >10%
1810201725284200,Value Mismatch,valueusd,Calculated vs reported value differs by >10%
1810201725284200,Value Mismatch,valueusd,Calculated vs reported value differs by >10%
1810201725284200,Value Mismatch,valueusd,Calculated vs reported value differs by >10%
1810201725284200,Value Mismatch,valueusd,Calculated vs reported value differs by >10%
1810201725284200,Value Mismatch,valueusd,Calculated vs reported value differs by >10%
1810201725284200,Value Mismatch,valueusd,Calculated vs reported value differs by >10%
1810201725284200,Value Mismatch,valueusd,Calculated vs reported value differs by >10%
1810201725284200,Value Mismatch,valueusd,Calculated vs reported value differs by >10%
1810201725284200,Value Mismatch,valueusd,Calculated vs reported value differs by >10%
1810201725284200,Value Mismatch,valueusd,Calculated vs reported value differs by >10%
1810201725284200,Value Mismatch,valueusd,Calculated vs reported value differs by >10%
1810201725284200,Value Mismatch,valueusd,Calculated vs reported value differs by >10%
1810201725284200,Value Mismatch,valueusd,Calculated vs reported value differs by >10%
1810201725284200,Value Mismatch,valueusd,Calculated vs reported value differs by >10%
1810201725284200,Value Mismatch,valueusd,Calculated vs reported value differs by >10%
1810201725284200,Value Mismatch,valueusd,Calculated vs reported value differs by >10%
1810201725284200,Value Mismatch,valueusd,Calculated vs reported value differs by >10%
1810201725284200,Value Mismatch,valueusd,Calculated vs reported value differs by >10%
1810201725284200,Value Mismatch,valueusd,Calculated vs reported value differs by >10%
1810201725284200,Value Mismatch,valueusd,Calculated vs reported value differs by >10%
1810201725284200,Value Mismatch,valueusd,Calculated vs reported value differs by >10%
1810201725284200,Value Mismatch,valueusd,Calculated vs reported value differs by >10%
1810201725284200,Value Mismatch,valueusd,Calculated vs reported value differs by >10%
1810201725284200,Value Mismatch,valueusd,Calculated vs reported value differs by >10%
1810201725284200,Value Mismatch,valueusd,Calculated vs reported value differs by >10%
131020175306500,Value Mismatch,valueusd,Calculated vs reported value differs by >10%
1310201724952700,Value Mismatch,valueusd,Calculated vs reported value differs by >10%
1310201724952700,Value Mismatch,valueusd,Calculated vs reported value differs by >10%
1310201724952800,Value Mismatch,valueusd,Calculated vs reported value differs by >10%
1310201724952800,Value Mismatch,valueusd,Calculated vs reported value differs by >10%
1310201724952800,Value Mismatch,valueusd,Calculated vs reported value differs by >10%
1310201724952800,Value Mismatch,valueusd,Calculated vs reported value differs by >10%
1310201724952800,Value Mismatch,valueusd,Calculated vs reported value differs by >10%
1310201724952800,Value Mismatch,valueusd,Calculated vs reported value differs by >10%
1310201724952800,Value Mismatch,valueusd,Calculated vs reported value differs by >10%
1310201724952800,Value Mismatch,valueusd,Calculated vs reported value differs by >10%
1310201724952800,Value Mismatch,valueusd,Calculated vs reported value differs by >10%
1310201724952800,Value Mismatch,valueusd,Calculated vs reported value differs by >10%
1310201724952800,Value Mismatch,valueusd,Calculated vs reported value differs by >10%
1310201724952800,Value Mismatch,valueusd,Calculated vs reported value differs by >10%
1310201724952800,Value Mismatch,valueusd,Calculated vs reported value differs by >10%
1310201724952800,Value Mismatch,valueusd,Calculated vs reported value differs by >10%
1310201724952800,Value Mismatch,valueusd,Calculated vs reported value differs by >10%
1310201724952800,Value Mismatch,valueusd,Calculated vs reported value differs by >10%
1310201724952800,Value Mismatch,valueusd,Calculated vs reported value differs by >10%
1310201724952800,Value Mismatch,valueusd,Calculated vs reported value differs by >10%
1310201724952800,Value Mismatch,valueusd,Calculated vs reported value differs by >10%
1310201724952700,Value Mismatch,valueusd,Calculated vs reported value differs by >10%
1310201724952800,Value Mismatch,valueusd,Calculated vs reported value differs by >10%
1310201724952800,Value Mismatch,valueusd,Calculated vs reported value differs by >10%
1310201724952800,Value Mismatch,valueusd,Calculated vs reported value differs by >10%
1310201724952800,Value Mismatch,valueusd,Calculated vs reported value differs by >10%
1310201724952800,Value Mismatch,valueusd,Calculated vs reported value differs by >10%
1310201724952300,Value Mismatch,valueusd,Calculated vs reported value differs by >10%
1310201724913800,Value Mismatch,valueusd,Calculated vs reported value differs by >10%
0910201724534318,Value Mismatch,valueusd,Calculated vs reported value differs by >10%
0910201724534319,Value Mismatch,valueusd,Calculated vs reported value differs by >10%
0910201724534320,Value Mismatch,valueusd,Calculated vs reported value differs by >10%
0910201724596425,Value Mismatch,valueusd,Calculated vs reported value differs by >10%
0710201724469493,Value Mismatch,valueusd,Calculated vs reported value differs by >10%
0710201724469494,Value Mismatch,valueusd,Calculated vs reported value differs by >10%
0710201724469492,Value Mismatch,valueusd,Calculated vs reported value differs by >10%
0610201724394138,Value Mismatch,valueusd,Calculated vs reported value differs by >10%
2909201723925400,Value Mismatch,valueusd,Calculated vs reported value differs by >10%
250920175001920,Value Mismatch,valueusd,Calculated vs reported value differs by >10%
250920175001920,Value Mismatch,valueusd,Calculated vs reported value differs by >10%
2209201723127100,Value Mismatch,valueusd,Calculated vs reported value differs by >10%
2209201723127100,Value Mismatch,valueusd,Calculated vs reported value differs by >10%
2209201723127100,Value Mismatch,valueusd,Calculated vs reported value differs by >10%
2109201723229400,Value Mismatch,valueusd,Calculated vs reported value differs by >10%
2109201723229400,Value Mismatch,valueusd,Calculated vs reported value differs by >10%
2109201723229400,Value Mismatch,valueusd,Calculated vs reported value differs by >10%
2109201723229400,Value Mismatch,valueusd,Calculated vs reported value differs by >10%
2109201723229400,Value Mismatch,valueusd,Calculated vs reported value differs by >10%
2109201723229400,Value Mismatch,valueusd,Calculated vs reported value differs by >10%
2109201723229400,Value Mismatch,valueusd,Calculated vs reported value differs by >10%
2109201723229400,Value Mismatch,valueusd,Calculated vs reported value differs by >10%
2109201723229400,Value Mismatch,valueusd,Calculated vs reported value differs by >10%
2109201723229400,Value Mismatch,valueusd,Calculated vs reported value differs by >10%
2109201723229400,Value Mismatch,valueusd,Calculated vs reported value differs by >10%
2109201723229400,Value Mismatch,valueusd,Calculated vs reported value differs by >10%
2109201723229400,Value Mismatch,valueusd,Calculated vs reported value differs by >10%
2109201723229400,Value Mismatch,valueusd,Calculated vs reported value differs by >10%
2109201723229400,Value Mismatch,valueusd,Calculated vs reported value differs by >10%
2109201723229400,Value Mismatch,valueusd,Calculated vs reported value differs by >10%
2109201723229400,Value Mismatch,valueusd,Calculated vs reported value differs by >10%
2109201723229400,Value Mismatch,valueusd,Calculated vs reported value differs by >10%
2109201723229400,Value Mismatch,valueusd,Calculated vs reported value differs by >10%
2109201723229400,Value Mismatch,valueusd,Calculated vs reported value differs by >10%
2109201723229400,Value Mismatch,valueusd,Calculated vs reported value differs by >10%
2109201723229400,Value Mismatch,valueusd,Calculated vs reported value differs by >10%
2109201723229400,Value Mismatch,valueusd,Calculated vs reported value differs by >10%
2109201723229400,Value Mismatch,valueusd,Calculated vs reported value differs by >10%
2109201723229400,Value Mismatch,valueusd,Calculated vs reported value differs by >10%
2109201723229400,Value Mismatch,valueusd,Calculated vs reported value differs by >10%
2109201723229400,Value Mismatch,valueusd,Calculated vs reported value differs by >10%
2109201723229400,Value Mismatch,valueusd,Calculated vs reported value differs by >10%
2109201723229400,Value Mismatch,valueusd,Calculated vs reported value differs by >10%
2109201723229400,Value Mismatch,valueusd,Calculated vs reported value differs by >10%
2109201723229400,Value Mismatch,valueusd,Calculated vs reported value differs by >10%
2109201723229400,Value Mismatch,valueusd,Calculated vs reported value differs by >10%
2109201723229400,Value Mismatch,valueusd,Calculated vs reported value differs by >10%
2109201723229400,Value Mismatch,valueusd,Calculated vs reported value differs by >10%
2109201723229400,Value Mismatch,valueusd,Calculated vs reported value differs by >10%
2109201723229400,Value Mismatch,valueusd,Calculated vs reported value differs by >10%
2109201723229400,Value Mismatch,valueusd,Calculated vs reported value differs by >10%
2109201723229400,Value Mismatch,valueusd,Calculated vs reported value differs by >10%
2109201723229400,Value Mismatch,valueusd,Calculated vs reported value differs by >10%
2109201723229400,Value Mismatch,valueusd,Calculated vs reported value differs by >10%
2109201723229400,Value Mismatch,valueusd,Calculated vs reported value differs by >10%
2109201723229400,Value Mismatch,valueusd,Calculated vs reported value differs by >10%
2109201723229400,Value Mismatch,valueusd,Calculated vs reported value differs by >10%
2109201723229400,Value Mismatch,valueusd,Calculated vs reported value differs by >10%
2109201723229400,Value Mismatch,valueusd,Calculated vs reported value differs by >10%
2109201723229400,Value Mismatch,valueusd,Calculated vs reported value differs by >10%
2109201723229400,Value Mismatch,valueusd,Calculated vs reported value differs by >10%
2109201723229400,Value Mismatch,valueusd,Calculated vs reported value differs by >10%
2109201723229400,Value Mismatch,valueusd,Calculated vs reported value differs by >10%
2109201723229400,Value Mismatch,valueusd,Calculated vs reported value differs by >10%
2109201723229400,Value Mismatch,valueusd,Calculated vs reported value differs by >10%
2109201723229400,Value Mismatch,valueusd,Calculated vs reported value differs by >10%
2109201723229400,Value Mismatch,valueusd,Calculated vs reported value differs by >10%
2109201723229400,Value Mismatch,valueusd,Calculated vs reported value differs by >10%
2109201723229400,Value Mismatch,valueusd,Calculated vs reported value differs by >10%
2109201723229400,Value Mismatch,valueusd,Calculated vs reported value differs by >10%
2109201723229400,Value Mismatch,valueusd,Calculated vs reported value differs by >10%
2109201723229400,Value Mismatch,valueusd,Calculated vs reported value differs by >10%
2109201723229400,Value Mismatch,valueusd,Calculated vs reported value differs by >10%
2109201723229400,Value Mismatch,valueusd,Calculated vs reported value differs by >10%
2109201723229400,Value Mismatch,valueusd,Calculated vs reported value differs by >10%
2109201723229400,Value Mismatch,valueusd,Calculated vs reported value differs by >10%
2109201723050600,Value Mismatch,valueusd,Calculated vs reported value differs by >10%
1409201722646100,Value Mismatch,valueusd,Calculated vs reported value differs by >10%
1309201722619300,Value Mismatch,valueusd,Calculated vs reported value differs by >10%
130920174800830,Value Mismatch,valueusd,Calculated vs reported value differs by >10%
1309201722393300,Value Mismatch,valueusd,Calculated vs reported value differs by >10%
1209201722736500,Value Mismatch,valueusd,Calculated vs reported value differs by >10%
1209201722736500,Value Mismatch,valueusd,Calculated vs reported value differs by >10%
1209201722612700,Value Mismatch,valueusd,Calculated vs reported value differs by >10%
080920174716985,Value Mismatch,valueusd,Calculated vs reported value differs by >10%
0809201722738864,Value Mismatch,valueusd,Calculated vs reported value differs by >10%
0509201721913498,Value Mismatch,valueusd,Calculated vs reported value differs by >10%
0509201721913456,Value Mismatch,valueusd,Calculated vs reported value differs by >10%
0509201721913475,Value Mismatch,valueusd,Calculated vs reported value differs by >10%
0509201721913473,Value Mismatch,valueusd,Calculated vs reported value differs by >10%
0509201721913479,Value Mismatch,valueusd,Calculated vs reported value differs by >10%
0509201721913477,Value Mismatch,valueusd,Calculated vs reported value differs by >10%
0509201721913488,Value Mismatch,valueusd,Calculated vs reported value differs by >10%
0509201721913461,Value Mismatch,valueusd,Calculated vs reported value differs by >10%
0509201721913452,Value Mismatch,valueusd,Calculated vs reported value differs by >10%
0509201721913451,Value Mismatch,valueusd,Calculated vs reported value differs by >10%
0509201721913487,Value Mismatch,valueusd,Calculated vs reported value differs by >10%
0509201721913454,Value Mismatch,valueusd,Calculated vs reported value differs by >10%
0509201721913450,Value Mismatch,valueusd,Calculated vs reported value differs by >10%
0509201721913462,Value Mismatch,valueusd,Calculated vs reported value differs by >10%
0509201721913460,Value Mismatch,valueusd,Calculated vs reported value differs by >10%
0509201721913453,Value Mismatch,valueusd,Calculated vs reported value differs by >10%
0509201721913455,Value Mismatch,valueusd,Calculated vs reported value differs by >10%
0509201721913476,Value Mismatch,valueusd,Calculated vs reported value differs by >10%
0509201721913468,Value Mismatch,valueusd,Calculated vs reported value differs by >10%
0509201721913474,Value Mismatch,valueusd,Calculated vs reported value differs by >10%
0509201721913457,Value Mismatch,valueusd,Calculated vs reported value differs by >10%
0509201721913485,Value Mismatch,valueusd,Calculated vs reported value differs by >10%
0509201721913484,Value Mismatch,valueusd,Calculated vs reported value differs by >10%
0509201721913486,Value Mismatch,valueusd,Calculated vs reported value differs by >10%
0509201721913465,Value Mismatch,valueusd,Calculated vs reported value differs by >10%
0509201721913490,Value Mismatch,valueusd,Calculated vs reported value differs by >10%
0509201721913478,Value Mismatch,valueusd,Calculated vs reported value differs by >10%
0509201721913483,Value Mismatch,valueusd,Calculated vs reported value differs by >10%
0509201721913489,Value Mismatch,valueusd,Calculated vs reported value differs by >10%
0509201721913494,Value Mismatch,valueusd,Calculated vs reported value differs by >10%
0509201721913482,Value Mismatch,valueusd,Calculated vs reported value differs by >10%
0509201721913459,Value Mismatch,valueusd,Calculated vs reported value differs by >10%
0509201721913496,Value Mismatch,valueusd,Calculated vs reported value differs by >10%
0509201721913466,Value Mismatch,valueusd,Calculated vs reported value differs by >10%
0509201721913458,Value Mismatch,valueusd,Calculated vs reported value differs by >10%
0509201721913491,Value Mismatch,valueusd,Calculated vs reported value differs by >10%
0509201721913449,Value Mismatch,valueusd,Calculated vs reported value differs by >10%
0509201721913471,Value Mismatch,valueusd,Calculated vs reported value differs by >10%
0509201721913470,Value Mismatch,valueusd,Calculated vs reported value differs by >10%
0509201721913492,Value Mismatch,valueusd,Calculated vs reported value differs by >10%
0509201721913464,Value Mismatch,valueusd,Calculated vs reported value differs by >10%
0509201721913467,Value Mismatch,valueusd,Calculated vs reported value differs by >10%
0509201721913497,Value Mismatch,valueusd,Calculated vs reported value differs by >10%
0509201721913481,Value Mismatch,valueusd,Calculated vs reported value differs by >10%
0509201721913493,Value Mismatch,valueusd,Calculated vs reported value differs by >10%
0509201721913469,Value Mismatch,valueusd,Calculated vs reported value differs by >10%
0509201721913463,Value Mismatch,valueusd,Calculated vs reported value differs by >10%
0509201721913472,Value Mismatch,valueusd,Calculated vs reported value differs by >10%
0509201721913495,Value Mismatch,valueusd,Calculated vs reported value differs by >10%
0509201721913480,Value Mismatch,valueusd,Calculated vs reported value differs by >10%
290820174492630,Value Mismatch,valueusd,Calculated vs reported value differs by >10%
2808201721408600,Value Mismatch,valueusd,Calculated vs reported value differs by >10%
2608201721302900,Value Mismatch,valueusd,Calculated vs reported value differs by >10%
2208201721113600,Value Mismatch,valueusd,Calculated vs reported value differs by >10%
1808201720882200,Value Mismatch,valueusd,Calculated vs reported value differs by >10%
1808201720882200,Value Mismatch,valueusd,Calculated vs reported value differs by >10%
1608201720710500,Value Mismatch,valueusd,Calculated vs reported value differs by >10%
1608201720710500,Value Mismatch,valueusd,Calculated vs reported value differs by >10%
1608201720710500,Value Mismatch,valueusd,Calculated vs reported value differs by >10%
1608201720710500,Value Mismatch,valueusd,Calculated vs reported value differs by >10%
1608201720710500,Value Mismatch,valueusd,Calculated vs reported value differs by >10%
1608201720710500,Value Mismatch,valueusd,Calculated vs reported value differs by >10%
1608201720710500,Value Mismatch,valueusd,Calculated vs reported value differs by >10%
1608201720710500,Value Mismatch,valueusd,Calculated vs reported value differs by >10%
1608201720710500,Value Mismatch,valueusd,Calculated vs reported value differs by >10%
1608201720710500,Value Mismatch,valueusd,Calculated vs reported value differs by >10%
1608201720710500,Value Mismatch,valueusd,Calculated vs reported value differs by >10%
1608201720710500,Value Mismatch,valueusd,Calculated vs reported value differs by >10%
1608201720710500,Value Mismatch,valueusd,Calculated vs reported value differs by >10%
1608201720710500,Value Mismatch,valueusd,Calculated vs reported value differs by >10%
1608201720710500,Value Mismatch,valueusd,Calculated vs reported value differs by >10%
1608201720710500,Value Mismatch,valueusd,Calculated vs reported value differs by >10%
1608201720710500,Value Mismatch,valueusd,Calculated vs reported value differs by >10%
1608201720710500,Value Mismatch,valueusd,Calculated vs reported value differs by >10%
1608201720710500,Value Mismatch,valueusd,Calculated vs reported value differs by >10%
1608201720710500,Value Mismatch,valueusd,Calculated vs reported value differs by >10%
1608201720710500,Value Mismatch,valueusd,Calculated vs reported value differs by >10%
1608201720710500,Value Mismatch,valueusd,Calculated vs reported value differs by >10%
1608201720710500,Value Mismatch,valueusd,Calculated vs reported value differs by >10%
1608201720710500,Value Mismatch,valueusd,Calculated vs reported value differs by >10%
1608201720710500,Value Mismatch,valueusd,Calculated vs reported value differs by >10%
1608201720710500,Value Mismatch,valueusd,Calculated vs reported value differs by >10%
1608201720710500,Value Mismatch,valueusd,Calculated vs reported value differs by >10%
1608201720710500,Value Mismatch,valueusd,Calculated vs reported value differs by >10%
1608201720710500,Value Mismatch,valueusd,Calculated vs reported value differs by >10%
1608201720710500,Value Mismatch,valueusd,Calculated vs reported value differs by >10%
1408201720629100,Value Mismatch,valueusd,Calculated vs reported value differs by >10%
100820171120020,Value Mismatch,valueusd,Calculated vs reported value differs by >10%
0908201720339622,Value Mismatch,valueusd,Calculated vs reported value differs by >10%
0508201720059325,Value Mismatch,valueusd,Calculated vs reported value differs by >10%
0508201720059324,Value Mismatch,valueusd,Calculated vs reported value differs by >10%
0408201719956514,Value Mismatch,valueusd,Calculated vs reported value differs by >10%
0208201719863646,Value Mismatch,valueusd,Calculated vs reported value differs by >10%
0208201719863645,Value Mismatch,valueusd,Calculated vs reported value differs by >10%
0208201719863642,Value Mismatch,valueusd,Calculated vs reported value differs by >10%
0208201719863634,Value Mismatch,valueusd,Calculated vs reported value differs by >10%
0208201719863639,Value Mismatch,valueusd,Calculated vs reported value differs by >10%
0208201719863636,Value Mismatch,valueusd,Calculated vs reported value differs by >10%
0208201719863643,Value Mismatch,valueusd,Calculated vs reported value differs by >10%
0208201719863637,Value Mismatch,valueusd,Calculated vs reported value differs by >10%
0208201719863640,Value Mismatch,valueusd,Calculated vs reported value differs by >10%
0208201719863631,Value Mismatch,valueusd,Calculated vs reported value differs by >10%
0208201719863638,Value Mismatch,valueusd,Calculated vs reported value differs by >10%
0208201719863635,Value Mismatch,valueusd,Calculated vs reported value differs by >10%
0208201719863633,Value Mismatch,valueusd,Calculated vs reported value differs by >10%
0208201719863641,Value Mismatch,valueusd,Calculated vs reported value differs by >10%
0208201719863632,Value Mismatch,valueusd,Calculated vs reported value differs by >10%
0208201719863630,Value Mismatch,valueusd,Calculated vs reported value differs by >10%
0208201719863629,Value Mismatch,valueusd,Calculated vs reported value differs by >10%
0208201719863644,Value Mismatch,valueusd,Calculated vs reported value differs by >10%
0108201719766826,Value Mismatch,valueusd,Calculated vs reported value differs by >10%
010820174000051,Value Mismatch,valueusd,Calculated vs reported value differs by >10%
0108201719756809,Value Mismatch,valueusd,Calculated vs reported value differs by >10%
3107201719716900,Value Mismatch,valueusd,Calculated vs reported value differs by >10%
3107201719716900,Value Mismatch,valueusd,Calculated vs reported value differs by >10%
2907201719606400,Value Mismatch,valueusd,Calculated vs reported value differs by >10%
2907201719616200,Value Mismatch,valueusd,Calculated vs reported value differs by >10%
2407201719294800,Value Mismatch,valueusd,Calculated vs reported value differs by >10%
2207201719118400,Value Mismatch,valueusd,Calculated vs reported value differs by >10%
2207201719118300,Value Mismatch,valueusd,Calculated vs reported value differs by >10%
1907201719009900,Value Mismatch,valueusd,Calculated vs reported value differs by >10%
1907201719009900,Value Mismatch,valueusd,Calculated vs reported value differs by >10%
1907201719009900,Value Mismatch,valueusd,Calculated vs reported value differs by >10%
1907201719009900,Value Mismatch,valueusd,Calculated vs reported value differs by >10%
1907201719009900,Value Mismatch,valueusd,Calculated vs reported value differs by >10%
1907201719009900,Value Mismatch,valueusd,Calculated vs reported value differs by >10%
1907201719009900,Value Mismatch,valueusd,Calculated vs reported value differs by >10%
1907201719009900,Value Mismatch,valueusd,Calculated vs reported value differs by >10%
1907201719009900,Value Mismatch,valueusd,Calculated vs reported value differs by >10%
1907201719009900,Value Mismatch,valueusd,Calculated vs reported value differs by >10%
1907201719009900,Value Mismatch,valueusd,Calculated vs reported value differs by >10%
1907201719009900,Value Mismatch,valueusd,Calculated vs reported value differs by >10%
1907201719009900,Value Mismatch,valueusd,Calculated vs reported value differs by >10%
1907201719009900,Value Mismatch,valueusd,Calculated vs reported value differs by >10%
1907201719009900,Value Mismatch,valueusd,Calculated vs reported value differs by >10%
1907201719009900,Value Mismatch,valueusd,Calculated vs reported value differs by >10%
170720173626480,Value Mismatch,valueusd,Calculated vs reported value differs by >10%
1707201718885300,Value Mismatch,valueusd,Calculated vs reported value differs by >10%
130720173553430,Value Mismatch,valueusd,Calculated vs reported value differs by >10%
130720173553430,Value Mismatch,valueusd,Calculated vs reported value differs by >10%
1107201718446700,Value Mismatch,valueusd,Calculated vs reported value differs by >10%
1107201718446700,Value Mismatch,valueusd,Calculated vs reported value differs by >10%
100720173467940,Value Mismatch,valueusd,Calculated vs reported value differs by >10%
0807201718205018,Value Mismatch,valueusd,Calculated vs reported value differs by >10%
0807201718198629,Value Mismatch,valueusd,Calculated vs reported value differs by >10%
0607201718061423,Value Mismatch,valueusd,Calculated vs reported value differs by >10%
0607201718061428,Value Mismatch,valueusd,Calculated vs reported value differs by >10%
0607201718061419,Value Mismatch,valueusd,Calculated vs reported value differs by >10%
0607201718061425,Value Mismatch,valueusd,Calculated vs reported value differs by >10%
0607201718061424,Value Mismatch,valueusd,Calculated vs reported value differs by >10%
0607201718061422,Value Mismatch,valueusd,Calculated vs reported value differs by >10%
0607201718061420,Value Mismatch,valueusd,Calculated vs reported value differs by >10%
0607201718061421,Value Mismatch,valueusd,Calculated vs reported value differs by >10%
0607201718061426,Value Mismatch,valueusd,Calculated vs reported value differs by >10%
0607201718061433,Value Mismatch,valueusd,Calculated vs reported value differs by >10%
0607201718061429,Value Mismatch,valueusd,Calculated vs reported value differs by >10%
0607201718061432,Value Mismatch,valueusd,Calculated vs reported value differs by >10%
0607201718061431,Value Mismatch,valueusd,Calculated vs reported value differs by >10%
0607201717984925,Value Mismatch,valueusd,Calculated vs reported value differs by >10%
0507201718061345,Value Mismatch,valueusd,Calculated vs reported value differs by >10%
0407201718024670,Value Mismatch,valueusd,Calculated vs reported value differs by >10%
0407201718024667,Value Mismatch,valueusd,Calculated vs reported value differs by >10%
0407201717998555,Value Mismatch,valueusd,Calculated vs reported value differs by >10%
2806201717779900,Value Mismatch,valueusd,Calculated vs reported value differs by >10%
240620173184720,Value Mismatch,valueusd,Calculated vs reported value differs by >10%
1906201717318000,Value Mismatch,valueusd,Calculated vs reported value differs by >10%
190620173113150,Value Mismatch,valueusd,Calculated vs reported value differs by >10%
190620173113150,Value Mismatch,valueusd,Calculated vs reported value differs by >10%
170620173100360,Value Mismatch,valueusd,Calculated vs reported value differs by >10%
170620173100360,Value Mismatch,valueusd,Calculated vs reported value differs by >10%
1206201716770100,Value Mismatch,valueusd,Calculated vs reported value differs by >10%
0806201716569592,Value Mismatch,valueusd,Calculated vs reported value differs by >10%
0806201716569459,Value Mismatch,valueusd,Calculated vs reported value differs by >10%
060620172895533,Value Mismatch,valueusd,Calculated vs reported value differs by >10%
0606201716395024,Value Mismatch,valueusd,Calculated vs reported value differs by >10%
0506201716349165,Value Mismatch,valueusd,Calculated vs reported value differs by >10%
0506201716349168,Value Mismatch,valueusd,Calculated vs reported value differs by >10%
0506201716349166,Value Mismatch,valueusd,Calculated vs reported value differs by >10%
0106201716044358,Value Mismatch,valueusd,Calculated vs reported value differs by >10%
3005201715859500,Value Mismatch,valueusd,Calculated vs reported value differs by >10%
3005201715900900,Value Mismatch,valueusd,Calculated vs reported value differs by >10%
3005201715900700,Value Mismatch,valueusd,Calculated vs reported value differs by >10%
2305201715369800,Value Mismatch,valueusd,Calculated vs reported value differs by >10%
2205201715259700,Value Mismatch,valueusd,Calculated vs reported value differs by >10%
1805201715112200,Value Mismatch,valueusd,Calculated vs reported value differs by >10%
1705201715055900,Value Mismatch,valueusd,Calculated vs reported value differs by >10%
1205201714795400,Value Mismatch,valueusd,Calculated vs reported value differs by >10%
1105201714561700,Value Mismatch,valueusd,Calculated vs reported value differs by >10%
1005201714555600,Value Mismatch,valueusd,Calculated vs reported value differs by >10%
0805201714350504,Value Mismatch,valueusd,Calculated vs reported value differs by >10%
0805201714350156,Value Mismatch,valueusd,Calculated vs reported value differs by >10%
0505201714164994,Value Mismatch,valueusd,Calculated vs reported value differs by >10%
0405201714082974,Value Mismatch,valueusd,Calculated vs reported value differs by >10%
0205201713939550,Value Mismatch,valueusd,Calculated vs reported value differs by >10%
0205201713939543,Value Mismatch,valueusd,Calculated vs reported value differs by >10%
0205201713889471,Value Mismatch,valueusd,Calculated vs reported value differs by >10%
0105201713804944,Value Mismatch,valueusd,Calculated vs reported value differs by >10%
2604201713423500,Value Mismatch,valueusd,Calculated vs reported value differs by >10%
2204201713185800,Value Mismatch,valueusd,Calculated vs reported value differs by >10%
2204201713217700,Value Mismatch,valueusd,Calculated vs reported value differs by >10%
1904201712983200,Value Mismatch,valueusd,Calculated vs reported value differs by >10%
1904201712983300,Value Mismatch,valueusd,Calculated vs reported value differs by >10%
1904201712983900,Value Mismatch,valueusd,Calculated vs reported value differs by >10%
1904201712983900,Value Mismatch,valueusd,Calculated vs reported value differs by >10%
1904201712983200,Value Mismatch,valueusd,Calculated vs reported value differs by >10%
1504201712625600,Value Mismatch,valueusd,Calculated vs reported value differs by >10%
1504201712625600,Value Mismatch,valueusd,Calculated vs reported value differs by >10%
1204201712506100,Value Mismatch,valueusd,Calculated vs reported value differs by >10%
1104201712487200,Value Mismatch,valueusd,Calculated vs reported value differs by >10%
1104201712487200,Value Mismatch,valueusd,Calculated vs reported value differs by >10%
0804201712317500,Value Mismatch,valueusd,Calculated vs reported value differs by >10%
0604201712159609,Value Mismatch,valueusd,Calculated vs reported value differs by >10%
0604201712159113,Value Mismatch,valueusd,Calculated vs reported value differs by >10%
040420171821527,Value Mismatch,valueusd,Calculated vs reported value differs by >10%
040420171821523,Value Mismatch,valueusd,Calculated vs reported value differs by >10%
040420171821522,Value Mismatch,valueusd,Calculated vs reported value differs by >10%
040420171821521,Value Mismatch,valueusd,Calculated vs reported value differs by >10%
0404201711968390,Value Mismatch,valueusd,Calculated vs reported value differs by >10%
0304201711830638,Value Mismatch,valueusd,Calculated vs reported value differs by >10%
0304201711830637,Value Mismatch,valueusd,Calculated vs reported value differs by >10%
0104201711780917,Value Mismatch,valueusd,Calculated vs reported value differs by >10%
0104201711780940,Value Mismatch,valueusd,Calculated vs reported value differs by >10%
0104201711780918,Value Mismatch,valueusd,Calculated vs reported value differs by >10%
0104201711780913,Value Mismatch,valueusd,Calculated vs reported value differs by >10%
0104201711780903,Value Mismatch,valueusd,Calculated vs reported value differs by >10%
3103201711674200,Value Mismatch,valueusd,Calculated vs reported value differs by >10%
2403201711234500,Value Mismatch,valueusd,Calculated vs reported value differs by >10%
2303201711204500,Value Mismatch,valueusd,Calculated vs reported value differs by >10%
2203201711079000,Value Mismatch,valueusd,Calculated vs reported value differs by >10%
2203201711125200,Value Mismatch,valueusd,Calculated vs reported value differs by >10%
2203201711125200,Value Mismatch,valueusd,Calculated vs reported value differs by >10%
2203201711125100,Value Mismatch,valueusd,Calculated vs reported value differs by >10%
2003201710942600,Value Mismatch,valueusd,Calculated vs reported value differs by >10%
2003201710885900,Value Mismatch,valueusd,Calculated vs reported value differs by >10%
1703201710748800,Value Mismatch,valueusd,Calculated vs reported value differs by >10%
1703201710749400,Value Mismatch,valueusd,Calculated vs reported value differs by >10%
1703201710747900,Value Mismatch,valueusd,Calculated vs reported value differs by >10%
1703201710747700,Value Mismatch,valueusd,Calculated vs reported value differs by >10%
1703201710749300,Value Mismatch,valueusd,Calculated vs reported value differs by >10%
1703201710749100,Value Mismatch,valueusd,Calculated vs reported value differs by >10%
1703201710744600,Value Mismatch,valueusd,Calculated vs reported value differs by >10%
1703201710748700,Value Mismatch,valueusd,Calculated vs reported value differs by >10%
1703201710744500,Value Mismatch,valueusd,Calculated vs reported value differs by >10%
1703201710746300,Value Mismatch,valueusd,Calculated vs reported value differs by >10%
1603201710663800,Value Mismatch,valueusd,Calculated vs reported value differs by >10%
160320171361120,Value Mismatch,valueusd,Calculated vs reported value differs by >10%
140320171325180,Value Mismatch,valueusd,Calculated vs reported value differs by >10%
1403201710119700,Value Mismatch,valueusd,Calculated vs reported value differs by >10%
1403201710119700,Value Mismatch,valueusd,Calculated vs reported value differs by >10%
1103201710570800,Value Mismatch,valueusd,Calculated vs reported value differs by >10%
1003201710553500,Value Mismatch,valueusd,Calculated vs reported value differs by >10%
0903201710552516,Value Mismatch,valueusd,Calculated vs reported value differs by >10%
040320179916181,Value Mismatch,valueusd,Calculated vs reported value differs by >10%
280220179558910,Value Mismatch,valueusd,Calculated vs reported value differs by >10%
270220179543160,Value Mismatch,valueusd,Calculated vs reported value differs by >10%
270220179487690,Value Mismatch,valueusd,Calculated vs reported value differs by >10%
250220179395320,Value Mismatch,valueusd,Calculated vs reported value differs by >10%
150220178720590,Value Mismatch,valueusd,Calculated vs reported value differs by >10%
150220178720540,Value Mismatch,valueusd,Calculated vs reported value differs by >10%
150220178720540,Value Mismatch,valueusd,Calculated vs reported value differs by >10%
130220178529770,Value Mismatch,valueusd,Calculated vs reported value differs by >10%
130220178530360,Value Mismatch,valueusd,Calculated vs reported value differs by >10%
100220178351240,Value Mismatch,valueusd,Calculated vs reported value differs by >10%
080220178171778,Value Mismatch,valueusd,Calculated vs reported value differs by >10%
06022017679068,Value Mismatch,valueusd,Calculated vs reported value differs by >10%
040220177956407,Value Mismatch,valueusd,Calculated vs reported value differs by >10%
040220177956384,Value Mismatch,valueusd,Calculated vs reported value differs by >10%
040220177956423,Value Mismatch,valueusd,Calculated vs reported value differs by >10%
040220177956398,Value Mismatch,valueusd,Calculated vs reported value differs by >10%
040220177956417,Value Mismatch,valueusd,Calculated vs reported value differs by >10%
04022017646439,Value Mismatch,valueusd,Calculated vs reported value differs by >10%
030220177869414,Value Mismatch,valueusd,Calculated vs reported value differs by >10%
01022017598529,Value Mismatch,valueusd,Calculated vs reported value differs by >10%
310120177667250,Value Mismatch,valueusd,Calculated vs reported value differs by >10%
300120177666270,Value Mismatch,valueusd,Calculated vs reported value differs by >10%
190120177058960,Value Mismatch,valueusd,Calculated vs reported value differs by >10%
190120176771510,Value Mismatch,valueusd,Calculated vs reported value differs by >10%
180120176760700,Value Mismatch,valueusd,Calculated vs reported value differs by >10%
180120176760710,Value Mismatch,valueusd,Calculated vs reported value differs by >10%
180120177057610,Value Mismatch,valueusd,Calculated vs reported value differs by >10%
180120177057680,Value Mismatch,valueusd,Calculated vs reported value differs by >10%
180120177057640,Value Mismatch,valueusd,Calculated vs reported value differs by >10%
180120177057610,Value Mismatch,valueusd,Calculated vs reported value differs by >10%
180120177057590,Value Mismatch,valueusd,Calculated vs reported value differs by >10%
170120177056680,Value Mismatch,valueusd,Calculated vs reported value differs by >10%
10012017170715,Value Mismatch,valueusd,Calculated vs reported value differs by >10%
100120176154160,Value Mismatch,valueusd,Calculated vs reported value differs by >10%
090120176129825,Value Mismatch,valueusd,Calculated vs reported value differs by >10%
040120175808066,Value Mismatch,valueusd,Calculated vs reported value differs by >10%
0401201761301,Value Mismatch,valueusd,Calculated vs reported value differs by >10%
030120175756033,Value Mismatch,valueusd,Calculated vs reported value differs by >10%
3012201630289600,Value Mismatch,valueusd,Calculated vs reported value differs by >10%
2712201630076100,Value Mismatch,valueusd,Calculated vs reported value differs by >10%
2012201629472500,Value Mismatch,valueusd,Calculated vs reported value differs by >10%
1512201629033700,Value Mismatch,valueusd,Calculated vs reported value differs by >10%
0912201628593310,Value Mismatch,valueusd,Calculated vs reported value differs by >10%
0712201628389274,Value Mismatch,valueusd,Calculated vs reported value differs by >10%
051220162242864,Value Mismatch,valueusd,Calculated vs reported value differs by >10%
0512201628177227,Value Mismatch,valueusd,Calculated vs reported value differs by >10%
0512201628177228,Value Mismatch,valueusd,Calculated vs reported value differs by >10%
0212201627994112,Value Mismatch,valueusd,Calculated vs reported value differs by >10%
0212201628002569,Value Mismatch,valueusd,Calculated vs reported value differs by >10%
0212201627998105,Value Mismatch,valueusd,Calculated vs reported value differs by >10%
0212201628001735,Value Mismatch,valueusd,Calculated vs reported value differs by >10%
2911201627100200,Value Mismatch,valueusd,Calculated vs reported value differs by >10%
2511201626723300,Value Mismatch,valueusd,Calculated vs reported value differs by >10%
2511201626723300,Value Mismatch,valueusd,Calculated vs reported value differs by >10%
241120162179370,Value Mismatch,valueusd,Calculated vs reported value differs by >10%
2111201625370000,Value Mismatch,valueusd,Calculated vs reported value differs by >10%
2111201625370000,Value Mismatch,valueusd,Calculated vs reported value differs by >10%
2111201625412400,Value Mismatch,valueusd,Calculated vs reported value differs by >10%
2111201625370000,Value Mismatch,valueusd,Calculated vs reported value differs by >10%
2111201625353600,Value Mismatch,valueusd,Calculated vs reported value differs by >10%
1911201625261800,Value Mismatch,valueusd,Calculated vs reported value differs by >10%
1611201624893900,Value Mismatch,valueusd,Calculated vs reported value differs by >10%
1611201624855000,Value Mismatch,valueusd,Calculated vs reported value differs by >10%
1611201624908800,Value Mismatch,valueusd,Calculated vs reported value differs by >10%
1611201624908800,Value Mismatch,valueusd,Calculated vs reported value differs by >10%
1611201624908800,Value Mismatch,valueusd,Calculated vs reported value differs by >10%
1611201624908800,Value Mismatch,valueusd,Calculated vs reported value differs by >10%
1511201626426400,Value Mismatch,valueusd,Calculated vs reported value differs by >10%
1111201626220400,Value Mismatch,valueusd,Calculated vs reported value differs by >10%
1111201626196100,Value Mismatch,valueusd,Calculated vs reported value differs by >10%
0911201625939718,Value Mismatch,valueusd,Calculated vs reported value differs by >10%
0911201625939703,Value Mismatch,valueusd,Calculated vs reported value differs by >10%
0911201625939688,Value Mismatch,valueusd,Calculated vs reported value differs by >10%
0911201625939673,Value Mismatch,valueusd,Calculated vs reported value differs by >10%
0911201625939643,Value Mismatch,valueusd,Calculated vs reported value differs by >10%
0911201625946409,Value Mismatch,valueusd,Calculated vs reported value differs by >10%
0911201625946408,Value Mismatch,valueusd,Calculated vs reported value differs by >10%
0811201625805332,Value Mismatch,valueusd,Calculated vs reported value differs by >10%
0811201625805351,Value Mismatch,valueusd,Calculated vs reported value differs by >10%
0711201624639453,Value Mismatch,valueusd,Calculated vs reported value differs by >10%
0311201624395695,Value Mismatch,valueusd,Calculated vs reported value differs by >10%
0311201624425460,Value Mismatch,valueusd,Calculated vs reported value differs by >10%
2410201623279700,Value Mismatch,valueusd,Calculated vs reported value differs by >10%
2410201623279700,Value Mismatch,valueusd,Calculated vs reported value differs by >10%
2410201623279700,Value Mismatch,valueusd,Calculated vs reported value differs by >10%
2410201623279700,Value Mismatch,valueusd,Calculated vs reported value differs by >10%
2410201623362200,Value Mismatch,valueusd,Calculated vs reported value differs by >10%
2210201623255200,Value Mismatch,valueusd,Calculated vs reported value differs by >10%
2210201623255200,Value Mismatch,valueusd,Calculated vs reported value differs by >10%
2110201623049300,Value Mismatch,valueusd,Calculated vs reported value differs by >10%
2110201623025300,Value Mismatch,valueusd,Calculated vs reported value differs by >10%
2110201623025300,Value Mismatch,valueusd,Calculated vs reported value differs by >10%
1810201622739200,Value Mismatch,valueusd,Calculated vs reported value differs by >10%
1810201622613900,Value Mismatch,valueusd,Calculated vs reported value differs by >10%
1810201622613900,Value Mismatch,valueusd,Calculated vs reported value differs by >10%
1810201622613900,Value Mismatch,valueusd,Calculated vs reported value differs by >10%
1810201622710900,Value Mismatch,valueusd,Calculated vs reported value differs by >10%
1710201622423300,Value Mismatch,valueusd,Calculated vs reported value differs by >10%
1710201622514500,Value Mismatch,valueusd,Calculated vs reported value differs by >10%
1710201622503500,Value Mismatch,valueusd,Calculated vs reported value differs by >10%
1510201622401100,Value Mismatch,valueusd,Calculated vs reported value differs by >10%
1310201622343900,Value Mismatch,valueusd,Calculated vs reported value differs by >10%
1310201621947000,Value Mismatch,valueusd,Calculated vs reported value differs by >10%
1310201621947000,Value Mismatch,valueusd,Calculated vs reported value differs by >10%
1310201621947000,Value Mismatch,valueusd,Calculated vs reported value differs by >10%
0610201621492418,Value Mismatch,valueusd,Calculated vs reported value differs by >10%
0510201621418988,Value Mismatch,valueusd,Calculated vs reported value differs by >10%
2909201620749200,Value Mismatch,valueusd,Calculated vs reported value differs by >10%
2609201620215500,Value Mismatch,valueusd,Calculated vs reported value differs by >10%
2109201619756400,Value Mismatch,valueusd,Calculated vs reported value differs by >10%
2109201619756400,Value Mismatch,valueusd,Calculated vs reported value differs by >10%
2109201619756400,Value Mismatch,valueusd,Calculated vs reported value differs by >10%
2109201619756400,Value Mismatch,valueusd,Calculated vs reported value differs by >10%
2109201619720000,Value Mismatch,valueusd,Calculated vs reported value differs by >10%
2009201619660300,Value Mismatch,valueusd,Calculated vs reported value differs by >10%
2009201619553100,Value Mismatch,valueusd,Calculated vs reported value differs by >10%
1909201619353500,Value Mismatch,valueusd,Calculated vs reported value differs by >10%
1409201618845300,Value Mismatch,valueusd,Calculated vs reported value differs by >10%
1409201618952100,Value Mismatch,valueusd,Calculated vs reported value differs by >10%
1409201618957100,Value Mismatch,valueusd,Calculated vs reported value differs by >10%
1409201618856600,Value Mismatch,valueusd,Calculated vs reported value differs by >10%
0909201631345416,Value Mismatch,valueusd,Calculated vs reported value differs by >10%
07092016632156,Value Mismatch,valueusd,Calculated vs reported value differs by >10%
0709201631058387,Value Mismatch,valueusd,Calculated vs reported value differs by >10%
0609201630787947,Value Mismatch,valueusd,Calculated vs reported value differs by >10%
0609201630958753,Value Mismatch,valueusd,Calculated vs reported value differs by >10%
0609201630958752,Value Mismatch,valueusd,Calculated vs reported value differs by >10%
0209201630601153,Value Mismatch,valueusd,Calculated vs reported value differs by >10%
0209201630601152,Value Mismatch,valueusd,Calculated vs reported value differs by >10%
3108201618694300,Value Mismatch,valueusd,Calculated vs reported value differs by >10%
3108201618697000,Value Mismatch,valueusd,Calculated vs reported value differs by >10%
3108201618546200,Value Mismatch,valueusd,Calculated vs reported value differs by >10%
3108201618546200,Value Mismatch,valueusd,Calculated vs reported value differs by >10%
3108201618546200,Value Mismatch,valueusd,Calculated vs reported value differs by >10%
3108201618546200,Value Mismatch,valueusd,Calculated vs reported value differs by >10%
3108201618546200,Value Mismatch,valueusd,Calculated vs reported value differs by >10%
3108201618546200,Value Mismatch,valueusd,Calculated vs reported value differs by >10%
2708201618233800,Value Mismatch,valueusd,Calculated vs reported value differs by >10%
2508201618051900,Value Mismatch,valueusd,Calculated vs reported value differs by >10%
2408201617929000,Value Mismatch,valueusd,Calculated vs reported value differs by >10%
2308201617889500,Value Mismatch,valueusd,Calculated vs reported value differs by >10%
2208201617672400,Value Mismatch,valueusd,Calculated vs reported value differs by >10%
2008201617584300,Value Mismatch,valueusd,Calculated vs reported value differs by >10%
2008201617584300,Value Mismatch,valueusd,Calculated vs reported value differs by >10%
2008201617584300,Value Mismatch,valueusd,Calculated vs reported value differs by >10%
2008201617584300,Value Mismatch,valueusd,Calculated vs reported value differs by >10%
2008201617559800,Value Mismatch,valueusd,Calculated vs reported value differs by >10%
2008201617559800,Value Mismatch,valueusd,Calculated vs reported value differs by >10%
1908201635144900,Value Mismatch,valueusd,Calculated vs reported value differs by >10%
1708201634917000,Value Mismatch,valueusd,Calculated vs reported value differs by >10%
1708201635013000,Value Mismatch,valueusd,Calculated vs reported value differs by >10%
1208201616915700,Value Mismatch,valueusd,Calculated vs reported value differs by >10%
1108201616895500,Value Mismatch,valueusd,Calculated vs reported value differs by >10%
1008201616721900,Value Mismatch,valueusd,Calculated vs reported value differs by >10%
0908201634965410,Value Mismatch,valueusd,Calculated vs reported value differs by >10%
0508201616269140,Value Mismatch,valueusd,Calculated vs reported value differs by >10%
0408201616191126,Value Mismatch,valueusd,Calculated vs reported value differs by >10%
0208201615983701,Value Mismatch,valueusd,Calculated vs reported value differs by >10%
0108201615829442,Value Mismatch,valueusd,Calculated vs reported value differs by >10%
0108201615829439,Value Mismatch,valueusd,Calculated vs reported value differs by >10%
0108201615829440,Value Mismatch,valueusd,Calculated vs reported value differs by >10%
0108201615829441,Value Mismatch,valueusd,Calculated vs reported value differs by >10%
3007201615761700,Value Mismatch,valueusd,Calculated vs reported value differs by >10%
2907201615645300,Value Mismatch,valueusd,Calculated vs reported value differs by >10%
2507201615225500,Value Mismatch,valueusd,Calculated vs reported value differs by >10%
2207201615030500,Value Mismatch,valueusd,Calculated vs reported value differs by >10%
2107201614892600,Value Mismatch,valueusd,Calculated vs reported value differs by >10%
2107201614892600,Value Mismatch,valueusd,Calculated vs reported value differs by >10%
2107201614892600,Value Mismatch,valueusd,Calculated vs reported value differs by >10%
2107201614892600,Value Mismatch,valueusd,Calculated vs reported value differs by >10%
2107201614892600,Value Mismatch,valueusd,Calculated vs reported value differs by >10%
2007201614790100,Value Mismatch,valueusd,Calculated vs reported value differs by >10%
1907201614690400,Value Mismatch,valueusd,Calculated vs reported value differs by >10%
1907201634971900,Value Mismatch,valueusd,Calculated vs reported value differs by >10%
1907201614743000,Value Mismatch,valueusd,Calculated vs reported value differs by >10%
1907201614743000,Value Mismatch,valueusd,Calculated vs reported value differs by >10%
1907201614743000,Value Mismatch,valueusd,Calculated vs reported value differs by >10%
1807201614619100,Value Mismatch,valueusd,Calculated vs reported value differs by >10%
1607201614505200,Value Mismatch,valueusd,Calculated vs reported value differs by >10%
1607201614505200,Value Mismatch,valueusd,Calculated vs reported value differs by >10%
1207201614098800,Value Mismatch,valueusd,Calculated vs reported value differs by >10%
1107201613910100,Value Mismatch,valueusd,Calculated vs reported value differs by >10%
0807201613796226,Value Mismatch,valueusd,Calculated vs reported value differs by >10%
0407201613407171,Value Mismatch,valueusd,Calculated vs reported value differs by >10%
0107201613221391,Value Mismatch,valueusd,Calculated vs reported value differs by >10%
2906201612970000,Value Mismatch,valueusd,Calculated vs reported value differs by >10%
2906201612581800,Value Mismatch,valueusd,Calculated vs reported value differs by >10%
2306201612951100,Value Mismatch,valueusd,Calculated vs reported value differs by >10%
2306201612951100,Value Mismatch,valueusd,Calculated vs reported value differs by >10%
2306201612951100,Value Mismatch,valueusd,Calculated vs reported value differs by >10%
2106201612214300,Value Mismatch,valueusd,Calculated vs reported value differs by >10%
2006201612160100,Value Mismatch,valueusd,Calculated vs reported value differs by >10%
160620164831970,Value Mismatch,valueusd,Calculated vs reported value differs by >10%
070620164412355,Value Mismatch,valueusd,Calculated vs reported value differs by >10%
2705201632986600,Value Mismatch,valueusd,Calculated vs reported value differs by >10%
2105201632959600,Value Mismatch,valueusd,Calculated vs reported value differs by >10%
1705201633518500,Value Mismatch,valueusd,Calculated vs reported value differs by >10%
1705201633518500,Value Mismatch,valueusd,Calculated vs reported value differs by >10%
1705201633518500,Value Mismatch,valueusd,Calculated vs reported value differs by >10%
1705201633518500,Value Mismatch,valueusd,Calculated vs reported value differs by >10%
1205201632943500,Value Mismatch,valueusd,Calculated vs reported value differs by >10%
0405201633506257,Value Mismatch,valueusd,Calculated vs reported value differs by >10%
0205201610859610,Value Mismatch,valueusd,Calculated vs reported value differs by >10%
0205201610859607,Value Mismatch,valueusd,Calculated vs reported value differs by >10%
0205201610859605,Value Mismatch,valueusd,Calculated vs reported value differs by >10%
0205201610859606,Value Mismatch,valueusd,Calculated vs reported value differs by >10%
0205201610859608,Value Mismatch,valueusd,Calculated vs reported value differs by >10%
250420165079810,Value Mismatch,valueusd,Calculated vs reported value differs by >10%
250420165079790,Value Mismatch,valueusd,Calculated vs reported value differs by >10%
1804201610253700,Value Mismatch,valueusd,Calculated vs reported value differs by >10%
1804201610253700,Value Mismatch,valueusd,Calculated vs reported value differs by >10%
1804201610253700,Value Mismatch,valueusd,Calculated vs reported value differs by >10%
1804201610253700,Value Mismatch,valueusd,Calculated vs reported value differs by >10%
150420169516580,Value Mismatch,valueusd,Calculated vs reported value differs by >10%
1404201632852300,Value Mismatch,valueusd,Calculated vs reported value differs by >10%
130420169307620,Value Mismatch,valueusd,Calculated vs reported value differs by >10%
130420169307650,Value Mismatch,valueusd,Calculated vs reported value differs by >10%
1104201633674900,Value Mismatch,valueusd,Calculated vs reported value differs by >10%
110420168030870,Value Mismatch,valueusd,Calculated vs reported value differs by >10%
060420169956172,Value Mismatch,valueusd,Calculated vs reported value differs by >10%
060420169956162,Value Mismatch,valueusd,Calculated vs reported value differs by >10%
060420169922051,Value Mismatch,valueusd,Calculated vs reported value differs by >10%
060420169922050,Value Mismatch,valueusd,Calculated vs reported value differs by >10%
060420169922049,Value Mismatch,valueusd,Calculated vs reported value differs by >10%
060420169922052,Value Mismatch,valueusd,Calculated vs reported value differs by >10%
0604201631684401,Value Mismatch,valueusd,Calculated vs reported value differs by >10%
050420169749049,Value Mismatch,valueusd,Calculated vs reported value differs by >10%
2903201632102700,Value Mismatch,valueusd,Calculated vs reported value differs by >10%
290320167557610,Value Mismatch,valueusd,Calculated vs reported value differs by >10%
2803201632278700,Value Mismatch,valueusd,Calculated vs reported value differs by >10%
280320167481510,Value Mismatch,valueusd,Calculated vs reported value differs by >10%
280320167488790,Value Mismatch,valueusd,Calculated vs reported value differs by >10%
260320167564000,Value Mismatch,valueusd,Calculated vs reported value differs by >10%
260320167564000,Value Mismatch,valueusd,Calculated vs reported value differs by >10%
260320167564000,Value Mismatch,valueusd,Calculated vs reported value differs by >10%
260320167564000,Value Mismatch,valueusd,Calculated vs reported value differs by >10%
260320167564000,Value Mismatch,valueusd,Calculated vs reported value differs by >10%
220320167211750,Value Mismatch,valueusd,Calculated vs reported value differs by >10%
220320167277340,Value Mismatch,valueusd,Calculated vs reported value differs by >10%
180320167014310,Value Mismatch,valueusd,Calculated vs reported value differs by >10%
180320167014270,Value Mismatch,valueusd,Calculated vs reported value differs by >10%
180320167014110,Value Mismatch,valueusd,Calculated vs reported value differs by >10%
180320166992670,Value Mismatch,valueusd,Calculated vs reported value differs by >10%
180320166881730,Value Mismatch,valueusd,Calculated vs reported value differs by >10%
1603201632632400,Value Mismatch,valueusd,Calculated vs reported value differs by >10%
160320166744100,Value Mismatch,valueusd,Calculated vs reported value differs by >10%
1603201631963000,Value Mismatch,valueusd,Calculated vs reported value differs by >10%
160320166768090,Value Mismatch,valueusd,Calculated vs reported value differs by >10%
160320166768090,Value Mismatch,valueusd,Calculated vs reported value differs by >10%
160320166768090,Value Mismatch,valueusd,Calculated vs reported value differs by >10%
160320166768090,Value Mismatch,valueusd,Calculated vs reported value differs by >10%
160320166744150,Value Mismatch,valueusd,Calculated vs reported value differs by >10%
1503201632021600,Value Mismatch,valueusd,Calculated vs reported value differs by >10%
140320166419170,Value Mismatch,valueusd,Calculated vs reported value differs by >10%
140320166419170,Value Mismatch,valueusd,Calculated vs reported value differs by >10%
140320166419170,Value Mismatch,valueusd,Calculated vs reported value differs by >10%
140320166534720,Value Mismatch,valueusd,Calculated vs reported value differs by >10%
140320166534680,Value Mismatch,valueusd,Calculated vs reported value differs by >10%
110320169043280,Value Mismatch,valueusd,Calculated vs reported value differs by >10%
080320168624787,Value Mismatch,valueusd,Calculated vs reported value differs by >10%
070320168493223,Value Mismatch,valueusd,Calculated vs reported value differs by >10%
070320168535704,Value Mismatch,valueusd,Calculated vs reported value differs by >10%
070320168555371,Value Mismatch,valueusd,Calculated vs reported value differs by >10%
040320168371413,Value Mismatch,valueusd,Calculated vs reported value differs by >10%
040320168371415,Value Mismatch,valueusd,Calculated vs reported value differs by >10%
040320168371414,Value Mismatch,valueusd,Calculated vs reported value differs by >10%
040320168371106,Value Mismatch,valueusd,Calculated vs reported value differs by >10%
020320168132227,Value Mismatch,valueusd,Calculated vs reported value differs by >10%
020320168122332,Value Mismatch,valueusd,Calculated vs reported value differs by >10%
020320164983225,Value Mismatch,valueusd,Calculated vs reported value differs by >10%
260220166000530,Value Mismatch,valueusd,Calculated vs reported value differs by >10%
250220166113540,Value Mismatch,valueusd,Calculated vs reported value differs by >10%
220220165185640,Value Mismatch,valueusd,Calculated vs reported value differs by >10%
170220162966420,Value Mismatch,valueusd,Calculated vs reported value differs by >10%
110220162957580,Value Mismatch,valueusd,Calculated vs reported value differs by >10%
110220162957580,Value Mismatch,valueusd,Calculated vs reported value differs by >10%
090220163059069,Value Mismatch,valueusd,Calculated vs reported value differs by >10%
090220163058999,Value Mismatch,valueusd,Calculated vs reported value differs by >10%
090220163059004,Value Mismatch,valueusd,Calculated vs reported value differs by >10%
090220163059003,Value Mismatch,valueusd,Calculated vs reported value differs by >10%
080220163730662,Value Mismatch,valueusd,Calculated vs reported value differs by >10%
040220162057147,Value Mismatch,valueusd,Calculated vs reported value differs by >10%
040220162057141,Value Mismatch,valueusd,Calculated vs reported value differs by >10%
0402201632037146,Value Mismatch,valueusd,Calculated vs reported value differs by >10%
0402201632037144,Value Mismatch,valueusd,Calculated vs reported value differs by >10%
040220162057142,Value Mismatch,valueusd,Calculated vs reported value differs by >10%
040220162057140,Value Mismatch,valueusd,Calculated vs reported value differs by >10%
0402201632037145,Value Mismatch,valueusd,Calculated vs reported value differs by >10%
0402201632037140,Value Mismatch,valueusd,Calculated vs reported value differs by >10%
040220162057145,Value Mismatch,valueusd,Calculated vs reported value differs by >10%
040220162057144,Value Mismatch,valueusd,Calculated vs reported value differs by >10%
0402201632037143,Value Mismatch,valueusd,Calculated vs reported value differs by >10%
0402201632037142,Value Mismatch,valueusd,Calculated vs reported value differs by >10%
040220162057146,Value Mismatch,valueusd,Calculated vs reported value differs by >10%
0402201632037141,Value Mismatch,valueusd,Calculated vs reported value differs by >10%
040220161619618,Value Mismatch,valueusd,Calculated vs reported value differs by >10%
010220161953346,Value Mismatch,valueusd,Calculated vs reported value differs by >10%
290120165868440,Value Mismatch,valueusd,Calculated vs reported value differs by >10%
2901201627490000,Value Mismatch,valueusd,Calculated vs reported value differs by >10%
250120163831930,Value Mismatch,valueusd,Calculated vs reported value differs by >10%
250120163853820,Value Mismatch,valueusd,Calculated vs reported value differs by >10%
190120163804900,Value Mismatch,valueusd,Calculated vs reported value differs by >10%
190120165130580,Value Mismatch,valueusd,Calculated vs reported value differs by >10%
180120162636740,Value Mismatch,valueusd,Calculated vs reported value differs by >10%
180120161747580,Value Mismatch,valueusd,Calculated vs reported value differs by >10%
13012016660491,Value Mismatch,valueusd,Calculated vs reported value differs by >10%
1301201627489100,Value Mismatch,valueusd,Calculated vs reported value differs by >10%
130120161216180,Value Mismatch,valueusd,Calculated vs reported value differs by >10%
120120162336570,Value Mismatch,valueusd,Calculated vs reported value differs by >10%
040120162644189,Value Mismatch,valueusd,Calculated vs reported value differs by >10%
1126393479,Low Price,unit_price,Suspiciously low unit price (43.28)
1125774143,Low Price,unit_price,Suspiciously low unit price (31.2)
1126607501,Low Price,unit_price,Suspiciously low unit price (0.1)
1126344187,Low Price,unit_price,Suspiciously low unit price (0.43)
1125115693,Low Price,unit_price,Suspiciously low unit price (13.89)
1126114202,Low Price,unit_price,Suspiciously low unit price (7.2)
1126725569,Low Price,unit_price,Suspiciously low unit price (18.57)
4588248286,Low Price,unit_price,Suspiciously low unit price (46.24)
4588198956,Low Price,unit_price,Suspiciously low unit price (46.56)
4588223528,Low Price,unit_price,Suspiciously low unit price (15.72)
4588215857,Low Price,unit_price,Suspiciously low unit price (2.07)
4586095276,Low Price,unit_price,Suspiciously low unit price (33.9)
4585600396,Low Price,unit_price,Suspiciously low unit price (33.98)
4585809375,Low Price,unit_price,Suspiciously low unit price (26.1)
4585804761,Low Price,unit_price,Suspiciously low unit price (31.13)
4585691223,Low Price,unit_price,Suspiciously low unit price (31.31)
4585667015,Low Price,unit_price,Suspiciously low unit price (26.1)
4585845410,Low Price,unit_price,Suspiciously low unit price (31.31)
4585621631,Low Price,unit_price,Suspiciously low unit price (15.38)
4584889980,Low Price,unit_price,Suspiciously low unit price (1.76)
4584911113,Low Price,unit_price,Suspiciously low unit price (0.83)
4584747440,Low Price,unit_price,Suspiciously low unit price (10.31)
4587085345,Low Price,unit_price,Suspiciously low unit price (0.1)
4584962306,Low Price,unit_price,Suspiciously low unit price (0.83)
4584652759,Low Price,unit_price,Suspiciously low unit price (0.79)
4587023526,Low Price,unit_price,Suspiciously low unit price (0.1)
4584963707,Low Price,unit_price,Suspiciously low unit price (47.03)
4587834603,Low Price,unit_price,Suspiciously low unit price (45.41)
4588131402,Low Price,unit_price,Suspiciously low unit price (47.19)
4587042738,Low Price,unit_price,Suspiciously low unit price (0.1)
4588086359,Low Price,unit_price,Suspiciously low unit price (0.64)
4587916904,Low Price,unit_price,Suspiciously low unit price (13.01)
4587602725,Low Price,unit_price,Suspiciously low unit price (29.75)
4588085135,Low Price,unit_price,Suspiciously low unit price (6.74)
4587392566,Low Price,unit_price,Suspiciously low unit price (0.1)
4094407324,Low Price,unit_price,Suspiciously low unit price (45.39)
4097526694,Low Price,unit_price,Suspiciously low unit price (3.57)
4094380940,Low Price,unit_price,Suspiciously low unit price (45.39)
4096084278,Low Price,unit_price,Suspiciously low unit price (20.0)
4096081006,Low Price,unit_price,Suspiciously low unit price (20.0)
4095292122,Low Price,unit_price,Suspiciously low unit price (10.85)
4094424644,Low Price,unit_price,Suspiciously low unit price (4.08)
4094309788,Low Price,unit_price,Suspiciously low unit price (25.0)
4097502761,Low Price,unit_price,Suspiciously low unit price (26.1)
4094017835,Low Price,unit_price,Suspiciously low unit price (0.63)
4094012420,Low Price,unit_price,Suspiciously low unit price (0.63)
4094007221,Low Price,unit_price,Suspiciously low unit price (0.63)
4095780323,Low Price,unit_price,Suspiciously low unit price (48.17)
4095581346,Low Price,unit_price,Suspiciously low unit price (47.58)
4095883988,Low Price,unit_price,Suspiciously low unit price (32.2)
4095845236,Low Price,unit_price,Suspiciously low unit price (48.14)
4092797891,Low Price,unit_price,Suspiciously low unit price (36.05)
4092793238,Low Price,unit_price,Suspiciously low unit price (17.47)
4092655349,Low Price,unit_price,Suspiciously low unit price (1.61)
4092640081,Low Price,unit_price,Suspiciously low unit price (7.05)
4092625387,Low Price,unit_price,Suspiciously low unit price (1.91)
4096526449,Low Price,unit_price,Suspiciously low unit price (14.2)
4096136992,Low Price,unit_price,Suspiciously low unit price (2.18)
4096110777,Low Price,unit_price,Suspiciously low unit price (2.54)
4096103410,Low Price,unit_price,Suspiciously low unit price (2.99)
4092703585,Low Price,unit_price,Suspiciously low unit price (36.07)
4096551780,Low Price,unit_price,Suspiciously low unit price (2.53)
4093063075,Low Price,unit_price,Suspiciously low unit price (0.63)
4093075403,Low Price,unit_price,Suspiciously low unit price (37.04)
4094765202,Low Price,unit_price,Suspiciously low unit price (11.35)
4094726161,Low Price,unit_price,Suspiciously low unit price (20.0)
4094864730,Low Price,unit_price,Suspiciously low unit price (15.34)
4094693790,Low Price,unit_price,Suspiciously low unit price (41.55)
4093589114,Low Price,unit_price,Suspiciously low unit price (44.03)
4097109195,Low Price,unit_price,Suspiciously low unit price (1.9)
4096905569,Low Price,unit_price,Suspiciously low unit price (0.1)
9438266914,Low Price,unit_price,Suspiciously low unit price (4.5)
9438263773,Low Price,unit_price,Suspiciously low unit price (5.41)
9440525591,Low Price,unit_price,Suspiciously low unit price (44.8)
9440523132,Low Price,unit_price,Suspiciously low unit price (29.06)
9440521257,Low Price,unit_price,Suspiciously low unit price (42.25)
9436345683,Low Price,unit_price,Suspiciously low unit price (5.03)
9440130664,Low Price,unit_price,Suspiciously low unit price (17.62)
9438632467,Low Price,unit_price,Suspiciously low unit price (49.61)
9438258261,Low Price,unit_price,Suspiciously low unit price (44.89)
9438371165,Low Price,unit_price,Suspiciously low unit price (0.64)
9436310362,Low Price,unit_price,Suspiciously low unit price (35.89)
9437396846,Low Price,unit_price,Suspiciously low unit price (30.62)
9440075309,Low Price,unit_price,Suspiciously low unit price (35.25)
9440041723,Low Price,unit_price,Suspiciously low unit price (25.18)
9440767105,Low Price,unit_price,Suspiciously low unit price (15.32)
9441475634,Low Price,unit_price,Suspiciously low unit price (0.41)
9440742324,Low Price,unit_price,Suspiciously low unit price (10.28)
9441447511,Low Price,unit_price,Suspiciously low unit price (15.32)
9441051525,Low Price,unit_price,Suspiciously low unit price (0.78)
9441087126,Low Price,unit_price,Suspiciously low unit price (10.28)
9441579252,Low Price,unit_price,Suspiciously low unit price (15.32)
9440909991,Low Price,unit_price,Suspiciously low unit price (0.41)
9440830582,Low Price,unit_price,Suspiciously low unit price (10.28)
9440942225,Low Price,unit_price,Suspiciously low unit price (49.71)
9440980935,Low Price,unit_price,Suspiciously low unit price (49.71)
9440927392,Low Price,unit_price,Suspiciously low unit price (34.08)
9440971416,Low Price,unit_price,Suspiciously low unit price (46.48)
9440831409,Low Price,unit_price,Suspiciously low unit price (3.19)
0950377983,Low Price,unit_price,Suspiciously low unit price (47.5)
0950377565,Low Price,unit_price,Suspiciously low unit price (14.25)
9439016954,Low Price,unit_price,Suspiciously low unit price (30.42)
9441282761,Low Price,unit_price,Suspiciously low unit price (3.16)
9436471270,Low Price,unit_price,Suspiciously low unit price (5.14)
9441186684,Low Price,unit_price,Suspiciously low unit price (33.12)
9440708602,Low Price,unit_price,Suspiciously low unit price (0.1)
9441436907,Low Price,unit_price,Suspiciously low unit price (33.12)
9439195423,Low Price,unit_price,Suspiciously low unit price (1.85)
9439622983,Low Price,unit_price,Suspiciously low unit price (7.57)
0473313424,Low Price,unit_price,Suspiciously low unit price (0.54)
0653828042,Low Price,unit_price,Suspiciously low unit price (20.77)
0653828043,Low Price,unit_price,Suspiciously low unit price (49.94)
0653851380,Low Price,unit_price,Suspiciously low unit price (28.0)
0472869631,Low Price,unit_price,Suspiciously low unit price (23.9)
0473194909,Low Price,unit_price,Suspiciously low unit price (31.22)
0652162454,Low Price,unit_price,Suspiciously low unit price (28.82)
4798066068,Low Price,unit_price,Suspiciously low unit price (0.35)
4797507918,Low Price,unit_price,Suspiciously low unit price (19.62)
4798677881,Low Price,unit_price,Suspiciously low unit price (9.58)
4798703914,Low Price,unit_price,Suspiciously low unit price (13.15)
0651070566,Low Price,unit_price,Suspiciously low unit price (38.93)
0652419048,Low Price,unit_price,Suspiciously low unit price (11.63)
0652707922,Low Price,unit_price,Suspiciously low unit price (42.09)
0652376321,Low Price,unit_price,Suspiciously low unit price (2.43)
0653383571,Low Price,unit_price,Suspiciously low unit price (2.87)
0652045799,Low Price,unit_price,Suspiciously low unit price (42.6)
6005762163,Low Price,unit_price,Suspiciously low unit price (20.65)
0653219102,Low Price,unit_price,Suspiciously low unit price (15.56)
0650394199,Low Price,unit_price,Suspiciously low unit price (29.17)
0653219103,Low Price,unit_price,Suspiciously low unit price (41.5)
6005591647,Low Price,unit_price,Suspiciously low unit price (8.96)
0651844125,Low Price,unit_price,Suspiciously low unit price (11.28)
3699155126,Low Price,unit_price,Suspiciously low unit price (0.1)
3700381417,Low Price,unit_price,Suspiciously low unit price (3.72)
3698781457,Low Price,unit_price,Suspiciously low unit price (33.2)
3698770407,Low Price,unit_price,Suspiciously low unit price (0.46)
3699026199,Low Price,unit_price,Suspiciously low unit price (21.8)
3699026197,Low Price,unit_price,Suspiciously low unit price (23.01)
3700334112,Low Price,unit_price,Suspiciously low unit price (0.38)
3697520848,Low Price,unit_price,Suspiciously low unit price (12.46)
3699003898,Low Price,unit_price,Suspiciously low unit price (16.15)
3699393770,Low Price,unit_price,Suspiciously low unit price (35.51)
3699003880,Low Price,unit_price,Suspiciously low unit price (38.06)
3700798469,Low Price,unit_price,Suspiciously low unit price (0.58)
5642268042,Low Price,unit_price,Suspiciously low unit price (3.1)
3700336280,Low Price,unit_price,Suspiciously low unit price (27.16)
3699076539,Low Price,unit_price,Suspiciously low unit price (7.99)
3698754335,Low Price,unit_price,Suspiciously low unit price (21.7)
5642272836,Low Price,unit_price,Suspiciously low unit price (40.0)
3700791855,Low Price,unit_price,Suspiciously low unit price (0.6)
3700791854,Low Price,unit_price,Suspiciously low unit price (3.17)
3697676921,Low Price,unit_price,Suspiciously low unit price (5.24)
3697676917,Low Price,unit_price,Suspiciously low unit price (5.24)
3700876256,Low Price,unit_price,Suspiciously low unit price (10.07)
3700383295,Low Price,unit_price,Suspiciously low unit price (34.0)
3699155127,Low Price,unit_price,Suspiciously low unit price (0.1)
3700598831,Low Price,unit_price,Suspiciously low unit price (10.07)
3698267303,Low Price,unit_price,Suspiciously low unit price (10.28)
3698268619,Low Price,unit_price,Suspiciously low unit price (22.78)
3696956248,Low Price,unit_price,Suspiciously low unit price (32.79)
3697158115,Low Price,unit_price,Suspiciously low unit price (42.19)
3698305608,Low Price,unit_price,Suspiciously low unit price (23.75)
3697108598,Low Price,unit_price,Suspiciously low unit price (25.0)
3697135514,Low Price,unit_price,Suspiciously low unit price (25.0)
3698471296,Low Price,unit_price,Suspiciously low unit price (26.59)
3698497816,Low Price,unit_price,Suspiciously low unit price (0.1)
3698268073,Low Price,unit_price,Suspiciously low unit price (0.12)
5642196296,Low Price,unit_price,Suspiciously low unit price (6.8)
3698306064,Low Price,unit_price,Suspiciously low unit price (25.14)
3696849496,Low Price,unit_price,Suspiciously low unit price (9.56)
3697960421,Low Price,unit_price,Suspiciously low unit price (34.0)
3701098516,Low Price,unit_price,Suspiciously low unit price (2.54)
3697827021,Low Price,unit_price,Suspiciously low unit price (48.28)
3698049914,Low Price,unit_price,Suspiciously low unit price (0.1)
3697965668,Low Price,unit_price,Suspiciously low unit price (0.11)
3701120826,Low Price,unit_price,Suspiciously low unit price (10.0)
3696821285,Low Price,unit_price,Suspiciously low unit price (49.25)
3701000305,Low Price,unit_price,Suspiciously low unit price (2.06)
3699623774,Low Price,unit_price,Suspiciously low unit price (20.25)
6978488721,Low Price,unit_price,Suspiciously low unit price (16.55)
6977481206,Low Price,unit_price,Suspiciously low unit price (7.05)
6977481649,Low Price,unit_price,Suspiciously low unit price (0.05)
6977476422,Low Price,unit_price,Suspiciously low unit price (0.99)
6977476421,Low Price,unit_price,Suspiciously low unit price (0.99)
6977672824,Low Price,unit_price,Suspiciously low unit price (2.01)
6977481651,Low Price,unit_price,Suspiciously low unit price (4.25)
6977480167,Low Price,unit_price,Suspiciously low unit price (4.61)
6977480168,Low Price,unit_price,Suspiciously low unit price (4.96)
6977566063,Low Price,unit_price,Suspiciously low unit price (6.26)
6977480169,Low Price,unit_price,Suspiciously low unit price (6.38)
6977480170,Low Price,unit_price,Suspiciously low unit price (6.74)
6977480171,Low Price,unit_price,Suspiciously low unit price (10.64)
6977680230,Low Price,unit_price,Suspiciously low unit price (15.37)
6977480173,Low Price,unit_price,Suspiciously low unit price (16.19)
6977680238,Low Price,unit_price,Suspiciously low unit price (17.61)
6977680228,Low Price,unit_price,Suspiciously low unit price (17.61)
6977480174,Low Price,unit_price,Suspiciously low unit price (17.85)
6977680234,Low Price,unit_price,Suspiciously low unit price (18.08)
6977480175,Low Price,unit_price,Suspiciously low unit price (18.79)
6977680246,Low Price,unit_price,Suspiciously low unit price (18.91)
6977480176,Low Price,unit_price,Suspiciously low unit price (18.91)
6977680235,Low Price,unit_price,Suspiciously low unit price (20.21)
6977680243,Low Price,unit_price,Suspiciously low unit price (20.8)
6977480177,Low Price,unit_price,Suspiciously low unit price (20.92)
6977680249,Low Price,unit_price,Suspiciously low unit price (22.34)
6977680251,Low Price,unit_price,Suspiciously low unit price (22.81)
6977625017,Low Price,unit_price,Suspiciously low unit price (23.28)
6977680252,Low Price,unit_price,Suspiciously low unit price (23.64)
6977680247,Low Price,unit_price,Suspiciously low unit price (23.87)
6977680229,Low Price,unit_price,Suspiciously low unit price (23.87)
6977680245,Low Price,unit_price,Suspiciously low unit price (25.65)
6977680239,Low Price,unit_price,Suspiciously low unit price (27.42)
6977680253,Low Price,unit_price,Suspiciously low unit price (28.72)
6977480178,Low Price,unit_price,Suspiciously low unit price (29.19)
6977680231,Low Price,unit_price,Suspiciously low unit price (29.55)
6977481650,Low Price,unit_price,Suspiciously low unit price (29.67)
6977680244,Low Price,unit_price,Suspiciously low unit price (31.91)
6977680242,Low Price,unit_price,Suspiciously low unit price (32.5)
6977680236,Low Price,unit_price,Suspiciously low unit price (33.33)
6977680233,Low Price,unit_price,Suspiciously low unit price (33.33)
6977680232,Low Price,unit_price,Suspiciously low unit price (33.92)
6977680237,Low Price,unit_price,Suspiciously low unit price (42.08)
6977680250,Low Price,unit_price,Suspiciously low unit price (44.32)
6977480172,Low Price,unit_price,Suspiciously low unit price (44.56)
6977680240,Low Price,unit_price,Suspiciously low unit price (48.69)
6977644678,Low Price,unit_price,Suspiciously low unit price (48.81)
6977462903,Low Price,unit_price,Suspiciously low unit price (0.9)
6978483828,Low Price,unit_price,Suspiciously low unit price (1.24)
6979117693,Low Price,unit_price,Suspiciously low unit price (8.8)
6979264374,Low Price,unit_price,Suspiciously low unit price (5.24)
6979264375,Low Price,unit_price,Suspiciously low unit price (10.47)
6977904474,Low Price,unit_price,Suspiciously low unit price (44.42)
6977453619,Low Price,unit_price,Suspiciously low unit price (0.13)
6977453618,Low Price,unit_price,Suspiciously low unit price (0.13)
6979274031,Low Price,unit_price,Suspiciously low unit price (47.93)
6977538012,Low Price,unit_price,Suspiciously low unit price (7.19)
6977205167,Low Price,unit_price,Suspiciously low unit price (24.71)
6977119710,Low Price,unit_price,Suspiciously low unit price (0.5)
6975357192,Low Price,unit_price,Suspiciously low unit price (3.06)
6977292110,Low Price,unit_price,Suspiciously low unit price (7.96)
6977197882,Low Price,unit_price,Suspiciously low unit price (15.77)
6977202925,Low Price,unit_price,Suspiciously low unit price (42.8)
6977197883,Low Price,unit_price,Suspiciously low unit price (42.8)
6978322017,Low Price,unit_price,Suspiciously low unit price (2.08)
6977119813,Low Price,unit_price,Suspiciously low unit price (14.42)
6975414065,Low Price,unit_price,Suspiciously low unit price (1.85)
6977147951,Low Price,unit_price,Suspiciously low unit price (0.97)
6977283852,Low Price,unit_price,Suspiciously low unit price (2.43)
6977235236,Low Price,unit_price,Suspiciously low unit price (3.04)
6977225012,Low Price,unit_price,Suspiciously low unit price (3.04)
6977160053,Low Price,unit_price,Suspiciously low unit price (4.25)
6977387234,Low Price,unit_price,Suspiciously low unit price (4.86)
6977307534,Low Price,unit_price,Suspiciously low unit price (8.13)
6977165311,Low Price,unit_price,Suspiciously low unit price (12.14)
6977353900,Low Price,unit_price,Suspiciously low unit price (20.28)
6977283851,Low Price,unit_price,Suspiciously low unit price (23.43)
6976801483,Low Price,unit_price,Suspiciously low unit price (19.16)
6978714337,Low Price,unit_price,Suspiciously low unit price (2.49)
6977068555,Low Price,unit_price,Suspiciously low unit price (0.11)
6977068554,Low Price,unit_price,Suspiciously low unit price (0.11)
6977047483,Low Price,unit_price,Suspiciously low unit price (39.64)
6978265937,Low Price,unit_price,Suspiciously low unit price (10.16)
6978260329,Low Price,unit_price,Suspiciously low unit price (10.16)
6976937196,Low Price,unit_price,Suspiciously low unit price (0.13)
6978755577,Low Price,unit_price,Suspiciously low unit price (0.98)
6979589618,Low Price,unit_price,Suspiciously low unit price (0.58)
6979623333,Low Price,unit_price,Suspiciously low unit price (10.16)
6978123448,Low Price,unit_price,Suspiciously low unit price (10.75)
6978119823,Low Price,unit_price,Suspiciously low unit price (12.2)
6975351098,Low Price,unit_price,Suspiciously low unit price (25.28)
6975143610,Low Price,unit_price,Suspiciously low unit price (14.18)
6974891418,Low Price,unit_price,Suspiciously low unit price (4.57)
6974891422,Low Price,unit_price,Suspiciously low unit price (4.68)
6974889399,Low Price,unit_price,Suspiciously low unit price (20.43)
6976307404,Low Price,unit_price,Suspiciously low unit price (1.21)
6976370119,Low Price,unit_price,Suspiciously low unit price (49.86)
6976370118,Low Price,unit_price,Suspiciously low unit price (49.86)
9705391607,Low Price,unit_price,Suspiciously low unit price (17.3)
9706273932,Low Price,unit_price,Suspiciously low unit price (27.47)
9706273929,Low Price,unit_price,Suspiciously low unit price (31.49)
9703216093,Low Price,unit_price,Suspiciously low unit price (0.54)
9702954089,Low Price,unit_price,Suspiciously low unit price (2.09)
9702954088,Low Price,unit_price,Suspiciously low unit price (2.09)
9706034780,Low Price,unit_price,Suspiciously low unit price (7.5)
9706458333,Low Price,unit_price,Suspiciously low unit price (14.77)
9705142619,Low Price,unit_price,Suspiciously low unit price (42.46)
9705222519,Low Price,unit_price,Suspiciously low unit price (4.26)
9705222505,Low Price,unit_price,Suspiciously low unit price (4.26)
9705222504,Low Price,unit_price,Suspiciously low unit price (4.26)
9703120777,Low Price,unit_price,Suspiciously low unit price (19.28)
9702971188,Low Price,unit_price,Suspiciously low unit price (13.04)
9706274593,Low Price,unit_price,Suspiciously low unit price (20.05)
9706274592,Low Price,unit_price,Suspiciously low unit price (20.05)
9706274591,Low Price,unit_price,Suspiciously low unit price (20.05)
9705215542,Low Price,unit_price,Suspiciously low unit price (35.79)
9705215546,Low Price,unit_price,Suspiciously low unit price (49.74)
9705215545,Low Price,unit_price,Suspiciously low unit price (49.74)
9705215544,Low Price,unit_price,Suspiciously low unit price (49.74)
9705215543,Low Price,unit_price,Suspiciously low unit price (49.74)
9704622087,Low Price,unit_price,Suspiciously low unit price (0.13)
9703232156,Low Price,unit_price,Suspiciously low unit price (0.57)
9704391775,Low Price,unit_price,Suspiciously low unit price (7.93)
9705232978,Low Price,unit_price,Suspiciously low unit price (19.14)
9704990929,Low Price,unit_price,Suspiciously low unit price (33.13)
9704268454,Low Price,unit_price,Suspiciously low unit price (18.58)
9704399104,Low Price,unit_price,Suspiciously low unit price (10.43)
9704268529,Low Price,unit_price,Suspiciously low unit price (14.32)
9704399028,Low Price,unit_price,Suspiciously low unit price (17.73)
9704431479,Low Price,unit_price,Suspiciously low unit price (30.55)
9703279383,Low Price,unit_price,Suspiciously low unit price (41.92)
9702744145,Low Price,unit_price,Suspiciously low unit price (0.11)
9702895519,Low Price,unit_price,Suspiciously low unit price (27.07)
9702895520,Low Price,unit_price,Suspiciously low unit price (27.07)
9705215862,Low Price,unit_price,Suspiciously low unit price (49.11)
9706302387,Low Price,unit_price,Suspiciously low unit price (8.88)
9706302318,Low Price,unit_price,Suspiciously low unit price (10.44)
9702659279,Low Price,unit_price,Suspiciously low unit price (25.3)
9702659280,Low Price,unit_price,Suspiciously low unit price (32.39)
9703977743,Low Price,unit_price,Suspiciously low unit price (8.53)
9703977740,Low Price,unit_price,Suspiciously low unit price (8.53)
9706143884,Low Price,unit_price,Suspiciously low unit price (29.27)
9704278992,Low Price,unit_price,Suspiciously low unit price (39.56)
9703836201,Low Price,unit_price,Suspiciously low unit price (15.08)
9703832525,Low Price,unit_price,Suspiciously low unit price (19.22)
9702198922,Low Price,unit_price,Suspiciously low unit price (34.81)
9702198925,Low Price,unit_price,Suspiciously low unit price (40.81)
9862837042,Low Price,unit_price,Suspiciously low unit price (10.75)
9859644798,Low Price,unit_price,Suspiciously low unit price (19.51)
9862598873,Low Price,unit_price,Suspiciously low unit price (19.53)
9859663479,Low Price,unit_price,Suspiciously low unit price (16.97)
9859655994,Low Price,unit_price,Suspiciously low unit price (30.79)
9862321851,Low Price,unit_price,Suspiciously low unit price (0.6)
9863415343,Low Price,unit_price,Suspiciously low unit price (25.09)
9861469134,Low Price,unit_price,Suspiciously low unit price (12.2)
9862031918,Low Price,unit_price,Suspiciously low unit price (13.67)
9861469133,Low Price,unit_price,Suspiciously low unit price (22.54)
5604157413,Low Price,unit_price,Suspiciously low unit price (0.07)
9861681993,Low Price,unit_price,Suspiciously low unit price (23.83)
9860099988,Low Price,unit_price,Suspiciously low unit price (36.33)
9861826249,Low Price,unit_price,Suspiciously low unit price (0.12)
9861020421,Low Price,unit_price,Suspiciously low unit price (49.31)
9861020420,Low Price,unit_price,Suspiciously low unit price (49.87)
9863760743,Low Price,unit_price,Suspiciously low unit price (3.61)
9861178972,Low Price,unit_price,Suspiciously low unit price (17.46)
9860156454,Low Price,unit_price,Suspiciously low unit price (35.38)
9861424938,Low Price,unit_price,Suspiciously low unit price (6.33)
9861424938,Low Price,unit_price,Suspiciously low unit price (6.33)
9860476477,Low Price,unit_price,Suspiciously low unit price (1.62)
9859353927,Low Price,unit_price,Suspiciously low unit price (2.0)
9859824007,Low Price,unit_price,Suspiciously low unit price (2.0)
9859714343,Low Price,unit_price,Suspiciously low unit price (4.72)
9863486206,Low Price,unit_price,Suspiciously low unit price (5.39)
9862619228,Low Price,unit_price,Suspiciously low unit price (0.37)
5604102921,Low Price,unit_price,Suspiciously low unit price (0.07)
9862274829,Low Price,unit_price,Suspiciously low unit price (6.78)
9861965479,Low Price,unit_price,Suspiciously low unit price (7.91)
9861965478,Low Price,unit_price,Suspiciously low unit price (7.91)
9861965477,Low Price,unit_price,Suspiciously low unit price (7.91)
9861965476,Low Price,unit_price,Suspiciously low unit price (7.91)
9861965480,Low Price,unit_price,Suspiciously low unit price (11.07)
9861115142,Low Price,unit_price,Suspiciously low unit price (0.1)
9860223067,Low Price,unit_price,Suspiciously low unit price (1.27)
9859848063,Low Price,unit_price,Suspiciously low unit price (1.28)
9861623366,Low Price,unit_price,Suspiciously low unit price (15.7)
9860217440,Low Price,unit_price,Suspiciously low unit price (20.19)
9861315628,Low Price,unit_price,Suspiciously low unit price (26.75)
9863673605,Low Price,unit_price,Suspiciously low unit price (2.0)
9861554138,Low Price,unit_price,Suspiciously low unit price (2.17)
9861371734,Low Price,unit_price,Suspiciously low unit price (24.91)
9862023516,Low Price,unit_price,Suspiciously low unit price (0.16)
9863439909,Low Price,unit_price,Suspiciously low unit price (11.11)
9863439908,Low Price,unit_price,Suspiciously low unit price (11.11)
9863439907,Low Price,unit_price,Suspiciously low unit price (11.11)
9863439906,Low Price,unit_price,Suspiciously low unit price (11.11)
9863439905,Low Price,unit_price,Suspiciously low unit price (11.11)
9861337083,Low Price,unit_price,Suspiciously low unit price (36.67)
9861579971,Low Price,unit_price,Suspiciously low unit price (38.91)
9861115141,Low Price,unit_price,Suspiciously low unit price (0.1)
9860583411,Low Price,unit_price,Suspiciously low unit price (3.19)
9863080819,Low Price,unit_price,Suspiciously low unit price (11.43)
9860198043,Low Price,unit_price,Suspiciously low unit price (21.05)
7992626861,Low Price,unit_price,Suspiciously low unit price (8.39)
7990883203,Low Price,unit_price,Suspiciously low unit price (11.11)
7990883583,Low Price,unit_price,Suspiciously low unit price (17.16)
7992600342,Low Price,unit_price,Suspiciously low unit price (27.96)
7992606895,Low Price,unit_price,Suspiciously low unit price (36.52)
7991332251,Low Price,unit_price,Suspiciously low unit price (44.03)
7992789064,Low Price,unit_price,Suspiciously low unit price (49.39)
7991162342,Low Price,unit_price,Suspiciously low unit price (49.65)
7993077442,Low Price,unit_price,Suspiciously low unit price (37.73)
7992990005,Low Price,unit_price,Suspiciously low unit price (48.8)
7990862117,Low Price,unit_price,Suspiciously low unit price (8.04)
7990860627,Low Price,unit_price,Suspiciously low unit price (8.04)
7990862116,Low Price,unit_price,Suspiciously low unit price (14.47)
7990884864,Low Price,unit_price,Suspiciously low unit price (24.11)
7992854510,Low Price,unit_price,Suspiciously low unit price (0.1)
7990864913,Low Price,unit_price,Suspiciously low unit price (5.02)
7994167482,Low Price,unit_price,Suspiciously low unit price (10.31)
7994167483,Low Price,unit_price,Suspiciously low unit price (10.9)
7993822064,Low Price,unit_price,Suspiciously low unit price (6.24)
7993918416,Low Price,unit_price,Suspiciously low unit price (8.94)
7992607314,Low Price,unit_price,Suspiciously low unit price (14.77)
7993814932,Low Price,unit_price,Suspiciously low unit price (19.24)
7993829126,Low Price,unit_price,Suspiciously low unit price (39.31)
7993517627,Low Price,unit_price,Suspiciously low unit price (11.19)
7993508928,Low Price,unit_price,Suspiciously low unit price (11.19)
7993491249,Low Price,unit_price,Suspiciously low unit price (11.19)
7992350426,Low Price,unit_price,Suspiciously low unit price (25.69)
7990362721,Low Price,unit_price,Suspiciously low unit price (4.72)
7994342937,Low Price,unit_price,Suspiciously low unit price (12.11)
7990692026,Low Price,unit_price,Suspiciously low unit price (4.79)
7991959381,Low Price,unit_price,Suspiciously low unit price (24.5)
7993515397,Low Price,unit_price,Suspiciously low unit price (7.45)
7993499284,Low Price,unit_price,Suspiciously low unit price (7.45)
7992296633,Low Price,unit_price,Suspiciously low unit price (9.22)
7990678133,Low Price,unit_price,Suspiciously low unit price (9.39)
7990696575,Low Price,unit_price,Suspiciously low unit price (12.6)
7991974303,Low Price,unit_price,Suspiciously low unit price (13.84)
7989837578,Low Price,unit_price,Suspiciously low unit price (1.27)
7994339012,Low Price,unit_price,Suspiciously low unit price (10.0)
7991468312,Low Price,unit_price,Suspiciously low unit price (10.29)
7991648731,Low Price,unit_price,Suspiciously low unit price (39.0)
7989963547,Low Price,unit_price,Suspiciously low unit price (0.1)
7991730015,Low Price,unit_price,Suspiciously low unit price (0.1)
7991626957,Low Price,unit_price,Suspiciously low unit price (21.84)
7993248619,Low Price,unit_price,Suspiciously low unit price (46.85)
7993203516,Low Price,unit_price,Suspiciously low unit price (1.15)
7993214842,Low Price,unit_price,Suspiciously low unit price (1.15)
7994041605,Low Price,unit_price,Suspiciously low unit price (14.0)
7991600508,Low Price,unit_price,Suspiciously low unit price (11.06)
7991485715,Low Price,unit_price,Suspiciously low unit price (15.7)
7991640640,Low Price,unit_price,Suspiciously low unit price (16.7)
7991625842,Low Price,unit_price,Suspiciously low unit price (22.31)
7991610117,Low Price,unit_price,Suspiciously low unit price (46.65)
7989743217,Low Price,unit_price,Suspiciously low unit price (2.21)
7989998913,Low Price,unit_price,Suspiciously low unit price (0.32)
7989977365,Low Price,unit_price,Suspiciously low unit price (11.15)
7989964366,Low Price,unit_price,Suspiciously low unit price (12.47)
1044765646,Low Price,unit_price,Suspiciously low unit price (24.0)
1044615022,Low Price,unit_price,Suspiciously low unit price (0.11)
1045044527,Low Price,unit_price,Suspiciously low unit price (24.44)
1044751897,Low Price,unit_price,Suspiciously low unit price (33.81)
1046042541,Low Price,unit_price,Suspiciously low unit price (3.31)
1045782802,Low Price,unit_price,Suspiciously low unit price (40.11)
1045898057,Low Price,unit_price,Suspiciously low unit price (8.42)
1045731187,Low Price,unit_price,Suspiciously low unit price (13.59)
1046718940,Low Price,unit_price,Suspiciously low unit price (0.54)
1046718965,Low Price,unit_price,Suspiciously low unit price (1.09)
1043331820,Low Price,unit_price,Suspiciously low unit price (41.89)
1045677522,Low Price,unit_price,Suspiciously low unit price (1.21)
1046967582,Low Price,unit_price,Suspiciously low unit price (38.01)
1045443787,Low Price,unit_price,Suspiciously low unit price (49.32)
1043705257,Low Price,unit_price,Suspiciously low unit price (2.21)
1046713503,Low Price,unit_price,Suspiciously low unit price (6.4)
1046713504,Low Price,unit_price,Suspiciously low unit price (13.87)
1046713514,Low Price,unit_price,Suspiciously low unit price (38.4)
4346929609,Low Price,unit_price,Suspiciously low unit price (23.24)
1043615506,Low Price,unit_price,Suspiciously low unit price (0.34)
1043615126,Low Price,unit_price,Suspiciously low unit price (1.24)
1043615353,Low Price,unit_price,Suspiciously low unit price (3.18)
1047156094,Low Price,unit_price,Suspiciously low unit price (21.35)
1044167191,Low Price,unit_price,Suspiciously low unit price (26.57)
1045602177,Low Price,unit_price,Suspiciously low unit price (0.1)
1043589137,Low Price,unit_price,Suspiciously low unit price (1.42)
1043583559,Low Price,unit_price,Suspiciously low unit price (7.87)
1043583632,Low Price,unit_price,Suspiciously low unit price (7.87)
1043583556,Low Price,unit_price,Suspiciously low unit price (11.02)
1043583630,Low Price,unit_price,Suspiciously low unit price (14.17)
1043589051,Low Price,unit_price,Suspiciously low unit price (23.61)
1043589041,Low Price,unit_price,Suspiciously low unit price (23.61)
1043534947,Low Price,unit_price,Suspiciously low unit price (1.26)
1046604503,Low Price,unit_price,Suspiciously low unit price (7.3)
1043595016,Low Price,unit_price,Suspiciously low unit price (17.08)
1044258891,Low Price,unit_price,Suspiciously low unit price (20.04)
1044258887,Low Price,unit_price,Suspiciously low unit price (20.04)
1045556108,Low Price,unit_price,Suspiciously low unit price (0.1)
1045285956,Low Price,unit_price,Suspiciously low unit price (0.13)
1045266142,Low Price,unit_price,Suspiciously low unit price (5.83)
1044399441,Low Price,unit_price,Suspiciously low unit price (34.84)
1044399438,Low Price,unit_price,Suspiciously low unit price (34.84)
1044399435,Low Price,unit_price,Suspiciously low unit price (34.84)
1044399433,Low Price,unit_price,Suspiciously low unit price (34.84)
1044399439,Low Price,unit_price,Suspiciously low unit price (39.2)
1046214375,Low Price,unit_price,Suspiciously low unit price (15.84)
1099699232,Low Price,unit_price,Suspiciously low unit price (4.88)
1099564786,Low Price,unit_price,Suspiciously low unit price (0.18)
1100447338,Low Price,unit_price,Suspiciously low unit price (40.96)
1100744750,Low Price,unit_price,Suspiciously low unit price (45.86)
1100744749,Low Price,unit_price,Suspiciously low unit price (45.86)
1099999419,Low Price,unit_price,Suspiciously low unit price (47.21)
1097885566,Low Price,unit_price,Suspiciously low unit price (0.09)
1099996694,Low Price,unit_price,Suspiciously low unit price (4.49)
1099996675,Low Price,unit_price,Suspiciously low unit price (4.49)
1101347050,Low Price,unit_price,Suspiciously low unit price (47.2)
1098899152,Low Price,unit_price,Suspiciously low unit price (5.03)
1098343209,Low Price,unit_price,Suspiciously low unit price (8.45)
1101469451,Low Price,unit_price,Suspiciously low unit price (0.22)
1101469452,Low Price,unit_price,Suspiciously low unit price (0.33)
1101469450,Low Price,unit_price,Suspiciously low unit price (1.08)
1101510750,Low Price,unit_price,Suspiciously low unit price (39.93)
1098627859,Low Price,unit_price,Suspiciously low unit price (9.33)
1097796486,Low Price,unit_price,Suspiciously low unit price (49.93)
1101023646,Low Price,unit_price,Suspiciously low unit price (3.41)
1098243195,Low Price,unit_price,Suspiciously low unit price (16.14)
1101458907,Low Price,unit_price,Suspiciously low unit price (2.19)
1100064315,Low Price,unit_price,Suspiciously low unit price (0.1)
1100630929,Low Price,unit_price,Suspiciously low unit price (1.57)
1097996824,Low Price,unit_price,Suspiciously low unit price (1.27)
1097591096,Low Price,unit_price,Suspiciously low unit price (22.61)
0449229317,Low Price,unit_price,Suspiciously low unit price (19.56)
0449403758,Low Price,unit_price,Suspiciously low unit price (20.46)
0448823740,Low Price,unit_price,Suspiciously low unit price (5.41)
0449616415,Low Price,unit_price,Suspiciously low unit price (8.68)
0449616139,Low Price,unit_price,Suspiciously low unit price (11.57)
0449549222,Low Price,unit_price,Suspiciously low unit price (1.88)
0449383474,Low Price,unit_price,Suspiciously low unit price (13.71)
0448888902,Low Price,unit_price,Suspiciously low unit price (40.0)
0447047482,Low Price,unit_price,Suspiciously low unit price (5.59)
0448886113,Low Price,unit_price,Suspiciously low unit price (41.69)
0449540239,Low Price,unit_price,Suspiciously low unit price (11.2)
0446217710,Low Price,unit_price,Suspiciously low unit price (35.75)
0446217769,Low Price,unit_price,Suspiciously low unit price (49.68)
0448473838,Low Price,unit_price,Suspiciously low unit price (44.43)
0446503637,Low Price,unit_price,Suspiciously low unit price (23.64)
0446503640,Low Price,unit_price,Suspiciously low unit price (30.9)
0449298955,Low Price,unit_price,Suspiciously low unit price (20.18)
0449298944,Low Price,unit_price,Suspiciously low unit price (35.88)
0449298919,Low Price,unit_price,Suspiciously low unit price (39.24)
0448320521,Low Price,unit_price,Suspiciously low unit price (18.66)
0449029124,Low Price,unit_price,Suspiciously low unit price (2.57)
0446324489,Low Price,unit_price,Suspiciously low unit price (5.86)
0446324472,Low Price,unit_price,Suspiciously low unit price (11.02)
0449668789,Low Price,unit_price,Suspiciously low unit price (26.32)
0449668790,Low Price,unit_price,Suspiciously low unit price (26.76)
0448353343,Low Price,unit_price,Suspiciously low unit price (19.58)
0447312824,Low Price,unit_price,Suspiciously low unit price (42.04)
0447493642,Low Price,unit_price,Suspiciously low unit price (10.25)
0447444722,Low Price,unit_price,Suspiciously low unit price (1.37)
0447444717,Low Price,unit_price,Suspiciously low unit price (1.37)
0447444772,Low Price,unit_price,Suspiciously low unit price (35.06)
0447444766,Low Price,unit_price,Suspiciously low unit price (35.06)
0447294334,Low Price,unit_price,Suspiciously low unit price (36.01)
0450052657,Low Price,unit_price,Suspiciously low unit price (0.1)
0448207420,Low Price,unit_price,Suspiciously low unit price (1.15)
0449944934,Low Price,unit_price,Suspiciously low unit price (4.51)
0447269812,Low Price,unit_price,Suspiciously low unit price (44.11)
3973610766,Low Price,unit_price,Suspiciously low unit price (4.66)
3973424666,Low Price,unit_price,Suspiciously low unit price (26.39)
3976095306,Low Price,unit_price,Suspiciously low unit price (30.23)
3973390826,Low Price,unit_price,Suspiciously low unit price (0.47)
3973391076,Low Price,unit_price,Suspiciously low unit price (10.27)
3975990445,Low Price,unit_price,Suspiciously low unit price (20.29)
3975990399,Low Price,unit_price,Suspiciously low unit price (20.29)
3975583002,Low Price,unit_price,Suspiciously low unit price (45.0)
3975952894,Low Price,unit_price,Suspiciously low unit price (0.1)
9324382524,Low Price,unit_price,Suspiciously low unit price (26.67)
3975945523,Low Price,unit_price,Suspiciously low unit price (20.28)
3975927203,Low Price,unit_price,Suspiciously low unit price (0.1)
3975799241,Low Price,unit_price,Suspiciously low unit price (4.51)
3973219949,Low Price,unit_price,Suspiciously low unit price (32.0)
3975642024,Low Price,unit_price,Suspiciously low unit price (1.21)
3972899367,Low Price,unit_price,Suspiciously low unit price (1.24)
3973925254,Low Price,unit_price,Suspiciously low unit price (28.87)
3975111005,Low Price,unit_price,Suspiciously low unit price (40.19)
3974553050,Low Price,unit_price,Suspiciously low unit price (49.46)
3974552970,Low Price,unit_price,Suspiciously low unit price (49.46)
3974552935,Low Price,unit_price,Suspiciously low unit price (49.46)
3972879333,Low Price,unit_price,Suspiciously low unit price (1.43)
3972879314,Low Price,unit_price,Suspiciously low unit price (1.43)
3975097000,Low Price,unit_price,Suspiciously low unit price (22.12)
3975084627,Low Price,unit_price,Suspiciously low unit price (0.1)
3972825181,Low Price,unit_price,Suspiciously low unit price (33.78)
3974509819,Low Price,unit_price,Suspiciously low unit price (45.86)
3974918252,Low Price,unit_price,Suspiciously low unit price (2.54)
3974150040,Low Price,unit_price,Suspiciously low unit price (4.45)
3972352433,Low Price,unit_price,Suspiciously low unit price (9.78)
3974482708,Low Price,unit_price,Suspiciously low unit price (11.79)
3974620027,Low Price,unit_price,Suspiciously low unit price (13.81)
3972772633,Low Price,unit_price,Suspiciously low unit price (46.05)
3974853139,Low Price,unit_price,Suspiciously low unit price (2.54)
3972228002,Low Price,unit_price,Suspiciously low unit price (11.64)
3974390598,Low Price,unit_price,Suspiciously low unit price (37.35)
3974390124,Low Price,unit_price,Suspiciously low unit price (37.59)
3974390189,Low Price,unit_price,Suspiciously low unit price (38.04)
3974390574,Low Price,unit_price,Suspiciously low unit price (49.32)
3974376860,Low Price,unit_price,Suspiciously low unit price (11.79)
3974990352,Low Price,unit_price,Suspiciously low unit price (0.1)
2776200692,Low Price,unit_price,Suspiciously low unit price (1.97)
6115018415,Low Price,unit_price,Suspiciously low unit price (2.12)
2777436787,Low Price,unit_price,Suspiciously low unit price (8.98)
2777464454,Low Price,unit_price,Suspiciously low unit price (0.12)
2776229568,Low Price,unit_price,Suspiciously low unit price (13.14)
2777266524,Low Price,unit_price,Suspiciously low unit price (49.34)
2777177229,Low Price,unit_price,Suspiciously low unit price (1.2)
2778809512,Low Price,unit_price,Suspiciously low unit price (6.22)
2778567805,Low Price,unit_price,Suspiciously low unit price (49.34)
2775322171,Low Price,unit_price,Suspiciously low unit price (2.03)
2777850776,Low Price,unit_price,Suspiciously low unit price (22.59)
2778225491,Low Price,unit_price,Suspiciously low unit price (37.32)
2778780331,Low Price,unit_price,Suspiciously low unit price (1.14)
2776108241,Low Price,unit_price,Suspiciously low unit price (2.03)
2776976128,Low Price,unit_price,Suspiciously low unit price (11.93)
2778629499,Low Price,unit_price,Suspiciously low unit price (0.19)
2776597036,Low Price,unit_price,Suspiciously low unit price (4.79)
2778070130,Low Price,unit_price,Suspiciously low unit price (37.08)
2778070132,Low Price,unit_price,Suspiciously low unit price (39.03)
2775935140,Low Price,unit_price,Suspiciously low unit price (3.38)
2775935154,Low Price,unit_price,Suspiciously low unit price (4.57)
2778225655,Low Price,unit_price,Suspiciously low unit price (48.66)
2778700243,Low Price,unit_price,Suspiciously low unit price (0.1)
2778312009,Low Price,unit_price,Suspiciously low unit price (0.75)
2778312013,Low Price,unit_price,Suspiciously low unit price (0.75)
2778439648,Low Price,unit_price,Suspiciously low unit price (22.2)
2777995810,Low Price,unit_price,Suspiciously low unit price (40.05)
1420370866,Low Price,unit_price,Suspiciously low unit price (0.59)
1420370856,Low Price,unit_price,Suspiciously low unit price (0.59)
1420370857,Low Price,unit_price,Suspiciously low unit price (0.82)
1420370872,Low Price,unit_price,Suspiciously low unit price (2.63)
1417638039,Low Price,unit_price,Suspiciously low unit price (42.04)
1417731732,Low Price,unit_price,Suspiciously low unit price (48.89)
1417671560,Low Price,unit_price,Suspiciously low unit price (3.3)
1417671559,Low Price,unit_price,Suspiciously low unit price (3.3)
1418629658,Low Price,unit_price,Suspiciously low unit price (20.48)
1420370413,Low Price,unit_price,Suspiciously low unit price (38.88)
1420410991,Low Price,unit_price,Suspiciously low unit price (37.94)
1420638578,Low Price,unit_price,Suspiciously low unit price (25.0)
1420638567,Low Price,unit_price,Suspiciously low unit price (25.0)
1420661617,Low Price,unit_price,Suspiciously low unit price (49.62)
1418559304,Low Price,unit_price,Suspiciously low unit price (9.17)
1420565885,Low Price,unit_price,Suspiciously low unit price (17.7)
1418786860,Low Price,unit_price,Suspiciously low unit price (34.41)
1420598307,Low Price,unit_price,Suspiciously low unit price (0.14)
1416810499,Low Price,unit_price,Suspiciously low unit price (16.43)
1420751617,Low Price,unit_price,Suspiciously low unit price (20.1)
1419109367,Low Price,unit_price,Suspiciously low unit price (41.6)
1419993282,Low Price,unit_price,Suspiciously low unit price (49.62)
1418139617,Low Price,unit_price,Suspiciously low unit price (1.72)
1417007869,Low Price,unit_price,Suspiciously low unit price (2.61)
1419714410,Low Price,unit_price,Suspiciously low unit price (34.44)
1419440397,Low Price,unit_price,Suspiciously low unit price (20.38)
1419456111,Low Price,unit_price,Suspiciously low unit price (6.17)
1419196715,Low Price,unit_price,Suspiciously low unit price (33.57)
1418928026,Low Price,unit_price,Suspiciously low unit price (0.1)
1417520867,Low Price,unit_price,Suspiciously low unit price (2.57)
1417338514,Low Price,unit_price,Suspiciously low unit price (3.47)
1417099664,Low Price,unit_price,Suspiciously low unit price (3.51)
1419798606,Low Price,unit_price,Suspiciously low unit price (20.75)
1419798616,Low Price,unit_price,Suspiciously low unit price (36.9)
1419798600,Low Price,unit_price,Suspiciously low unit price (36.9)
1419798622,Low Price,unit_price,Suspiciously low unit price (40.36)
1419189264,Low Price,unit_price,Suspiciously low unit price (47.05)
0694094944,Low Price,unit_price,Suspiciously low unit price (2.08)
0695112393,Low Price,unit_price,Suspiciously low unit price (15.59)
0695112393,Low Price,unit_price,Suspiciously low unit price (15.59)
0694819156,Low Price,unit_price,Suspiciously low unit price (0.11)
0694819134,Low Price,unit_price,Suspiciously low unit price (7.81)
0694223505,Low Price,unit_price,Suspiciously low unit price (12.94)
0695758695,Low Price,unit_price,Suspiciously low unit price (2.54)
0693179211,Low Price,unit_price,Suspiciously low unit price (29.79)
0693179210,Low Price,unit_price,Suspiciously low unit price (29.79)
0693059332,Low Price,unit_price,Suspiciously low unit price (4.25)
0696015704,Low Price,unit_price,Suspiciously low unit price (0.1)
0693071986,Low Price,unit_price,Suspiciously low unit price (3.18)
0693071982,Low Price,unit_price,Suspiciously low unit price (6.25)
0694064494,Low Price,unit_price,Suspiciously low unit price (18.97)
0695682481,Low Price,unit_price,Suspiciously low unit price (0.74)
0695672040,Low Price,unit_price,Suspiciously low unit price (0.19)
0695985205,Low Price,unit_price,Suspiciously low unit price (0.1)
7220319395,Low Price,unit_price,Suspiciously low unit price (15.0)
0695976119,Low Price,unit_price,Suspiciously low unit price (20.5)
0696329494,Low Price,unit_price,Suspiciously low unit price (10.57)
0696329309,Low Price,unit_price,Suspiciously low unit price (11.98)
0695943510,Low Price,unit_price,Suspiciously low unit price (22.13)
0696111363,Low Price,unit_price,Suspiciously low unit price (26.37)
0696111354,Low Price,unit_price,Suspiciously low unit price (36.39)
0692860231,Low Price,unit_price,Suspiciously low unit price (46.19)
0695936024,Low Price,unit_price,Suspiciously low unit price (0.54)
0694912388,Low Price,unit_price,Suspiciously low unit price (11.91)
0693485015,Low Price,unit_price,Suspiciously low unit price (9.09)
0694892192,Low Price,unit_price,Suspiciously low unit price (3.2)
0694735491,Low Price,unit_price,Suspiciously low unit price (9.9)
0695914752,Low Price,unit_price,Suspiciously low unit price (0.1)
0696628046,Low Price,unit_price,Suspiciously low unit price (27.38)
0694836768,Low Price,unit_price,Suspiciously low unit price (1.21)
0695184853,Low Price,unit_price,Suspiciously low unit price (37.72)
0695855114,Low Price,unit_price,Suspiciously low unit price (2.46)
0695855112,Low Price,unit_price,Suspiciously low unit price (2.46)
0695845640,Low Price,unit_price,Suspiciously low unit price (17.92)
0696076822,Low Price,unit_price,Suspiciously low unit price (0.19)
0696067610,Low Price,unit_price,Suspiciously low unit price (0.1)
0693950905,Low Price,unit_price,Suspiciously low unit price (0.51)
0693944261,Low Price,unit_price,Suspiciously low unit price (8.47)
9201284351,Low Price,unit_price,Suspiciously low unit price (0.0)
9203081859,Low Price,unit_price,Suspiciously low unit price (8.07)
9203264988,Low Price,unit_price,Suspiciously low unit price (12.0)
9202950755,Low Price,unit_price,Suspiciously low unit price (40.25)
9203143547,Low Price,unit_price,Suspiciously low unit price (17.89)
9202718299,Low Price,unit_price,Suspiciously low unit price (2.61)
9200647193,Low Price,unit_price,Suspiciously low unit price (31.32)
9200398460,Low Price,unit_price,Suspiciously low unit price (12.58)
9203052904,Low Price,unit_price,Suspiciously low unit price (12.0)
9203308904,Low Price,unit_price,Suspiciously low unit price (20.07)
9203308857,Low Price,unit_price,Suspiciously low unit price (20.07)
9200451122,Low Price,unit_price,Suspiciously low unit price (45.77)
9200451121,Low Price,unit_price,Suspiciously low unit price (45.77)
9202774175,Low Price,unit_price,Suspiciously low unit price (49.57)
9202962672,Low Price,unit_price,Suspiciously low unit price (45.79)
9201362954,Low Price,unit_price,Suspiciously low unit price (30.16)
9202558700,Low Price,unit_price,Suspiciously low unit price (0.3)
9202558708,Low Price,unit_price,Suspiciously low unit price (5.95)
9201672923,Low Price,unit_price,Suspiciously low unit price (33.48)
9202327379,Low Price,unit_price,Suspiciously low unit price (4.32)
9201994898,Low Price,unit_price,Suspiciously low unit price (6.14)
9202416750,Low Price,unit_price,Suspiciously low unit price (49.48)
9201561352,Low Price,unit_price,Suspiciously low unit price (20.17)
9202388399,Low Price,unit_price,Suspiciously low unit price (42.37)
9202066265,Low Price,unit_price,Suspiciously low unit price (0.33)
9200957313,Low Price,unit_price,Suspiciously low unit price (5.92)
9202564751,Low Price,unit_price,Suspiciously low unit price (2.6)
9199628372,Low Price,unit_price,Suspiciously low unit price (1.55)
9202493756,Low Price,unit_price,Suspiciously low unit price (47.48)
9202008135,Low Price,unit_price,Suspiciously low unit price (8.8)
9202118006,Low Price,unit_price,Suspiciously low unit price (0.22)
9202392899,Low Price,unit_price,Suspiciously low unit price (1.24)
9202392898,Low Price,unit_price,Suspiciously low unit price (1.24)
9200089767,Low Price,unit_price,Suspiciously low unit price (49.84)
9200834158,Low Price,unit_price,Suspiciously low unit price (36.01)
9200916983,Low Price,unit_price,Suspiciously low unit price (8.37)
9200916987,Low Price,unit_price,Suspiciously low unit price (14.14)
9201648645,Low Price,unit_price,Suspiciously low unit price (10.19)
9201648643,Low Price,unit_price,Suspiciously low unit price (13.25)
9202477924,Low Price,unit_price,Suspiciously low unit price (49.36)
9481419716,Low Price,unit_price,Suspiciously low unit price (38.96)
0830707253,Low Price,unit_price,Suspiciously low unit price (15.1)
0831734943,Low Price,unit_price,Suspiciously low unit price (27.4)
0831382186,Low Price,unit_price,Suspiciously low unit price (12.67)
0830245057,Low Price,unit_price,Suspiciously low unit price (48.45)
0831609435,Low Price,unit_price,Suspiciously low unit price (20.09)
0831604855,Low Price,unit_price,Suspiciously low unit price (1.24)
0828521191,Low Price,unit_price,Suspiciously low unit price (9.25)
0831931950,Low Price,unit_price,Suspiciously low unit price (10.84)
0828554751,Low Price,unit_price,Suspiciously low unit price (43.71)
0832110413,Low Price,unit_price,Suspiciously low unit price (49.36)
0828548682,Low Price,unit_price,Suspiciously low unit price (12.42)
0830341816,Low Price,unit_price,Suspiciously low unit price (21.34)
0830305432,Low Price,unit_price,Suspiciously low unit price (5.9)
0829088566,Low Price,unit_price,Suspiciously low unit price (8.43)
0830605016,Low Price,unit_price,Suspiciously low unit price (11.85)
0831821407,Low Price,unit_price,Suspiciously low unit price (7.5)
0830584090,Low Price,unit_price,Suspiciously low unit price (33.05)
0831545585,Low Price,unit_price,Suspiciously low unit price (34.41)
0829862040,Low Price,unit_price,Suspiciously low unit price (1.21)
0828934151,Low Price,unit_price,Suspiciously low unit price (1.56)
0831492790,Low Price,unit_price,Suspiciously low unit price (0.1)
0829554369,Low Price,unit_price,Suspiciously low unit price (35.36)
0829836452,Low Price,unit_price,Suspiciously low unit price (48.32)
0828838313,Low Price,unit_price,Suspiciously low unit price (34.39)
0828838311,Low Price,unit_price,Suspiciously low unit price (44.48)
0829526224,Low Price,unit_price,Suspiciously low unit price (16.6)
0831085898,Low Price,unit_price,Suspiciously low unit price (0.19)
0828706782,Low Price,unit_price,Suspiciously low unit price (1.31)
0830378780,Low Price,unit_price,Suspiciously low unit price (47.5)
0828194315,Low Price,unit_price,Suspiciously low unit price (21.78)
0219379917,Low Price,unit_price,Suspiciously low unit price (45.95)
0220056065,Low Price,unit_price,Suspiciously low unit price (0.17)
0217545893,Low Price,unit_price,Suspiciously low unit price (0.59)
0217545892,Low Price,unit_price,Suspiciously low unit price (0.59)
0217545891,Low Price,unit_price,Suspiciously low unit price (0.59)
0220268070,Low Price,unit_price,Suspiciously low unit price (0.8)
0217490199,Low Price,unit_price,Suspiciously low unit price (8.97)
0218901477,Low Price,unit_price,Suspiciously low unit price (10.6)
0220239944,Low Price,unit_price,Suspiciously low unit price (26.25)
0219263940,Low Price,unit_price,Suspiciously low unit price (46.94)
0219934953,Low Price,unit_price,Suspiciously low unit price (4.64)
0218038295,Low Price,unit_price,Suspiciously low unit price (1.51)
0220202724,Low Price,unit_price,Suspiciously low unit price (6.11)
0220722492,Low Price,unit_price,Suspiciously low unit price (8.57)
0217937371,Low Price,unit_price,Suspiciously low unit price (2.3)
0217937341,Low Price,unit_price,Suspiciously low unit price (3.86)
0217937351,Low Price,unit_price,Suspiciously low unit price (4.68)
0217267702,Low Price,unit_price,Suspiciously low unit price (43.01)
0220646802,Low Price,unit_price,Suspiciously low unit price (10.24)
0219185942,Low Price,unit_price,Suspiciously low unit price (11.67)
0220165480,Low Price,unit_price,Suspiciously low unit price (1.3)
0220165472,Low Price,unit_price,Suspiciously low unit price (1.62)
0220165479,Low Price,unit_price,Suspiciously low unit price (9.32)
0220165471,Low Price,unit_price,Suspiciously low unit price (38.91)
0219161280,Low Price,unit_price,Suspiciously low unit price (45.73)
0219158908,Low Price,unit_price,Suspiciously low unit price (13.84)
0220154116,Low Price,unit_price,Suspiciously low unit price (18.77)
0219158203,Low Price,unit_price,Suspiciously low unit price (45.96)
0219158192,Low Price,unit_price,Suspiciously low unit price (49.33)
0217863777,Low Price,unit_price,Suspiciously low unit price (23.75)
0220520427,Low Price,unit_price,Suspiciously low unit price (8.64)
0220520701,Low Price,unit_price,Suspiciously low unit price (10.16)
0218479664,Low Price,unit_price,Suspiciously low unit price (36.01)
0219523997,Low Price,unit_price,Suspiciously low unit price (0.59)
0218461323,Low Price,unit_price,Suspiciously low unit price (34.81)
0218461324,Low Price,unit_price,Suspiciously low unit price (40.81)
0219098653,Low Price,unit_price,Suspiciously low unit price (45.07)
0219522901,Low Price,unit_price,Suspiciously low unit price (0.64)
0217134949,Low Price,unit_price,Suspiciously low unit price (1.61)
0219079612,Low Price,unit_price,Suspiciously low unit price (30.68)
0219089476,Low Price,unit_price,Suspiciously low unit price (33.96)
0219089456,Low Price,unit_price,Suspiciously low unit price (47.22)
9456517718,Low Price,unit_price,Suspiciously low unit price (0.1)
9456522692,Low Price,unit_price,Suspiciously low unit price (4.84)
9456518665,Low Price,unit_price,Suspiciously low unit price (18.86)
9457072240,Low Price,unit_price,Suspiciously low unit price (20.21)
9457072243,Low Price,unit_price,Suspiciously low unit price (22.23)
9456517152,Low Price,unit_price,Suspiciously low unit price (27.0)
9457152026,Low Price,unit_price,Suspiciously low unit price (35.8)
9456621150,Low Price,unit_price,Suspiciously low unit price (48.2)
9456621149,Low Price,unit_price,Suspiciously low unit price (48.2)
9456621147,Low Price,unit_price,Suspiciously low unit price (48.2)
9456621145,Low Price,unit_price,Suspiciously low unit price (48.2)
9456292612,Low Price,unit_price,Suspiciously low unit price (4.43)
9453654826,Low Price,unit_price,Suspiciously low unit price (8.02)
9456290616,Low Price,unit_price,Suspiciously low unit price (23.27)
9453654825,Low Price,unit_price,Suspiciously low unit price (42.29)
9456501238,Low Price,unit_price,Suspiciously low unit price (1.22)
9454320604,Low Price,unit_price,Suspiciously low unit price (8.71)
9457078994,Low Price,unit_price,Suspiciously low unit price (13.49)
9455570297,Low Price,unit_price,Suspiciously low unit price (18.29)
9453595851,Low Price,unit_price,Suspiciously low unit price (25.5)
9456493056,Low Price,unit_price,Suspiciously low unit price (18.41)
9453574831,Low Price,unit_price,Suspiciously low unit price (4.93)
9453574824,Low Price,unit_price,Suspiciously low unit price (4.93)
9453544194,Low Price,unit_price,Suspiciously low unit price (14.17)
9453544193,Low Price,unit_price,Suspiciously low unit price (14.17)
9455716128,Low Price,unit_price,Suspiciously low unit price (5.51)
9454115985,Low Price,unit_price,Suspiciously low unit price (1.61)
9454191787,Low Price,unit_price,Suspiciously low unit price (28.03)
9456415985,Low Price,unit_price,Suspiciously low unit price (41.0)
9454990205,Low Price,unit_price,Suspiciously low unit price (4.47)
9456409779,Low Price,unit_price,Suspiciously low unit price (18.57)
9455005383,Low Price,unit_price,Suspiciously low unit price (19.16)
9456100114,Low Price,unit_price,Suspiciously low unit price (38.0)
9455173659,Low Price,unit_price,Suspiciously low unit price (2.6)
9455173648,Low Price,unit_price,Suspiciously low unit price (32.53)
9455341133,Low Price,unit_price,Suspiciously low unit price (10.81)
9456942809,Low Price,unit_price,Suspiciously low unit price (24.23)
9456031238,Low Price,unit_price,Suspiciously low unit price (5.94)
9453199679,Low Price,unit_price,Suspiciously low unit price (8.13)
9453303930,Low Price,unit_price,Suspiciously low unit price (42.83)
9456557478,Low Price,unit_price,Suspiciously low unit price (5.1)
9453870886,Low Price,unit_price,Suspiciously low unit price (8.74)
9456337387,Low Price,unit_price,Suspiciously low unit price (0.1)
9454717494,Low Price,unit_price,Suspiciously low unit price (41.98)
9455288788,Low Price,unit_price,Suspiciously low unit price (48.42)
9455960287,Low Price,unit_price,Suspiciously low unit price (23.33)
9453172065,Low Price,unit_price,Suspiciously low unit price (6.19)
9455247751,Low Price,unit_price,Suspiciously low unit price (11.71)
9455167175,Low Price,unit_price,Suspiciously low unit price (23.54)
9456317674,Low Price,unit_price,Suspiciously low unit price (33.72)
3462968117,Low Price,unit_price,Suspiciously low unit price (6.43)
3463218136,Low Price,unit_price,Suspiciously low unit price (7.81)
3463034214,Low Price,unit_price,Suspiciously low unit price (13.97)
3463034252,Low Price,unit_price,Suspiciously low unit price (13.99)
3461540857,Low Price,unit_price,Suspiciously low unit price (33.75)
3463446888,Low Price,unit_price,Suspiciously low unit price (40.14)
3463446909,Low Price,unit_price,Suspiciously low unit price (46.65)
3463553931,Low Price,unit_price,Suspiciously low unit price (48.21)
3460395339,Low Price,unit_price,Suspiciously low unit price (1.61)
3461361768,Low Price,unit_price,Suspiciously low unit price (4.6)
3460918111,Low Price,unit_price,Suspiciously low unit price (17.44)
3459887982,Low Price,unit_price,Suspiciously low unit price (8.78)
3462880431,Low Price,unit_price,Suspiciously low unit price (0.85)
3462516787,Low Price,unit_price,Suspiciously low unit price (17.99)
3462260250,Low Price,unit_price,Suspiciously low unit price (0.1)
3462823762,Low Price,unit_price,Suspiciously low unit price (0.32)
3460093303,Low Price,unit_price,Suspiciously low unit price (3.19)
3460093302,Low Price,unit_price,Suspiciously low unit price (5.83)
3459973433,Low Price,unit_price,Suspiciously low unit price (8.89)
3463632414,Low Price,unit_price,Suspiciously low unit price (2.16)
3459509022,Low Price,unit_price,Suspiciously low unit price (7.84)
3462455501,Low Price,unit_price,Suspiciously low unit price (18.87)
3462156321,Low Price,unit_price,Suspiciously low unit price (11.97)
3462286420,Low Price,unit_price,Suspiciously low unit price (15.0)
3462069957,Low Price,unit_price,Suspiciously low unit price (0.1)
3460971537,Low Price,unit_price,Suspiciously low unit price (5.88)
0128001116,Low Price,unit_price,Suspiciously low unit price (1.22)
0128001123,Low Price,unit_price,Suspiciously low unit price (19.56)
0128101985,Low Price,unit_price,Suspiciously low unit price (23.24)
0128001129,Low Price,unit_price,Suspiciously low unit price (26.9)
0128101992,Low Price,unit_price,Suspiciously low unit price (27.09)
0128001125,Low Price,unit_price,Suspiciously low unit price (30.57)
0128117652,Low Price,unit_price,Suspiciously low unit price (0.55)
0128117651,Low Price,unit_price,Suspiciously low unit price (0.55)
0128117650,Low Price,unit_price,Suspiciously low unit price (0.55)
0128172128,Low Price,unit_price,Suspiciously low unit price (24.67)
0128172122,Low Price,unit_price,Suspiciously low unit price (24.67)
0128162132,Low Price,unit_price,Suspiciously low unit price (28.8)
0128990725,Low Price,unit_price,Suspiciously low unit price (40.89)
0130590039,Low Price,unit_price,Suspiciously low unit price (10.49)
0127760278,Low Price,unit_price,Suspiciously low unit price (40.45)
0130392345,Low Price,unit_price,Suspiciously low unit price (4.23)
8499295656,Low Price,unit_price,Suspiciously low unit price (15.85)
0127899659,Low Price,unit_price,Suspiciously low unit price (1.5)
0128694793,Low Price,unit_price,Suspiciously low unit price (3.18)
0130738982,Low Price,unit_price,Suspiciously low unit price (46.14)
0130070685,Low Price,unit_price,Suspiciously low unit price (5.86)
0129624219,Low Price,unit_price,Suspiciously low unit price (33.99)
0129624220,Low Price,unit_price,Suspiciously low unit price (47.26)
0127100156,Low Price,unit_price,Suspiciously low unit price (20.35)
0129415338,Low Price,unit_price,Suspiciously low unit price (0.56)
0129415292,Low Price,unit_price,Suspiciously low unit price (0.56)
0127190727,Low Price,unit_price,Suspiciously low unit price (9.26)
0129248176,Low Price,unit_price,Suspiciously low unit price (45.81)
0126863821,Low Price,unit_price,Suspiciously low unit price (3.54)
0127367914,Low Price,unit_price,Suspiciously low unit price (21.05)
0128348936,Low Price,unit_price,Suspiciously low unit price (20.04)
0129096667,Low Price,unit_price,Suspiciously low unit price (48.6)
0129232090,Low Price,unit_price,Suspiciously low unit price (49.28)
0129269387,Low Price,unit_price,Suspiciously low unit price (27.97)
0129517314,Low Price,unit_price,Suspiciously low unit price (40.0)
0129087041,Low Price,unit_price,Suspiciously low unit price (11.51)
0127478242,Low Price,unit_price,Suspiciously low unit price (3.51)
0128613016,Low Price,unit_price,Suspiciously low unit price (19.03)
0128329836,Low Price,unit_price,Suspiciously low unit price (2.86)
0127139373,Low Price,unit_price,Suspiciously low unit price (16.01)
0129989720,Low Price,unit_price,Suspiciously low unit price (0.1)
3753706765,Low Price,unit_price,Suspiciously low unit price (1.2)
3753706761,Low Price,unit_price,Suspiciously low unit price (1.2)
3753706752,Low Price,unit_price,Suspiciously low unit price (1.2)
3752702539,Low Price,unit_price,Suspiciously low unit price (24.91)
3752226541,Low Price,unit_price,Suspiciously low unit price (11.44)
3754839400,Low Price,unit_price,Suspiciously low unit price (14.12)
3751556008,Low Price,unit_price,Suspiciously low unit price (7.75)
3752635248,Low Price,unit_price,Suspiciously low unit price (12.36)
3752112850,Low Price,unit_price,Suspiciously low unit price (3.54)
3752616066,Low Price,unit_price,Suspiciously low unit price (11.4)
3752616090,Low Price,unit_price,Suspiciously low unit price (11.4)
3754737171,Low Price,unit_price,Suspiciously low unit price (18.18)
3752624591,Low Price,unit_price,Suspiciously low unit price (46.76)
3753799754,Low Price,unit_price,Suspiciously low unit price (34.09)
3753630569,Low Price,unit_price,Suspiciously low unit price (0.1)
3751488266,Low Price,unit_price,Suspiciously low unit price (10.64)
3753626930,Low Price,unit_price,Suspiciously low unit price (26.0)
3752519170,Low Price,unit_price,Suspiciously low unit price (46.5)
3751910112,Low Price,unit_price,Suspiciously low unit price (8.92)
3751344839,Low Price,unit_price,Suspiciously low unit price (3.56)
3752463653,Low Price,unit_price,Suspiciously low unit price (12.64)
3753776754,Low Price,unit_price,Suspiciously low unit price (7.07)
3753776753,Low Price,unit_price,Suspiciously low unit price (8.08)
3752459523,Low Price,unit_price,Suspiciously low unit price (11.94)
3753201261,Low Price,unit_price,Suspiciously low unit price (12.0)
3753201300,Low Price,unit_price,Suspiciously low unit price (31.0)
3753201262,Low Price,unit_price,Suspiciously low unit price (45.0)
3751834283,Low Price,unit_price,Suspiciously low unit price (42.7)
3752835589,Low Price,unit_price,Suspiciously low unit price (20.12)
3753849474,Low Price,unit_price,Suspiciously low unit price (14.1)
3752366895,Low Price,unit_price,Suspiciously low unit price (0.1)
3755124260,Low Price,unit_price,Suspiciously low unit price (3.71)
3751096589,Low Price,unit_price,Suspiciously low unit price (9.92)
3751096590,Low Price,unit_price,Suspiciously low unit price (12.52)
3752366894,Low Price,unit_price,Suspiciously low unit price (23.21)
3753483944,Low Price,unit_price,Suspiciously low unit price (0.1)
8497025100,Low Price,unit_price,Suspiciously low unit price (40.27)
8497196749,Low Price,unit_price,Suspiciously low unit price (35.5)
8495717078,Low Price,unit_price,Suspiciously low unit price (7.78)
8498546707,Low Price,unit_price,Suspiciously low unit price (31.02)
8496020336,Low Price,unit_price,Suspiciously low unit price (10.26)
8496918113,Low Price,unit_price,Suspiciously low unit price (1.73)
8496918126,Low Price,unit_price,Suspiciously low unit price (6.22)
8498331038,Low Price,unit_price,Suspiciously low unit price (7.56)
8495971378,Low Price,unit_price,Suspiciously low unit price (43.43)
8498740775,Low Price,unit_price,Suspiciously low unit price (4.38)
8496272416,Low Price,unit_price,Suspiciously low unit price (7.02)
8495949282,Low Price,unit_price,Suspiciously low unit price (49.87)
8498633571,Low Price,unit_price,Suspiciously low unit price (47.09)
8498350094,Low Price,unit_price,Suspiciously low unit price (0.1)
8497185997,Low Price,unit_price,Suspiciously low unit price (4.53)
8498720513,Low Price,unit_price,Suspiciously low unit price (41.06)
8496529376,Low Price,unit_price,Suspiciously low unit price (0.75)
8496529408,Low Price,unit_price,Suspiciously low unit price (0.84)
8497326850,Low Price,unit_price,Suspiciously low unit price (10.57)
8495643531,Low Price,unit_price,Suspiciously low unit price (41.74)
8497679148,Low Price,unit_price,Suspiciously low unit price (0.1)
8495052535,Low Price,unit_price,Suspiciously low unit price (2.11)
8495052532,Low Price,unit_price,Suspiciously low unit price (4.91)
8495052596,Low Price,unit_price,Suspiciously low unit price (5.6)
8497330704,Low Price,unit_price,Suspiciously low unit price (47.01)
8495207201,Low Price,unit_price,Suspiciously low unit price (43.44)
8497903767,Low Price,unit_price,Suspiciously low unit price (1.1)
8496768115,Low Price,unit_price,Suspiciously low unit price (17.83)
8497861772,Low Price,unit_price,Suspiciously low unit price (18.75)
8497402710,Low Price,unit_price,Suspiciously low unit price (0.1)
8496658337,Low Price,unit_price,Suspiciously low unit price (9.47)
8495486123,Low Price,unit_price,Suspiciously low unit price (2.08)
8497845876,Low Price,unit_price,Suspiciously low unit price (1.19)
8496861644,Low Price,unit_price,Suspiciously low unit price (2.33)
8497411608,Low Price,unit_price,Suspiciously low unit price (30.82)
8495265639,Low Price,unit_price,Suspiciously low unit price (39.13)
8849850774,Low Price,unit_price,Suspiciously low unit price (18.7)
8849850770,Low Price,unit_price,Suspiciously low unit price (23.55)
8848271255,Low Price,unit_price,Suspiciously low unit price (39.32)
8846586796,Low Price,unit_price,Suspiciously low unit price (42.93)
8848496856,Low Price,unit_price,Suspiciously low unit price (3.46)
8848496851,Low Price,unit_price,Suspiciously low unit price (3.46)
8849066079,Low Price,unit_price,Suspiciously low unit price (3.5)
8849601814,Low Price,unit_price,Suspiciously low unit price (10.0)
8849593660,Low Price,unit_price,Suspiciously low unit price (0.17)
8849593658,Low Price,unit_price,Suspiciously low unit price (0.17)
8848918874,Low Price,unit_price,Suspiciously low unit price (31.03)
8848113886,Low Price,unit_price,Suspiciously low unit price (2.94)
8848113888,Low Price,unit_price,Suspiciously low unit price (4.11)
8848113882,Low Price,unit_price,Suspiciously low unit price (4.44)
8848113896,Low Price,unit_price,Suspiciously low unit price (4.66)
8849806003,Low Price,unit_price,Suspiciously low unit price (18.69)
8849132006,Low Price,unit_price,Suspiciously low unit price (41.25)
8848588381,Low Price,unit_price,Suspiciously low unit price (3.23)
8848588380,Low Price,unit_price,Suspiciously low unit price (5.9)
8848843091,Low Price,unit_price,Suspiciously low unit price (47.79)
8846418008,Low Price,unit_price,Suspiciously low unit price (2.44)
8847150476,Low Price,unit_price,Suspiciously low unit price (0.1)
8847125631,Low Price,unit_price,Suspiciously low unit price (0.78)
8847878346,Low Price,unit_price,Suspiciously low unit price (4.54)
8848525786,Low Price,unit_price,Suspiciously low unit price (14.95)
8848799865,Low Price,unit_price,Suspiciously low unit price (45.08)
8848784812,Low Price,unit_price,Suspiciously low unit price (0.61)
8846362293,Low Price,unit_price,Suspiciously low unit price (2.42)
8846371201,Low Price,unit_price,Suspiciously low unit price (2.44)
8848780726,Low Price,unit_price,Suspiciously low unit price (47.77)
8848756834,Low Price,unit_price,Suspiciously low unit price (46.5)
8849707075,Low Price,unit_price,Suspiciously low unit price (0.44)
8849705399,Low Price,unit_price,Suspiciously low unit price (23.42)
8849705400,Low Price,unit_price,Suspiciously low unit price (36.95)
8849705398,Low Price,unit_price,Suspiciously low unit price (46.61)
8847619239,Low Price,unit_price,Suspiciously low unit price (0.58)
8847618429,Low Price,unit_price,Suspiciously low unit price (40.07)
8846887120,Low Price,unit_price,Suspiciously low unit price (0.08)
8849946100,Low Price,unit_price,Suspiciously low unit price (45.5)
8849946096,Low Price,unit_price,Suspiciously low unit price (45.5)
8849946087,Low Price,unit_price,Suspiciously low unit price (45.5)
8848349993,Low Price,unit_price,Suspiciously low unit price (7.6)
8848670673,Low Price,unit_price,Suspiciously low unit price (33.37)
8848337147,Low Price,unit_price,Suspiciously low unit price (37.47)
8846866520,Low Price,unit_price,Suspiciously low unit price (30.0)
8849261149,Low Price,unit_price,Suspiciously low unit price (4.98)
8849261148,Low Price,unit_price,Suspiciously low unit price (4.98)
8846095870,Low Price,unit_price,Suspiciously low unit price (44.05)
8846095873,Low Price,unit_price,Suspiciously low unit price (44.05)
8846095872,Low Price,unit_price,Suspiciously low unit price (44.05)
8849238238,Low Price,unit_price,Suspiciously low unit price (48.2)
7856360320,Low Price,unit_price,Suspiciously low unit price (0.1)
7853839599,Low Price,unit_price,Suspiciously low unit price (1.45)
7853148617,Low Price,unit_price,Suspiciously low unit price (1.53)
7853148627,Low Price,unit_price,Suspiciously low unit price (12.69)
7855673654,Low Price,unit_price,Suspiciously low unit price (26.25)
7855966009,Low Price,unit_price,Suspiciously low unit price (1.44)
7855965995,Low Price,unit_price,Suspiciously low unit price (3.83)
7853157374,Low Price,unit_price,Suspiciously low unit price (5.66)
7854560080,Low Price,unit_price,Suspiciously low unit price (25.85)
7855694666,Low Price,unit_price,Suspiciously low unit price (46.46)
7855901391,Low Price,unit_price,Suspiciously low unit price (16.42)
7854669116,Low Price,unit_price,Suspiciously low unit price (24.05)
7855901390,Low Price,unit_price,Suspiciously low unit price (29.38)
7854436586,Low Price,unit_price,Suspiciously low unit price (4.68)
7854436560,Low Price,unit_price,Suspiciously low unit price (4.68)
7855676486,Low Price,unit_price,Suspiciously low unit price (32.88)
7853243503,Low Price,unit_price,Suspiciously low unit price (1.21)
7853186196,Low Price,unit_price,Suspiciously low unit price (9.7)
7855171277,Low Price,unit_price,Suspiciously low unit price (44.74)
7855171278,Low Price,unit_price,Suspiciously low unit price (44.74)
7855349425,Low Price,unit_price,Suspiciously low unit price (0.1)
7854855699,Low Price,unit_price,Suspiciously low unit price (4.35)
7855363241,Low Price,unit_price,Suspiciously low unit price (17.36)
7854806917,Low Price,unit_price,Suspiciously low unit price (0.2)
7855406169,Low Price,unit_price,Suspiciously low unit price (10.01)
7853074654,Low Price,unit_price,Suspiciously low unit price (21.92)
7854854644,Low Price,unit_price,Suspiciously low unit price (7.64)
7852753580,Low Price,unit_price,Suspiciously low unit price (9.85)
7855248842,Low Price,unit_price,Suspiciously low unit price (0.1)
7855152178,Low Price,unit_price,Suspiciously low unit price (8.68)
7855261307,Low Price,unit_price,Suspiciously low unit price (47.7)
7855371266,Low Price,unit_price,Suspiciously low unit price (0.16)
7855371265,Low Price,unit_price,Suspiciously low unit price (0.16)
7854986764,Low Price,unit_price,Suspiciously low unit price (0.59)
7854986763,Low Price,unit_price,Suspiciously low unit price (0.59)
7854986779,Low Price,unit_price,Suspiciously low unit price (1.18)
7854986776,Low Price,unit_price,Suspiciously low unit price (1.18)
7854986765,Low Price,unit_price,Suspiciously low unit price (23.63)
7854986766,Low Price,unit_price,Suspiciously low unit price (26.0)
7855397978,Low Price,unit_price,Suspiciously low unit price (0.6)
7854077878,Low Price,unit_price,Suspiciously low unit price (8.48)
0796005377,Low Price,unit_price,Suspiciously low unit price (20.74)
0795944119,Low Price,unit_price,Suspiciously low unit price (44.57)
0799318049,Low Price,unit_price,Suspiciously low unit price (6.31)
0799413062,Low Price,unit_price,Suspiciously low unit price (43.87)
0799413003,Low Price,unit_price,Suspiciously low unit price (47.09)
0798827838,Low Price,unit_price,Suspiciously low unit price (47.7)
0799170835,Low Price,unit_price,Suspiciously low unit price (2.25)
0796123286,Low Price,unit_price,Suspiciously low unit price (17.47)
0797592120,Low Price,unit_price,Suspiciously low unit price (48.27)
0797592123,Low Price,unit_price,Suspiciously low unit price (49.27)
0796315087,Low Price,unit_price,Suspiciously low unit price (1.62)
0798811272,Low Price,unit_price,Suspiciously low unit price (5.46)
0798811291,Low Price,unit_price,Suspiciously low unit price (13.11)
0798811266,Low Price,unit_price,Suspiciously low unit price (13.11)
0797522767,Low Price,unit_price,Suspiciously low unit price (16.83)
0796402173,Low Price,unit_price,Suspiciously low unit price (11.57)
0796036618,Low Price,unit_price,Suspiciously low unit price (39.5)
0799367657,Low Price,unit_price,Suspiciously low unit price (34.0)
0796178017,Low Price,unit_price,Suspiciously low unit price (17.47)
0798972072,Low Price,unit_price,Suspiciously low unit price (27.61)
0796506421,Low Price,unit_price,Suspiciously low unit price (15.11)
0799393497,Low Price,unit_price,Suspiciously low unit price (46.68)
0799535021,Low Price,unit_price,Suspiciously low unit price (0.1)
0797210691,Low Price,unit_price,Suspiciously low unit price (33.11)
0799281871,Low Price,unit_price,Suspiciously low unit price (7.97)
0798210428,Low Price,unit_price,Suspiciously low unit price (0.1)
0798392180,Low Price,unit_price,Suspiciously low unit price (1.02)
0798103725,Low Price,unit_price,Suspiciously low unit price (42.81)
0798103704,Low Price,unit_price,Suspiciously low unit price (42.81)
0798363626,Low Price,unit_price,Suspiciously low unit price (0.34)
0798363650,Low Price,unit_price,Suspiciously low unit price (0.34)
0797023523,Low Price,unit_price,Suspiciously low unit price (17.38)
0798266153,Low Price,unit_price,Suspiciously low unit price (13.03)
0798266122,Low Price,unit_price,Suspiciously low unit price (13.03)
0798266115,Low Price,unit_price,Suspiciously low unit price (13.03)
0798477117,Low Price,unit_price,Suspiciously low unit price (35.93)
0796836267,Low Price,unit_price,Suspiciously low unit price (31.75)
0797913293,Low Price,unit_price,Suspiciously low unit price (44.21)
0797913277,Low Price,unit_price,Suspiciously low unit price (44.21)
0795781407,Low Price,unit_price,Suspiciously low unit price (9.06)
0798009095,Low Price,unit_price,Suspiciously low unit price (5.48)
0798146930,Low Price,unit_price,Suspiciously low unit price (4.05)
9325280600,Low Price,unit_price,Suspiciously low unit price (1.34)
9326336923,Low Price,unit_price,Suspiciously low unit price (2.59)
9325280428,Low Price,unit_price,Suspiciously low unit price (6.54)
9326490992,Low Price,unit_price,Suspiciously low unit price (10.76)
9324324612,Low Price,unit_price,Suspiciously low unit price (10.98)
9326490987,Low Price,unit_price,Suspiciously low unit price (20.28)
9325185359,Low Price,unit_price,Suspiciously low unit price (18.7)
9326475237,Low Price,unit_price,Suspiciously low unit price (17.44)
9326471870,Low Price,unit_price,Suspiciously low unit price (19.09)
9323667448,Low Price,unit_price,Suspiciously low unit price (5.24)
9323667447,Low Price,unit_price,Suspiciously low unit price (5.56)
9323569181,Low Price,unit_price,Suspiciously low unit price (23.66)
9323564643,Low Price,unit_price,Suspiciously low unit price (21.27)
9323564641,Low Price,unit_price,Suspiciously low unit price (21.27)
9323564642,Low Price,unit_price,Suspiciously low unit price (31.91)
9323564640,Low Price,unit_price,Suspiciously low unit price (31.91)
9325890499,Low Price,unit_price,Suspiciously low unit price (45.53)
9325890597,Low Price,unit_price,Suspiciously low unit price (47.94)
9324870680,Low Price,unit_price,Suspiciously low unit price (33.47)
9326855688,Low Price,unit_price,Suspiciously low unit price (7.5)
9326657600,Low Price,unit_price,Suspiciously low unit price (19.07)
9325697717,Low Price,unit_price,Suspiciously low unit price (36.99)
9326646170,Low Price,unit_price,Suspiciously low unit price (0.1)
9325880673,Low Price,unit_price,Suspiciously low unit price (31.47)
9325458693,Low Price,unit_price,Suspiciously low unit price (11.56)
9325879479,Low Price,unit_price,Suspiciously low unit price (46.03)
9325879399,Low Price,unit_price,Suspiciously low unit price (48.46)
9326777059,Low Price,unit_price,Suspiciously low unit price (11.17)
9326777050,Low Price,unit_price,Suspiciously low unit price (18.6)
9326842909,Low Price,unit_price,Suspiciously low unit price (20.0)
9324673350,Low Price,unit_price,Suspiciously low unit price (4.52)
9323354230,Low Price,unit_price,Suspiciously low unit price (8.0)
9325410574,Low Price,unit_price,Suspiciously low unit price (11.56)
9324559914,Low Price,unit_price,Suspiciously low unit price (3.26)
9325402238,Low Price,unit_price,Suspiciously low unit price (4.3)
9325397180,Low Price,unit_price,Suspiciously low unit price (4.76)
9325391524,Low Price,unit_price,Suspiciously low unit price (31.01)
9323323951,Low Price,unit_price,Suspiciously low unit price (11.52)
9326217701,Low Price,unit_price,Suspiciously low unit price (48.63)
9325357547,Low Price,unit_price,Suspiciously low unit price (29.91)
9324452310,Low Price,unit_price,Suspiciously low unit price (4.93)
9326498619,Low Price,unit_price,Suspiciously low unit price (2.07)
9323807996,Low Price,unit_price,Suspiciously low unit price (2.44)
9323807988,Low Price,unit_price,Suspiciously low unit price (2.44)
9323232508,Low Price,unit_price,Suspiciously low unit price (14.68)
9326357821,Low Price,unit_price,Suspiciously low unit price (0.1)
9323208168,Low Price,unit_price,Suspiciously low unit price (30.28)
5660346287,Low Price,unit_price,Suspiciously low unit price (2.8)
5660346282,Low Price,unit_price,Suspiciously low unit price (3.92)
5658994665,Low Price,unit_price,Suspiciously low unit price (10.24)
5658959708,Low Price,unit_price,Suspiciously low unit price (1.58)
5658133971,Low Price,unit_price,Suspiciously low unit price (22.24)
5660288398,Low Price,unit_price,Suspiciously low unit price (31.03)
5660288344,Low Price,unit_price,Suspiciously low unit price (46.71)
5661235422,Low Price,unit_price,Suspiciously low unit price (5.3)
5661235431,Low Price,unit_price,Suspiciously low unit price (10.24)
5661235432,Low Price,unit_price,Suspiciously low unit price (10.71)
5660599690,Low Price,unit_price,Suspiciously low unit price (46.87)
5660599618,Low Price,unit_price,Suspiciously low unit price (49.36)
5661478589,Low Price,unit_price,Suspiciously low unit price (3.66)
5658068898,Low Price,unit_price,Suspiciously low unit price (33.59)
5660925222,Low Price,unit_price,Suspiciously low unit price (16.77)
5660461470,Low Price,unit_price,Suspiciously low unit price (46.25)
5660410234,Low Price,unit_price,Suspiciously low unit price (47.07)
5659712908,Low Price,unit_price,Suspiciously low unit price (0.17)
5659712901,Low Price,unit_price,Suspiciously low unit price (1.82)
5659712905,Low Price,unit_price,Suspiciously low unit price (3.42)
5659204850,Low Price,unit_price,Suspiciously low unit price (5.99)
5661459254,Low Price,unit_price,Suspiciously low unit price (11.12)
5659047094,Low Price,unit_price,Suspiciously low unit price (43.21)
5661137893,Low Price,unit_price,Suspiciously low unit price (0.1)
5658574827,Low Price,unit_price,Suspiciously low unit price (1.61)
5658574826,Low Price,unit_price,Suspiciously low unit price (1.61)
5660840960,Low Price,unit_price,Suspiciously low unit price (4.3)
5661570010,Low Price,unit_price,Suspiciously low unit price (10.76)
5660526668,Low Price,unit_price,Suspiciously low unit price (40.45)
5660583213,Low Price,unit_price,Suspiciously low unit price (46.01)
5660584722,Low Price,unit_price,Suspiciously low unit price (46.09)
5660583233,Low Price,unit_price,Suspiciously low unit price (48.44)
5660584709,Low Price,unit_price,Suspiciously low unit price (48.53)
5660799511,Low Price,unit_price,Suspiciously low unit price (2.48)
5660580532,Low Price,unit_price,Suspiciously low unit price (48.31)
5660754863,Low Price,unit_price,Suspiciously low unit price (1.94)
5659986905,Low Price,unit_price,Suspiciously low unit price (0.01)
5660750823,Low Price,unit_price,Suspiciously low unit price (2.58)
5661085095,Low Price,unit_price,Suspiciously low unit price (0.1)
5659344237,Low Price,unit_price,Suspiciously low unit price (10.74)
5660577557,Low Price,unit_price,Suspiciously low unit price (46.09)
5657817266,Low Price,unit_price,Suspiciously low unit price (47.1)
5660577542,Low Price,unit_price,Suspiciously low unit price (48.53)
8481353882,Low Price,unit_price,Suspiciously low unit price (4.4)
8483525744,Low Price,unit_price,Suspiciously low unit price (32.99)
8483529003,Low Price,unit_price,Suspiciously low unit price (43.1)
8483058490,Low Price,unit_price,Suspiciously low unit price (10.0)
8484591030,Low Price,unit_price,Suspiciously low unit price (38.79)
8481240437,Low Price,unit_price,Suspiciously low unit price (1.44)
8481311807,Low Price,unit_price,Suspiciously low unit price (9.23)
8483832124,Low Price,unit_price,Suspiciously low unit price (48.4)
8483828307,Low Price,unit_price,Suspiciously low unit price (46.09)
8483828120,Low Price,unit_price,Suspiciously low unit price (46.09)
8484494072,Low Price,unit_price,Suspiciously low unit price (17.75)
8481248253,Low Price,unit_price,Suspiciously low unit price (8.33)
8483449438,Low Price,unit_price,Suspiciously low unit price (31.39)
8483449422,Low Price,unit_price,Suspiciously low unit price (47.26)
8483434296,Low Price,unit_price,Suspiciously low unit price (11.18)
8481160396,Low Price,unit_price,Suspiciously low unit price (16.52)
8483437759,Low Price,unit_price,Suspiciously low unit price (39.76)
8481188439,Low Price,unit_price,Suspiciously low unit price (4.09)
8482784749,Low Price,unit_price,Suspiciously low unit price (14.49)
8481188100,Low Price,unit_price,Suspiciously low unit price (43.53)
8481188097,Low Price,unit_price,Suspiciously low unit price (43.53)
8482737241,Low Price,unit_price,Suspiciously low unit price (3.42)
8483596559,Low Price,unit_price,Suspiciously low unit price (45.44)
8483818585,Low Price,unit_price,Suspiciously low unit price (46.09)
8483818496,Low Price,unit_price,Suspiciously low unit price (46.09)
8483386839,Low Price,unit_price,Suspiciously low unit price (0.36)
8484433609,Low Price,unit_price,Suspiciously low unit price (25.95)
8484418458,Low Price,unit_price,Suspiciously low unit price (0.1)
8484423281,Low Price,unit_price,Suspiciously low unit price (0.64)
8484557819,Low Price,unit_price,Suspiciously low unit price (2.3)
6173274314,Low Price,unit_price,Suspiciously low unit price (6.94)
8482591696,Low Price,unit_price,Suspiciously low unit price (18.37)
8482591604,Low Price,unit_price,Suspiciously low unit price (18.37)
8484108685,Low Price,unit_price,Suspiciously low unit price (0.17)
8483340882,Low Price,unit_price,Suspiciously low unit price (10.23)
8483340859,Low Price,unit_price,Suspiciously low unit price (17.64)
8481020558,Low Price,unit_price,Suspiciously low unit price (2.43)
8483135259,Low Price,unit_price,Suspiciously low unit price (15.1)
8483135260,Low Price,unit_price,Suspiciously low unit price (18.47)
8483261112,Low Price,unit_price,Suspiciously low unit price (10.94)
8483801810,Low Price,unit_price,Suspiciously low unit price (42.39)
8480903919,Low Price,unit_price,Suspiciously low unit price (3.22)
8484721064,Low Price,unit_price,Suspiciously low unit price (11.47)
8480903950,Low Price,unit_price,Suspiciously low unit price (14.79)
8484344342,Low Price,unit_price,Suspiciously low unit price (18.12)
8481503116,Low Price,unit_price,Suspiciously low unit price (15.36)
6173275267,Low Price,unit_price,Suspiciously low unit price (4.75)
8483993692,Low Price,unit_price,Suspiciously low unit price (4.39)
8483642190,Low Price,unit_price,Suspiciously low unit price (16.37)
8483985027,Low Price,unit_price,Suspiciously low unit price (29.21)
8483985028,Low Price,unit_price,Suspiciously low unit price (31.75)
8484307876,Low Price,unit_price,Suspiciously low unit price (0.1)
8483688840,Low Price,unit_price,Suspiciously low unit price (10.33)
6750588363,Low Price,unit_price,Suspiciously low unit price (3.62)
6750592974,Low Price,unit_price,Suspiciously low unit price (4.06)
6750592979,Low Price,unit_price,Suspiciously low unit price (10.26)
6750592981,Low Price,unit_price,Suspiciously low unit price (16.65)
6751693695,Low Price,unit_price,Suspiciously low unit price (10.82)
6750666877,Low Price,unit_price,Suspiciously low unit price (27.71)
6751306900,Low Price,unit_price,Suspiciously low unit price (33.68)
6752274787,Low Price,unit_price,Suspiciously low unit price (2.24)
6751899133,Low Price,unit_price,Suspiciously low unit price (0.1)
6751895764,Low Price,unit_price,Suspiciously low unit price (27.13)
6751865139,Low Price,unit_price,Suspiciously low unit price (0.19)
6750213389,Low Price,unit_price,Suspiciously low unit price (4.12)
6748782204,Low Price,unit_price,Suspiciously low unit price (8.52)
6751128949,Low Price,unit_price,Suspiciously low unit price (15.81)
6750191420,Low Price,unit_price,Suspiciously low unit price (16.96)
6750191376,Low Price,unit_price,Suspiciously low unit price (16.96)
6749433781,Low Price,unit_price,Suspiciously low unit price (19.57)
6751128948,Low Price,unit_price,Suspiciously low unit price (22.03)
6749433780,Low Price,unit_price,Suspiciously low unit price (34.83)
6750871013,Low Price,unit_price,Suspiciously low unit price (42.78)
0599307624,Low Price,unit_price,Suspiciously low unit price (14.84)
6749358480,Low Price,unit_price,Suspiciously low unit price (35.47)
6748706979,Low Price,unit_price,Suspiciously low unit price (32.38)
6748706960,Low Price,unit_price,Suspiciously low unit price (32.38)
6748706984,Low Price,unit_price,Suspiciously low unit price (32.88)
6748707004,Low Price,unit_price,Suspiciously low unit price (33.08)
6748706996,Low Price,unit_price,Suspiciously low unit price (42.79)
6748706983,Low Price,unit_price,Suspiciously low unit price (42.79)
6748706972,Low Price,unit_price,Suspiciously low unit price (42.79)
6748706971,Low Price,unit_price,Suspiciously low unit price (42.79)
6748706968,Low Price,unit_price,Suspiciously low unit price (42.79)
6748706962,Low Price,unit_price,Suspiciously low unit price (42.79)
6748707002,Low Price,unit_price,Suspiciously low unit price (42.97)
6748707003,Low Price,unit_price,Suspiciously low unit price (43.17)
6748707001,Low Price,unit_price,Suspiciously low unit price (43.17)
6748707000,Low Price,unit_price,Suspiciously low unit price (43.17)
6748706999,Low Price,unit_price,Suspiciously low unit price (43.17)
6748706998,Low Price,unit_price,Suspiciously low unit price (43.17)
6748706997,Low Price,unit_price,Suspiciously low unit price (43.17)
6748706992,Low Price,unit_price,Suspiciously low unit price (43.17)
6748706989,Low Price,unit_price,Suspiciously low unit price (43.17)
6748706986,Low Price,unit_price,Suspiciously low unit price (43.17)
6748706985,Low Price,unit_price,Suspiciously low unit price (43.17)
6748706981,Low Price,unit_price,Suspiciously low unit price (43.17)
6748706980,Low Price,unit_price,Suspiciously low unit price (43.17)
6748706977,Low Price,unit_price,Suspiciously low unit price (43.17)
6748706974,Low Price,unit_price,Suspiciously low unit price (43.17)
6748706970,Low Price,unit_price,Suspiciously low unit price (43.17)
6748706966,Low Price,unit_price,Suspiciously low unit price (43.17)
6748706959,Low Price,unit_price,Suspiciously low unit price (43.17)
6751825642,Low Price,unit_price,Suspiciously low unit price (48.45)
6750121757,Low Price,unit_price,Suspiciously low unit price (18.25)
6749326932,Low Price,unit_price,Suspiciously low unit price (0.36)
6749326934,Low Price,unit_price,Suspiciously low unit price (0.51)
6749326908,Low Price,unit_price,Suspiciously low unit price (0.96)
6749326908,Low Price,unit_price,Suspiciously low unit price (0.96)
6749326948,Low Price,unit_price,Suspiciously low unit price (1.01)
6749326948,Low Price,unit_price,Suspiciously low unit price (1.01)
6752012761,Low Price,unit_price,Suspiciously low unit price (2.77)
6752012754,Low Price,unit_price,Suspiciously low unit price (5.39)
6752012762,Low Price,unit_price,Suspiciously low unit price (12.0)
6749326598,Low Price,unit_price,Suspiciously low unit price (12.41)
6752012756,Low Price,unit_price,Suspiciously low unit price (14.57)
6752012758,Low Price,unit_price,Suspiciously low unit price (47.36)
6751283468,Low Price,unit_price,Suspiciously low unit price (48.44)
6749930195,Low Price,unit_price,Suspiciously low unit price (49.11)
6748588785,Low Price,unit_price,Suspiciously low unit price (1.33)
6751759832,Low Price,unit_price,Suspiciously low unit price (4.85)
6748531794,Low Price,unit_price,Suspiciously low unit price (4.96)
6749873092,Low Price,unit_price,Suspiciously low unit price (5.67)
6750719274,Low Price,unit_price,Suspiciously low unit price (0.42)
6749108709,Low Price,unit_price,Suspiciously low unit price (1.57)
6750652764,Low Price,unit_price,Suspiciously low unit price (5.19)
6748540637,Low Price,unit_price,Suspiciously low unit price (8.39)
6751273616,Low Price,unit_price,Suspiciously low unit price (48.38)
9201029944,Low Price,unit_price,Suspiciously low unit price (27.27)
9203782860,Low Price,unit_price,Suspiciously low unit price (0.7)
9203904029,Low Price,unit_price,Suspiciously low unit price (3.99)
9200098655,Low Price,unit_price,Suspiciously low unit price (43.7)
9201418848,Low Price,unit_price,Suspiciously low unit price (4.42)
9201418847,Low Price,unit_price,Suspiciously low unit price (4.42)
9200273965,Low Price,unit_price,Suspiciously low unit price (10.77)
9201213876,Low Price,unit_price,Suspiciously low unit price (1.09)
9200172190,Low Price,unit_price,Suspiciously low unit price (42.02)
9201207536,Low Price,unit_price,Suspiciously low unit price (2.05)
9203500646,Low Price,unit_price,Suspiciously low unit price (0.34)
9203500637,Low Price,unit_price,Suspiciously low unit price (0.46)
9203500635,Low Price,unit_price,Suspiciously low unit price (0.68)
9200085344,Low Price,unit_price,Suspiciously low unit price (3.31)
9201401556,Low Price,unit_price,Suspiciously low unit price (40.28)
9201252789,Low Price,unit_price,Suspiciously low unit price (15.96)
9203776718,Low Price,unit_price,Suspiciously low unit price (20.67)
9202015762,Low Price,unit_price,Suspiciously low unit price (1.4)
9201205559,Low Price,unit_price,Suspiciously low unit price (29.03)
9201534747,Low Price,unit_price,Suspiciously low unit price (23.0)
9203684676,Low Price,unit_price,Suspiciously low unit price (3.52)
9200011038,Low Price,unit_price,Suspiciously low unit price (43.64)
9200425119,Low Price,unit_price,Suspiciously low unit price (0.52)
9200000023,Low Price,unit_price,Suspiciously low unit price (30.22)
9199974398,Low Price,unit_price,Suspiciously low unit price (32.51)
9202619979,Low Price,unit_price,Suspiciously low unit price (23.11)
9202597102,Low Price,unit_price,Suspiciously low unit price (2.3)
9202585042,Low Price,unit_price,Suspiciously low unit price (7.5)
9216855921,Low Price,unit_price,Suspiciously low unit price (38.58)
9202559777,Low Price,unit_price,Suspiciously low unit price (39.72)
9202530189,Low Price,unit_price,Suspiciously low unit price (1.75)
9202530187,Low Price,unit_price,Suspiciously low unit price (2.58)
9203212683,Low Price,unit_price,Suspiciously low unit price (16.63)
9199878826,Low Price,unit_price,Suspiciously low unit price (33.66)
9199878643,Low Price,unit_price,Suspiciously low unit price (46.65)
9200721624,Low Price,unit_price,Suspiciously low unit price (2.34)
9201094337,Low Price,unit_price,Suspiciously low unit price (19.48)
9201315699,Low Price,unit_price,Suspiciously low unit price (40.49)
9201057144,Low Price,unit_price,Suspiciously low unit price (0.11)
9201716898,Low Price,unit_price,Suspiciously low unit price (13.26)
1323960176,Low Price,unit_price,Suspiciously low unit price (0.15)
1326039101,Low Price,unit_price,Suspiciously low unit price (2.34)
1323960137,Low Price,unit_price,Suspiciously low unit price (23.79)
1323960134,Low Price,unit_price,Suspiciously low unit price (29.36)
1323960135,Low Price,unit_price,Suspiciously low unit price (34.42)
1322997076,Low Price,unit_price,Suspiciously low unit price (0.02)
1322110344,Low Price,unit_price,Suspiciously low unit price (35.0)
1322696534,Low Price,unit_price,Suspiciously low unit price (0.63)
1323797070,Low Price,unit_price,Suspiciously low unit price (2.03)
1325902443,Low Price,unit_price,Suspiciously low unit price (15.0)
1322968361,Low Price,unit_price,Suspiciously low unit price (17.55)
1323877755,Low Price,unit_price,Suspiciously low unit price (0.11)
1325874476,Low Price,unit_price,Suspiciously low unit price (14.11)
1323531826,Low Price,unit_price,Suspiciously low unit price (20.19)
1325837923,Low Price,unit_price,Suspiciously low unit price (1.62)
1324855572,Low Price,unit_price,Suspiciously low unit price (1.51)
1324855570,Low Price,unit_price,Suspiciously low unit price (10.59)
1325807899,Low Price,unit_price,Suspiciously low unit price (29.49)
1323778974,Low Price,unit_price,Suspiciously low unit price (46.75)
1325807885,Low Price,unit_price,Suspiciously low unit price (47.39)
1322025933,Low Price,unit_price,Suspiciously low unit price (1.75)
1322025527,Low Price,unit_price,Suspiciously low unit price (46.53)
1323808092,Low Price,unit_price,Suspiciously low unit price (0.11)
1324057713,Low Price,unit_price,Suspiciously low unit price (5.12)
1323448076,Low Price,unit_price,Suspiciously low unit price (3.53)
1323448063,Low Price,unit_price,Suspiciously low unit price (3.53)
1321876024,Low Price,unit_price,Suspiciously low unit price (3.8)
1321875908,Low Price,unit_price,Suspiciously low unit price (5.05)
1322436978,Low Price,unit_price,Suspiciously low unit price (8.48)
1322005250,Low Price,unit_price,Suspiciously low unit price (46.3)
1325485778,Low Price,unit_price,Suspiciously low unit price (13.15)
1322337955,Low Price,unit_price,Suspiciously low unit price (13.34)
1323680595,Low Price,unit_price,Suspiciously low unit price (3.51)
1322321485,Low Price,unit_price,Suspiciously low unit price (8.56)
1323068506,Low Price,unit_price,Suspiciously low unit price (49.69)
1323631839,Low Price,unit_price,Suspiciously low unit price (0.11)
1323661015,Low Price,unit_price,Suspiciously low unit price (20.69)
0286112978,Low Price,unit_price,Suspiciously low unit price (1.04)
0286112966,Low Price,unit_price,Suspiciously low unit price (2.08)
0283817242,Low Price,unit_price,Suspiciously low unit price (8.13)
0291821498,Low Price,unit_price,Suspiciously low unit price (22.14)
0291821398,Low Price,unit_price,Suspiciously low unit price (22.14)
0287366323,Low Price,unit_price,Suspiciously low unit price (49.66)
0285047055,Low Price,unit_price,Suspiciously low unit price (3.36)
0283782681,Low Price,unit_price,Suspiciously low unit price (7.29)
0285943629,Low Price,unit_price,Suspiciously low unit price (25.87)
0284032595,Low Price,unit_price,Suspiciously low unit price (1.18)
0285213911,Low Price,unit_price,Suspiciously low unit price (2.34)
0286808724,Low Price,unit_price,Suspiciously low unit price (22.09)
0283251119,Low Price,unit_price,Suspiciously low unit price (46.48)
0285004019,Low Price,unit_price,Suspiciously low unit price (0.11)
0286787225,Low Price,unit_price,Suspiciously low unit price (26.63)
0286787224,Low Price,unit_price,Suspiciously low unit price (29.76)
0284527845,Low Price,unit_price,Suspiciously low unit price (1.31)
0284527589,Low Price,unit_price,Suspiciously low unit price (1.9)
0284948946,Low Price,unit_price,Suspiciously low unit price (17.18)
0284571087,Low Price,unit_price,Suspiciously low unit price (37.61)
0285163936,Low Price,unit_price,Suspiciously low unit price (0.11)
0284219334,Low Price,unit_price,Suspiciously low unit price (9.11)
0284219446,Low Price,unit_price,Suspiciously low unit price (12.12)
0284219163,Low Price,unit_price,Suspiciously low unit price (12.45)
0283221077,Low Price,unit_price,Suspiciously low unit price (0.01)
0286424386,Low Price,unit_price,Suspiciously low unit price (34.02)
0286424326,Low Price,unit_price,Suspiciously low unit price (39.46)
0285365329,Low Price,unit_price,Suspiciously low unit price (10.33)
0287133817,Low Price,unit_price,Suspiciously low unit price (1.62)
0283851747,Low Price,unit_price,Suspiciously low unit price (3.95)
0283122005,Low Price,unit_price,Suspiciously low unit price (5.46)
0283330707,Low Price,unit_price,Suspiciously low unit price (28.43)
0285060107,Low Price,unit_price,Suspiciously low unit price (0.1)
0283897954,Low Price,unit_price,Suspiciously low unit price (8.73)
0287063306,Low Price,unit_price,Suspiciously low unit price (9.0)
0285237579,Low Price,unit_price,Suspiciously low unit price (11.27)
0287063305,Low Price,unit_price,Suspiciously low unit price (12.3)
1356662964,Low Price,unit_price,Suspiciously low unit price (5.41)
1011213872,Low Price,unit_price,Suspiciously low unit price (37.74)
1005798623,Low Price,unit_price,Suspiciously low unit price (29.56)
1188073090,Low Price,unit_price,Suspiciously low unit price (35.73)
1152868402,Low Price,unit_price,Suspiciously low unit price (38.71)
6169868648,Low Price,unit_price,Suspiciously low unit price (29.7)
1048168550,Low Price,unit_price,Suspiciously low unit price (4.82)
1195319483,Low Price,unit_price,Suspiciously low unit price (16.13)
1128625805,Low Price,unit_price,Suspiciously low unit price (22.05)
1027733061,Low Price,unit_price,Suspiciously low unit price (43.88)
1041919496,Low Price,unit_price,Suspiciously low unit price (13.47)
1181175930,Low Price,unit_price,Suspiciously low unit price (3.53)
1059014702,Low Price,unit_price,Suspiciously low unit price (9.17)
1142838017,Low Price,unit_price,Suspiciously low unit price (2.69)
1174153532,Low Price,unit_price,Suspiciously low unit price (38.8)
1144536492,Low Price,unit_price,Suspiciously low unit price (38.8)
1207071417,Low Price,unit_price,Suspiciously low unit price (1.66)
1009586396,Low Price,unit_price,Suspiciously low unit price (2.94)
1163807771,Low Price,unit_price,Suspiciously low unit price (4.43)
1204993907,Low Price,unit_price,Suspiciously low unit price (4.43)
1100237981,Low Price,unit_price,Suspiciously low unit price (4.98)
1250059564,Low Price,unit_price,Suspiciously low unit price (5.21)
1150837698,Low Price,unit_price,Suspiciously low unit price (16.65)
1177434635,Low Price,unit_price,Suspiciously low unit price (19.5)
1049217994,Low Price,unit_price,Suspiciously low unit price (1.72)
1191558389,Low Price,unit_price,Suspiciously low unit price (35.8)
1082266989,Low Price,unit_price,Suspiciously low unit price (0.2)
1165071935,Low Price,unit_price,Suspiciously low unit price (0.51)
1034274029,Low Price,unit_price,Suspiciously low unit price (0.58)
1243600987,Low Price,unit_price,Suspiciously low unit price (0.78)
1070438397,Low Price,unit_price,Suspiciously low unit price (7.61)
1052027772,Low Price,unit_price,Suspiciously low unit price (12.59)
1196556209,Low Price,unit_price,Suspiciously low unit price (15.81)
1257518193,Low Price,unit_price,Suspiciously low unit price (28.5)
1002329790,Low Price,unit_price,Suspiciously low unit price (32.61)
1007082683,Low Price,unit_price,Suspiciously low unit price (33.18)
1135961453,Low Price,unit_price,Suspiciously low unit price (45.87)
1132291267,Low Price,unit_price,Suspiciously low unit price (17.89)
1150395252,Low Price,unit_price,Suspiciously low unit price (0.1)
1129863876,Low Price,unit_price,Suspiciously low unit price (0.1)
1070492177,Low Price,unit_price,Suspiciously low unit price (32.5)
1218593283,Low Price,unit_price,Suspiciously low unit price (49.85)
1129109053,Low Price,unit_price,Suspiciously low unit price (43.7)
1395922933,Low Price,unit_price,Suspiciously low unit price (2.74)
1119006975,Low Price,unit_price,Suspiciously low unit price (1.91)
1195433949,Low Price,unit_price,Suspiciously low unit price (4.46)
1033455043,Low Price,unit_price,Suspiciously low unit price (4.51)
1103693942,Low Price,unit_price,Suspiciously low unit price (43.7)
1184701255,Low Price,unit_price,Suspiciously low unit price (0.61)
1134279500,Low Price,unit_price,Suspiciously low unit price (43.7)
1115729859,Low Price,unit_price,Suspiciously low unit price (34.2)
1208972305,Low Price,unit_price,Suspiciously low unit price (34.2)
1198768981,Low Price,unit_price,Suspiciously low unit price (43.7)
1070303710,Low Price,unit_price,Suspiciously low unit price (0.61)
1061958943,Low Price,unit_price,Suspiciously low unit price (19.09)
1086852886,Low Price,unit_price,Suspiciously low unit price (13.59)
1171557785,Low Price,unit_price,Suspiciously low unit price (9.64)
1066052306,Low Price,unit_price,Suspiciously low unit price (46.69)
1057235458,Low Price,unit_price,Suspiciously low unit price (37.92)
1024009978,Low Price,unit_price,Suspiciously low unit price (0.03)
1173401065,Low Price,unit_price,Suspiciously low unit price (5.43)
1148757765,Low Price,unit_price,Suspiciously low unit price (17.55)
1041704943,Low Price,unit_price,Suspiciously low unit price (2.15)
1152398726,Low Price,unit_price,Suspiciously low unit price (17.71)
1176452342,Low Price,unit_price,Suspiciously low unit price (10.98)
1160216896,Low Price,unit_price,Suspiciously low unit price (14.18)
1136631243,Low Price,unit_price,Suspiciously low unit price (32.48)
1011453561,Low Price,unit_price,Suspiciously low unit price (4.76)
1177598763,Low Price,unit_price,Suspiciously low unit price (45.97)
1030010624,Low Price,unit_price,Suspiciously low unit price (0.1)
1083318695,Low Price,unit_price,Suspiciously low unit price (2.15)
1018606873,Low Price,unit_price,Suspiciously low unit price (16.94)
1150086733,Low Price,unit_price,Suspiciously low unit price (3.53)
1181332644,Low Price,unit_price,Suspiciously low unit price (8.57)
1087608419,Low Price,unit_price,Suspiciously low unit price (45.97)
1104485362,Low Price,unit_price,Suspiciously low unit price (17.57)
1084505775,Low Price,unit_price,Suspiciously low unit price (14.82)
1140097318,Low Price,unit_price,Suspiciously low unit price (0.17)
1133094042,Low Price,unit_price,Suspiciously low unit price (12.88)
1136508282,Low Price,unit_price,Suspiciously low unit price (21.92)
1010098215,Low Price,unit_price,Suspiciously low unit price (11.02)
1012493999,Low Price,unit_price,Suspiciously low unit price (32.76)
1081975576,Low Price,unit_price,Suspiciously low unit price (48.87)
1016535372,Low Price,unit_price,Suspiciously low unit price (1.99)
1141307646,Low Price,unit_price,Suspiciously low unit price (19.35)
1148199537,Low Price,unit_price,Suspiciously low unit price (19.22)
1120763868,Low Price,unit_price,Suspiciously low unit price (34.77)
1027689835,Low Price,unit_price,Suspiciously low unit price (0.11)
1012639440,Low Price,unit_price,Suspiciously low unit price (3.3)
1151447341,Low Price,unit_price,Suspiciously low unit price (6.37)
1100919643,Low Price,unit_price,Suspiciously low unit price (18.69)
1024793310,Low Price,unit_price,Suspiciously low unit price (47.17)
1111689358,Low Price,unit_price,Suspiciously low unit price (5.89)
1034372130,Low Price,unit_price,Suspiciously low unit price (9.35)
1144804959,Low Price,unit_price,Suspiciously low unit price (33.69)
1052112165,Low Price,unit_price,Suspiciously low unit price (35.9)
1086505535,Low Price,unit_price,Suspiciously low unit price (22.24)
1072246172,Low Price,unit_price,Suspiciously low unit price (31.84)
1035125973,Low Price,unit_price,Suspiciously low unit price (11.31)
1144833085,Low Price,unit_price,Suspiciously low unit price (16.23)
1153332866,Low Price,unit_price,Suspiciously low unit price (28.91)
1157993679,Low Price,unit_price,Suspiciously low unit price (38.51)
1157096533,Low Price,unit_price,Suspiciously low unit price (0.9)
1055806373,Low Price,unit_price,Suspiciously low unit price (8.66)
1166542145,Low Price,unit_price,Suspiciously low unit price (17.03)
1151552098,Low Price,unit_price,Suspiciously low unit price (4.48)
1070267210,Low Price,unit_price,Suspiciously low unit price (9.08)
1071881374,Low Price,unit_price,Suspiciously low unit price (9.08)
1073638645,Low Price,unit_price,Suspiciously low unit price (47.23)
1080457759,Low Price,unit_price,Suspiciously low unit price (0.01)
1029108521,Low Price,unit_price,Suspiciously low unit price (0.17)
1141948180,Low Price,unit_price,Suspiciously low unit price (0.17)
1151557343,Low Price,unit_price,Suspiciously low unit price (47.17)
1111206839,Low Price,unit_price,Suspiciously low unit price (48.59)
1009339571,Low Price,unit_price,Suspiciously low unit price (46.79)
1125762980,Low Price,unit_price,Suspiciously low unit price (47.23)
1130066335,Low Price,unit_price,Suspiciously low unit price (4.94)
1008185204,Low Price,unit_price,Suspiciously low unit price (46.79)
1004474808,Low Price,unit_price,Suspiciously low unit price (47.17)
1103203439,Low Price,unit_price,Suspiciously low unit price (48.53)
1002442218,Low Price,unit_price,Suspiciously low unit price (33.74)
1033869732,Low Price,unit_price,Suspiciously low unit price (47.17)
1097578560,Low Price,unit_price,Suspiciously low unit price (13.48)
1003279936,Low Price,unit_price,Suspiciously low unit price (41.39)
1130113188,Low Price,unit_price,Suspiciously low unit price (2.62)
1123134715,Low Price,unit_price,Suspiciously low unit price (7.84)
1035309376,Low Price,unit_price,Suspiciously low unit price (41.39)
1000301651,Low Price,unit_price,Suspiciously low unit price (47.9)
1000160651,Low Price,unit_price,Suspiciously low unit price (47.9)
1015752917,Low Price,unit_price,Suspiciously low unit price (47.9)
1083897250,Low Price,unit_price,Suspiciously low unit price (47.9)
1121274426,Low Price,unit_price,Suspiciously low unit price (47.9)
1050525294,Low Price,unit_price,Suspiciously low unit price (47.9)
1043784015,Low Price,unit_price,Suspiciously low unit price (47.9)
1051751456,Low Price,unit_price,Suspiciously low unit price (47.9)
1067780955,Low Price,unit_price,Suspiciously low unit price (47.9)
1035210102,Low Price,unit_price,Suspiciously low unit price (47.9)
1076899592,Low Price,unit_price,Suspiciously low unit price (47.9)
1066511332,Low Price,unit_price,Suspiciously low unit price (47.9)
1041990520,Low Price,unit_price,Suspiciously low unit price (47.9)
1098963136,Low Price,unit_price,Suspiciously low unit price (47.9)
1083435248,Low Price,unit_price,Suspiciously low unit price (47.9)
1106049674,Low Price,unit_price,Suspiciously low unit price (47.9)
1120621079,Low Price,unit_price,Suspiciously low unit price (48.06)
1121954934,Low Price,unit_price,Suspiciously low unit price (48.06)
1075159008,Low Price,unit_price,Suspiciously low unit price (48.06)
1106024797,Low Price,unit_price,Suspiciously low unit price (48.06)
1110845233,Low Price,unit_price,Suspiciously low unit price (48.06)
1036700119,Low Price,unit_price,Suspiciously low unit price (48.06)
1027703410,Low Price,unit_price,Suspiciously low unit price (48.06)
1015205319,Low Price,unit_price,Suspiciously low unit price (48.06)
1003584548,Low Price,unit_price,Suspiciously low unit price (48.34)
1013399242,Low Price,unit_price,Suspiciously low unit price (48.34)
1105979817,Low Price,unit_price,Suspiciously low unit price (48.34)
1073059501,Low Price,unit_price,Suspiciously low unit price (48.34)
1070633844,Low Price,unit_price,Suspiciously low unit price (3.53)
1060378933,Low Price,unit_price,Suspiciously low unit price (44.6)
1021065371,Low Price,unit_price,Suspiciously low unit price (0.62)
1011810957,Low Price,unit_price,Suspiciously low unit price (3.71)
1107718588,Low Price,unit_price,Suspiciously low unit price (12.23)
1097744370,Low Price,unit_price,Suspiciously low unit price (48.0)
1126134223,Low Price,unit_price,Suspiciously low unit price (48.0)
1128787122,Low Price,unit_price,Suspiciously low unit price (38.57)
1035687117,Low Price,unit_price,Suspiciously low unit price (38.57)
1025688102,Low Price,unit_price,Suspiciously low unit price (38.57)
1095935342,Low Price,unit_price,Suspiciously low unit price (38.57)
1081868480,Low Price,unit_price,Suspiciously low unit price (11.45)
1007682146,Low Price,unit_price,Suspiciously low unit price (44.8)
1108280880,Low Price,unit_price,Suspiciously low unit price (48.53)
1128444433,Low Price,unit_price,Suspiciously low unit price (1.84)
1077155160,Low Price,unit_price,Suspiciously low unit price (21.02)
1114446619,Low Price,unit_price,Suspiciously low unit price (48.53)
1080714619,Low Price,unit_price,Suspiciously low unit price (10.36)
1062077276,Low Price,unit_price,Suspiciously low unit price (2.0)
1083998536,Low Price,unit_price,Suspiciously low unit price (23.94)
1014860826,Low Price,unit_price,Suspiciously low unit price (1.17)
1115174410,Low Price,unit_price,Suspiciously low unit price (2.34)
1017623827,Low Price,unit_price,Suspiciously low unit price (44.98)
1092885015,Low Price,unit_price,Suspiciously low unit price (15.17)
1032096539,Low Price,unit_price,Suspiciously low unit price (1.75)
1025105758,Low Price,unit_price,Suspiciously low unit price (1.75)
1017274643,Low Price,unit_price,Suspiciously low unit price (15.35)
1033979149,Low Price,unit_price,Suspiciously low unit price (42.19)
1096173547,Low Price,unit_price,Suspiciously low unit price (0.11)
1023397280,Low Price,unit_price,Suspiciously low unit price (0.38)
1105916465,Low Price,unit_price,Suspiciously low unit price (0.42)
1008398793,Low Price,unit_price,Suspiciously low unit price (12.76)
1017810261,Low Price,unit_price,Suspiciously low unit price (2.29)
1027148539,Low Price,unit_price,Suspiciously low unit price (4.58)
1096800921,Low Price,unit_price,Suspiciously low unit price (2.0)
1084908594,Low Price,unit_price,Suspiciously low unit price (4.24)
1041484842,Low Price,unit_price,Suspiciously low unit price (41.5)
1000224899,Low Price,unit_price,Suspiciously low unit price (41.5)
1114000627,Low Price,unit_price,Suspiciously low unit price (46.78)
1058890152,Low Price,unit_price,Suspiciously low unit price (2.8)
1124170180,Low Price,unit_price,Suspiciously low unit price (44.92)
1113229791,Low Price,unit_price,Suspiciously low unit price (9.2)
1078612373,Low Price,unit_price,Suspiciously low unit price (46.78)
1292163474,Low Price,unit_price,Suspiciously low unit price (31.53)
1873292617,Low Price,unit_price,Suspiciously low unit price (31.53)
1423230746,Low Price,unit_price,Suspiciously low unit price (31.53)
1091932935,Low Price,unit_price,Suspiciously low unit price (31.53)
1334498732,Low Price,unit_price,Suspiciously low unit price (31.53)
1589157671,Low Price,unit_price,Suspiciously low unit price (31.53)
1954239900,Low Price,unit_price,Suspiciously low unit price (8.97)
1147908998,Low Price,unit_price,Suspiciously low unit price (31.61)
1534172022,Low Price,unit_price,Suspiciously low unit price (34.6)
1481688748,Low Price,unit_price,Suspiciously low unit price (45.91)
1395142768,Low Price,unit_price,Suspiciously low unit price (41.5)
1481191141,Low Price,unit_price,Suspiciously low unit price (41.5)
1088867487,Low Price,unit_price,Suspiciously low unit price (3.53)
1255049442,Low Price,unit_price,Suspiciously low unit price (33.86)
1465255254,Low Price,unit_price,Suspiciously low unit price (47.15)
1055220001,Low Price,unit_price,Suspiciously low unit price (5.53)
1008479489,Low Price,unit_price,Suspiciously low unit price (45.74)
1485228289,Low Price,unit_price,Suspiciously low unit price (45.76)
1027842711,Low Price,unit_price,Suspiciously low unit price (47.63)
1100456851,Low Price,unit_price,Suspiciously low unit price (1.87)
1042038985,Low Price,unit_price,Suspiciously low unit price (2.73)
1861877698,Low Price,unit_price,Suspiciously low unit price (12.06)
1000097178,Low Price,unit_price,Suspiciously low unit price (15.6)
1606217182,Low Price,unit_price,Suspiciously low unit price (17.39)
1772336284,Low Price,unit_price,Suspiciously low unit price (19.01)
1276454527,Low Price,unit_price,Suspiciously low unit price (45.91)
1091884353,Low Price,unit_price,Suspiciously low unit price (13.92)
1039941571,Low Price,unit_price,Suspiciously low unit price (15.0)
1045658510,Low Price,unit_price,Suspiciously low unit price (42.95)
1082671632,Low Price,unit_price,Suspiciously low unit price (8.46)
1073184313,Low Price,unit_price,Suspiciously low unit price (8.46)
1439234226,Low Price,unit_price,Suspiciously low unit price (31.11)
1180745039,Low Price,unit_price,Suspiciously low unit price (34.06)
1381635697,Low Price,unit_price,Suspiciously low unit price (18.18)
1727414269,Low Price,unit_price,Suspiciously low unit price (45.91)
1419777337,Low Price,unit_price,Suspiciously low unit price (47.3)
1743198221,Low Price,unit_price,Suspiciously low unit price (2.36)
1168979239,Low Price,unit_price,Suspiciously low unit price (0.24)
1028792179,Low Price,unit_price,Suspiciously low unit price (2.92)
1082799095,Low Price,unit_price,Suspiciously low unit price (3.79)
1049437689,Low Price,unit_price,Suspiciously low unit price (8.12)
1017405568,Low Price,unit_price,Suspiciously low unit price (13.43)
1400182414,Low Price,unit_price,Suspiciously low unit price (15.82)
1098531896,Low Price,unit_price,Suspiciously low unit price (3.34)
1036399407,Low Price,unit_price,Suspiciously low unit price (16.49)
1635139846,Low Price,unit_price,Suspiciously low unit price (0.1)
1753003792,Low Price,unit_price,Suspiciously low unit price (31.19)
1313504328,Low Price,unit_price,Suspiciously low unit price (34.14)
1299801189,Low Price,unit_price,Suspiciously low unit price (34.14)
1066777658,Low Price,unit_price,Suspiciously low unit price (6.85)
1080235809,Low Price,unit_price,Suspiciously low unit price (0.01)
1043664054,Low Price,unit_price,Suspiciously low unit price (9.78)
1012388837,Low Price,unit_price,Suspiciously low unit price (18.23)
1587906700,Low Price,unit_price,Suspiciously low unit price (32.24)
1237177777,Low Price,unit_price,Suspiciously low unit price (33.21)
1529992402,Low Price,unit_price,Suspiciously low unit price (38.88)
1808699239,Low Price,unit_price,Suspiciously low unit price (40.05)
1764598530,Low Price,unit_price,Suspiciously low unit price (43.26)
1227791042,Low Price,unit_price,Suspiciously low unit price (5.53)
1206791431,Low Price,unit_price,Suspiciously low unit price (13.57)
1116039335,Low Price,unit_price,Suspiciously low unit price (5.52)
1245987901,Low Price,unit_price,Suspiciously low unit price (3.48)
1429216842,Low Price,unit_price,Suspiciously low unit price (23.86)
1156964979,Low Price,unit_price,Suspiciously low unit price (4.62)
1418491238,Low Price,unit_price,Suspiciously low unit price (17.97)
1114786945,Low Price,unit_price,Suspiciously low unit price (31.43)
1662304434,Low Price,unit_price,Suspiciously low unit price (2.8)
1050139728,Low Price,unit_price,Suspiciously low unit price (31.7)
1283039470,Low Price,unit_price,Suspiciously low unit price (13.57)
1188843286,Low Price,unit_price,Suspiciously low unit price (37.8)
1397822520,Low Price,unit_price,Suspiciously low unit price (41.65)
1269607804,Low Price,unit_price,Suspiciously low unit price (47.46)
1129815357,Low Price,unit_price,Suspiciously low unit price (0.1)
1652996664,Low Price,unit_price,Suspiciously low unit price (1.72)
1279554186,Low Price,unit_price,Suspiciously low unit price (5.87)
1422162712,Low Price,unit_price,Suspiciously low unit price (9.46)
1414277918,Low Price,unit_price,Suspiciously low unit price (14.34)
1229022358,Low Price,unit_price,Suspiciously low unit price (19.32)
1113460073,Low Price,unit_price,Suspiciously low unit price (23.8)
1003807329,Low Price,unit_price,Suspiciously low unit price (29.37)
1557122409,Low Price,unit_price,Suspiciously low unit price (34.44)
1023892788,Low Price,unit_price,Suspiciously low unit price (45.91)
1033366526,Low Price,unit_price,Suspiciously low unit price (47.19)
1251645440,Low Price,unit_price,Suspiciously low unit price (1.11)
1149707594,Low Price,unit_price,Suspiciously low unit price (1.2)
1493785396,Low Price,unit_price,Suspiciously low unit price (0.63)
1021477586,Low Price,unit_price,Suspiciously low unit price (6.79)
1193922671,Low Price,unit_price,Suspiciously low unit price (2.02)
1295483256,Low Price,unit_price,Suspiciously low unit price (3.04)
1363695920,Low Price,unit_price,Suspiciously low unit price (3.49)
1458720343,Low Price,unit_price,Suspiciously low unit price (4.51)
1438238885,Low Price,unit_price,Suspiciously low unit price (41.81)
1051649771,Low Price,unit_price,Suspiciously low unit price (45.91)
1106467373,Low Price,unit_price,Suspiciously low unit price (48.11)
1518553017,Low Price,unit_price,Suspiciously low unit price (1.38)
1285686739,Low Price,unit_price,Suspiciously low unit price (45.91)
1072024479,Low Price,unit_price,Suspiciously low unit price (5.87)
1028247089,Low Price,unit_price,Suspiciously low unit price (9.46)
1218209034,Low Price,unit_price,Suspiciously low unit price (48.53)
1007515486,Low Price,unit_price,Suspiciously low unit price (0.65)
1330440028,Low Price,unit_price,Suspiciously low unit price (6.73)
1154708399,Low Price,unit_price,Suspiciously low unit price (6.73)
1297946832,Low Price,unit_price,Suspiciously low unit price (45.91)
1014227019,Low Price,unit_price,Suspiciously low unit price (45.91)
1301347243,Low Price,unit_price,Suspiciously low unit price (45.91)
1359278126,Low Price,unit_price,Suspiciously low unit price (47.65)
1385806806,Low Price,unit_price,Suspiciously low unit price (48.53)
1299732365,Low Price,unit_price,Suspiciously low unit price (48.11)
1355749551,Low Price,unit_price,Suspiciously low unit price (0.11)
1113250879,Low Price,unit_price,Suspiciously low unit price (6.37)
1092507374,Low Price,unit_price,Suspiciously low unit price (6.84)
1645750782,Low Price,unit_price,Suspiciously low unit price (3.96)
1167305090,Low Price,unit_price,Suspiciously low unit price (36.9)
1228040501,Low Price,unit_price,Suspiciously low unit price (46.96)
1080005285,Low Price,unit_price,Suspiciously low unit price (18.11)
1172238637,Low Price,unit_price,Suspiciously low unit price (4.64)
1107230297,Low Price,unit_price,Suspiciously low unit price (4.96)
1063253592,Low Price,unit_price,Suspiciously low unit price (18.88)
1118208246,Low Price,unit_price,Suspiciously low unit price (49.63)
1200539182,Low Price,unit_price,Suspiciously low unit price (36.57)
1170990425,Low Price,unit_price,Suspiciously low unit price (5.0)
1127430198,Low Price,unit_price,Suspiciously low unit price (17.15)
1162192684,Low Price,unit_price,Suspiciously low unit price (23.66)
1636098504,Low Price,unit_price,Suspiciously low unit price (49.63)
1037090365,Low Price,unit_price,Suspiciously low unit price (11.64)
1107737018,Low Price,unit_price,Suspiciously low unit price (6.24)
1084508800,Low Price,unit_price,Suspiciously low unit price (18.74)
1113521126,Low Price,unit_price,Suspiciously low unit price (0.1)
1086342249,Low Price,unit_price,Suspiciously low unit price (0.1)
1096750570,Low Price,unit_price,Suspiciously low unit price (0.1)
1172979698,Low Price,unit_price,Suspiciously low unit price (1.16)
1151852833,Low Price,unit_price,Suspiciously low unit price (4.81)
1026681678,Low Price,unit_price,Suspiciously low unit price (45.13)
1094042856,Low Price,unit_price,Suspiciously low unit price (0.64)
1004775907,Low Price,unit_price,Suspiciously low unit price (22.13)
1128105645,Low Price,unit_price,Suspiciously low unit price (17.71)
1084131165,Low Price,unit_price,Suspiciously low unit price (43.45)
1121383984,Low Price,unit_price,Suspiciously low unit price (11.64)
1029978727,Low Price,unit_price,Suspiciously low unit price (46.5)
1073098991,Low Price,unit_price,Suspiciously low unit price (29.02)
1050944453,Low Price,unit_price,Suspiciously low unit price (38.87)
1057732631,Low Price,unit_price,Suspiciously low unit price (44.44)
1106459166,Low Price,unit_price,Suspiciously low unit price (1.19)
1038784510,Low Price,unit_price,Suspiciously low unit price (49.49)
1154059434,Low Price,unit_price,Suspiciously low unit price (0.25)
1053277538,Low Price,unit_price,Suspiciously low unit price (0.1)
1178553262,Low Price,unit_price,Suspiciously low unit price (19.37)
1137512035,Low Price,unit_price,Suspiciously low unit price (0.25)
1133501195,Low Price,unit_price,Suspiciously low unit price (5.51)
1095421301,Low Price,unit_price,Suspiciously low unit price (45.17)
1163501988,Low Price,unit_price,Suspiciously low unit price (49.49)
1090383431,Low Price,unit_price,Suspiciously low unit price (9.37)
1122467487,Low Price,unit_price,Suspiciously low unit price (0.18)
1155930802,Low Price,unit_price,Suspiciously low unit price (16.12)
1141855482,Low Price,unit_price,Suspiciously low unit price (6.99)
1095131083,Low Price,unit_price,Suspiciously low unit price (7.74)
1130930496,Low Price,unit_price,Suspiciously low unit price (17.19)
1112916770,Low Price,unit_price,Suspiciously low unit price (24.29)
1133160950,Low Price,unit_price,Suspiciously low unit price (28.34)
1144981307,Low Price,unit_price,Suspiciously low unit price (30.36)
1003123961,Low Price,unit_price,Suspiciously low unit price (6.39)
1105528794,Low Price,unit_price,Suspiciously low unit price (3.57)
1136729528,Low Price,unit_price,Suspiciously low unit price (12.19)
1065828592,Low Price,unit_price,Suspiciously low unit price (19.54)
1018273441,Low Price,unit_price,Suspiciously low unit price (39.29)
1045326484,Low Price,unit_price,Suspiciously low unit price (1.27)
1110501513,Low Price,unit_price,Suspiciously low unit price (11.02)
1002136901,Low Price,unit_price,Suspiciously low unit price (35.23)
1038788424,Low Price,unit_price,Suspiciously low unit price (0.11)
1008181768,Low Price,unit_price,Suspiciously low unit price (1.56)
1025143371,Low Price,unit_price,Suspiciously low unit price (1.6)
1061506794,Low Price,unit_price,Suspiciously low unit price (25.19)
1045059364,Low Price,unit_price,Suspiciously low unit price (32.66)
1011168976,Low Price,unit_price,Suspiciously low unit price (0.1)
1035657828,Low Price,unit_price,Suspiciously low unit price (4.71)
1085023019,Low Price,unit_price,Suspiciously low unit price (5.81)
1112945928,Low Price,unit_price,Suspiciously low unit price (11.83)
1107887300,Low Price,unit_price,Suspiciously low unit price (17.28)
1004734492,Low Price,unit_price,Suspiciously low unit price (4.74)
1014727866,Low Price,unit_price,Suspiciously low unit price (9.01)
1111976613,Low Price,unit_price,Suspiciously low unit price (16.36)
1044813365,Low Price,unit_price,Suspiciously low unit price (18.79)
1086792993,Low Price,unit_price,Suspiciously low unit price (0.1)
1074136510,Low Price,unit_price,Suspiciously low unit price (49.86)
1106223918,Low Price,unit_price,Suspiciously low unit price (27.62)
1060495238,Low Price,unit_price,Suspiciously low unit price (27.62)
1023520002,Low Price,unit_price,Suspiciously low unit price (37.94)
1091354632,Low Price,unit_price,Suspiciously low unit price (41.06)
1045275480,Low Price,unit_price,Suspiciously low unit price (49.86)
1015752241,Low Price,unit_price,Suspiciously low unit price (7.61)
1105222183,Low Price,unit_price,Suspiciously low unit price (9.13)
1067361582,Low Price,unit_price,Suspiciously low unit price (17.85)
1106197079,Low Price,unit_price,Suspiciously low unit price (1.18)
1088422743,Low Price,unit_price,Suspiciously low unit price (21.78)
1111246093,Low Price,unit_price,Suspiciously low unit price (43.34)
1042476972,Low Price,unit_price,Suspiciously low unit price (15.25)
1109063131,Low Price,unit_price,Suspiciously low unit price (34.5)
1043340760,Low Price,unit_price,Suspiciously low unit price (15.98)
1132286713,Low Price,unit_price,Suspiciously low unit price (15.98)
1031919107,Low Price,unit_price,Suspiciously low unit price (37.33)
1121500575,Low Price,unit_price,Suspiciously low unit price (1.6)
1038803269,Low Price,unit_price,Suspiciously low unit price (49.86)
1083674916,Low Price,unit_price,Suspiciously low unit price (49.86)
1180399041,Low Price,unit_price,Suspiciously low unit price (45.01)
1073405506,Low Price,unit_price,Suspiciously low unit price (14.2)
1095735205,Low Price,unit_price,Suspiciously low unit price (15.77)
1406887012,Low Price,unit_price,Suspiciously low unit price (2.1)
1406731665,Low Price,unit_price,Suspiciously low unit price (1.33)
1624808301,Low Price,unit_price,Suspiciously low unit price (2.1)
1217591459,Low Price,unit_price,Suspiciously low unit price (2.37)
1073282192,Low Price,unit_price,Suspiciously low unit price (6.6)
1057132105,Low Price,unit_price,Suspiciously low unit price (13.72)
1015970239,Low Price,unit_price,Suspiciously low unit price (18.02)
1324795454,Low Price,unit_price,Suspiciously low unit price (0.1)
1353936146,Low Price,unit_price,Suspiciously low unit price (4.2)
1714251316,Low Price,unit_price,Suspiciously low unit price (4.22)
1042938378,Low Price,unit_price,Suspiciously low unit price (15.53)
1075869677,Low Price,unit_price,Suspiciously low unit price (32.19)
1018773307,Low Price,unit_price,Suspiciously low unit price (37.45)
1088649618,Low Price,unit_price,Suspiciously low unit price (1.11)
1060318096,Low Price,unit_price,Suspiciously low unit price (4.92)
1594548726,Low Price,unit_price,Suspiciously low unit price (0.71)
1078682484,Low Price,unit_price,Suspiciously low unit price (18.62)
1199444250,Low Price,unit_price,Suspiciously low unit price (1.17)
1661552476,Low Price,unit_price,Suspiciously low unit price (2.14)
1607624517,Low Price,unit_price,Suspiciously low unit price (2.45)
1497130466,Low Price,unit_price,Suspiciously low unit price (2.64)
1916245104,Low Price,unit_price,Suspiciously low unit price (28.25)
1088463100,Low Price,unit_price,Suspiciously low unit price (27.02)
1690739720,Low Price,unit_price,Suspiciously low unit price (3.39)
1960274878,Low Price,unit_price,Suspiciously low unit price (4.76)
1130673239,Low Price,unit_price,Suspiciously low unit price (6.65)
1042386424,Low Price,unit_price,Suspiciously low unit price (13.29)
1051266598,Low Price,unit_price,Suspiciously low unit price (14.1)
1184087333,Low Price,unit_price,Suspiciously low unit price (36.62)
1095200320,Low Price,unit_price,Suspiciously low unit price (6.07)
1010880777,Low Price,unit_price,Suspiciously low unit price (6.36)
1046250690,Low Price,unit_price,Suspiciously low unit price (6.63)
1038194848,Low Price,unit_price,Suspiciously low unit price (8.47)
1043054805,Low Price,unit_price,Suspiciously low unit price (8.47)
1292207424,Low Price,unit_price,Suspiciously low unit price (31.6)
1807563614,Low Price,unit_price,Suspiciously low unit price (0.22)
1862023587,Low Price,unit_price,Suspiciously low unit price (0.22)
1267652589,Low Price,unit_price,Suspiciously low unit price (2.12)
1351408560,Low Price,unit_price,Suspiciously low unit price (8.0)
1056954671,Low Price,unit_price,Suspiciously low unit price (8.81)
1053939001,Low Price,unit_price,Suspiciously low unit price (7.57)
1644527103,Low Price,unit_price,Suspiciously low unit price (15.72)
1485340216,Low Price,unit_price,Suspiciously low unit price (22.5)
1374671353,Low Price,unit_price,Suspiciously low unit price (15.0)
1443306548,Low Price,unit_price,Suspiciously low unit price (15.0)
1187750980,Low Price,unit_price,Suspiciously low unit price (19.2)
1030942804,Low Price,unit_price,Suspiciously low unit price (27.34)
1795621822,Low Price,unit_price,Suspiciously low unit price (31.81)
1053428528,Low Price,unit_price,Suspiciously low unit price (39.86)
1115181133,Low Price,unit_price,Suspiciously low unit price (0.11)
1534329195,Low Price,unit_price,Suspiciously low unit price (21.21)
1067256885,Low Price,unit_price,Suspiciously low unit price (26.5)
1494545875,Low Price,unit_price,Suspiciously low unit price (35.18)
1231386255,Low Price,unit_price,Suspiciously low unit price (4.47)
1127457751,Low Price,unit_price,Suspiciously low unit price (1.65)
1389067099,Low Price,unit_price,Suspiciously low unit price (41.83)
1280712088,Low Price,unit_price,Suspiciously low unit price (41.83)
1215034626,Low Price,unit_price,Suspiciously low unit price (43.4)
1071181506,Low Price,unit_price,Suspiciously low unit price (43.4)
1172960243,Low Price,unit_price,Suspiciously low unit price (0.11)
1292194811,Low Price,unit_price,Suspiciously low unit price (2.14)
1539517585,Low Price,unit_price,Suspiciously low unit price (2.61)
1139905292,Low Price,unit_price,Suspiciously low unit price (2.91)
1364055441,Low Price,unit_price,Suspiciously low unit price (10.0)
1136442282,Low Price,unit_price,Suspiciously low unit price (2.74)
1094279076,Low Price,unit_price,Suspiciously low unit price (37.25)
1310660944,Low Price,unit_price,Suspiciously low unit price (37.25)
1497072634,Low Price,unit_price,Suspiciously low unit price (6.15)
1490322559,Low Price,unit_price,Suspiciously low unit price (19.02)
1331644056,Low Price,unit_price,Suspiciously low unit price (18.73)
1222830288,Low Price,unit_price,Suspiciously low unit price (1.9)
1282548895,Low Price,unit_price,Suspiciously low unit price (10.09)
1309195624,Low Price,unit_price,Suspiciously low unit price (4.94)
1263276541,Low Price,unit_price,Suspiciously low unit price (10.11)
1143999014,Low Price,unit_price,Suspiciously low unit price (11.93)
1100042067,Low Price,unit_price,Suspiciously low unit price (43.72)
1037904506,Low Price,unit_price,Suspiciously low unit price (0.11)
1167288634,Low Price,unit_price,Suspiciously low unit price (1.13)
1448465209,Low Price,unit_price,Suspiciously low unit price (2.11)
1110020780,Low Price,unit_price,Suspiciously low unit price (3.24)
1266051126,Low Price,unit_price,Suspiciously low unit price (3.67)
1115063087,Low Price,unit_price,Suspiciously low unit price (4.68)
1332975658,Low Price,unit_price,Suspiciously low unit price (4.68)
1179509210,Low Price,unit_price,Suspiciously low unit price (5.3)
1361012104,Low Price,unit_price,Suspiciously low unit price (5.35)
1337425009,Low Price,unit_price,Suspiciously low unit price (21.6)
1140661672,Low Price,unit_price,Suspiciously low unit price (24.5)
1526143491,Low Price,unit_price,Suspiciously low unit price (0.27)
1582955141,Low Price,unit_price,Suspiciously low unit price (13.42)
1165465793,Low Price,unit_price,Suspiciously low unit price (8.64)
1042790334,Low Price,unit_price,Suspiciously low unit price (0.17)
1047575787,Low Price,unit_price,Suspiciously low unit price (3.24)
1109964798,Low Price,unit_price,Suspiciously low unit price (15.94)
1056533901,Low Price,unit_price,Suspiciously low unit price (2.06)
1182081361,Low Price,unit_price,Suspiciously low unit price (2.06)
1057766075,Low Price,unit_price,Suspiciously low unit price (42.62)
1032124597,Low Price,unit_price,Suspiciously low unit price (0.25)
1142775299,Low Price,unit_price,Suspiciously low unit price (13.53)
1236370249,Low Price,unit_price,Suspiciously low unit price (27.02)
1058974297,Low Price,unit_price,Suspiciously low unit price (42.1)
1193599867,Low Price,unit_price,Suspiciously low unit price (12.95)
1038741347,Low Price,unit_price,Suspiciously low unit price (16.09)
1146564077,Low Price,unit_price,Suspiciously low unit price (17.43)
1042377530,Low Price,unit_price,Suspiciously low unit price (18.98)
1021026149,Low Price,unit_price,Suspiciously low unit price (44.85)
1081840145,Low Price,unit_price,Suspiciously low unit price (4.88)
1170885887,Low Price,unit_price,Suspiciously low unit price (44.92)
1271089566,Low Price,unit_price,Suspiciously low unit price (44.92)
1255241690,Low Price,unit_price,Suspiciously low unit price (44.92)
1231031687,Low Price,unit_price,Suspiciously low unit price (44.92)
1111764349,Low Price,unit_price,Suspiciously low unit price (44.92)
1079617156,Low Price,unit_price,Suspiciously low unit price (44.92)
1120821567,Low Price,unit_price,Suspiciously low unit price (44.92)
1010033373,Low Price,unit_price,Suspiciously low unit price (44.92)
1032230501,Low Price,unit_price,Suspiciously low unit price (44.92)
1025231966,Low Price,unit_price,Suspiciously low unit price (44.92)
1268833777,Low Price,unit_price,Suspiciously low unit price (44.92)
1301914590,Low Price,unit_price,Suspiciously low unit price (44.92)
1134055814,Low Price,unit_price,Suspiciously low unit price (44.92)
1259691675,Low Price,unit_price,Suspiciously low unit price (44.92)
1109637182,Low Price,unit_price,Suspiciously low unit price (44.92)
1018682271,Low Price,unit_price,Suspiciously low unit price (44.92)
1299972182,Low Price,unit_price,Suspiciously low unit price (47.32)
1214927367,Low Price,unit_price,Suspiciously low unit price (47.32)
1258221504,Low Price,unit_price,Suspiciously low unit price (47.32)
1243183311,Low Price,unit_price,Suspiciously low unit price (47.32)
1070096160,Low Price,unit_price,Suspiciously low unit price (47.32)
1184457644,Low Price,unit_price,Suspiciously low unit price (47.32)
1222261240,Low Price,unit_price,Suspiciously low unit price (47.32)
1154378966,Low Price,unit_price,Suspiciously low unit price (47.32)
1151453022,Low Price,unit_price,Suspiciously low unit price (47.32)
1290078301,Low Price,unit_price,Suspiciously low unit price (47.32)
1098596475,Low Price,unit_price,Suspiciously low unit price (47.32)
1158099989,Low Price,unit_price,Suspiciously low unit price (47.32)
1074230589,Low Price,unit_price,Suspiciously low unit price (1.14)
1304054691,Low Price,unit_price,Suspiciously low unit price (1.52)
1365892704,Low Price,unit_price,Suspiciously low unit price (3.48)
1191886168,Low Price,unit_price,Suspiciously low unit price (1.62)
1208332819,Low Price,unit_price,Suspiciously low unit price (16.81)
1266000540,Low Price,unit_price,Suspiciously low unit price (16.81)
1131601199,Low Price,unit_price,Suspiciously low unit price (3.79)
1107133592,Low Price,unit_price,Suspiciously low unit price (41.93)
1147670989,Low Price,unit_price,Suspiciously low unit price (2.51)
1044268154,Low Price,unit_price,Suspiciously low unit price (8.51)
1175088907,Low Price,unit_price,Suspiciously low unit price (0.61)
1081287714,Low Price,unit_price,Suspiciously low unit price (1.6)
1042351189,Low Price,unit_price,Suspiciously low unit price (8.38)
1043504735,Low Price,unit_price,Suspiciously low unit price (44.67)
1268121098,Low Price,unit_price,Suspiciously low unit price (46.94)
1104948668,Low Price,unit_price,Suspiciously low unit price (0.1)
1130263141,Low Price,unit_price,Suspiciously low unit price (7.29)
1221846470,Low Price,unit_price,Suspiciously low unit price (49.05)
1192601414,Low Price,unit_price,Suspiciously low unit price (0.61)
1162004161,Low Price,unit_price,Suspiciously low unit price (0.61)
1043462359,Low Price,unit_price,Suspiciously low unit price (46.7)
1206868374,Low Price,unit_price,Suspiciously low unit price (47.0)
1022980909,Low Price,unit_price,Suspiciously low unit price (1.62)
1106659824,Low Price,unit_price,Suspiciously low unit price (1.64)
1005820496,Low Price,unit_price,Suspiciously low unit price (49.05)
1198982233,Low Price,unit_price,Suspiciously low unit price (1.77)
1132959917,Low Price,unit_price,Suspiciously low unit price (5.79)
1022722570,Low Price,unit_price,Suspiciously low unit price (33.02)
1166531296,Low Price,unit_price,Suspiciously low unit price (9.51)
1166531296,Low Price,unit_price,Suspiciously low unit price (9.51)
1078657678,Low Price,unit_price,Suspiciously low unit price (22.6)
1118016063,Low Price,unit_price,Suspiciously low unit price (25.48)
1013077490,Low Price,unit_price,Suspiciously low unit price (28.82)
1155696613,Low Price,unit_price,Suspiciously low unit price (1.76)
1124487584,Low Price,unit_price,Suspiciously low unit price (33.05)
1206931856,Low Price,unit_price,Suspiciously low unit price (0.59)
1147949303,Low Price,unit_price,Suspiciously low unit price (4.35)
1185872441,Low Price,unit_price,Suspiciously low unit price (19.09)
1174989819,Low Price,unit_price,Suspiciously low unit price (19.93)
1211926724,Low Price,unit_price,Suspiciously low unit price (37.43)
1064990398,Low Price,unit_price,Suspiciously low unit price (42.53)
1025721336,Low Price,unit_price,Suspiciously low unit price (47.94)
1187147533,Low Price,unit_price,Suspiciously low unit price (18.3)
1015408139,Low Price,unit_price,Suspiciously low unit price (12.36)
1077570440,Low Price,unit_price,Suspiciously low unit price (1.04)
1067932207,Low Price,unit_price,Suspiciously low unit price (5.25)
1073706796,Low Price,unit_price,Suspiciously low unit price (17.8)
1035458363,Low Price,unit_price,Suspiciously low unit price (0.33)
1054927343,Low Price,unit_price,Suspiciously low unit price (5.89)
1177759736,Low Price,unit_price,Suspiciously low unit price (18.3)
1039778793,Low Price,unit_price,Suspiciously low unit price (5.41)
1145202028,Low Price,unit_price,Suspiciously low unit price (42.0)
1148254816,Low Price,unit_price,Suspiciously low unit price (42.0)
1007995415,Low Price,unit_price,Suspiciously low unit price (49.93)
1096488471,Low Price,unit_price,Suspiciously low unit price (8.49)
1111019843,Low Price,unit_price,Suspiciously low unit price (5.6)
1013471916,Low Price,unit_price,Suspiciously low unit price (2.15)
1029054936,Low Price,unit_price,Suspiciously low unit price (0.35)
1111447896,Low Price,unit_price,Suspiciously low unit price (8.63)
1087009482,Low Price,unit_price,Suspiciously low unit price (23.38)
1177947688,Low Price,unit_price,Suspiciously low unit price (23.26)
1083158541,Low Price,unit_price,Suspiciously low unit price (46.29)
1036233366,Low Price,unit_price,Suspiciously low unit price (2.28)
1173380939,Low Price,unit_price,Suspiciously low unit price (4.49)
1054081972,Low Price,unit_price,Suspiciously low unit price (23.44)
1144351389,Low Price,unit_price,Suspiciously low unit price (23.44)
1097425580,Low Price,unit_price,Suspiciously low unit price (45.54)
1087252935,Low Price,unit_price,Suspiciously low unit price (12.5)
1152063119,Low Price,unit_price,Suspiciously low unit price (37.75)
1157609652,Low Price,unit_price,Suspiciously low unit price (0.13)
1172670534,Low Price,unit_price,Suspiciously low unit price (2.57)
1164528714,Low Price,unit_price,Suspiciously low unit price (1.4)
1128504263,Low Price,unit_price,Suspiciously low unit price (1.45)
1159726174,Low Price,unit_price,Suspiciously low unit price (1.99)
1150264861,Low Price,unit_price,Suspiciously low unit price (2.45)
1047944988,Low Price,unit_price,Suspiciously low unit price (3.69)
1091442038,Low Price,unit_price,Suspiciously low unit price (4.47)
1009177370,Low Price,unit_price,Suspiciously low unit price (7.15)
1163428612,Low Price,unit_price,Suspiciously low unit price (11.96)
1162775545,Low Price,unit_price,Suspiciously low unit price (32.06)
1035859071,Low Price,unit_price,Suspiciously low unit price (33.27)
1044800245,Low Price,unit_price,Suspiciously low unit price (2.45)
1027659792,Low Price,unit_price,Suspiciously low unit price (5.41)
1150599417,Low Price,unit_price,Suspiciously low unit price (12.27)
1123303617,Low Price,unit_price,Suspiciously low unit price (33.77)
1133691727,Low Price,unit_price,Suspiciously low unit price (5.63)
1067639547,Low Price,unit_price,Suspiciously low unit price (15.58)
1023501591,Low Price,unit_price,Suspiciously low unit price (26.37)
1089398751,Low Price,unit_price,Suspiciously low unit price (10.37)
1041904361,Low Price,unit_price,Suspiciously low unit price (0.0)
1138138529,Low Price,unit_price,Suspiciously low unit price (8.41)
1052326435,Low Price,unit_price,Suspiciously low unit price (8.41)
1036498243,Low Price,unit_price,Suspiciously low unit price (17.88)
1003485806,Low Price,unit_price,Suspiciously low unit price (18.25)
1084949446,Low Price,unit_price,Suspiciously low unit price (0.1)
1026066437,Low Price,unit_price,Suspiciously low unit price (0.25)
1045530774,Low Price,unit_price,Suspiciously low unit price (5.5)
1130417562,Low Price,unit_price,Suspiciously low unit price (38.47)
1028378185,Low Price,unit_price,Suspiciously low unit price (26.05)
1071845194,Low Price,unit_price,Suspiciously low unit price (0.18)
1158406959,Low Price,unit_price,Suspiciously low unit price (7.09)
1156400997,Low Price,unit_price,Suspiciously low unit price (49.72)
1072936590,Low Price,unit_price,Suspiciously low unit price (2.01)
1089310410,Low Price,unit_price,Suspiciously low unit price (9.28)
1003611485,Low Price,unit_price,Suspiciously low unit price (9.89)
1026546581,Low Price,unit_price,Suspiciously low unit price (13.35)
1050434908,Low Price,unit_price,Suspiciously low unit price (44.69)
1027802494,Low Price,unit_price,Suspiciously low unit price (2.41)
1024371679,Low Price,unit_price,Suspiciously low unit price (10.12)
1120357751,Low Price,unit_price,Suspiciously low unit price (13.22)
1028405601,Low Price,unit_price,Suspiciously low unit price (14.4)
1084846901,Low Price,unit_price,Suspiciously low unit price (18.52)
1128214449,Low Price,unit_price,Suspiciously low unit price (33.29)
1030395961,Low Price,unit_price,Suspiciously low unit price (0.32)
1032307657,Low Price,unit_price,Suspiciously low unit price (49.19)
1030361701,Low Price,unit_price,Suspiciously low unit price (4.51)
1025897715,Low Price,unit_price,Suspiciously low unit price (6.31)
1022818310,Low Price,unit_price,Suspiciously low unit price (6.92)
1062425804,Low Price,unit_price,Suspiciously low unit price (7.02)
1066350313,Low Price,unit_price,Suspiciously low unit price (11.02)
1038372121,Low Price,unit_price,Suspiciously low unit price (13.84)
1032936423,Low Price,unit_price,Suspiciously low unit price (14.7)
1043720721,Low Price,unit_price,Suspiciously low unit price (36.24)
1111323291,Low Price,unit_price,Suspiciously low unit price (49.73)
1020353047,Low Price,unit_price,Suspiciously low unit price (4.09)
1047031363,Low Price,unit_price,Suspiciously low unit price (18.21)
1043981950,Low Price,unit_price,Suspiciously low unit price (12.4)
1103932160,Low Price,unit_price,Suspiciously low unit price (4.46)
1092632058,Low Price,unit_price,Suspiciously low unit price (4.46)
1071449453,Low Price,unit_price,Suspiciously low unit price (0.11)
1034343258,Low Price,unit_price,Suspiciously low unit price (18.13)
1093613979,Low Price,unit_price,Suspiciously low unit price (41.42)
1110542940,Low Price,unit_price,Suspiciously low unit price (6.34)
1053056224,Low Price,unit_price,Suspiciously low unit price (13.83)
1025768639,Low Price,unit_price,Suspiciously low unit price (32.36)
1558060679,Low Price,unit_price,Suspiciously low unit price (2.64)
1566135259,Low Price,unit_price,Suspiciously low unit price (2.64)
1020666283,Low Price,unit_price,Suspiciously low unit price (0.89)
1634473263,Low Price,unit_price,Suspiciously low unit price (4.81)
1608953870,Low Price,unit_price,Suspiciously low unit price (10.93)
1079566903,Low Price,unit_price,Suspiciously low unit price (0.11)
1665342443,Low Price,unit_price,Suspiciously low unit price (0.65)
1522509786,Low Price,unit_price,Suspiciously low unit price (2.41)
1222424292,Low Price,unit_price,Suspiciously low unit price (2.81)
1743113483,Low Price,unit_price,Suspiciously low unit price (26.86)
1355853920,Low Price,unit_price,Suspiciously low unit price (0.11)
1444468577,Low Price,unit_price,Suspiciously low unit price (5.07)
1528035697,Low Price,unit_price,Suspiciously low unit price (5.07)
1699856719,Low Price,unit_price,Suspiciously low unit price (5.07)
1861067456,Low Price,unit_price,Suspiciously low unit price (49.78)
1030157820,Low Price,unit_price,Suspiciously low unit price (5.01)
1388356600,Low Price,unit_price,Suspiciously low unit price (10.47)
1239365260,Low Price,unit_price,Suspiciously low unit price (11.79)
1088334849,Low Price,unit_price,Suspiciously low unit price (9.6)
1262772229,Low Price,unit_price,Suspiciously low unit price (9.6)
1745628908,Low Price,unit_price,Suspiciously low unit price (16.94)
1581359013,Low Price,unit_price,Suspiciously low unit price (26.63)
1059918425,Low Price,unit_price,Suspiciously low unit price (35.95)
1177866075,Low Price,unit_price,Suspiciously low unit price (0.11)
1509811184,Low Price,unit_price,Suspiciously low unit price (5.13)
1003727569,Low Price,unit_price,Suspiciously low unit price (3.7)
1527802641,Low Price,unit_price,Suspiciously low unit price (19.15)
1519841639,Low Price,unit_price,Suspiciously low unit price (39.95)
1477258258,Low Price,unit_price,Suspiciously low unit price (0.56)
1360272879,Low Price,unit_price,Suspiciously low unit price (4.32)
1049438516,Low Price,unit_price,Suspiciously low unit price (14.76)
1074972645,Low Price,unit_price,Suspiciously low unit price (14.76)
1076788340,Low Price,unit_price,Suspiciously low unit price (14.76)
1074149823,Low Price,unit_price,Suspiciously low unit price (14.76)
1031037146,Low Price,unit_price,Suspiciously low unit price (14.76)
1027011971,Low Price,unit_price,Suspiciously low unit price (14.76)
1034674234,Low Price,unit_price,Suspiciously low unit price (14.76)
1069752580,Low Price,unit_price,Suspiciously low unit price (14.76)
1054136418,Low Price,unit_price,Suspiciously low unit price (14.76)
1061904545,Low Price,unit_price,Suspiciously low unit price (14.76)
1013539546,Low Price,unit_price,Suspiciously low unit price (14.76)
1035405919,Low Price,unit_price,Suspiciously low unit price (14.76)
1087971529,Low Price,unit_price,Suspiciously low unit price (14.76)
1066106626,Low Price,unit_price,Suspiciously low unit price (14.76)
1052266687,Low Price,unit_price,Suspiciously low unit price (14.76)
1025955865,Low Price,unit_price,Suspiciously low unit price (14.76)
1062117572,Low Price,unit_price,Suspiciously low unit price (14.76)
1074924452,Low Price,unit_price,Suspiciously low unit price (14.76)
1084322472,Low Price,unit_price,Suspiciously low unit price (14.76)
1058423538,Low Price,unit_price,Suspiciously low unit price (14.76)
1084809035,Low Price,unit_price,Suspiciously low unit price (14.76)
1073627115,Low Price,unit_price,Suspiciously low unit price (14.76)
1094442175,Low Price,unit_price,Suspiciously low unit price (14.76)
1034261911,Low Price,unit_price,Suspiciously low unit price (14.76)
1016654858,Low Price,unit_price,Suspiciously low unit price (14.76)
1075702453,Low Price,unit_price,Suspiciously low unit price (14.76)
1087144468,Low Price,unit_price,Suspiciously low unit price (14.76)
1070538917,Low Price,unit_price,Suspiciously low unit price (14.76)
1055495045,Low Price,unit_price,Suspiciously low unit price (14.76)
1016319489,Low Price,unit_price,Suspiciously low unit price (14.76)
1048786397,Low Price,unit_price,Suspiciously low unit price (15.01)
1037293364,Low Price,unit_price,Suspiciously low unit price (15.01)
1072283464,Low Price,unit_price,Suspiciously low unit price (15.01)
1052490655,Low Price,unit_price,Suspiciously low unit price (15.38)
1099386567,Low Price,unit_price,Suspiciously low unit price (15.38)
1019582662,Low Price,unit_price,Suspiciously low unit price (15.38)
1099915674,Low Price,unit_price,Suspiciously low unit price (15.88)
1003793042,Low Price,unit_price,Suspiciously low unit price (15.88)
1002315690,Low Price,unit_price,Suspiciously low unit price (15.88)
1014691245,Low Price,unit_price,Suspiciously low unit price (16.39)
1027668937,Low Price,unit_price,Suspiciously low unit price (16.39)
1094861629,Low Price,unit_price,Suspiciously low unit price (16.39)
1092297470,Low Price,unit_price,Suspiciously low unit price (17.14)
1057014896,Low Price,unit_price,Suspiciously low unit price (17.14)
1072250695,Low Price,unit_price,Suspiciously low unit price (18.26)
1002571258,Low Price,unit_price,Suspiciously low unit price (18.26)
1080626191,Low Price,unit_price,Suspiciously low unit price (18.26)
1016839028,Low Price,unit_price,Suspiciously low unit price (19.82)
1038917378,Low Price,unit_price,Suspiciously low unit price (19.82)
1087607419,Low Price,unit_price,Suspiciously low unit price (19.82)
1059249283,Low Price,unit_price,Suspiciously low unit price (20.76)
1078577688,Low Price,unit_price,Suspiciously low unit price (20.76)
1082655073,Low Price,unit_price,Suspiciously low unit price (20.76)
1057737593,Low Price,unit_price,Suspiciously low unit price (22.01)
1036561932,Low Price,unit_price,Suspiciously low unit price (22.01)
1100045117,Low Price,unit_price,Suspiciously low unit price (22.01)
1075165507,Low Price,unit_price,Suspiciously low unit price (25.02)
1046138893,Low Price,unit_price,Suspiciously low unit price (25.02)
1018368171,Low Price,unit_price,Suspiciously low unit price (25.02)
1099388420,Low Price,unit_price,Suspiciously low unit price (25.45)
1057755938,Low Price,unit_price,Suspiciously low unit price (25.45)
1063130422,Low Price,unit_price,Suspiciously low unit price (25.45)
1098283638,Low Price,unit_price,Suspiciously low unit price (25.45)
1018826672,Low Price,unit_price,Suspiciously low unit price (25.89)
1022401614,Low Price,unit_price,Suspiciously low unit price (25.89)
1025386723,Low Price,unit_price,Suspiciously low unit price (25.89)
1015233989,Low Price,unit_price,Suspiciously low unit price (28.77)
1086216871,Low Price,unit_price,Suspiciously low unit price (28.77)
1071667169,Low Price,unit_price,Suspiciously low unit price (28.77)
1079202692,Low Price,unit_price,Suspiciously low unit price (29.83)
1061067535,Low Price,unit_price,Suspiciously low unit price (29.83)
1006251379,Low Price,unit_price,Suspiciously low unit price (29.83)
1234275164,Low Price,unit_price,Suspiciously low unit price (9.61)
1342751737,Low Price,unit_price,Suspiciously low unit price (9.61)
1498283780,Low Price,unit_price,Suspiciously low unit price (27.15)
1698772100,Low Price,unit_price,Suspiciously low unit price (29.89)
1603718581,Low Price,unit_price,Suspiciously low unit price (29.89)
1821207720,Low Price,unit_price,Suspiciously low unit price (32.18)
1354896941,Low Price,unit_price,Suspiciously low unit price (35.31)
1373002435,Low Price,unit_price,Suspiciously low unit price (0.89)
1050462220,Low Price,unit_price,Suspiciously low unit price (7.41)
1444084342,Low Price,unit_price,Suspiciously low unit price (17.89)
1403776931,Low Price,unit_price,Suspiciously low unit price (19.94)
1007481111,Low Price,unit_price,Suspiciously low unit price (14.34)
1188172677,Low Price,unit_price,Suspiciously low unit price (47.24)
1002918247,Low Price,unit_price,Suspiciously low unit price (10.66)
1270193561,Low Price,unit_price,Suspiciously low unit price (13.6)
1043799593,Low Price,unit_price,Suspiciously low unit price (32.3)
1424958289,Low Price,unit_price,Suspiciously low unit price (2.34)
1459539021,Low Price,unit_price,Suspiciously low unit price (13.98)
1070261697,Low Price,unit_price,Suspiciously low unit price (15.98)
1394777371,Low Price,unit_price,Suspiciously low unit price (17.98)
1148496093,Low Price,unit_price,Suspiciously low unit price (35.96)
1531791098,Low Price,unit_price,Suspiciously low unit price (39.95)
1384207455,Low Price,unit_price,Suspiciously low unit price (39.96)
1318332757,Low Price,unit_price,Suspiciously low unit price (43.95)
1202770801,Low Price,unit_price,Suspiciously low unit price (43.96)
1303959497,Low Price,unit_price,Suspiciously low unit price (9.1)
1060849998,Low Price,unit_price,Suspiciously low unit price (12.26)
1421056885,Low Price,unit_price,Suspiciously low unit price (12.73)
1041287010,Low Price,unit_price,Suspiciously low unit price (6.4)
1494429341,Low Price,unit_price,Suspiciously low unit price (14.69)
1093804396,Low Price,unit_price,Suspiciously low unit price (35.27)
1200712389,Low Price,unit_price,Suspiciously low unit price (35.27)
1106248880,Low Price,unit_price,Suspiciously low unit price (35.27)
1549029460,Low Price,unit_price,Suspiciously low unit price (7.35)
1009082829,Low Price,unit_price,Suspiciously low unit price (13.95)
1311322132,Low Price,unit_price,Suspiciously low unit price (10.25)
1437471216,Low Price,unit_price,Suspiciously low unit price (18.48)
1111685207,Low Price,unit_price,Suspiciously low unit price (31.16)
1057983840,Low Price,unit_price,Suspiciously low unit price (39.34)
1606465683,Low Price,unit_price,Suspiciously low unit price (2.33)
1020042005,Low Price,unit_price,Suspiciously low unit price (35.35)
1278473878,Low Price,unit_price,Suspiciously low unit price (2.55)
1485819254,Low Price,unit_price,Suspiciously low unit price (5.1)
1458543991,Low Price,unit_price,Suspiciously low unit price (16.1)
1181965175,Low Price,unit_price,Suspiciously low unit price (1.48)
1330453748,Low Price,unit_price,Suspiciously low unit price (4.47)
1290175228,Low Price,unit_price,Suspiciously low unit price (6.93)
1250909950,Low Price,unit_price,Suspiciously low unit price (11.74)
1239496427,Low Price,unit_price,Suspiciously low unit price (14.92)
1031355657,Low Price,unit_price,Suspiciously low unit price (46.4)
1306705979,Low Price,unit_price,Suspiciously low unit price (14.83)
1073133599,Low Price,unit_price,Suspiciously low unit price (12.71)
1095940526,Low Price,unit_price,Suspiciously low unit price (0.63)
1114952915,Low Price,unit_price,Suspiciously low unit price (5.91)
1158570569,Low Price,unit_price,Suspiciously low unit price (34.71)
1090706965,Low Price,unit_price,Suspiciously low unit price (35.98)
1114454160,Low Price,unit_price,Suspiciously low unit price (8.28)
1032836438,Low Price,unit_price,Suspiciously low unit price (28.19)
1126161400,Low Price,unit_price,Suspiciously low unit price (48.93)
1081377280,Low Price,unit_price,Suspiciously low unit price (38.04)
1112562089,Low Price,unit_price,Suspiciously low unit price (4.58)
1160920847,Low Price,unit_price,Suspiciously low unit price (31.07)
1058046261,Low Price,unit_price,Suspiciously low unit price (32.02)
1232664351,Low Price,unit_price,Suspiciously low unit price (32.02)
1109329133,Low Price,unit_price,Suspiciously low unit price (32.02)
1191025698,Low Price,unit_price,Suspiciously low unit price (32.02)
1109202560,Low Price,unit_price,Suspiciously low unit price (32.02)
1176009257,Low Price,unit_price,Suspiciously low unit price (32.02)
1105018317,Low Price,unit_price,Suspiciously low unit price (32.02)
1113067997,Low Price,unit_price,Suspiciously low unit price (32.02)
1170984975,Low Price,unit_price,Suspiciously low unit price (32.02)
1211206364,Low Price,unit_price,Suspiciously low unit price (32.02)
1082994788,Low Price,unit_price,Suspiciously low unit price (45.32)
1012693490,Low Price,unit_price,Suspiciously low unit price (46.8)
1180599840,Low Price,unit_price,Suspiciously low unit price (48.34)
1250610206,Low Price,unit_price,Suspiciously low unit price (48.34)
1233730423,Low Price,unit_price,Suspiciously low unit price (48.34)
1181814811,Low Price,unit_price,Suspiciously low unit price (48.34)
1052384891,Low Price,unit_price,Suspiciously low unit price (48.34)
1199213989,Low Price,unit_price,Suspiciously low unit price (12.85)
1005991452,Low Price,unit_price,Suspiciously low unit price (25.38)
1080056239,Low Price,unit_price,Suspiciously low unit price (36.42)
1046979168,Low Price,unit_price,Suspiciously low unit price (48.93)
1097569160,Low Price,unit_price,Suspiciously low unit price (2.48)
1030720862,Low Price,unit_price,Suspiciously low unit price (48.31)
1076194324,Low Price,unit_price,Suspiciously low unit price (29.41)
1072345204,Low Price,unit_price,Suspiciously low unit price (48.31)
1081205130,Low Price,unit_price,Suspiciously low unit price (49.5)
103755519450,Low Price,unit_price,Suspiciously low unit price (1.0)
2612202033079900,Low Price,unit_price,Suspiciously low unit price (4.96)
2612202033079900,Low Price,unit_price,Suspiciously low unit price (4.96)
2612202033079900,Low Price,unit_price,Suspiciously low unit price (4.96)
2612202033079900,Low Price,unit_price,Suspiciously low unit price (4.96)
2612202032037500,Low Price,unit_price,Suspiciously low unit price (7.8)
2612202032037500,Low Price,unit_price,Suspiciously low unit price (23.32)
2612202032037500,Low Price,unit_price,Suspiciously low unit price (23.32)
2412202033233600,Low Price,unit_price,Suspiciously low unit price (18.39)
2412202033233500,Low Price,unit_price,Suspiciously low unit price (23.67)
2412202033233600,Low Price,unit_price,Suspiciously low unit price (46.03)
221220209444540,Low Price,unit_price,Suspiciously low unit price (0.0)
2212202030089400,Low Price,unit_price,Suspiciously low unit price (31.71)
2212202030089400,Low Price,unit_price,Suspiciously low unit price (31.71)
2112202030065700,Low Price,unit_price,Suspiciously low unit price (23.39)
2112202030065700,Low Price,unit_price,Suspiciously low unit price (23.39)
1812202032971300,Low Price,unit_price,Suspiciously low unit price (5.6)
1712202033232500,Low Price,unit_price,Suspiciously low unit price (37.0)
SHKK484910388951,Low Price,unit_price,Suspiciously low unit price (0.0)
1112202010555900,Low Price,unit_price,Suspiciously low unit price (0.0)
0812202032433880,Low Price,unit_price,Suspiciously low unit price (0.11)
103706892550,Low Price,unit_price,Suspiciously low unit price (29.57)
FTNVMDS000003259,Low Price,unit_price,Suspiciously low unit price (0.0)
0712202032700103,Low Price,unit_price,Suspiciously low unit price (2.14)
0712202032700112,Low Price,unit_price,Suspiciously low unit price (2.84)
0712202032700102,Low Price,unit_price,Suspiciously low unit price (3.16)
0712202033390040,Low Price,unit_price,Suspiciously low unit price (6.3)
0412202030207513,Low Price,unit_price,Suspiciously low unit price (49.34)
3011202029106800,Low Price,unit_price,Suspiciously low unit price (0.1)
3011202029105000,Low Price,unit_price,Suspiciously low unit price (0.1)
3011202029103600,Low Price,unit_price,Suspiciously low unit price (0.1)
2311202029748400,Low Price,unit_price,Suspiciously low unit price (8.22)
2011202029305900,Low Price,unit_price,Suspiciously low unit price (0.1)
2011202028114800,Low Price,unit_price,Suspiciously low unit price (2.7)
2011202028114800,Low Price,unit_price,Suspiciously low unit price (2.7)
2011202028114800,Low Price,unit_price,Suspiciously low unit price (2.7)
2011202028114800,Low Price,unit_price,Suspiciously low unit price (2.7)
2011202029306000,Low Price,unit_price,Suspiciously low unit price (4.05)
2011202027037800,Low Price,unit_price,Suspiciously low unit price (38.4)
1911202029665100,Low Price,unit_price,Suspiciously low unit price (16.22)
1911202029674200,Low Price,unit_price,Suspiciously low unit price (37.5)
181120207638880,Low Price,unit_price,Suspiciously low unit price (0.0)
NAQALBAL0184021V,Low Price,unit_price,Suspiciously low unit price (0.0)
1611202028028300,Low Price,unit_price,Suspiciously low unit price (41.16)
1611202028028300,Low Price,unit_price,Suspiciously low unit price (47.74)
1411202027395000,Low Price,unit_price,Suspiciously low unit price (5.15)
1211202029288000,Low Price,unit_price,Suspiciously low unit price (15.45)
1011202026913900,Low Price,unit_price,Suspiciously low unit price (43.04)
1011202026915600,Low Price,unit_price,Suspiciously low unit price (44.79)
0411202029170885,Low Price,unit_price,Suspiciously low unit price (14.86)
0411202028700318,Low Price,unit_price,Suspiciously low unit price (47.0)
301020206297120,Low Price,unit_price,Suspiciously low unit price (0.0)
3010202026100200,Low Price,unit_price,Suspiciously low unit price (38.42)
2910202026697400,Low Price,unit_price,Suspiciously low unit price (8.08)
2810202024634200,Low Price,unit_price,Suspiciously low unit price (36.57)
2810202024634200,Low Price,unit_price,Suspiciously low unit price (36.57)
271020205776000,Low Price,unit_price,Suspiciously low unit price (0.0)
2410202026618800,Low Price,unit_price,Suspiciously low unit price (10.14)
2410202023993900,Low Price,unit_price,Suspiciously low unit price (29.67)
2410202023993900,Low Price,unit_price,Suspiciously low unit price (29.67)
2210202025023800,Low Price,unit_price,Suspiciously low unit price (10.52)
2110202026567200,Low Price,unit_price,Suspiciously low unit price (47.22)
2110202023955500,Low Price,unit_price,Suspiciously low unit price (49.95)
2010202025678500,Low Price,unit_price,Suspiciously low unit price (3.61)
2010202025678500,Low Price,unit_price,Suspiciously low unit price (3.61)
2010202025678500,Low Price,unit_price,Suspiciously low unit price (3.98)
2010202025678500,Low Price,unit_price,Suspiciously low unit price (3.98)
103604179450,Low Price,unit_price,Suspiciously low unit price (7.09)
MAEU204866261,Low Price,unit_price,Suspiciously low unit price (0.0)
MAEU204822672,Low Price,unit_price,Suspiciously low unit price (0.0)
1610202023750400,Low Price,unit_price,Suspiciously low unit price (0.54)
1610202024312300,Low Price,unit_price,Suspiciously low unit price (7.45)
161020202922880,Low Price,unit_price,Suspiciously low unit price (8.24)
151020205775250,Low Price,unit_price,Suspiciously low unit price (0.0)
1510202024901300,Low Price,unit_price,Suspiciously low unit price (4.1)
1410202024289100,Low Price,unit_price,Suspiciously low unit price (13.26)
1410202024289100,Low Price,unit_price,Suspiciously low unit price (13.26)
1310202023879000,Low Price,unit_price,Suspiciously low unit price (11.49)
1210202024841500,Low Price,unit_price,Suspiciously low unit price (40.59)
0910202024584947,Low Price,unit_price,Suspiciously low unit price (15.95)
0910202024584947,Low Price,unit_price,Suspiciously low unit price (15.95)
0510202024723466,Low Price,unit_price,Suspiciously low unit price (2.5)
0510202024723466,Low Price,unit_price,Suspiciously low unit price (2.5)
0510202026336208,Low Price,unit_price,Suspiciously low unit price (10.27)
0510202026336208,Low Price,unit_price,Suspiciously low unit price (10.27)
0510202026327499,Low Price,unit_price,Suspiciously low unit price (18.0)
0510202026327491,Low Price,unit_price,Suspiciously low unit price (20.46)
0110202025766756,Low Price,unit_price,Suspiciously low unit price (0.11)
3009202021752800,Low Price,unit_price,Suspiciously low unit price (15.94)
3009202021752800,Low Price,unit_price,Suspiciously low unit price (15.94)
3009202021750700,Low Price,unit_price,Suspiciously low unit price (16.19)
3009202021750700,Low Price,unit_price,Suspiciously low unit price (16.19)
3009202021752800,Low Price,unit_price,Suspiciously low unit price (16.33)
3009202021752800,Low Price,unit_price,Suspiciously low unit price (16.33)
300920202399030,Low Price,unit_price,Suspiciously low unit price (37.56)
2909202021749700,Low Price,unit_price,Suspiciously low unit price (10.96)
2909202021749700,Low Price,unit_price,Suspiciously low unit price (19.71)
2909202021749700,Low Price,unit_price,Suspiciously low unit price (19.71)
2909202021749700,Low Price,unit_price,Suspiciously low unit price (25.55)
2509202023470400,Low Price,unit_price,Suspiciously low unit price (17.11)
2509202023356900,Low Price,unit_price,Suspiciously low unit price (20.0)
2509202023356900,Low Price,unit_price,Suspiciously low unit price (40.0)
2409202022977200,Low Price,unit_price,Suspiciously low unit price (25.53)
2409202022977200,Low Price,unit_price,Suspiciously low unit price (33.26)
230920204644220,Low Price,unit_price,Suspiciously low unit price (0.0)
2209202021203700,Low Price,unit_price,Suspiciously low unit price (14.0)
2209202023020400,Low Price,unit_price,Suspiciously low unit price (14.27)
2209202023020400,Low Price,unit_price,Suspiciously low unit price (14.27)
2209202023020400,Low Price,unit_price,Suspiciously low unit price (15.13)
2209202023020400,Low Price,unit_price,Suspiciously low unit price (15.13)
2209202023020400,Low Price,unit_price,Suspiciously low unit price (15.13)
2209202023020400,Low Price,unit_price,Suspiciously low unit price (15.13)
2209202023020400,Low Price,unit_price,Suspiciously low unit price (16.14)
2209202023020400,Low Price,unit_price,Suspiciously low unit price (16.14)
2209202023020400,Low Price,unit_price,Suspiciously low unit price (16.16)
2209202023020400,Low Price,unit_price,Suspiciously low unit price (16.16)
2209202023020400,Low Price,unit_price,Suspiciously low unit price (16.72)
2209202023020400,Low Price,unit_price,Suspiciously low unit price (16.72)
2209202023020400,Low Price,unit_price,Suspiciously low unit price (16.73)
2209202023020400,Low Price,unit_price,Suspiciously low unit price (16.73)
2209202023020400,Low Price,unit_price,Suspiciously low unit price (16.73)
2209202023020400,Low Price,unit_price,Suspiciously low unit price (16.73)
2209202023020400,Low Price,unit_price,Suspiciously low unit price (21.14)
2209202023020400,Low Price,unit_price,Suspiciously low unit price (21.14)
2209202023020400,Low Price,unit_price,Suspiciously low unit price (22.82)
2209202023020400,Low Price,unit_price,Suspiciously low unit price (22.82)
210920203578260,Low Price,unit_price,Suspiciously low unit price (0.0)
2109202021769700,Low Price,unit_price,Suspiciously low unit price (12.12)
2109202021769700,Low Price,unit_price,Suspiciously low unit price (12.12)
1909202023282500,Low Price,unit_price,Suspiciously low unit price (8.08)
1909202021173500,Low Price,unit_price,Suspiciously low unit price (42.71)
1809202023263800,Low Price,unit_price,Suspiciously low unit price (23.11)
1809202023263800,Low Price,unit_price,Suspiciously low unit price (33.27)
150920204665860,Low Price,unit_price,Suspiciously low unit price (0.0)
1409202021106600,Low Price,unit_price,Suspiciously low unit price (3.18)
1209202023185500,Low Price,unit_price,Suspiciously low unit price (0.53)
100920203399460,Low Price,unit_price,Suspiciously low unit price (0.0)
1009202022607600,Low Price,unit_price,Suspiciously low unit price (30.19)
070920203737251,Low Price,unit_price,Suspiciously low unit price (0.0)
0709202021050361,Low Price,unit_price,Suspiciously low unit price (37.87)
0509202022639831,Low Price,unit_price,Suspiciously low unit price (3.91)
0509202021899414,Low Price,unit_price,Suspiciously low unit price (16.3)
0509202023105326,Low Price,unit_price,Suspiciously low unit price (16.95)
0409202021024345,Low Price,unit_price,Suspiciously low unit price (3.14)
0409202021355644,Low Price,unit_price,Suspiciously low unit price (4.42)
0309202021009928,Low Price,unit_price,Suspiciously low unit price (6.46)
010920204527882,Low Price,unit_price,Suspiciously low unit price (0.0)
0109202022615685,Low Price,unit_price,Suspiciously low unit price (0.63)
0109202020985158,Low Price,unit_price,Suspiciously low unit price (2.72)
0109202020985158,Low Price,unit_price,Suspiciously low unit price (2.72)
0109202020985126,Low Price,unit_price,Suspiciously low unit price (11.72)
0109202020985126,Low Price,unit_price,Suspiciously low unit price (11.72)
0109202021712077,Low Price,unit_price,Suspiciously low unit price (17.76)
0109202021712065,Low Price,unit_price,Suspiciously low unit price (25.9)
3108202018916100,Low Price,unit_price,Suspiciously low unit price (6.26)
2908202019768500,Low Price,unit_price,Suspiciously low unit price (2.09)
2908202020694500,Low Price,unit_price,Suspiciously low unit price (4.88)
2708202020664000,Low Price,unit_price,Suspiciously low unit price (8.02)
2608202020839500,Low Price,unit_price,Suspiciously low unit price (0.1)
2608202020839400,Low Price,unit_price,Suspiciously low unit price (2.44)
2408202020632100,Low Price,unit_price,Suspiciously low unit price (5.41)
2408202020909300,Low Price,unit_price,Suspiciously low unit price (11.89)
190820202715390,Low Price,unit_price,Suspiciously low unit price (0.0)
1808202020898700,Low Price,unit_price,Suspiciously low unit price (2.09)
1808202020552500,Low Price,unit_price,Suspiciously low unit price (18.98)
1708202019583200,Low Price,unit_price,Suspiciously low unit price (27.92)
1308202020501700,Low Price,unit_price,Suspiciously low unit price (18.11)
0908202020439413,Low Price,unit_price,Suspiciously low unit price (5.28)
0708202020424031,Low Price,unit_price,Suspiciously low unit price (16.69)
0708202020424089,Low Price,unit_price,Suspiciously low unit price (17.15)
050820202846019,Low Price,unit_price,Suspiciously low unit price (0.0)
050820202842814,Low Price,unit_price,Suspiciously low unit price (0.0)
040820202275271,Low Price,unit_price,Suspiciously low unit price (0.0)
030820202064515,Low Price,unit_price,Suspiciously low unit price (0.0)
0308202020006462,Low Price,unit_price,Suspiciously low unit price (3.68)
3007202016991700,Low Price,unit_price,Suspiciously low unit price (17.0)
3007202018582000,Low Price,unit_price,Suspiciously low unit price (35.85)
103448877930,Low Price,unit_price,Suspiciously low unit price (44.0)
2707202016883000,Low Price,unit_price,Suspiciously low unit price (6.28)
2707202016883000,Low Price,unit_price,Suspiciously low unit price (8.07)
2407202018285300,Low Price,unit_price,Suspiciously low unit price (6.29)
SEL667010100W,Low Price,unit_price,Suspiciously low unit price (0.0)
2307202018492400,Low Price,unit_price,Suspiciously low unit price (1.32)
2307202018492400,Low Price,unit_price,Suspiciously low unit price (2.28)
SIN312026600W,Low Price,unit_price,Suspiciously low unit price (0.0)
2207202018262200,Low Price,unit_price,Suspiciously low unit price (17.34)
1807202017226200,Low Price,unit_price,Suspiciously low unit price (0.01)
1807202017226200,Low Price,unit_price,Suspiciously low unit price (0.01)
HAM203660300W,Low Price,unit_price,Suspiciously low unit price (0.0)
HAM203660300W,Low Price,unit_price,Suspiciously low unit price (0.0)
1607202018598300,Low Price,unit_price,Suspiciously low unit price (2.3)
1607202018598300,Low Price,unit_price,Suspiciously low unit price (2.3)
ENID64988062001,Low Price,unit_price,Suspiciously low unit price (0.0)
1407202016980500,Low Price,unit_price,Suspiciously low unit price (5.65)
1407202016980500,Low Price,unit_price,Suspiciously low unit price (5.65)
130720201277640,Low Price,unit_price,Suspiciously low unit price (0.0)
1207202017145200,Low Price,unit_price,Suspiciously low unit price (48.74)
11072020738566,Low Price,unit_price,Suspiciously low unit price (0.0)
1007202017747600,Low Price,unit_price,Suspiciously low unit price (22.18)
103407725306,Low Price,unit_price,Suspiciously low unit price (7.09)
0207202016590433,Low Price,unit_price,Suspiciously low unit price (6.89)
0207202016590447,Low Price,unit_price,Suspiciously low unit price (7.88)
0207202016590437,Low Price,unit_price,Suspiciously low unit price (8.86)
0207202016590431,Low Price,unit_price,Suspiciously low unit price (9.84)
0207202016590430,Low Price,unit_price,Suspiciously low unit price (14.77)
0207202016590446,Low Price,unit_price,Suspiciously low unit price (15.75)
0207202016590445,Low Price,unit_price,Suspiciously low unit price (21.66)
0207202016590435,Low Price,unit_price,Suspiciously low unit price (22.64)
0207202016590432,Low Price,unit_price,Suspiciously low unit price (24.61)
0207202016590442,Low Price,unit_price,Suspiciously low unit price (26.58)
0207202016590436,Low Price,unit_price,Suspiciously low unit price (28.55)
0207202016590438,Low Price,unit_price,Suspiciously low unit price (29.53)
0207202016590434,Low Price,unit_price,Suspiciously low unit price (29.53)
0207202017690679,Low Price,unit_price,Suspiciously low unit price (46.5)
389614,Low Price,unit_price,Suspiciously low unit price (0.0)
290620208484670,Low Price,unit_price,Suspiciously low unit price (0.0)
270620208284770,Low Price,unit_price,Suspiciously low unit price (0.0)
270620208284770,Low Price,unit_price,Suspiciously low unit price (0.0)
2606202016023800,Low Price,unit_price,Suspiciously low unit price (17.1)
2506202014641100,Low Price,unit_price,Suspiciously low unit price (11.0)
2306202015585600,Low Price,unit_price,Suspiciously low unit price (12.35)
2306202015585600,Low Price,unit_price,Suspiciously low unit price (19.43)
2306202015585600,Low Price,unit_price,Suspiciously low unit price (19.43)
2306202015585600,Low Price,unit_price,Suspiciously low unit price (22.37)
2306202015585600,Low Price,unit_price,Suspiciously low unit price (23.32)
2306202015585600,Low Price,unit_price,Suspiciously low unit price (34.63)
2306202015585600,Low Price,unit_price,Suspiciously low unit price (34.63)
2006202015958000,Low Price,unit_price,Suspiciously low unit price (7.86)
1906202016256100,Low Price,unit_price,Suspiciously low unit price (3.84)
1906202015569700,Low Price,unit_price,Suspiciously low unit price (47.81)
1806202015564600,Low Price,unit_price,Suspiciously low unit price (22.68)
1006202014780800,Low Price,unit_price,Suspiciously low unit price (4.89)
681779,Low Price,unit_price,Suspiciously low unit price (0.0)
103320584730,Low Price,unit_price,Suspiciously low unit price (29.05)
1905202013298000,Low Price,unit_price,Suspiciously low unit price (18.0)
1605202013275700,Low Price,unit_price,Suspiciously low unit price (6.06)
150520206425770,Low Price,unit_price,Suspiciously low unit price (0.0)
1505202013661200,Low Price,unit_price,Suspiciously low unit price (4.48)
1405202013261000,Low Price,unit_price,Suspiciously low unit price (9.82)
0605202013913693,Low Price,unit_price,Suspiciously low unit price (18.75)
0605202013913693,Low Price,unit_price,Suspiciously low unit price (18.75)
0605202013913692,Low Price,unit_price,Suspiciously low unit price (37.54)
0605202013913691,Low Price,unit_price,Suspiciously low unit price (37.54)
0605202013913692,Low Price,unit_price,Suspiciously low unit price (37.54)
0605202013913691,Low Price,unit_price,Suspiciously low unit price (37.54)
0605202013913692,Low Price,unit_price,Suspiciously low unit price (37.54)
0605202013913691,Low Price,unit_price,Suspiciously low unit price (37.54)
0505202013594611,Low Price,unit_price,Suspiciously low unit price (20.55)
0105202013821789,Low Price,unit_price,Suspiciously low unit price (15.9)
0105202013821717,Low Price,unit_price,Suspiciously low unit price (16.06)
3004202012580300,Low Price,unit_price,Suspiciously low unit price (18.51)
3004202012580300,Low Price,unit_price,Suspiciously low unit price (18.51)
3004202012580300,Low Price,unit_price,Suspiciously low unit price (20.81)
3004202012580300,Low Price,unit_price,Suspiciously low unit price (20.81)
3004202012580300,Low Price,unit_price,Suspiciously low unit price (23.81)
3004202012580300,Low Price,unit_price,Suspiciously low unit price (23.81)
270420204897030,Low Price,unit_price,Suspiciously low unit price (0.0)
270420205678200,Low Price,unit_price,Suspiciously low unit price (0.0)
2704202011717100,Low Price,unit_price,Suspiciously low unit price (21.54)
2704202011717100,Low Price,unit_price,Suspiciously low unit price (21.54)
SLCTL3620TXGAHH,Low Price,unit_price,Suspiciously low unit price (0.0)
2304202012114800,Low Price,unit_price,Suspiciously low unit price (22.99)
103275495410,Low Price,unit_price,Suspiciously low unit price (31.55)
SHKK250901778731,Low Price,unit_price,Suspiciously low unit price (0.0)
SHKK250901778731,Low Price,unit_price,Suspiciously low unit price (0.0)
1104202012161600,Low Price,unit_price,Suspiciously low unit price (0.09)
0804202012159077,Low Price,unit_price,Suspiciously low unit price (0.09)
0704202012158572,Low Price,unit_price,Suspiciously low unit price (0.09)
0404202012268618,Low Price,unit_price,Suspiciously low unit price (38.64)
103231282230,Low Price,unit_price,Suspiciously low unit price (5.52)
103224612260,Low Price,unit_price,Suspiciously low unit price (5.52)
2303202010210500,Low Price,unit_price,Suspiciously low unit price (22.36)
2303202010210500,Low Price,unit_price,Suspiciously low unit price (41.36)
2303202010210500,Low Price,unit_price,Suspiciously low unit price (41.36)
2103202011212400,Low Price,unit_price,Suspiciously low unit price (4.41)
2103202011212400,Low Price,unit_price,Suspiciously low unit price (4.41)
2103202011212400,Low Price,unit_price,Suspiciously low unit price (4.41)
2103202011212400,Low Price,unit_price,Suspiciously low unit price (4.41)
2103202011212400,Low Price,unit_price,Suspiciously low unit price (4.41)
2103202011212400,Low Price,unit_price,Suspiciously low unit price (4.41)
2103202011212000,Low Price,unit_price,Suspiciously low unit price (4.7)
2103202011212000,Low Price,unit_price,Suspiciously low unit price (4.7)
2103202011212000,Low Price,unit_price,Suspiciously low unit price (5.78)
2103202011212000,Low Price,unit_price,Suspiciously low unit price (5.78)
200320209684500,Low Price,unit_price,Suspiciously low unit price (21.5)
200320209684500,Low Price,unit_price,Suspiciously low unit price (21.5)
200320209329760,Low Price,unit_price,Suspiciously low unit price (25.88)
200320209329760,Low Price,unit_price,Suspiciously low unit price (25.88)
1903202011182400,Low Price,unit_price,Suspiciously low unit price (17.2)
1703202010824600,Low Price,unit_price,Suspiciously low unit price (0.1)
170320209101190,Low Price,unit_price,Suspiciously low unit price (27.73)
1303202010792400,Low Price,unit_price,Suspiciously low unit price (1.02)
120320209241850,Low Price,unit_price,Suspiciously low unit price (27.24)
120320209241850,Low Price,unit_price,Suspiciously low unit price (27.24)
090320209198435,Low Price,unit_price,Suspiciously low unit price (42.3)
0503202010741178,Low Price,unit_price,Suspiciously low unit price (0.1)
050320209887989,Low Price,unit_price,Suspiciously low unit price (13.19)
103181459622,Low Price,unit_price,Suspiciously low unit price (31.55)
030320209969216,Low Price,unit_price,Suspiciously low unit price (0.0)
030320209969206,Low Price,unit_price,Suspiciously low unit price (0.0)
030320209969203,Low Price,unit_price,Suspiciously low unit price (0.0)
103179313530,Low Price,unit_price,Suspiciously low unit price (0.13)
030320209740640,Low Price,unit_price,Suspiciously low unit price (19.09)
290220207135160,Low Price,unit_price,Suspiciously low unit price (17.87)
290220206259420,Low Price,unit_price,Suspiciously low unit price (28.71)
290220207135150,Low Price,unit_price,Suspiciously low unit price (34.69)
290220207135150,Low Price,unit_price,Suspiciously low unit price (49.33)
260220206565330,Low Price,unit_price,Suspiciously low unit price (3.21)
240220206944740,Low Price,unit_price,Suspiciously low unit price (3.71)
240220208335280,Low Price,unit_price,Suspiciously low unit price (3.77)
240220206530600,Low Price,unit_price,Suspiciously low unit price (37.6)
210220207763330,Low Price,unit_price,Suspiciously low unit price (2.63)
210220207763340,Low Price,unit_price,Suspiciously low unit price (10.54)
210220207763330,Low Price,unit_price,Suspiciously low unit price (10.54)
210220207763340,Low Price,unit_price,Suspiciously low unit price (13.17)
200220208371050,Low Price,unit_price,Suspiciously low unit price (37.73)
200220208371040,Low Price,unit_price,Suspiciously low unit price (37.73)
200220208371040,Low Price,unit_price,Suspiciously low unit price (37.73)
200220208371040,Low Price,unit_price,Suspiciously low unit price (37.73)
200220208371040,Low Price,unit_price,Suspiciously low unit price (37.73)
200220208371040,Low Price,unit_price,Suspiciously low unit price (37.73)
200220208371030,Low Price,unit_price,Suspiciously low unit price (37.73)
200220208371030,Low Price,unit_price,Suspiciously low unit price (37.73)
200220208371030,Low Price,unit_price,Suspiciously low unit price (37.73)
200220208371030,Low Price,unit_price,Suspiciously low unit price (37.73)
190220208064640,Low Price,unit_price,Suspiciously low unit price (3.97)
190220207458180,Low Price,unit_price,Suspiciously low unit price (22.38)
180220207124260,Low Price,unit_price,Suspiciously low unit price (7.78)
170220208199670,Low Price,unit_price,Suspiciously low unit price (0.1)
140220208830660,Low Price,unit_price,Suspiciously low unit price (0.96)
130220207362750,Low Price,unit_price,Suspiciously low unit price (15.66)
120220208171120,Low Price,unit_price,Suspiciously low unit price (0.1)
120220208781930,Low Price,unit_price,Suspiciously low unit price (7.8)
120220206407900,Low Price,unit_price,Suspiciously low unit price (18.39)
110220208760720,Low Price,unit_price,Suspiciously low unit price (0.45)
110220208164120,Low Price,unit_price,Suspiciously low unit price (16.92)
100220206774160,Low Price,unit_price,Suspiciously low unit price (3.99)
070220203051696,Low Price,unit_price,Suspiciously low unit price (0.0)
070220202804258,Low Price,unit_price,Suspiciously low unit price (0.0)
070220207746969,Low Price,unit_price,Suspiciously low unit price (38.24)
060220202973850,Low Price,unit_price,Suspiciously low unit price (0.0)
060220207266707,Low Price,unit_price,Suspiciously low unit price (22.19)
060220206343369,Low Price,unit_price,Suspiciously low unit price (44.98)
050220208400196,Low Price,unit_price,Suspiciously low unit price (0.1)
050220208400252,Low Price,unit_price,Suspiciously low unit price (2.41)
050220207744848,Low Price,unit_price,Suspiciously low unit price (38.24)
040220208271903,Low Price,unit_price,Suspiciously low unit price (13.55)
030220207940389,Low Price,unit_price,Suspiciously low unit price (34.04)
030220207940388,Low Price,unit_price,Suspiciously low unit price (34.04)
010220208307112,Low Price,unit_price,Suspiciously low unit price (0.09)
010220206632029,Low Price,unit_price,Suspiciously low unit price (9.96)
010220206631998,Low Price,unit_price,Suspiciously low unit price (9.96)
010220207740277,Low Price,unit_price,Suspiciously low unit price (38.24)
30012020770690,Low Price,unit_price,Suspiciously low unit price (0.0)
300120202393260,Low Price,unit_price,Suspiciously low unit price (0.1)
30012020918936,Low Price,unit_price,Suspiciously low unit price (11.24)
30012020397552,Low Price,unit_price,Suspiciously low unit price (37.79)
300120201754400,Low Price,unit_price,Suspiciously low unit price (38.51)
280120202381750,Low Price,unit_price,Suspiciously low unit price (0.1)
280120201050760,Low Price,unit_price,Suspiciously low unit price (4.34)
270120202370400,Low Price,unit_price,Suspiciously low unit price (17.01)
270120202484020,Low Price,unit_price,Suspiciously low unit price (27.12)
270120202484020,Low Price,unit_price,Suspiciously low unit price (27.12)
270120202484020,Low Price,unit_price,Suspiciously low unit price (32.14)
270120202484020,Low Price,unit_price,Suspiciously low unit price (32.14)
270120201569720,Low Price,unit_price,Suspiciously low unit price (33.92)
SSLLCHI270394,Low Price,unit_price,Suspiciously low unit price (0.0)
250120202364330,Low Price,unit_price,Suspiciously low unit price (0.1)
25012020844231,Low Price,unit_price,Suspiciously low unit price (10.75)
25012020343452,Low Price,unit_price,Suspiciously low unit price (45.29)
240120202121520,Low Price,unit_price,Suspiciously low unit price (22.15)
240120202121520,Low Price,unit_price,Suspiciously low unit price (43.48)
230120201498150,Low Price,unit_price,Suspiciously low unit price (14.94)
230120202114470,Low Price,unit_price,Suspiciously low unit price (22.63)
230120202114520,Low Price,unit_price,Suspiciously low unit price (47.76)
22012020300491,Low Price,unit_price,Suspiciously low unit price (37.62)
220120201741540,Low Price,unit_price,Suspiciously low unit price (37.78)
210120202330610,Low Price,unit_price,Suspiciously low unit price (0.1)
200120202317580,Low Price,unit_price,Suspiciously low unit price (28.31)
200120202317580,Low Price,unit_price,Suspiciously low unit price (28.31)
200120203144070,Low Price,unit_price,Suspiciously low unit price (32.54)
180120202607590,Low Price,unit_price,Suspiciously low unit price (0.21)
180120201388390,Low Price,unit_price,Suspiciously low unit price (15.79)
180120201735820,Low Price,unit_price,Suspiciously low unit price (37.78)
100120201220070,Low Price,unit_price,Suspiciously low unit price (10.14)
090120202919726,Low Price,unit_price,Suspiciously low unit price (17.1)
08012020533188,Low Price,unit_price,Suspiciously low unit price (5.5)
070120209059113,Low Price,unit_price,Suspiciously low unit price (10.16)
060120201720930,Low Price,unit_price,Suspiciously low unit price (37.52)
0601202091028,Low Price,unit_price,Suspiciously low unit price (47.9)
040120201720360,Low Price,unit_price,Suspiciously low unit price (37.52)
030120201934727,Low Price,unit_price,Suspiciously low unit price (37.29)
030120201934727,Low Price,unit_price,Suspiciously low unit price (37.29)
030120201936891,Low Price,unit_price,Suspiciously low unit price (37.55)
030120201936891,Low Price,unit_price,Suspiciously low unit price (37.55)
0201202053689,Low Price,unit_price,Suspiciously low unit price (47.72)
3112201917743300,Low Price,unit_price,Suspiciously low unit price (3.65)
3112201918495500,Low Price,unit_price,Suspiciously low unit price (4.26)
3112201917846100,Low Price,unit_price,Suspiciously low unit price (4.33)
3112201917208600,Low Price,unit_price,Suspiciously low unit price (11.52)
MAEU587890753,Low Price,unit_price,Suspiciously low unit price (0.0)
3012201917732200,Low Price,unit_price,Suspiciously low unit price (22.01)
3012201917732100,Low Price,unit_price,Suspiciously low unit price (22.01)
2812201918618300,Low Price,unit_price,Suspiciously low unit price (49.74)
2712201919422200,Low Price,unit_price,Suspiciously low unit price (35.49)
HDMUVCWB3712639,Low Price,unit_price,Suspiciously low unit price (0.0)
2612201917821400,Low Price,unit_price,Suspiciously low unit price (37.09)
2612201917821400,Low Price,unit_price,Suspiciously low unit price (38.37)
2412201919851200,Low Price,unit_price,Suspiciously low unit price (21.55)
2412201919851200,Low Price,unit_price,Suspiciously low unit price (21.55)
2412201919851200,Low Price,unit_price,Suspiciously low unit price (21.99)
2412201919851200,Low Price,unit_price,Suspiciously low unit price (21.99)
2412201919851200,Low Price,unit_price,Suspiciously low unit price (31.58)
2412201919851200,Low Price,unit_price,Suspiciously low unit price (31.58)
2412201919851200,Low Price,unit_price,Suspiciously low unit price (40.33)
2412201919851200,Low Price,unit_price,Suspiciously low unit price (40.33)
2312201917613600,Low Price,unit_price,Suspiciously low unit price (1.79)
2312201917613600,Low Price,unit_price,Suspiciously low unit price (2.95)
2312201917613600,Low Price,unit_price,Suspiciously low unit price (3.75)
2312201918358300,Low Price,unit_price,Suspiciously low unit price (4.16)
2312201917609600,Low Price,unit_price,Suspiciously low unit price (5.05)
2312201917133500,Low Price,unit_price,Suspiciously low unit price (10.89)
2112201917589300,Low Price,unit_price,Suspiciously low unit price (0.58)
2012201920300100,Low Price,unit_price,Suspiciously low unit price (19.34)
1912201919400300,Low Price,unit_price,Suspiciously low unit price (0.21)
1912201919400300,Low Price,unit_price,Suspiciously low unit price (0.31)
1912201919400300,Low Price,unit_price,Suspiciously low unit price (0.31)
1912201919762900,Low Price,unit_price,Suspiciously low unit price (24.01)
1912201919762900,Low Price,unit_price,Suspiciously low unit price (28.53)
1912201919762900,Low Price,unit_price,Suspiciously low unit price (28.53)
1812201918604800,Low Price,unit_price,Suspiciously low unit price (37.28)
1712201917042900,Low Price,unit_price,Suspiciously low unit price (5.73)
1712201917042900,Low Price,unit_price,Suspiciously low unit price (9.42)
1712201917042900,Low Price,unit_price,Suspiciously low unit price (28.65)
1612201919448200,Low Price,unit_price,Suspiciously low unit price (8.21)
1612201917040800,Low Price,unit_price,Suspiciously low unit price (47.43)
1612201917040800,Low Price,unit_price,Suspiciously low unit price (47.89)
1312201917016400,Low Price,unit_price,Suspiciously low unit price (36.1)
1312201918599000,Low Price,unit_price,Suspiciously low unit price (37.28)
1212201918105700,Low Price,unit_price,Suspiciously low unit price (3.34)
1012201919375100,Low Price,unit_price,Suspiciously low unit price (6.35)
0912201918042163,Low Price,unit_price,Suspiciously low unit price (36.23)
0912201918049961,Low Price,unit_price,Suspiciously low unit price (44.77)
0712201919269557,Low Price,unit_price,Suspiciously low unit price (2.63)
0712201919048659,Low Price,unit_price,Suspiciously low unit price (29.78)
HGHNSHMF19110217,Low Price,unit_price,Suspiciously low unit price (0.0)
0612201918798039,Low Price,unit_price,Suspiciously low unit price (26.24)
0612201919318815,Low Price,unit_price,Suspiciously low unit price (30.02)
CBLACL19415936,Low Price,unit_price,Suspiciously low unit price (0.0)
0412201917279293,Low Price,unit_price,Suspiciously low unit price (3.51)
0412201921311979,Low Price,unit_price,Suspiciously low unit price (7.56)
0412201918587275,Low Price,unit_price,Suspiciously low unit price (35.46)
3011201916817200,Low Price,unit_price,Suspiciously low unit price (39.35)
3011201916817200,Low Price,unit_price,Suspiciously low unit price (39.35)
2911201914549500,Low Price,unit_price,Suspiciously low unit price (4.61)
2911201914549400,Low Price,unit_price,Suspiciously low unit price (6.12)
2811201915326200,Low Price,unit_price,Suspiciously low unit price (5.27)
2511201915227000,Low Price,unit_price,Suspiciously low unit price (45.33)
2311201914445800,Low Price,unit_price,Suspiciously low unit price (31.89)
2011201916258900,Low Price,unit_price,Suspiciously low unit price (5.44)
2011201916259000,Low Price,unit_price,Suspiciously low unit price (5.86)
1911201915950300,Low Price,unit_price,Suspiciously low unit price (6.99)
1911201914385600,Low Price,unit_price,Suspiciously low unit price (44.05)
1811201915101400,Low Price,unit_price,Suspiciously low unit price (15.47)
161120191308540,Low Price,unit_price,Suspiciously low unit price (2.27)
1611201915073000,Low Price,unit_price,Suspiciously low unit price (5.2)
1511201916538900,Low Price,unit_price,Suspiciously low unit price (7.19)
1511201916538900,Low Price,unit_price,Suspiciously low unit price (42.43)
1411201916510200,Low Price,unit_price,Suspiciously low unit price (22.7)
1411201916510200,Low Price,unit_price,Suspiciously low unit price (26.97)
1111201914222500,Low Price,unit_price,Suspiciously low unit price (28.11)
1111201914221900,Low Price,unit_price,Suspiciously low unit price (33.74)
1111201915669200,Low Price,unit_price,Suspiciously low unit price (33.89)
1111201915669200,Low Price,unit_price,Suspiciously low unit price (33.89)
1111201914235700,Low Price,unit_price,Suspiciously low unit price (39.6)
1111201914235800,Low Price,unit_price,Suspiciously low unit price (46.47)
1111201913835200,Low Price,unit_price,Suspiciously low unit price (47.89)
1111201914235800,Low Price,unit_price,Suspiciously low unit price (48.47)
0811201914872119,Low Price,unit_price,Suspiciously low unit price (0.41)
0811201914872124,Low Price,unit_price,Suspiciously low unit price (0.41)
0811201914205348,Low Price,unit_price,Suspiciously low unit price (3.53)
0811201915879511,Low Price,unit_price,Suspiciously low unit price (23.45)
0811201915879512,Low Price,unit_price,Suspiciously low unit price (25.79)
0711201914827180,Low Price,unit_price,Suspiciously low unit price (17.37)
0611201913715783,Low Price,unit_price,Suspiciously low unit price (45.01)
0611201913715782,Low Price,unit_price,Suspiciously low unit price (45.01)
0611201913715776,Low Price,unit_price,Suspiciously low unit price (45.64)
0611201913715775,Low Price,unit_price,Suspiciously low unit price (45.64)
0411201914782831,Low Price,unit_price,Suspiciously low unit price (0.63)
0411201916312277,Low Price,unit_price,Suspiciously low unit price (5.12)
0411201916312276,Low Price,unit_price,Suspiciously low unit price (7.66)
0111201920204436,Low Price,unit_price,Suspiciously low unit price (31.61)
311020195194790,Low Price,unit_price,Suspiciously low unit price (16.99)
301020195931310,Low Price,unit_price,Suspiciously low unit price (26.61)
301020195319010,Low Price,unit_price,Suspiciously low unit price (42.75)
301020195318810,Low Price,unit_price,Suspiciously low unit price (42.75)
301020195729900,Low Price,unit_price,Suspiciously low unit price (45.11)
301020195729900,Low Price,unit_price,Suspiciously low unit price (45.79)
251020194435280,Low Price,unit_price,Suspiciously low unit price (33.26)
251020195313490,Low Price,unit_price,Suspiciously low unit price (42.75)
251020195313440,Low Price,unit_price,Suspiciously low unit price (42.75)
231020195890080,Low Price,unit_price,Suspiciously low unit price (24.49)
231020195310380,Low Price,unit_price,Suspiciously low unit price (42.66)
221020194338080,Low Price,unit_price,Suspiciously low unit price (21.84)
221020194146100,Low Price,unit_price,Suspiciously low unit price (44.01)
211020195876130,Low Price,unit_price,Suspiciously low unit price (8.84)
191020194943980,Low Price,unit_price,Suspiciously low unit price (4.78)
1810201917243600,Low Price,unit_price,Suspiciously low unit price (0.52)
1810201919900700,Low Price,unit_price,Suspiciously low unit price (0.52)
151020196202510,Low Price,unit_price,Suspiciously low unit price (5.85)
151020194761060,Low Price,unit_price,Suspiciously low unit price (49.86)
141020195588640,Low Price,unit_price,Suspiciously low unit price (3.97)
141020194716050,Low Price,unit_price,Suspiciously low unit price (22.37)
141020193989280,Low Price,unit_price,Suspiciously low unit price (40.06)
111020196100980,Low Price,unit_price,Suspiciously low unit price (0.1)
111020195806310,Low Price,unit_price,Suspiciously low unit price (1.08)
111020193966020,Low Price,unit_price,Suspiciously low unit price (9.96)
111020194684430,Low Price,unit_price,Suspiciously low unit price (30.45)
111020194684420,Low Price,unit_price,Suspiciously low unit price (30.45)
111020194684420,Low Price,unit_price,Suspiciously low unit price (30.45)
111020194684410,Low Price,unit_price,Suspiciously low unit price (30.45)
111020195296180,Low Price,unit_price,Suspiciously low unit price (42.75)
091020195542606,Low Price,unit_price,Suspiciously low unit price (14.36)
091020193530877,Low Price,unit_price,Suspiciously low unit price (25.31)
051020195778369,Low Price,unit_price,Suspiciously low unit price (38.09)
041020196184321,Low Price,unit_price,Suspiciously low unit price (5.43)
031020194501548,Low Price,unit_price,Suspiciously low unit price (48.66)
30092019622864,Low Price,unit_price,Suspiciously low unit price (2.42)
30092019622868,Low Price,unit_price,Suspiciously low unit price (4.34)
280920192279620,Low Price,unit_price,Suspiciously low unit price (15.27)
280920192279610,Low Price,unit_price,Suspiciously low unit price (15.27)
280920191700460,Low Price,unit_price,Suspiciously low unit price (27.29)
280920192279630,Low Price,unit_price,Suspiciously low unit price (28.42)
280920192279590,Low Price,unit_price,Suspiciously low unit price (28.42)
280920192279590,Low Price,unit_price,Suspiciously low unit price (31.81)
280920192279620,Low Price,unit_price,Suspiciously low unit price (43.27)
280920192279560,Low Price,unit_price,Suspiciously low unit price (46.4)
280920192279540,Low Price,unit_price,Suspiciously low unit price (46.4)
270920191648690,Low Price,unit_price,Suspiciously low unit price (27.5)
260920191849600,Low Price,unit_price,Suspiciously low unit price (42.49)
HLCUSS5JH02891AA,Low Price,unit_price,Suspiciously low unit price (0.0)
250920191848790,Low Price,unit_price,Suspiciously low unit price (42.49)
240920193289880,Low Price,unit_price,Suspiciously low unit price (3.96)
240920191586830,Low Price,unit_price,Suspiciously low unit price (26.96)
230920191524750,Low Price,unit_price,Suspiciously low unit price (18.98)
230920191524760,Low Price,unit_price,Suspiciously low unit price (19.08)
23092019260688,Low Price,unit_price,Suspiciously low unit price (35.49)
23092019251617,Low Price,unit_price,Suspiciously low unit price (42.08)
210920192422660,Low Price,unit_price,Suspiciously low unit price (0.28)
210920191517490,Low Price,unit_price,Suspiciously low unit price (1.01)
210920192703910,Low Price,unit_price,Suspiciously low unit price (11.03)
210920192703910,Low Price,unit_price,Suspiciously low unit price (15.5)
19092019215106,Low Price,unit_price,Suspiciously low unit price (15.73)
180920193134540,Low Price,unit_price,Suspiciously low unit price (7.68)
18092019889800,Low Price,unit_price,Suspiciously low unit price (13.85)
18092019889797,Low Price,unit_price,Suspiciously low unit price (13.95)
170920192168440,Low Price,unit_price,Suspiciously low unit price (3.98)
140920191338140,Low Price,unit_price,Suspiciously low unit price (46.81)
130920193016060,Low Price,unit_price,Suspiciously low unit price (0.68)
130920192495510,Low Price,unit_price,Suspiciously low unit price (12.71)
130920192495510,Low Price,unit_price,Suspiciously low unit price (13.13)
130920192495520,Low Price,unit_price,Suspiciously low unit price (13.34)
130920192495500,Low Price,unit_price,Suspiciously low unit price (13.47)
130920192495510,Low Price,unit_price,Suspiciously low unit price (13.84)
130920192495510,Low Price,unit_price,Suspiciously low unit price (13.86)
130920192495510,Low Price,unit_price,Suspiciously low unit price (13.94)
130920192495500,Low Price,unit_price,Suspiciously low unit price (14.05)
130920192495510,Low Price,unit_price,Suspiciously low unit price (14.08)
130920192495520,Low Price,unit_price,Suspiciously low unit price (14.1)
130920192495520,Low Price,unit_price,Suspiciously low unit price (17.98)
130920191833120,Low Price,unit_price,Suspiciously low unit price (42.14)
130920191833040,Low Price,unit_price,Suspiciously low unit price (42.14)
11092019133392,Low Price,unit_price,Suspiciously low unit price (28.53)
090920192340839,Low Price,unit_price,Suspiciously low unit price (47.54)
07092019475223,Low Price,unit_price,Suspiciously low unit price (37.53)
060920192075575,Low Price,unit_price,Suspiciously low unit price (3.94)
06092019456157,Low Price,unit_price,Suspiciously low unit price (7.42)
06092019452487,Low Price,unit_price,Suspiciously low unit price (9.84)
060920192075574,Low Price,unit_price,Suspiciously low unit price (21.69)
05092019868217,Low Price,unit_price,Suspiciously low unit price (42.95)
040920192754652,Low Price,unit_price,Suspiciously low unit price (5.38)
040920192844657,Low Price,unit_price,Suspiciously low unit price (38.17)
010920191771648,Low Price,unit_price,Suspiciously low unit price (3.4)
3108201923774900,Low Price,unit_price,Suspiciously low unit price (9.13)
3008201923761400,Low Price,unit_price,Suspiciously low unit price (20.15)
3008201923761400,Low Price,unit_price,Suspiciously low unit price (20.15)
3008201924762900,Low Price,unit_price,Suspiciously low unit price (41.24)
2908201923226700,Low Price,unit_price,Suspiciously low unit price (21.1)
2808201923216300,Low Price,unit_price,Suspiciously low unit price (3.09)
2808201912269100,Low Price,unit_price,Suspiciously low unit price (6.9)
2708201925521900,Low Price,unit_price,Suspiciously low unit price (6.05)
2708201924759500,Low Price,unit_price,Suspiciously low unit price (43.85)
2608201924758000,Low Price,unit_price,Suspiciously low unit price (43.85)
2408201923666600,Low Price,unit_price,Suspiciously low unit price (36.32)
2308201926259500,Low Price,unit_price,Suspiciously low unit price (4.99)
2308201926259500,Low Price,unit_price,Suspiciously low unit price (5.15)
2308201924466100,Low Price,unit_price,Suspiciously low unit price (15.74)
23082019962168,Low Price,unit_price,Suspiciously low unit price (23.51)
2208201925360100,Low Price,unit_price,Suspiciously low unit price (23.59)
2108201923921500,Low Price,unit_price,Suspiciously low unit price (4.35)
2108201924752100,Low Price,unit_price,Suspiciously low unit price (43.85)
2108201924752000,Low Price,unit_price,Suspiciously low unit price (43.85)
2008201926146600,Low Price,unit_price,Suspiciously low unit price (16.74)
1708201925328000,Low Price,unit_price,Suspiciously low unit price (0.56)
1708201925536200,Low Price,unit_price,Suspiciously low unit price (2.32)
1608201925072100,Low Price,unit_price,Suspiciously low unit price (0.29)
1608201926066000,Low Price,unit_price,Suspiciously low unit price (4.25)
1608201925072000,Low Price,unit_price,Suspiciously low unit price (22.56)
1608201925320900,Low Price,unit_price,Suspiciously low unit price (48.81)
ECUWVAPNYC04075,Low Price,unit_price,Suspiciously low unit price (0.0)
1408201925516900,Low Price,unit_price,Suspiciously low unit price (8.48)
1308201923501500,Low Price,unit_price,Suspiciously low unit price (23.75)
1308201923501500,Low Price,unit_price,Suspiciously low unit price (26.46)
1308201923501500,Low Price,unit_price,Suspiciously low unit price (26.46)
1208201925995000,Low Price,unit_price,Suspiciously low unit price (23.81)
0808201924997867,Low Price,unit_price,Suspiciously low unit price (4.1)
0808201925917096,Low Price,unit_price,Suspiciously low unit price (19.99)
0808201925917099,Low Price,unit_price,Suspiciously low unit price (20.83)
0808201925917095,Low Price,unit_price,Suspiciously low unit price (24.04)
0808201925917098,Low Price,unit_price,Suspiciously low unit price (24.75)
0708201923406583,Low Price,unit_price,Suspiciously low unit price (23.08)
0608201922994407,Low Price,unit_price,Suspiciously low unit price (35.48)
0508201924949538,Low Price,unit_price,Suspiciously low unit price (3.98)
0508201925249158,Low Price,unit_price,Suspiciously low unit price (14.7)
0508201925249152,Low Price,unit_price,Suspiciously low unit price (14.7)
0308201923339515,Low Price,unit_price,Suspiciously low unit price (10.4)
0208201925561052,Low Price,unit_price,Suspiciously low unit price (0.36)
0108201925228494,Low Price,unit_price,Suspiciously low unit price (0.57)
0108201922936077,Low Price,unit_price,Suspiciously low unit price (0.64)
0108201922936071,Low Price,unit_price,Suspiciously low unit price (0.64)
0108201925468579,Low Price,unit_price,Suspiciously low unit price (25.42)
3107201920186400,Low Price,unit_price,Suspiciously low unit price (3.45)
3007201919652200,Low Price,unit_price,Suspiciously low unit price (11.0)
2907201919645400,Low Price,unit_price,Suspiciously low unit price (42.39)
2707201922796900,Low Price,unit_price,Suspiciously low unit price (11.3)
2707201921017800,Low Price,unit_price,Suspiciously low unit price (15.59)
2707201921007800,Low Price,unit_price,Suspiciously low unit price (23.03)
2407201919587600,Low Price,unit_price,Suspiciously low unit price (0.64)
2407201921140500,Low Price,unit_price,Suspiciously low unit price (42.54)
2307201922698500,Low Price,unit_price,Suspiciously low unit price (49.0)
2207201920055300,Low Price,unit_price,Suspiciously low unit price (5.42)
2207201921528500,Low Price,unit_price,Suspiciously low unit price (38.47)
2207201921528500,Low Price,unit_price,Suspiciously low unit price (38.47)
2007201920240900,Low Price,unit_price,Suspiciously low unit price (1.23)
2007201922044500,Low Price,unit_price,Suspiciously low unit price (14.18)
2007201922044500,Low Price,unit_price,Suspiciously low unit price (15.28)
2007201922044500,Low Price,unit_price,Suspiciously low unit price (22.62)
2007201922044500,Low Price,unit_price,Suspiciously low unit price (23.93)
2007201920855300,Low Price,unit_price,Suspiciously low unit price (37.38)
1907201919532800,Low Price,unit_price,Suspiciously low unit price (43.76)
1807201921821600,Low Price,unit_price,Suspiciously low unit price (22.45)
1807201921131600,Low Price,unit_price,Suspiciously low unit price (42.48)
1707201919970300,Low Price,unit_price,Suspiciously low unit price (46.47)
1607201922044300,Low Price,unit_price,Suspiciously low unit price (6.75)
1507201920278700,Low Price,unit_price,Suspiciously low unit price (4.87)
1507201920705800,Low Price,unit_price,Suspiciously low unit price (13.56)
1507201920231700,Low Price,unit_price,Suspiciously low unit price (25.08)
1507201919481200,Low Price,unit_price,Suspiciously low unit price (49.14)
HLCUME3JG06364AE,Low Price,unit_price,Suspiciously low unit price (0.0)
1307201922477600,Low Price,unit_price,Suspiciously low unit price (0.95)
1307201922477500,Low Price,unit_price,Suspiciously low unit price (0.95)
1307201922477600,Low Price,unit_price,Suspiciously low unit price (2.04)
1307201922477600,Low Price,unit_price,Suspiciously low unit price (5.2)
1307201922477600,Low Price,unit_price,Suspiciously low unit price (5.2)
1307201922477600,Low Price,unit_price,Suspiciously low unit price (5.68)
1307201922477600,Low Price,unit_price,Suspiciously low unit price (5.99)
1307201922477500,Low Price,unit_price,Suspiciously low unit price (8.41)
1207201919464900,Low Price,unit_price,Suspiciously low unit price (37.12)
1007201920218700,Low Price,unit_price,Suspiciously low unit price (38.9)
0907201922379804,Low Price,unit_price,Suspiciously low unit price (32.13)
0907201922379803,Low Price,unit_price,Suspiciously low unit price (32.18)
0807201920555879,Low Price,unit_price,Suspiciously low unit price (3.87)
0807201922359164,Low Price,unit_price,Suspiciously low unit price (4.15)
0807201922359163,Low Price,unit_price,Suspiciously low unit price (5.01)
0807201921676317,Low Price,unit_price,Suspiciously low unit price (29.83)
0807201921676318,Low Price,unit_price,Suspiciously low unit price (39.18)
0607201919783287,Low Price,unit_price,Suspiciously low unit price (5.31)
0607201920520924,Low Price,unit_price,Suspiciously low unit price (7.94)
0507201921227929,Low Price,unit_price,Suspiciously low unit price (8.26)
0507201922317283,Low Price,unit_price,Suspiciously low unit price (11.21)
0507201921227924,Low Price,unit_price,Suspiciously low unit price (31.06)
0107201921689364,Low Price,unit_price,Suspiciously low unit price (4.11)
2806201916409100,Low Price,unit_price,Suspiciously low unit price (15.72)
2706201917875000,Low Price,unit_price,Suspiciously low unit price (0.57)
2706201916861500,Low Price,unit_price,Suspiciously low unit price (1.75)
2506201919079400,Low Price,unit_price,Suspiciously low unit price (24.7)
2506201919079400,Low Price,unit_price,Suspiciously low unit price (24.7)
2506201919079400,Low Price,unit_price,Suspiciously low unit price (36.02)
2506201919079400,Low Price,unit_price,Suspiciously low unit price (36.02)
2506201916367400,Low Price,unit_price,Suspiciously low unit price (39.96)
2206201917469000,Low Price,unit_price,Suspiciously low unit price (12.2)
2106201918670500,Low Price,unit_price,Suspiciously low unit price (1.5)
2006201918959800,Low Price,unit_price,Suspiciously low unit price (12.5)
1906201917680700,Low Price,unit_price,Suspiciously low unit price (39.96)
1506201916260100,Low Price,unit_price,Suspiciously low unit price (17.75)
1406201919204900,Low Price,unit_price,Suspiciously low unit price (0.05)
1206201917671800,Low Price,unit_price,Suspiciously low unit price (39.96)
1106201916968800,Low Price,unit_price,Suspiciously low unit price (37.04)
1006201916201000,Low Price,unit_price,Suspiciously low unit price (2.55)
1006201917021700,Low Price,unit_price,Suspiciously low unit price (5.05)
1006201917221700,Low Price,unit_price,Suspiciously low unit price (45.79)
0806201918047215,Low Price,unit_price,Suspiciously low unit price (23.74)
0606201917985810,Low Price,unit_price,Suspiciously low unit price (15.11)
0606201919019947,Low Price,unit_price,Suspiciously low unit price (27.35)
0606201919019949,Low Price,unit_price,Suspiciously low unit price (38.62)
0606201919019948,Low Price,unit_price,Suspiciously low unit price (38.62)
0606201919019946,Low Price,unit_price,Suspiciously low unit price (39.77)
0606201919019945,Low Price,unit_price,Suspiciously low unit price (39.77)
0606201919019218,Low Price,unit_price,Suspiciously low unit price (45.6)
0506201917979175,Low Price,unit_price,Suspiciously low unit price (11.83)
0306201916128676,Low Price,unit_price,Suspiciously low unit price (40.56)
3005201914061800,Low Price,unit_price,Suspiciously low unit price (11.27)
2805201914084500,Low Price,unit_price,Suspiciously low unit price (7.58)
2805201914084500,Low Price,unit_price,Suspiciously low unit price (11.12)
2705201915090200,Low Price,unit_price,Suspiciously low unit price (0.82)
2705201914611800,Low Price,unit_price,Suspiciously low unit price (0.82)
2705201915090200,Low Price,unit_price,Suspiciously low unit price (3.35)
2705201914611800,Low Price,unit_price,Suspiciously low unit price (3.35)
2405201913827500,Low Price,unit_price,Suspiciously low unit price (10.09)
2205201913332500,Low Price,unit_price,Suspiciously low unit price (40.08)
2105201914077400,Low Price,unit_price,Suspiciously low unit price (0.22)
2005201915746800,Low Price,unit_price,Suspiciously low unit price (0.57)
2005201914750000,Low Price,unit_price,Suspiciously low unit price (38.75)
1805201914443000,Low Price,unit_price,Suspiciously low unit price (2.81)
1805201913724700,Low Price,unit_price,Suspiciously low unit price (3.57)
1805201914838600,Low Price,unit_price,Suspiciously low unit price (8.27)
1705201913717600,Low Price,unit_price,Suspiciously low unit price (10.05)
1705201912749500,Low Price,unit_price,Suspiciously low unit price (22.5)
1705201912749500,Low Price,unit_price,Suspiciously low unit price (22.5)
1605201913692900,Low Price,unit_price,Suspiciously low unit price (12.23)
1605201915575200,Low Price,unit_price,Suspiciously low unit price (44.9)
1505201913670800,Low Price,unit_price,Suspiciously low unit price (11.23)
1405201915557000,Low Price,unit_price,Suspiciously low unit price (1.41)
1405201915557000,Low Price,unit_price,Suspiciously low unit price (1.41)
1405201913639300,Low Price,unit_price,Suspiciously low unit price (19.74)
1305201915545900,Low Price,unit_price,Suspiciously low unit price (38.22)
1305201915545900,Low Price,unit_price,Suspiciously low unit price (38.22)
1105201913605600,Low Price,unit_price,Suspiciously low unit price (3.86)
1005201915867200,Low Price,unit_price,Suspiciously low unit price (12.24)
0905201915305652,Low Price,unit_price,Suspiciously low unit price (0.14)
0905201915860626,Low Price,unit_price,Suspiciously low unit price (0.56)
0905201912560028,Low Price,unit_price,Suspiciously low unit price (5.63)
0905201914257146,Low Price,unit_price,Suspiciously low unit price (11.25)
0905201914257152,Low Price,unit_price,Suspiciously low unit price (11.25)
0905201913183488,Low Price,unit_price,Suspiciously low unit price (23.41)
0905201915511939,Low Price,unit_price,Suspiciously low unit price (45.13)
0705201913550075,Low Price,unit_price,Suspiciously low unit price (7.85)
0705201913550074,Low Price,unit_price,Suspiciously low unit price (7.85)
0605201914204456,Low Price,unit_price,Suspiciously low unit price (17.87)
0605201914037476,Low Price,unit_price,Suspiciously low unit price (36.96)
0405201915481070,Low Price,unit_price,Suspiciously low unit price (22.52)
0305201915471417,Low Price,unit_price,Suspiciously low unit price (35.5)
0305201915471416,Low Price,unit_price,Suspiciously low unit price (35.5)
0205201914033408,Low Price,unit_price,Suspiciously low unit price (23.96)
0205201914033356,Low Price,unit_price,Suspiciously low unit price (29.95)
0205201914730830,Low Price,unit_price,Suspiciously low unit price (39.13)
270420199853480,Low Price,unit_price,Suspiciously low unit price (16.24)
2604201910951400,Low Price,unit_price,Suspiciously low unit price (0.46)
2604201910951400,Low Price,unit_price,Suspiciously low unit price (0.51)
2504201911625000,Low Price,unit_price,Suspiciously low unit price (7.6)
2504201911625000,Low Price,unit_price,Suspiciously low unit price (7.6)
2504201911625000,Low Price,unit_price,Suspiciously low unit price (8.93)
2504201911625000,Low Price,unit_price,Suspiciously low unit price (8.93)
250420199401380,Low Price,unit_price,Suspiciously low unit price (10.0)
2504201911625000,Low Price,unit_price,Suspiciously low unit price (26.61)
2504201911625000,Low Price,unit_price,Suspiciously low unit price (36.49)
2404201910074400,Low Price,unit_price,Suspiciously low unit price (35.73)
2304201911117900,Low Price,unit_price,Suspiciously low unit price (15.95)
2204201912092600,Low Price,unit_price,Suspiciously low unit price (18.55)
2204201912092600,Low Price,unit_price,Suspiciously low unit price (21.2)
2204201912092600,Low Price,unit_price,Suspiciously low unit price (21.2)
2204201912092600,Low Price,unit_price,Suspiciously low unit price (25.17)
2204201912092600,Low Price,unit_price,Suspiciously low unit price (42.39)
2004201911551700,Low Price,unit_price,Suspiciously low unit price (7.91)
2004201911551700,Low Price,unit_price,Suspiciously low unit price (7.91)
2004201911551700,Low Price,unit_price,Suspiciously low unit price (7.91)
2004201911551700,Low Price,unit_price,Suspiciously low unit price (7.97)
2004201911551700,Low Price,unit_price,Suspiciously low unit price (7.97)
2004201911551700,Low Price,unit_price,Suspiciously low unit price (7.97)
2004201911551700,Low Price,unit_price,Suspiciously low unit price (7.99)
1904201911529900,Low Price,unit_price,Suspiciously low unit price (2.76)
1904201911529900,Low Price,unit_price,Suspiciously low unit price (6.91)
1804201912036000,Low Price,unit_price,Suspiciously low unit price (13.17)
1804201911521200,Low Price,unit_price,Suspiciously low unit price (17.12)
1804201911521200,Low Price,unit_price,Suspiciously low unit price (17.12)
1804201910515800,Low Price,unit_price,Suspiciously low unit price (22.9)
1704201910497800,Low Price,unit_price,Suspiciously low unit price (4.12)
170420199319760,Low Price,unit_price,Suspiciously low unit price (5.34)
1704201911484600,Low Price,unit_price,Suspiciously low unit price (9.79)
1704201910879400,Low Price,unit_price,Suspiciously low unit price (23.72)
1704201910879400,Low Price,unit_price,Suspiciously low unit price (23.72)
1704201910879400,Low Price,unit_price,Suspiciously low unit price (28.33)
160420199824680,Low Price,unit_price,Suspiciously low unit price (8.5)
1504201910184300,Low Price,unit_price,Suspiciously low unit price (6.69)
1504201911017600,Low Price,unit_price,Suspiciously low unit price (14.08)
120420199819180,Low Price,unit_price,Suspiciously low unit price (11.15)
1204201910839600,Low Price,unit_price,Suspiciously low unit price (31.55)
1004201911885800,Low Price,unit_price,Suspiciously low unit price (4.18)
1004201910812100,Low Price,unit_price,Suspiciously low unit price (36.68)
0904201911330515,Low Price,unit_price,Suspiciously low unit price (36.25)
0904201910695206,Low Price,unit_price,Suspiciously low unit price (42.55)
SEL937010900W,Low Price,unit_price,Suspiciously low unit price (0.0)
0804201911841387,Low Price,unit_price,Suspiciously low unit price (1.52)
0804201910671197,Low Price,unit_price,Suspiciously low unit price (3.28)
0804201911830643,Low Price,unit_price,Suspiciously low unit price (4.3)
0804201911830640,Low Price,unit_price,Suspiciously low unit price (4.3)
0504201911273130,Low Price,unit_price,Suspiciously low unit price (2.19)
0504201911273128,Low Price,unit_price,Suspiciously low unit price (2.75)
0404201910611110,Low Price,unit_price,Suspiciously low unit price (4.76)
0404201910759713,Low Price,unit_price,Suspiciously low unit price (33.2)
0404201910759712,Low Price,unit_price,Suspiciously low unit price (33.2)
0404201910615469,Low Price,unit_price,Suspiciously low unit price (43.39)
300320195682670,Low Price,unit_price,Suspiciously low unit price (10.13)
300320198575130,Low Price,unit_price,Suspiciously low unit price (28.25)
MAEU968209323,Low Price,unit_price,Suspiciously low unit price (0.0)
290320197481030,Low Price,unit_price,Suspiciously low unit price (4.33)
290320197952830,Low Price,unit_price,Suspiciously low unit price (15.13)
290320197473000,Low Price,unit_price,Suspiciously low unit price (45.51)
280320197465450,Low Price,unit_price,Suspiciously low unit price (0.19)
280320197462420,Low Price,unit_price,Suspiciously low unit price (0.19)
270320197445560,Low Price,unit_price,Suspiciously low unit price (0.19)
250320198469510,Low Price,unit_price,Suspiciously low unit price (4.3)
250320199122800,Low Price,unit_price,Suspiciously low unit price (5.62)
250320197151280,Low Price,unit_price,Suspiciously low unit price (5.62)
250320196657030,Low Price,unit_price,Suspiciously low unit price (14.41)
230320195991830,Low Price,unit_price,Suspiciously low unit price (0.05)
220320197846630,Low Price,unit_price,Suspiciously low unit price (2.15)
220320197851880,Low Price,unit_price,Suspiciously low unit price (37.91)
220320197851880,Low Price,unit_price,Suspiciously low unit price (37.91)
190320195831620,Low Price,unit_price,Suspiciously low unit price (47.76)
180320199007040,Low Price,unit_price,Suspiciously low unit price (1.09)
180320197035520,Low Price,unit_price,Suspiciously low unit price (1.09)
180320199007100,Low Price,unit_price,Suspiciously low unit price (22.95)
180320197035580,Low Price,unit_price,Suspiciously low unit price (22.95)
160320195937730,Low Price,unit_price,Suspiciously low unit price (18.31)
160320195937730,Low Price,unit_price,Suspiciously low unit price (18.43)
160320198307610,Low Price,unit_price,Suspiciously low unit price (22.84)
160320198306420,Low Price,unit_price,Suspiciously low unit price (29.84)
150320197736460,Low Price,unit_price,Suspiciously low unit price (2.03)
150320197736460,Low Price,unit_price,Suspiciously low unit price (2.8)
150320197736410,Low Price,unit_price,Suspiciously low unit price (5.97)
150320197736450,Low Price,unit_price,Suspiciously low unit price (17.2)
150320197736490,Low Price,unit_price,Suspiciously low unit price (34.28)
120320195785200,Low Price,unit_price,Suspiciously low unit price (39.8)
110320197314220,Low Price,unit_price,Suspiciously low unit price (0.19)
110320196500630,Low Price,unit_price,Suspiciously low unit price (4.44)
110320198872590,Low Price,unit_price,Suspiciously low unit price (10.73)
110320196901070,Low Price,unit_price,Suspiciously low unit price (10.73)
090320196127626,Low Price,unit_price,Suspiciously low unit price (28.73)
070320195591284,Low Price,unit_price,Suspiciously low unit price (12.36)
060320197575643,Low Price,unit_price,Suspiciously low unit price (17.83)
060320198791660,Low Price,unit_price,Suspiciously low unit price (30.38)
060320196820140,Low Price,unit_price,Suspiciously low unit price (30.38)
060320198088534,Low Price,unit_price,Suspiciously low unit price (30.93)
050320196427436,Low Price,unit_price,Suspiciously low unit price (1.84)
040320198035283,Low Price,unit_price,Suspiciously low unit price (4.26)
040320195775754,Low Price,unit_price,Suspiciously low unit price (39.8)
020320195653457,Low Price,unit_price,Suspiciously low unit price (10.54)
020320196405215,Low Price,unit_price,Suspiciously low unit price (37.59)
280220193944400,Low Price,unit_price,Suspiciously low unit price (0.0)
280220194793860,Low Price,unit_price,Suspiciously low unit price (33.24)
280220194793860,Low Price,unit_price,Suspiciously low unit price (44.79)
280220194793850,Low Price,unit_price,Suspiciously low unit price (44.79)
250220193450900,Low Price,unit_price,Suspiciously low unit price (5.0)
220220194535870,Low Price,unit_price,Suspiciously low unit price (2.86)
220220194470960,Low Price,unit_price,Suspiciously low unit price (5.66)
190220193346280,Low Price,unit_price,Suspiciously low unit price (0.9)
190220194047980,Low Price,unit_price,Suspiciously low unit price (14.65)
190220194793940,Low Price,unit_price,Suspiciously low unit price (20.86)
190220194793940,Low Price,unit_price,Suspiciously low unit price (20.86)
190220194686310,Low Price,unit_price,Suspiciously low unit price (44.08)
190220194686310,Low Price,unit_price,Suspiciously low unit price (44.52)
190220194793940,Low Price,unit_price,Suspiciously low unit price (46.59)
180220193743800,Low Price,unit_price,Suspiciously low unit price (26.05)
150220194657350,Low Price,unit_price,Suspiciously low unit price (4.28)
150220194657360,Low Price,unit_price,Suspiciously low unit price (7.67)
150220194657360,Low Price,unit_price,Suspiciously low unit price (12.41)
150220194657350,Low Price,unit_price,Suspiciously low unit price (26.78)
150220194657350,Low Price,unit_price,Suspiciously low unit price (26.78)
140220194373430,Low Price,unit_price,Suspiciously low unit price (3.99)
140220194118140,Low Price,unit_price,Suspiciously low unit price (4.46)
140220193420520,Low Price,unit_price,Suspiciously low unit price (7.18)
120220194375310,Low Price,unit_price,Suspiciously low unit price (3.15)
120220194375310,Low Price,unit_price,Suspiciously low unit price (3.16)
110220195113100,Low Price,unit_price,Suspiciously low unit price (2.07)
110220193642290,Low Price,unit_price,Suspiciously low unit price (6.86)
110220193642290,Low Price,unit_price,Suspiciously low unit price (10.29)
090220193618474,Low Price,unit_price,Suspiciously low unit price (22.72)
080220194332347,Low Price,unit_price,Suspiciously low unit price (4.03)
080220195447852,Low Price,unit_price,Suspiciously low unit price (4.36)
080220195447848,Low Price,unit_price,Suspiciously low unit price (4.36)
070220195447413,Low Price,unit_price,Suspiciously low unit price (0.13)
060220195031438,Low Price,unit_price,Suspiciously low unit price (35.02)
060220195031437,Low Price,unit_price,Suspiciously low unit price (35.02)
050220193303881,Low Price,unit_price,Suspiciously low unit price (15.37)
050220193303880,Low Price,unit_price,Suspiciously low unit price (15.37)
020220194332341,Low Price,unit_price,Suspiciously low unit price (4.09)
020220193480521,Low Price,unit_price,Suspiciously low unit price (13.62)
020220194573032,Low Price,unit_price,Suspiciously low unit price (39.8)
020220194573033,Low Price,unit_price,Suspiciously low unit price (39.81)
010220194968351,Low Price,unit_price,Suspiciously low unit price (6.83)
010220194968334,Low Price,unit_price,Suspiciously low unit price (8.04)
010220194968339,Low Price,unit_price,Suspiciously low unit price (12.86)
010220194972475,Low Price,unit_price,Suspiciously low unit price (18.06)
29012019586199,Low Price,unit_price,Suspiciously low unit price (7.98)
29012019586181,Low Price,unit_price,Suspiciously low unit price (7.98)
29012019586184,Low Price,unit_price,Suspiciously low unit price (30.61)
280120191431910,Low Price,unit_price,Suspiciously low unit price (47.27)
24012019486205,Low Price,unit_price,Suspiciously low unit price (3.91)
24012019940181,Low Price,unit_price,Suspiciously low unit price (38.25)
23012019778109,Low Price,unit_price,Suspiciously low unit price (11.37)
210120191605490,Low Price,unit_price,Suspiciously low unit price (5.04)
180120191410930,Low Price,unit_price,Suspiciously low unit price (32.34)
17012019351641,Low Price,unit_price,Suspiciously low unit price (3.96)
170120191606930,Low Price,unit_price,Suspiciously low unit price (5.47)
170120192169850,Low Price,unit_price,Suspiciously low unit price (25.76)
170120192169850,Low Price,unit_price,Suspiciously low unit price (26.96)
15012019306093,Low Price,unit_price,Suspiciously low unit price (4.26)
12012019249865,Low Price,unit_price,Suspiciously low unit price (22.51)
11012019230824,Low Price,unit_price,Suspiciously low unit price (3.83)
11012019927233,Low Price,unit_price,Suspiciously low unit price (38.71)
090120191695278,Low Price,unit_price,Suspiciously low unit price (18.33)
090120192526381,Low Price,unit_price,Suspiciously low unit price (21.89)
090120192526489,Low Price,unit_price,Suspiciously low unit price (45.43)
090120192526487,Low Price,unit_price,Suspiciously low unit price (45.43)
090120192526486,Low Price,unit_price,Suspiciously low unit price (45.43)
090120192526485,Low Price,unit_price,Suspiciously low unit price (45.43)
090120192526484,Low Price,unit_price,Suspiciously low unit price (45.43)
090120192526483,Low Price,unit_price,Suspiciously low unit price (45.43)
090120192526482,Low Price,unit_price,Suspiciously low unit price (45.43)
090120192526480,Low Price,unit_price,Suspiciously low unit price (45.43)
090120192526479,Low Price,unit_price,Suspiciously low unit price (45.43)
090120192526477,Low Price,unit_price,Suspiciously low unit price (45.43)
090120192526476,Low Price,unit_price,Suspiciously low unit price (45.43)
090120192526475,Low Price,unit_price,Suspiciously low unit price (45.43)
090120192526474,Low Price,unit_price,Suspiciously low unit price (45.43)
090120192526473,Low Price,unit_price,Suspiciously low unit price (45.43)
090120192526469,Low Price,unit_price,Suspiciously low unit price (45.43)
090120192526468,Low Price,unit_price,Suspiciously low unit price (45.43)
090120192526466,Low Price,unit_price,Suspiciously low unit price (45.43)
090120192526465,Low Price,unit_price,Suspiciously low unit price (45.43)
090120192526461,Low Price,unit_price,Suspiciously low unit price (45.43)
090120192526459,Low Price,unit_price,Suspiciously low unit price (45.43)
090120192526457,Low Price,unit_price,Suspiciously low unit price (45.43)
090120192526456,Low Price,unit_price,Suspiciously low unit price (45.43)
090120192526454,Low Price,unit_price,Suspiciously low unit price (45.43)
090120192526450,Low Price,unit_price,Suspiciously low unit price (45.43)
090120192526449,Low Price,unit_price,Suspiciously low unit price (45.43)
090120192526448,Low Price,unit_price,Suspiciously low unit price (45.43)
090120192526447,Low Price,unit_price,Suspiciously low unit price (45.43)
090120192526446,Low Price,unit_price,Suspiciously low unit price (45.43)
090120192526444,Low Price,unit_price,Suspiciously low unit price (45.43)
090120192526443,Low Price,unit_price,Suspiciously low unit price (45.43)
090120192526442,Low Price,unit_price,Suspiciously low unit price (45.43)
090120192526440,Low Price,unit_price,Suspiciously low unit price (45.43)
090120192526439,Low Price,unit_price,Suspiciously low unit price (45.43)
090120192526438,Low Price,unit_price,Suspiciously low unit price (45.43)
090120192526437,Low Price,unit_price,Suspiciously low unit price (45.43)
090120192526436,Low Price,unit_price,Suspiciously low unit price (45.43)
090120192526435,Low Price,unit_price,Suspiciously low unit price (45.43)
090120192526434,Low Price,unit_price,Suspiciously low unit price (45.43)
090120192526433,Low Price,unit_price,Suspiciously low unit price (45.43)
090120192526429,Low Price,unit_price,Suspiciously low unit price (45.43)
090120192526428,Low Price,unit_price,Suspiciously low unit price (45.43)
090120192526427,Low Price,unit_price,Suspiciously low unit price (45.43)
090120192526422,Low Price,unit_price,Suspiciously low unit price (45.43)
090120192526421,Low Price,unit_price,Suspiciously low unit price (45.43)
090120192526420,Low Price,unit_price,Suspiciously low unit price (45.43)
090120192526414,Low Price,unit_price,Suspiciously low unit price (45.43)
090120192526413,Low Price,unit_price,Suspiciously low unit price (45.43)
090120192526411,Low Price,unit_price,Suspiciously low unit price (45.43)
090120192526410,Low Price,unit_price,Suspiciously low unit price (45.43)
090120192526409,Low Price,unit_price,Suspiciously low unit price (45.43)
090120192526408,Low Price,unit_price,Suspiciously low unit price (45.43)
090120192526406,Low Price,unit_price,Suspiciously low unit price (45.43)
090120192526403,Low Price,unit_price,Suspiciously low unit price (45.43)
090120192526402,Low Price,unit_price,Suspiciously low unit price (45.43)
090120192526399,Low Price,unit_price,Suspiciously low unit price (45.43)
090120192526398,Low Price,unit_price,Suspiciously low unit price (45.43)
090120192526397,Low Price,unit_price,Suspiciously low unit price (45.43)
090120192526395,Low Price,unit_price,Suspiciously low unit price (45.43)
090120192526394,Low Price,unit_price,Suspiciously low unit price (45.43)
090120192526393,Low Price,unit_price,Suspiciously low unit price (45.43)
090120192526387,Low Price,unit_price,Suspiciously low unit price (45.43)
090120192526386,Low Price,unit_price,Suspiciously low unit price (45.43)
090120192526385,Low Price,unit_price,Suspiciously low unit price (45.43)
090120192526384,Low Price,unit_price,Suspiciously low unit price (45.43)
090120192526382,Low Price,unit_price,Suspiciously low unit price (45.43)
090120192526380,Low Price,unit_price,Suspiciously low unit price (45.43)
090120192526378,Low Price,unit_price,Suspiciously low unit price (45.43)
090120192526377,Low Price,unit_price,Suspiciously low unit price (45.43)
090120192526371,Low Price,unit_price,Suspiciously low unit price (45.43)
090120192526370,Low Price,unit_price,Suspiciously low unit price (45.43)
090120192526369,Low Price,unit_price,Suspiciously low unit price (45.43)
090120192526368,Low Price,unit_price,Suspiciously low unit price (45.43)
090120192526367,Low Price,unit_price,Suspiciously low unit price (45.43)
090120192526366,Low Price,unit_price,Suspiciously low unit price (45.43)
090120192526365,Low Price,unit_price,Suspiciously low unit price (45.43)
090120192526364,Low Price,unit_price,Suspiciously low unit price (45.43)
090120192526363,Low Price,unit_price,Suspiciously low unit price (45.43)
090120192526362,Low Price,unit_price,Suspiciously low unit price (45.43)
090120192526361,Low Price,unit_price,Suspiciously low unit price (45.43)
090120192526360,Low Price,unit_price,Suspiciously low unit price (45.43)
090120192526359,Low Price,unit_price,Suspiciously low unit price (45.43)
090120192526358,Low Price,unit_price,Suspiciously low unit price (45.43)
090120192526356,Low Price,unit_price,Suspiciously low unit price (45.43)
090120191695306,Low Price,unit_price,Suspiciously low unit price (46.43)
090120191695305,Low Price,unit_price,Suspiciously low unit price (46.43)
090120191695304,Low Price,unit_price,Suspiciously low unit price (46.43)
090120191695303,Low Price,unit_price,Suspiciously low unit price (46.43)
090120191695302,Low Price,unit_price,Suspiciously low unit price (46.43)
090120191695301,Low Price,unit_price,Suspiciously low unit price (46.43)
090120191695300,Low Price,unit_price,Suspiciously low unit price (46.43)
090120191695299,Low Price,unit_price,Suspiciously low unit price (46.43)
090120191695298,Low Price,unit_price,Suspiciously low unit price (46.43)
090120191695297,Low Price,unit_price,Suspiciously low unit price (46.43)
090120191695296,Low Price,unit_price,Suspiciously low unit price (46.43)
090120191695295,Low Price,unit_price,Suspiciously low unit price (46.43)
090120191695294,Low Price,unit_price,Suspiciously low unit price (46.43)
090120191695293,Low Price,unit_price,Suspiciously low unit price (46.43)
090120191695292,Low Price,unit_price,Suspiciously low unit price (46.43)
090120191695291,Low Price,unit_price,Suspiciously low unit price (46.43)
090120191695290,Low Price,unit_price,Suspiciously low unit price (46.43)
090120191695289,Low Price,unit_price,Suspiciously low unit price (46.43)
090120191695288,Low Price,unit_price,Suspiciously low unit price (46.43)
090120191695287,Low Price,unit_price,Suspiciously low unit price (46.43)
090120191695282,Low Price,unit_price,Suspiciously low unit price (46.43)
090120191695280,Low Price,unit_price,Suspiciously low unit price (46.43)
090120191695279,Low Price,unit_price,Suspiciously low unit price (46.43)
090120191695267,Low Price,unit_price,Suspiciously low unit price (46.43)
090120191695266,Low Price,unit_price,Suspiciously low unit price (46.43)
090120191695262,Low Price,unit_price,Suspiciously low unit price (46.43)
090120191695261,Low Price,unit_price,Suspiciously low unit price (46.43)
090120191695260,Low Price,unit_price,Suspiciously low unit price (46.43)
090120191695259,Low Price,unit_price,Suspiciously low unit price (46.43)
090120191695258,Low Price,unit_price,Suspiciously low unit price (46.43)
090120191695257,Low Price,unit_price,Suspiciously low unit price (46.43)
090120191695256,Low Price,unit_price,Suspiciously low unit price (46.43)
090120191695255,Low Price,unit_price,Suspiciously low unit price (46.43)
090120191695254,Low Price,unit_price,Suspiciously low unit price (46.43)
090120191695253,Low Price,unit_price,Suspiciously low unit price (46.43)
090120191695252,Low Price,unit_price,Suspiciously low unit price (46.43)
090120191695251,Low Price,unit_price,Suspiciously low unit price (46.43)
090120191695250,Low Price,unit_price,Suspiciously low unit price (46.43)
090120191695249,Low Price,unit_price,Suspiciously low unit price (46.43)
090120191695248,Low Price,unit_price,Suspiciously low unit price (46.43)
090120191695247,Low Price,unit_price,Suspiciously low unit price (46.43)
090120191695241,Low Price,unit_price,Suspiciously low unit price (46.43)
090120191695240,Low Price,unit_price,Suspiciously low unit price (46.43)
090120191695239,Low Price,unit_price,Suspiciously low unit price (46.43)
090120191695238,Low Price,unit_price,Suspiciously low unit price (46.43)
090120191695236,Low Price,unit_price,Suspiciously low unit price (46.43)
090120191695235,Low Price,unit_price,Suspiciously low unit price (46.43)
090120191695234,Low Price,unit_price,Suspiciously low unit price (46.43)
090120191695233,Low Price,unit_price,Suspiciously low unit price (46.43)
090120191695232,Low Price,unit_price,Suspiciously low unit price (46.43)
090120191695226,Low Price,unit_price,Suspiciously low unit price (46.43)
090120191695225,Low Price,unit_price,Suspiciously low unit price (46.43)
090120191695224,Low Price,unit_price,Suspiciously low unit price (46.43)
090120191695223,Low Price,unit_price,Suspiciously low unit price (46.43)
090120191695222,Low Price,unit_price,Suspiciously low unit price (46.43)
090120191695221,Low Price,unit_price,Suspiciously low unit price (46.43)
090120191695220,Low Price,unit_price,Suspiciously low unit price (46.43)
090120191695219,Low Price,unit_price,Suspiciously low unit price (46.43)
090120191695218,Low Price,unit_price,Suspiciously low unit price (46.43)
090120191695217,Low Price,unit_price,Suspiciously low unit price (46.43)
090120191695216,Low Price,unit_price,Suspiciously low unit price (46.43)
090120191695215,Low Price,unit_price,Suspiciously low unit price (46.43)
090120191695210,Low Price,unit_price,Suspiciously low unit price (46.43)
090120191695209,Low Price,unit_price,Suspiciously low unit price (46.43)
090120191695208,Low Price,unit_price,Suspiciously low unit price (46.43)
090120191695207,Low Price,unit_price,Suspiciously low unit price (46.43)
090120191695201,Low Price,unit_price,Suspiciously low unit price (46.43)
090120191695200,Low Price,unit_price,Suspiciously low unit price (46.43)
090120191695199,Low Price,unit_price,Suspiciously low unit price (46.43)
090120191695198,Low Price,unit_price,Suspiciously low unit price (46.43)
090120191695197,Low Price,unit_price,Suspiciously low unit price (46.43)
090120191695196,Low Price,unit_price,Suspiciously low unit price (46.43)
090120191695194,Low Price,unit_price,Suspiciously low unit price (46.43)
090120191695193,Low Price,unit_price,Suspiciously low unit price (46.43)
090120191695188,Low Price,unit_price,Suspiciously low unit price (46.43)
090120191695187,Low Price,unit_price,Suspiciously low unit price (46.43)
090120191695186,Low Price,unit_price,Suspiciously low unit price (46.43)
090120191695183,Low Price,unit_price,Suspiciously low unit price (46.43)
090120191695182,Low Price,unit_price,Suspiciously low unit price (46.43)
090120191695181,Low Price,unit_price,Suspiciously low unit price (46.43)
090120191695178,Low Price,unit_price,Suspiciously low unit price (46.43)
090120191695176,Low Price,unit_price,Suspiciously low unit price (46.43)
090120191695175,Low Price,unit_price,Suspiciously low unit price (46.43)
090120191695174,Low Price,unit_price,Suspiciously low unit price (46.43)
090120191695173,Low Price,unit_price,Suspiciously low unit price (46.43)
090120191695172,Low Price,unit_price,Suspiciously low unit price (46.43)
090120191695171,Low Price,unit_price,Suspiciously low unit price (46.43)
090120191695170,Low Price,unit_price,Suspiciously low unit price (46.43)
090120191695169,Low Price,unit_price,Suspiciously low unit price (46.43)
090120191695168,Low Price,unit_price,Suspiciously low unit price (46.43)
090120191695167,Low Price,unit_price,Suspiciously low unit price (46.43)
090120191695166,Low Price,unit_price,Suspiciously low unit price (46.43)
090120191695164,Low Price,unit_price,Suspiciously low unit price (46.43)
090120191695163,Low Price,unit_price,Suspiciously low unit price (46.43)
090120191695162,Low Price,unit_price,Suspiciously low unit price (46.43)
090120191695161,Low Price,unit_price,Suspiciously low unit price (46.43)
090120191695160,Low Price,unit_price,Suspiciously low unit price (46.43)
090120191695159,Low Price,unit_price,Suspiciously low unit price (46.43)
090120191695158,Low Price,unit_price,Suspiciously low unit price (46.43)
090120191695157,Low Price,unit_price,Suspiciously low unit price (46.43)
090120191695156,Low Price,unit_price,Suspiciously low unit price (46.43)
090120191695155,Low Price,unit_price,Suspiciously low unit price (46.43)
090120191695154,Low Price,unit_price,Suspiciously low unit price (46.43)
090120191695153,Low Price,unit_price,Suspiciously low unit price (46.43)
090120191695151,Low Price,unit_price,Suspiciously low unit price (46.43)
090120191695150,Low Price,unit_price,Suspiciously low unit price (46.43)
090120191695149,Low Price,unit_price,Suspiciously low unit price (46.43)
090120191695148,Low Price,unit_price,Suspiciously low unit price (46.43)
090120191695147,Low Price,unit_price,Suspiciously low unit price (46.43)
090120191695138,Low Price,unit_price,Suspiciously low unit price (46.43)
090120191695137,Low Price,unit_price,Suspiciously low unit price (46.43)
090120191695136,Low Price,unit_price,Suspiciously low unit price (46.43)
090120191695135,Low Price,unit_price,Suspiciously low unit price (46.43)
090120191695134,Low Price,unit_price,Suspiciously low unit price (46.43)
090120191695133,Low Price,unit_price,Suspiciously low unit price (46.43)
090120191695132,Low Price,unit_price,Suspiciously low unit price (46.43)
090120191695131,Low Price,unit_price,Suspiciously low unit price (46.43)
090120191695130,Low Price,unit_price,Suspiciously low unit price (46.43)
090120191695129,Low Price,unit_price,Suspiciously low unit price (46.43)
090120191695128,Low Price,unit_price,Suspiciously low unit price (46.43)
090120191695127,Low Price,unit_price,Suspiciously low unit price (46.43)
090120191695119,Low Price,unit_price,Suspiciously low unit price (46.43)
090120191695118,Low Price,unit_price,Suspiciously low unit price (46.43)
080120192529681,Low Price,unit_price,Suspiciously low unit price (20.11)
070120191535003,Low Price,unit_price,Suspiciously low unit price (10.2)
0401201926464046,Low Price,unit_price,Suspiciously low unit price (3.06)
0401201926464048,Low Price,unit_price,Suspiciously low unit price (24.6)
311220187860680,Low Price,unit_price,Suspiciously low unit price (15.0)
271220187811990,Low Price,unit_price,Suspiciously low unit price (12.0)
261220186813100,Low Price,unit_price,Suspiciously low unit price (17.78)
221220187737660,Low Price,unit_price,Suspiciously low unit price (13.0)
221220187729310,Low Price,unit_price,Suspiciously low unit price (27.0)
221220187729310,Low Price,unit_price,Suspiciously low unit price (32.0)
101220187480920,Low Price,unit_price,Suspiciously low unit price (14.25)
031220187335988,Low Price,unit_price,Suspiciously low unit price (20.0)
031220187335990,Low Price,unit_price,Suspiciously low unit price (22.0)
031220187335989,Low Price,unit_price,Suspiciously low unit price (22.0)
301120185497400,Low Price,unit_price,Suspiciously low unit price (0.7)
291120184080680,Low Price,unit_price,Suspiciously low unit price (32.67)
281120183583460,Low Price,unit_price,Suspiciously low unit price (45.31)
271120185484180,Low Price,unit_price,Suspiciously low unit price (5.47)
271120184695460,Low Price,unit_price,Suspiciously low unit price (20.0)
271120184852460,Low Price,unit_price,Suspiciously low unit price (43.38)
261120184008760,Low Price,unit_price,Suspiciously low unit price (5.87)
221120185212400,Low Price,unit_price,Suspiciously low unit price (22.78)
221120185776000,Low Price,unit_price,Suspiciously low unit price (43.19)
221120184847480,Low Price,unit_price,Suspiciously low unit price (43.38)
201120185673520,Low Price,unit_price,Suspiciously low unit price (1.66)
171120186132540,Low Price,unit_price,Suspiciously low unit price (6.88)
171120186132550,Low Price,unit_price,Suspiciously low unit price (8.1)
171120186132550,Low Price,unit_price,Suspiciously low unit price (12.95)
161120185144330,Low Price,unit_price,Suspiciously low unit price (0.18)
161120183864170,Low Price,unit_price,Suspiciously low unit price (10.19)
161120185651220,Low Price,unit_price,Suspiciously low unit price (11.52)
161120185651220,Low Price,unit_price,Suspiciously low unit price (11.52)
161120185650710,Low Price,unit_price,Suspiciously low unit price (17.66)
161120185650710,Low Price,unit_price,Suspiciously low unit price (17.66)
161120185649160,Low Price,unit_price,Suspiciously low unit price (18.72)
161120185649160,Low Price,unit_price,Suspiciously low unit price (18.72)
151120185128680,Low Price,unit_price,Suspiciously low unit price (37.87)
151120185128580,Low Price,unit_price,Suspiciously low unit price (45.59)
141120185120590,Low Price,unit_price,Suspiciously low unit price (4.16)
141120185115000,Low Price,unit_price,Suspiciously low unit price (45.8)
131120183263030,Low Price,unit_price,Suspiciously low unit price (6.44)
131120185097280,Low Price,unit_price,Suspiciously low unit price (13.77)
131120185097280,Low Price,unit_price,Suspiciously low unit price (13.77)
131120184426610,Low Price,unit_price,Suspiciously low unit price (22.14)
131120184426920,Low Price,unit_price,Suspiciously low unit price (30.3)
131120184419840,Low Price,unit_price,Suspiciously low unit price (31.46)
121120183388470,Low Price,unit_price,Suspiciously low unit price (0.25)
121120183390070,Low Price,unit_price,Suspiciously low unit price (3.72)
121120184219450,Low Price,unit_price,Suspiciously low unit price (10.64)
121120183390040,Low Price,unit_price,Suspiciously low unit price (37.23)
091120183368868,Low Price,unit_price,Suspiciously low unit price (18.85)
061120181172506,Low Price,unit_price,Suspiciously low unit price (18.13)
051120185027333,Low Price,unit_price,Suspiciously low unit price (45.68)
031120183685396,Low Price,unit_price,Suspiciously low unit price (5.57)
011120184254172,Low Price,unit_price,Suspiciously low unit price (0.69)
011120184252197,Low Price,unit_price,Suspiciously low unit price (7.45)
291020181172720,Low Price,unit_price,Suspiciously low unit price (1.59)
29102018198605,Low Price,unit_price,Suspiciously low unit price (31.3)
28102018440936,Low Price,unit_price,Suspiciously low unit price (7.26)
281020181302560,Low Price,unit_price,Suspiciously low unit price (21.76)
281020182852140,Low Price,unit_price,Suspiciously low unit price (23.79)
MAEU966439025,Low Price,unit_price,Suspiciously low unit price (0.0)
271020182456090,Low Price,unit_price,Suspiciously low unit price (33.48)
2610201860421,Low Price,unit_price,Suspiciously low unit price (15.64)
251020182575400,Low Price,unit_price,Suspiciously low unit price (0.0)
241020183113200,Low Price,unit_price,Suspiciously low unit price (0.0)
23102018672450,Low Price,unit_price,Suspiciously low unit price (0.0)
23102018743665,Low Price,unit_price,Suspiciously low unit price (9.27)
231020181026830,Low Price,unit_price,Suspiciously low unit price (44.14)
221020182198150,Low Price,unit_price,Suspiciously low unit price (0.0)
211020182638600,Low Price,unit_price,Suspiciously low unit price (46.81)
201020182906840,Low Price,unit_price,Suspiciously low unit price (0.0)
20102018584959,Low Price,unit_price,Suspiciously low unit price (0.0)
20102018534048,Low Price,unit_price,Suspiciously low unit price (15.52)
201020182078510,Low Price,unit_price,Suspiciously low unit price (35.9)
191020183236700,Low Price,unit_price,Suspiciously low unit price (0.18)
191020182975720,Low Price,unit_price,Suspiciously low unit price (8.96)
191020183100760,Low Price,unit_price,Suspiciously low unit price (22.73)
181020182582760,Low Price,unit_price,Suspiciously low unit price (0.0)
171020182662370,Low Price,unit_price,Suspiciously low unit price (19.05)
151020182877920,Low Price,unit_price,Suspiciously low unit price (0.95)
151020182664200,Low Price,unit_price,Suspiciously low unit price (4.19)
12102018394926,Low Price,unit_price,Suspiciously low unit price (0.0)
101020181748500,Low Price,unit_price,Suspiciously low unit price (15.11)
091020183193525,Low Price,unit_price,Suspiciously low unit price (0.0)
09102018377561,Low Price,unit_price,Suspiciously low unit price (11.27)
08102018783707,Low Price,unit_price,Suspiciously low unit price (0.0)
041020182645894,Low Price,unit_price,Suspiciously low unit price (0.0)
041020183042830,Low Price,unit_price,Suspiciously low unit price (2.27)
031020181756755,Low Price,unit_price,Suspiciously low unit price (15.11)
031020182963665,Low Price,unit_price,Suspiciously low unit price (21.23)
031020181898567,Low Price,unit_price,Suspiciously low unit price (35.93)
2909201828979100,Low Price,unit_price,Suspiciously low unit price (0.38)
2909201828992200,Low Price,unit_price,Suspiciously low unit price (39.77)
2909201828992200,Low Price,unit_price,Suspiciously low unit price (39.77)
2909201829009000,Low Price,unit_price,Suspiciously low unit price (49.05)
2809201828886900,Low Price,unit_price,Suspiciously low unit price (16.0)
2609201828571900,Low Price,unit_price,Suspiciously low unit price (0.2)
2609201828624100,Low Price,unit_price,Suspiciously low unit price (8.29)
2609201828624000,Low Price,unit_price,Suspiciously low unit price (8.29)
2409201828351200,Low Price,unit_price,Suspiciously low unit price (11.42)
2409201828278900,Low Price,unit_price,Suspiciously low unit price (20.55)
2409201828280900,Low Price,unit_price,Suspiciously low unit price (24.0)
2409201828282600,Low Price,unit_price,Suspiciously low unit price (27.07)
2409201828297500,Low Price,unit_price,Suspiciously low unit price (48.11)
2209201828156800,Low Price,unit_price,Suspiciously low unit price (19.5)
2209201828150200,Low Price,unit_price,Suspiciously low unit price (19.5)
2209201828208000,Low Price,unit_price,Suspiciously low unit price (28.1)
2109201828042300,Low Price,unit_price,Suspiciously low unit price (2.1)
2109201828037300,Low Price,unit_price,Suspiciously low unit price (2.1)
2009201828005700,Low Price,unit_price,Suspiciously low unit price (16.26)
2009201828012900,Low Price,unit_price,Suspiciously low unit price (42.35)
1909201827815000,Low Price,unit_price,Suspiciously low unit price (1.09)
1909201827810700,Low Price,unit_price,Suspiciously low unit price (2.2)
1809201827669100,Low Price,unit_price,Suspiciously low unit price (0.21)
1709201827663300,Low Price,unit_price,Suspiciously low unit price (4.04)
1709201827658700,Low Price,unit_price,Suspiciously low unit price (4.04)
BANQBRE3642906,Low Price,unit_price,Suspiciously low unit price (0.0)
1409201827281800,Low Price,unit_price,Suspiciously low unit price (15.79)
1109201826922800,Low Price,unit_price,Suspiciously low unit price (0.36)
1009201826866600,Low Price,unit_price,Suspiciously low unit price (1.97)
0809201826628664,Low Price,unit_price,Suspiciously low unit price (1.09)
0609201826380830,Low Price,unit_price,Suspiciously low unit price (0.21)
0509201826280897,Low Price,unit_price,Suspiciously low unit price (12.83)
0509201826304778,Low Price,unit_price,Suspiciously low unit price (29.7)
0509201826304779,Low Price,unit_price,Suspiciously low unit price (32.34)
0509201826304780,Low Price,unit_price,Suspiciously low unit price (32.54)
0409201826140462,Low Price,unit_price,Suspiciously low unit price (2.35)
0409201826140440,Low Price,unit_price,Suspiciously low unit price (3.64)
0409201826140454,Low Price,unit_price,Suspiciously low unit price (5.64)
0409201826140489,Low Price,unit_price,Suspiciously low unit price (11.02)
0409201826192136,Low Price,unit_price,Suspiciously low unit price (13.59)
0409201826192136,Low Price,unit_price,Suspiciously low unit price (13.59)
0309201826019704,Low Price,unit_price,Suspiciously low unit price (12.83)
0309201826019703,Low Price,unit_price,Suspiciously low unit price (12.83)
3108201822225200,Low Price,unit_price,Suspiciously low unit price (8.16)
3108201822225200,Low Price,unit_price,Suspiciously low unit price (10.85)
3008201820263100,Low Price,unit_price,Suspiciously low unit price (12.83)
2908201819520200,Low Price,unit_price,Suspiciously low unit price (30.26)
2908201819520200,Low Price,unit_price,Suspiciously low unit price (33.28)
2708201819598600,Low Price,unit_price,Suspiciously low unit price (12.14)
2508201819578500,Low Price,unit_price,Suspiciously low unit price (1.13)
2508201819610000,Low Price,unit_price,Suspiciously low unit price (15.34)
2508201819610000,Low Price,unit_price,Suspiciously low unit price (15.34)
2408201821742400,Low Price,unit_price,Suspiciously low unit price (20.11)
2208201822089000,Low Price,unit_price,Suspiciously low unit price (28.39)
2108201821470700,Low Price,unit_price,Suspiciously low unit price (0.67)
2108201821053400,Low Price,unit_price,Suspiciously low unit price (1.28)
2108201821245100,Low Price,unit_price,Suspiciously low unit price (2.73)
2108201821077800,Low Price,unit_price,Suspiciously low unit price (14.18)
2108201819151000,Low Price,unit_price,Suspiciously low unit price (44.43)
2008201819617100,Low Price,unit_price,Suspiciously low unit price (0.21)
2008201819598500,Low Price,unit_price,Suspiciously low unit price (6.58)
2008201821281500,Low Price,unit_price,Suspiciously low unit price (15.72)
1808201822040700,Low Price,unit_price,Suspiciously low unit price (7.97)
1808201822040700,Low Price,unit_price,Suspiciously low unit price (7.97)
1808201822040700,Low Price,unit_price,Suspiciously low unit price (7.97)
1808201822040700,Low Price,unit_price,Suspiciously low unit price (7.97)
1808201822040700,Low Price,unit_price,Suspiciously low unit price (7.97)
1608201820716700,Low Price,unit_price,Suspiciously low unit price (5.75)
102172653813,Low Price,unit_price,Suspiciously low unit price (45.46)
102172653812,Low Price,unit_price,Suspiciously low unit price (45.46)
DMALNUE090004,Low Price,unit_price,Suspiciously low unit price (0.0)
1308201821233000,Low Price,unit_price,Suspiciously low unit price (26.66)
1108201821601900,Low Price,unit_price,Suspiciously low unit price (0.19)
0708201821108355,Low Price,unit_price,Suspiciously low unit price (27.41)
0608201821876500,Low Price,unit_price,Suspiciously low unit price (1.59)
0608201822247134,Low Price,unit_price,Suspiciously low unit price (2.02)
0608201820625797,Low Price,unit_price,Suspiciously low unit price (33.03)
0308201819525110,Low Price,unit_price,Suspiciously low unit price (38.31)
0308201819525109,Low Price,unit_price,Suspiciously low unit price (38.31)
0208201819617056,Low Price,unit_price,Suspiciously low unit price (0.22)
0208201820125027,Low Price,unit_price,Suspiciously low unit price (23.83)
3107201823423400,Low Price,unit_price,Suspiciously low unit price (32.22)
3107201823421600,Low Price,unit_price,Suspiciously low unit price (32.22)
2707201824047500,Low Price,unit_price,Suspiciously low unit price (23.39)
2707201824047500,Low Price,unit_price,Suspiciously low unit price (23.39)
2507201823233600,Low Price,unit_price,Suspiciously low unit price (48.94)
2307201823168300,Low Price,unit_price,Suspiciously low unit price (0.21)
2307201824833100,Low Price,unit_price,Suspiciously low unit price (4.23)
2307201824831500,Low Price,unit_price,Suspiciously low unit price (5.96)
2307201823928900,Low Price,unit_price,Suspiciously low unit price (11.06)
2307201825663000,Low Price,unit_price,Suspiciously low unit price (18.36)
2107201823902500,Low Price,unit_price,Suspiciously low unit price (20.81)
2007201824755600,Low Price,unit_price,Suspiciously low unit price (24.42)
1907201824738600,Low Price,unit_price,Suspiciously low unit price (0.65)
1807201824716800,Low Price,unit_price,Suspiciously low unit price (12.11)
1707201824652000,Low Price,unit_price,Suspiciously low unit price (3.49)
1707201824652600,Low Price,unit_price,Suspiciously low unit price (4.92)
1707201824652200,Low Price,unit_price,Suspiciously low unit price (4.92)
1707201824650000,Low Price,unit_price,Suspiciously low unit price (8.16)
1307201822879200,Low Price,unit_price,Suspiciously low unit price (3.74)
1307201822887300,Low Price,unit_price,Suspiciously low unit price (5.22)
1107201822829900,Low Price,unit_price,Suspiciously low unit price (10.71)
1107201822835400,Low Price,unit_price,Suspiciously low unit price (12.48)
1107201822811600,Low Price,unit_price,Suspiciously low unit price (47.84)
0907201822763751,Low Price,unit_price,Suspiciously low unit price (14.72)
0907201824376158,Low Price,unit_price,Suspiciously low unit price (30.68)
0707201823603365,Low Price,unit_price,Suspiciously low unit price (14.39)
0707201824350308,Low Price,unit_price,Suspiciously low unit price (33.53)
0707201824349508,Low Price,unit_price,Suspiciously low unit price (38.93)
0507201823534115,Low Price,unit_price,Suspiciously low unit price (6.12)
0407201825250574,Low Price,unit_price,Suspiciously low unit price (23.31)
0207201824187971,Low Price,unit_price,Suspiciously low unit price (15.47)
3006201817594100,Low Price,unit_price,Suspiciously low unit price (0.36)
3006201818175300,Low Price,unit_price,Suspiciously low unit price (0.81)
3006201817458700,Low Price,unit_price,Suspiciously low unit price (1.43)
3006201817198600,Low Price,unit_price,Suspiciously low unit price (1.55)
3006201818355600,Low Price,unit_price,Suspiciously low unit price (3.37)
2906201818066300,Low Price,unit_price,Suspiciously low unit price (0.0)
2906201818058700,Low Price,unit_price,Suspiciously low unit price (0.0)
2906201815423600,Low Price,unit_price,Suspiciously low unit price (0.0)
2906201817878300,Low Price,unit_price,Suspiciously low unit price (28.59)
2706201815566100,Low Price,unit_price,Suspiciously low unit price (5.42)
2706201816182600,Low Price,unit_price,Suspiciously low unit price (8.15)
2506201818012000,Low Price,unit_price,Suspiciously low unit price (18.34)
2206201818369900,Low Price,unit_price,Suspiciously low unit price (0.0)
2206201816081900,Low Price,unit_price,Suspiciously low unit price (1.17)
2006201818124000,Low Price,unit_price,Suspiciously low unit price (0.12)
2006201816982900,Low Price,unit_price,Suspiciously low unit price (46.59)
2006201816777100,Low Price,unit_price,Suspiciously low unit price (47.18)
1806201818307500,Low Price,unit_price,Suspiciously low unit price (0.0)
1806201818307500,Low Price,unit_price,Suspiciously low unit price (0.0)
1806201818004400,Low Price,unit_price,Suspiciously low unit price (0.0)
1806201817896100,Low Price,unit_price,Suspiciously low unit price (0.0)
1806201817465900,Low Price,unit_price,Suspiciously low unit price (0.0)
1606201817699300,Low Price,unit_price,Suspiciously low unit price (9.56)
1506201816073600,Low Price,unit_price,Suspiciously low unit price (0.0)
1506201817055400,Low Price,unit_price,Suspiciously low unit price (0.0)
1506201815422200,Low Price,unit_price,Suspiciously low unit price (0.0)
1506201815733400,Low Price,unit_price,Suspiciously low unit price (0.0)
1506201816871000,Low Price,unit_price,Suspiciously low unit price (4.29)
1506201816522000,Low Price,unit_price,Suspiciously low unit price (4.29)
1506201817808800,Low Price,unit_price,Suspiciously low unit price (10.37)
1506201818224300,Low Price,unit_price,Suspiciously low unit price (16.69)
1506201818024200,Low Price,unit_price,Suspiciously low unit price (18.38)
1506201817808800,Low Price,unit_price,Suspiciously low unit price (18.38)
1506201817727900,Low Price,unit_price,Suspiciously low unit price (19.27)
1406201816276800,Low Price,unit_price,Suspiciously low unit price (0.0)
1306201817274000,Low Price,unit_price,Suspiciously low unit price (0.0)
1306201817444400,Low Price,unit_price,Suspiciously low unit price (11.11)
1206201815437400,Low Price,unit_price,Suspiciously low unit price (48.08)
11062018517590,Low Price,unit_price,Suspiciously low unit price (0.96)
0906201816222264,Low Price,unit_price,Suspiciously low unit price (15.55)
0806201815441692,Low Price,unit_price,Suspiciously low unit price (49.29)
0606201816615688,Low Price,unit_price,Suspiciously low unit price (1.22)
0506201815997164,Low Price,unit_price,Suspiciously low unit price (27.38)
0406201815766070,Low Price,unit_price,Suspiciously low unit price (0.0)
0406201817406202,Low Price,unit_price,Suspiciously low unit price (1.24)
0406201817645236,Low Price,unit_price,Suspiciously low unit price (2.48)
0406201816300442,Low Price,unit_price,Suspiciously low unit price (4.59)
0406201816077466,Low Price,unit_price,Suspiciously low unit price (22.78)
3105201813978600,Low Price,unit_price,Suspiciously low unit price (0.0)
3105201814495400,Low Price,unit_price,Suspiciously low unit price (1.52)
3005201813958800,Low Price,unit_price,Suspiciously low unit price (0.05)
2905201815209200,Low Price,unit_price,Suspiciously low unit price (0.0)
2905201815209200,Low Price,unit_price,Suspiciously low unit price (0.0)
2905201815209200,Low Price,unit_price,Suspiciously low unit price (0.0)
2905201814479100,Low Price,unit_price,Suspiciously low unit price (0.0)
2905201814475800,Low Price,unit_price,Suspiciously low unit price (0.0)
2905201814474600,Low Price,unit_price,Suspiciously low unit price (0.0)
2905201814453900,Low Price,unit_price,Suspiciously low unit price (0.0)
2905201814453900,Low Price,unit_price,Suspiciously low unit price (0.0)
2905201814449400,Low Price,unit_price,Suspiciously low unit price (0.0)
2905201814449400,Low Price,unit_price,Suspiciously low unit price (0.0)
2905201814962200,Low Price,unit_price,Suspiciously low unit price (3.65)
2905201814514600,Low Price,unit_price,Suspiciously low unit price (3.84)
2905201814510900,Low Price,unit_price,Suspiciously low unit price (5.36)
2905201814974800,Low Price,unit_price,Suspiciously low unit price (5.66)
2605201812532800,Low Price,unit_price,Suspiciously low unit price (13.28)
2405201814475900,Low Price,unit_price,Suspiciously low unit price (0.0)
2405201814471200,Low Price,unit_price,Suspiciously low unit price (0.0)
2405201814468600,Low Price,unit_price,Suspiciously low unit price (0.0)
2405201814445900,Low Price,unit_price,Suspiciously low unit price (0.0)
2405201813928000,Low Price,unit_price,Suspiciously low unit price (8.6)
2405201813022300,Low Price,unit_price,Suspiciously low unit price (16.01)
2205201813930700,Low Price,unit_price,Suspiciously low unit price (0.0)
2105201812963600,Low Price,unit_price,Suspiciously low unit price (12.36)
2105201813304500,Low Price,unit_price,Suspiciously low unit price (15.51)
1905201815208500,Low Price,unit_price,Suspiciously low unit price (0.0)
1905201814468100,Low Price,unit_price,Suspiciously low unit price (0.0)
1905201814467000,Low Price,unit_price,Suspiciously low unit price (0.0)
1905201814464600,Low Price,unit_price,Suspiciously low unit price (0.0)
1905201814445800,Low Price,unit_price,Suspiciously low unit price (0.0)
1905201813915200,Low Price,unit_price,Suspiciously low unit price (0.0)
1905201812427300,Low Price,unit_price,Suspiciously low unit price (14.0)
1905201813646700,Low Price,unit_price,Suspiciously low unit price (47.43)
1705201814119600,Low Price,unit_price,Suspiciously low unit price (23.87)
1605201812364700,Low Price,unit_price,Suspiciously low unit price (23.69)
1505201813893900,Low Price,unit_price,Suspiciously low unit price (23.58)
1405201813889800,Low Price,unit_price,Suspiciously low unit price (0.0)
1105201812840000,Low Price,unit_price,Suspiciously low unit price (0.21)
1005201814459600,Low Price,unit_price,Suspiciously low unit price (0.0)
1005201813561600,Low Price,unit_price,Suspiciously low unit price (44.99)
0905201812256992,Low Price,unit_price,Suspiciously low unit price (34.44)
0905201812266067,Low Price,unit_price,Suspiciously low unit price (42.46)
0805201813857878,Low Price,unit_price,Suspiciously low unit price (6.25)
0405201812673590,Low Price,unit_price,Suspiciously low unit price (2.16)
0405201814458609,Low Price,unit_price,Suspiciously low unit price (3.77)
0205201813827010,Low Price,unit_price,Suspiciously low unit price (0.0)
0205201813824705,Low Price,unit_price,Suspiciously low unit price (0.0)
101982215050,Low Price,unit_price,Suspiciously low unit price (0.1)
0105201814451291,Low Price,unit_price,Suspiciously low unit price (0.0)
0105201814432885,Low Price,unit_price,Suspiciously low unit price (0.0)
0105201812141259,Low Price,unit_price,Suspiciously low unit price (49.07)
300420189805910,Low Price,unit_price,Suspiciously low unit price (47.12)
280420189876940,Low Price,unit_price,Suspiciously low unit price (0.51)
2804201810260100,Low Price,unit_price,Suspiciously low unit price (4.71)
270420189866350,Low Price,unit_price,Suspiciously low unit price (0.08)
MOLU12024841000,Low Price,unit_price,Suspiciously low unit price (0.0)
MOLU12024680883,Low Price,unit_price,Suspiciously low unit price (0.0)
2604201810458900,Low Price,unit_price,Suspiciously low unit price (1.24)
2604201810457900,Low Price,unit_price,Suspiciously low unit price (1.27)
2604201811998200,Low Price,unit_price,Suspiciously low unit price (8.65)
260420189751570,Low Price,unit_price,Suspiciously low unit price (9.17)
2304201811613400,Low Price,unit_price,Suspiciously low unit price (3.12)
230420189689930,Low Price,unit_price,Suspiciously low unit price (15.52)
210420189666380,Low Price,unit_price,Suspiciously low unit price (7.47)
2104201810638400,Low Price,unit_price,Suspiciously low unit price (24.99)
210420189676440,Low Price,unit_price,Suspiciously low unit price (32.66)
210420189915410,Low Price,unit_price,Suspiciously low unit price (38.7)
1904201810890700,Low Price,unit_price,Suspiciously low unit price (42.87)
1804201810155400,Low Price,unit_price,Suspiciously low unit price (11.66)
1704201811844300,Low Price,unit_price,Suspiciously low unit price (31.85)
1404201810110700,Low Price,unit_price,Suspiciously low unit price (46.55)
1304201811595300,Low Price,unit_price,Suspiciously low unit price (49.57)
1104201810376100,Low Price,unit_price,Suspiciously low unit price (0.05)
0704201811468566,Low Price,unit_price,Suspiciously low unit price (11.13)
0504201810504640,Low Price,unit_price,Suspiciously low unit price (4.36)
0304201810336117,Low Price,unit_price,Suspiciously low unit price (37.24)
0304201810335278,Low Price,unit_price,Suspiciously low unit price (37.24)
020420189413307,Low Price,unit_price,Suspiciously low unit price (3.16)
020420189824418,Low Price,unit_price,Suspiciously low unit price (19.07)
020420189824424,Low Price,unit_price,Suspiciously low unit price (22.88)
300320188711400,Low Price,unit_price,Suspiciously low unit price (15.76)
300320188711390,Low Price,unit_price,Suspiciously low unit price (15.76)
300320188711400,Low Price,unit_price,Suspiciously low unit price (28.1)
300320188711460,Low Price,unit_price,Suspiciously low unit price (28.99)
300320188711460,Low Price,unit_price,Suspiciously low unit price (28.99)
300320188711460,Low Price,unit_price,Suspiciously low unit price (28.99)
300320188711460,Low Price,unit_price,Suspiciously low unit price (28.99)
300320188711470,Low Price,unit_price,Suspiciously low unit price (29.04)
300320188711470,Low Price,unit_price,Suspiciously low unit price (29.04)
300320188711470,Low Price,unit_price,Suspiciously low unit price (29.04)
300320188711470,Low Price,unit_price,Suspiciously low unit price (29.04)
300320188711460,Low Price,unit_price,Suspiciously low unit price (29.04)
300320188711470,Low Price,unit_price,Suspiciously low unit price (29.25)
300320188711470,Low Price,unit_price,Suspiciously low unit price (29.25)
300320188711470,Low Price,unit_price,Suspiciously low unit price (29.25)
300320188711470,Low Price,unit_price,Suspiciously low unit price (29.25)
300320188711470,Low Price,unit_price,Suspiciously low unit price (29.25)
300320188711480,Low Price,unit_price,Suspiciously low unit price (29.38)
300320188711480,Low Price,unit_price,Suspiciously low unit price (29.38)
300320188711480,Low Price,unit_price,Suspiciously low unit price (29.38)
300320188711480,Low Price,unit_price,Suspiciously low unit price (29.38)
300320188711480,Low Price,unit_price,Suspiciously low unit price (29.64)
300320188711480,Low Price,unit_price,Suspiciously low unit price (29.64)
300320188711480,Low Price,unit_price,Suspiciously low unit price (29.64)
300320188711480,Low Price,unit_price,Suspiciously low unit price (29.64)
300320188711490,Low Price,unit_price,Suspiciously low unit price (29.73)
300320188711480,Low Price,unit_price,Suspiciously low unit price (29.73)
300320188711480,Low Price,unit_price,Suspiciously low unit price (29.73)
300320188711480,Low Price,unit_price,Suspiciously low unit price (29.73)
300320188711490,Low Price,unit_price,Suspiciously low unit price (29.89)
300320188711490,Low Price,unit_price,Suspiciously low unit price (29.89)
300320188711490,Low Price,unit_price,Suspiciously low unit price (29.89)
300320188711490,Low Price,unit_price,Suspiciously low unit price (29.89)
300320188711490,Low Price,unit_price,Suspiciously low unit price (30.07)
300320188711490,Low Price,unit_price,Suspiciously low unit price (30.07)
300320188711490,Low Price,unit_price,Suspiciously low unit price (30.07)
300320188711490,Low Price,unit_price,Suspiciously low unit price (30.07)
300320188711500,Low Price,unit_price,Suspiciously low unit price (30.25)
300320188711500,Low Price,unit_price,Suspiciously low unit price (30.25)
300320188711500,Low Price,unit_price,Suspiciously low unit price (30.25)
300320188711500,Low Price,unit_price,Suspiciously low unit price (30.25)
300320188711500,Low Price,unit_price,Suspiciously low unit price (30.25)
300320188711510,Low Price,unit_price,Suspiciously low unit price (30.68)
300320188711510,Low Price,unit_price,Suspiciously low unit price (30.68)
300320188711510,Low Price,unit_price,Suspiciously low unit price (30.68)
300320188711510,Low Price,unit_price,Suspiciously low unit price (30.68)
300320188711510,Low Price,unit_price,Suspiciously low unit price (30.68)
300320188711510,Low Price,unit_price,Suspiciously low unit price (30.68)
300320188711510,Low Price,unit_price,Suspiciously low unit price (30.68)
300320188711510,Low Price,unit_price,Suspiciously low unit price (30.68)
300320188711510,Low Price,unit_price,Suspiciously low unit price (30.68)
300320188711500,Low Price,unit_price,Suspiciously low unit price (30.68)
300320188711500,Low Price,unit_price,Suspiciously low unit price (30.76)
300320188711500,Low Price,unit_price,Suspiciously low unit price (30.76)
300320188711500,Low Price,unit_price,Suspiciously low unit price (30.76)
300320188711500,Low Price,unit_price,Suspiciously low unit price (30.76)
300320188711500,Low Price,unit_price,Suspiciously low unit price (30.76)
300320188711590,Low Price,unit_price,Suspiciously low unit price (38.04)
300320188711590,Low Price,unit_price,Suspiciously low unit price (38.04)
300320188711590,Low Price,unit_price,Suspiciously low unit price (38.04)
300320188711600,Low Price,unit_price,Suspiciously low unit price (38.78)
300320188711590,Low Price,unit_price,Suspiciously low unit price (38.78)
300320188711600,Low Price,unit_price,Suspiciously low unit price (39.39)
300320188711600,Low Price,unit_price,Suspiciously low unit price (39.39)
300320188711600,Low Price,unit_price,Suspiciously low unit price (39.39)
300320188711700,Low Price,unit_price,Suspiciously low unit price (39.96)
300320188711700,Low Price,unit_price,Suspiciously low unit price (39.96)
300320188711700,Low Price,unit_price,Suspiciously low unit price (39.96)
300320188711600,Low Price,unit_price,Suspiciously low unit price (40.04)
300320188711600,Low Price,unit_price,Suspiciously low unit price (40.04)
300320188711600,Low Price,unit_price,Suspiciously low unit price (40.04)
300320188711700,Low Price,unit_price,Suspiciously low unit price (40.69)
300320188711700,Low Price,unit_price,Suspiciously low unit price (40.69)
300320188711700,Low Price,unit_price,Suspiciously low unit price (40.69)
300320188711600,Low Price,unit_price,Suspiciously low unit price (40.74)
300320188711600,Low Price,unit_price,Suspiciously low unit price (40.74)
300320188711600,Low Price,unit_price,Suspiciously low unit price (40.74)
300320188711710,Low Price,unit_price,Suspiciously low unit price (41.47)
300320188711710,Low Price,unit_price,Suspiciously low unit price (41.47)
300320188711710,Low Price,unit_price,Suspiciously low unit price (41.47)
300320188711710,Low Price,unit_price,Suspiciously low unit price (42.34)
300320188711710,Low Price,unit_price,Suspiciously low unit price (42.34)
300320188711710,Low Price,unit_price,Suspiciously low unit price (42.34)
300320188711610,Low Price,unit_price,Suspiciously low unit price (42.47)
300320188711610,Low Price,unit_price,Suspiciously low unit price (42.47)
300320188711600,Low Price,unit_price,Suspiciously low unit price (42.47)
300320188711610,Low Price,unit_price,Suspiciously low unit price (43.25)
300320188711610,Low Price,unit_price,Suspiciously low unit price (43.25)
300320188711610,Low Price,unit_price,Suspiciously low unit price (43.25)
300320188711710,Low Price,unit_price,Suspiciously low unit price (43.28)
300320188711710,Low Price,unit_price,Suspiciously low unit price (43.28)
300320188711710,Low Price,unit_price,Suspiciously low unit price (43.28)
300320188711610,Low Price,unit_price,Suspiciously low unit price (43.94)
300320188711610,Low Price,unit_price,Suspiciously low unit price (43.94)
300320188711610,Low Price,unit_price,Suspiciously low unit price (43.94)
300320188711720,Low Price,unit_price,Suspiciously low unit price (44.24)
300320188711720,Low Price,unit_price,Suspiciously low unit price (44.24)
300320188711720,Low Price,unit_price,Suspiciously low unit price (44.24)
300320188711620,Low Price,unit_price,Suspiciously low unit price (44.55)
300320188711620,Low Price,unit_price,Suspiciously low unit price (44.55)
300320188711610,Low Price,unit_price,Suspiciously low unit price (44.55)
300320188711720,Low Price,unit_price,Suspiciously low unit price (45.2)
300320188711720,Low Price,unit_price,Suspiciously low unit price (45.2)
300320188711720,Low Price,unit_price,Suspiciously low unit price (45.2)
300320188711620,Low Price,unit_price,Suspiciously low unit price (45.24)
300320188711620,Low Price,unit_price,Suspiciously low unit price (45.24)
300320188711620,Low Price,unit_price,Suspiciously low unit price (45.24)
300320188711620,Low Price,unit_price,Suspiciously low unit price (45.93)
300320188711620,Low Price,unit_price,Suspiciously low unit price (45.93)
300320188711620,Low Price,unit_price,Suspiciously low unit price (45.93)
300320188711720,Low Price,unit_price,Suspiciously low unit price (46.06)
300320188711720,Low Price,unit_price,Suspiciously low unit price (46.06)
300320188711720,Low Price,unit_price,Suspiciously low unit price (46.41)
300320188711720,Low Price,unit_price,Suspiciously low unit price (46.41)
300320188711720,Low Price,unit_price,Suspiciously low unit price (46.41)
300320188711620,Low Price,unit_price,Suspiciously low unit price (46.66)
300320188711620,Low Price,unit_price,Suspiciously low unit price (46.66)
300320188711620,Low Price,unit_price,Suspiciously low unit price (46.66)
300320188711630,Low Price,unit_price,Suspiciously low unit price (47.19)
300320188711630,Low Price,unit_price,Suspiciously low unit price (47.19)
300320188711630,Low Price,unit_price,Suspiciously low unit price (47.19)
300320188711630,Low Price,unit_price,Suspiciously low unit price (47.19)
300320188711630,Low Price,unit_price,Suspiciously low unit price (47.27)
300320188711630,Low Price,unit_price,Suspiciously low unit price (47.27)
300320188711630,Low Price,unit_price,Suspiciously low unit price (47.27)
300320188711630,Low Price,unit_price,Suspiciously low unit price (47.27)
300320188711640,Low Price,unit_price,Suspiciously low unit price (47.36)
300320188711640,Low Price,unit_price,Suspiciously low unit price (47.36)
300320188711640,Low Price,unit_price,Suspiciously low unit price (47.36)
300320188711630,Low Price,unit_price,Suspiciously low unit price (47.36)
300320188711640,Low Price,unit_price,Suspiciously low unit price (47.5)
300320188711640,Low Price,unit_price,Suspiciously low unit price (47.5)
300320188711640,Low Price,unit_price,Suspiciously low unit price (47.5)
300320188711640,Low Price,unit_price,Suspiciously low unit price (47.5)
300320188711640,Low Price,unit_price,Suspiciously low unit price (47.5)
300320188711730,Low Price,unit_price,Suspiciously low unit price (47.8)
300320188711730,Low Price,unit_price,Suspiciously low unit price (47.8)
300320188711730,Low Price,unit_price,Suspiciously low unit price (47.8)
300320188711730,Low Price,unit_price,Suspiciously low unit price (47.8)
300320188711730,Low Price,unit_price,Suspiciously low unit price (47.8)
300320188711730,Low Price,unit_price,Suspiciously low unit price (47.8)
300320188711650,Low Price,unit_price,Suspiciously low unit price (47.84)
300320188711650,Low Price,unit_price,Suspiciously low unit price (47.84)
300320188711650,Low Price,unit_price,Suspiciously low unit price (47.84)
300320188711640,Low Price,unit_price,Suspiciously low unit price (47.84)
300320188711640,Low Price,unit_price,Suspiciously low unit price (47.84)
300320188711640,Low Price,unit_price,Suspiciously low unit price (47.84)
300320188711740,Low Price,unit_price,Suspiciously low unit price (48.14)
300320188711730,Low Price,unit_price,Suspiciously low unit price (48.14)
300320188711730,Low Price,unit_price,Suspiciously low unit price (48.14)
300320188711730,Low Price,unit_price,Suspiciously low unit price (48.14)
300320188711740,Low Price,unit_price,Suspiciously low unit price (48.32)
300320188711740,Low Price,unit_price,Suspiciously low unit price (48.32)
300320188711740,Low Price,unit_price,Suspiciously low unit price (48.32)
300320188711740,Low Price,unit_price,Suspiciously low unit price (48.32)
280320188546870,Low Price,unit_price,Suspiciously low unit price (1.88)
260320188372070,Low Price,unit_price,Suspiciously low unit price (2.23)
260320188372070,Low Price,unit_price,Suspiciously low unit price (5.05)
240320188271840,Low Price,unit_price,Suspiciously low unit price (15.58)
230320188173220,Low Price,unit_price,Suspiciously low unit price (13.44)
230320188146050,Low Price,unit_price,Suspiciously low unit price (14.03)
210320189206830,Low Price,unit_price,Suspiciously low unit price (1.5)
210320189206830,Low Price,unit_price,Suspiciously low unit price (4.49)
210320189206830,Low Price,unit_price,Suspiciously low unit price (7.49)
210320189206840,Low Price,unit_price,Suspiciously low unit price (44.91)
200320189190550,Low Price,unit_price,Suspiciously low unit price (7.05)
200320189190550,Low Price,unit_price,Suspiciously low unit price (18.88)
190320189171840,Low Price,unit_price,Suspiciously low unit price (8.55)
190320189171840,Low Price,unit_price,Suspiciously low unit price (8.55)
190320189171830,Low Price,unit_price,Suspiciously low unit price (8.55)
190320189171830,Low Price,unit_price,Suspiciously low unit price (8.55)
190320189171830,Low Price,unit_price,Suspiciously low unit price (8.55)
190320187749640,Low Price,unit_price,Suspiciously low unit price (45.88)
160320187558840,Low Price,unit_price,Suspiciously low unit price (0.69)
160320187530590,Low Price,unit_price,Suspiciously low unit price (0.75)
150320187475680,Low Price,unit_price,Suspiciously low unit price (40.93)
140320187358640,Low Price,unit_price,Suspiciously low unit price (40.39)
100320187105140,Low Price,unit_price,Suspiciously low unit price (24.56)
090320189022945,Low Price,unit_price,Suspiciously low unit price (18.67)
090320189022944,Low Price,unit_price,Suspiciously low unit price (18.67)
090320189022951,Low Price,unit_price,Suspiciously low unit price (35.0)
090320189022950,Low Price,unit_price,Suspiciously low unit price (35.0)
090320189022949,Low Price,unit_price,Suspiciously low unit price (45.0)
090320189022948,Low Price,unit_price,Suspiciously low unit price (45.0)
080320186917828,Low Price,unit_price,Suspiciously low unit price (24.49)
080320186917827,Low Price,unit_price,Suspiciously low unit price (24.49)
060320186721252,Low Price,unit_price,Suspiciously low unit price (1.43)
060320186721277,Low Price,unit_price,Suspiciously low unit price (4.28)
060320186714393,Low Price,unit_price,Suspiciously low unit price (4.28)
060320186714389,Low Price,unit_price,Suspiciously low unit price (5.92)
060320186714388,Low Price,unit_price,Suspiciously low unit price (5.93)
060320186714392,Low Price,unit_price,Suspiciously low unit price (9.47)
060320186721276,Low Price,unit_price,Suspiciously low unit price (9.48)
060320186756022,Low Price,unit_price,Suspiciously low unit price (11.96)
050320186633820,Low Price,unit_price,Suspiciously low unit price (2.07)
050320188920985,Low Price,unit_price,Suspiciously low unit price (3.15)
050320186561752,Low Price,unit_price,Suspiciously low unit price (10.9)
050320186572567,Low Price,unit_price,Suspiciously low unit price (21.25)
050320186597933,Low Price,unit_price,Suspiciously low unit price (34.96)
030320186512394,Low Price,unit_price,Suspiciously low unit price (34.22)
280220185013900,Low Price,unit_price,Suspiciously low unit price (1.18)
280220184965290,Low Price,unit_price,Suspiciously low unit price (6.19)
280220185012000,Low Price,unit_price,Suspiciously low unit price (10.93)
280220184986000,Low Price,unit_price,Suspiciously low unit price (13.78)
280220184986000,Low Price,unit_price,Suspiciously low unit price (13.78)
280220184986000,Low Price,unit_price,Suspiciously low unit price (13.78)
280220184986000,Low Price,unit_price,Suspiciously low unit price (13.78)
260220184773140,Low Price,unit_price,Suspiciously low unit price (22.83)
260220184740860,Low Price,unit_price,Suspiciously low unit price (39.6)
260220184740840,Low Price,unit_price,Suspiciously low unit price (39.6)
230220185724740,Low Price,unit_price,Suspiciously low unit price (11.54)
230220184544500,Low Price,unit_price,Suspiciously low unit price (12.94)
230220184599890,Low Price,unit_price,Suspiciously low unit price (13.0)
210220184416200,Low Price,unit_price,Suspiciously low unit price (21.66)
210220184416200,Low Price,unit_price,Suspiciously low unit price (21.88)
210220184428900,Low Price,unit_price,Suspiciously low unit price (48.5)
200220184276110,Low Price,unit_price,Suspiciously low unit price (47.97)
190220184140150,Low Price,unit_price,Suspiciously low unit price (24.3)
170220184119950,Low Price,unit_price,Suspiciously low unit price (0.71)
170220184119950,Low Price,unit_price,Suspiciously low unit price (1.83)
160220184004430,Low Price,unit_price,Suspiciously low unit price (5.09)
160220184004430,Low Price,unit_price,Suspiciously low unit price (42.35)
160220184004430,Low Price,unit_price,Suspiciously low unit price (48.98)
150220185847750,Low Price,unit_price,Suspiciously low unit price (0.1)
150220185847740,Low Price,unit_price,Suspiciously low unit price (0.21)
150220183875910,Low Price,unit_price,Suspiciously low unit price (1.27)
150220185859180,Low Price,unit_price,Suspiciously low unit price (3.1)
150220183860560,Low Price,unit_price,Suspiciously low unit price (13.12)
150220183860560,Low Price,unit_price,Suspiciously low unit price (13.12)
140220186175780,Low Price,unit_price,Suspiciously low unit price (1.54)
140220186175780,Low Price,unit_price,Suspiciously low unit price (4.61)
140220186175780,Low Price,unit_price,Suspiciously low unit price (7.69)
140220186175790,Low Price,unit_price,Suspiciously low unit price (46.15)
120220183467050,Low Price,unit_price,Suspiciously low unit price (0.16)
120220183530360,Low Price,unit_price,Suspiciously low unit price (35.12)
120220186112900,Low Price,unit_price,Suspiciously low unit price (35.79)
120220186112900,Low Price,unit_price,Suspiciously low unit price (35.79)
090220183326236,Low Price,unit_price,Suspiciously low unit price (0.98)
090220183326220,Low Price,unit_price,Suspiciously low unit price (0.98)
090220183291188,Low Price,unit_price,Suspiciously low unit price (1.36)
090220183291187,Low Price,unit_price,Suspiciously low unit price (1.39)
090220183326219,Low Price,unit_price,Suspiciously low unit price (2.33)
090220183329196,Low Price,unit_price,Suspiciously low unit price (4.41)
080220183200660,Low Price,unit_price,Suspiciously low unit price (13.09)
080220183241046,Low Price,unit_price,Suspiciously low unit price (17.43)
080220183241045,Low Price,unit_price,Suspiciously low unit price (17.43)
080220183241041,Low Price,unit_price,Suspiciously low unit price (17.43)
080220183241039,Low Price,unit_price,Suspiciously low unit price (17.43)
080220183241047,Low Price,unit_price,Suspiciously low unit price (21.19)
080220183241042,Low Price,unit_price,Suspiciously low unit price (28.62)
070220183047811,Low Price,unit_price,Suspiciously low unit price (25.39)
070220183047810,Low Price,unit_price,Suspiciously low unit price (25.39)
070220183047809,Low Price,unit_price,Suspiciously low unit price (25.39)
070220183047808,Low Price,unit_price,Suspiciously low unit price (25.39)
070220183048006,Low Price,unit_price,Suspiciously low unit price (25.68)
070220183048005,Low Price,unit_price,Suspiciously low unit price (25.68)
070220183048004,Low Price,unit_price,Suspiciously low unit price (25.68)
070220183047815,Low Price,unit_price,Suspiciously low unit price (25.68)
070220183047814,Low Price,unit_price,Suspiciously low unit price (25.68)
070220183047813,Low Price,unit_price,Suspiciously low unit price (25.68)
070220183047812,Low Price,unit_price,Suspiciously low unit price (25.68)
070220183048007,Low Price,unit_price,Suspiciously low unit price (26.07)
070220183047818,Low Price,unit_price,Suspiciously low unit price (26.07)
070220183047817,Low Price,unit_price,Suspiciously low unit price (26.07)
070220183047816,Low Price,unit_price,Suspiciously low unit price (26.07)
070220183047821,Low Price,unit_price,Suspiciously low unit price (26.47)
070220183047820,Low Price,unit_price,Suspiciously low unit price (26.47)
070220183047819,Low Price,unit_price,Suspiciously low unit price (26.47)
070220183047824,Low Price,unit_price,Suspiciously low unit price (26.91)
070220183047823,Low Price,unit_price,Suspiciously low unit price (26.91)
070220183047822,Low Price,unit_price,Suspiciously low unit price (26.91)
070220183047827,Low Price,unit_price,Suspiciously low unit price (27.23)
070220183047826,Low Price,unit_price,Suspiciously low unit price (27.23)
070220183047825,Low Price,unit_price,Suspiciously low unit price (27.23)
070220183047830,Low Price,unit_price,Suspiciously low unit price (27.75)
070220183047829,Low Price,unit_price,Suspiciously low unit price (27.75)
070220183047828,Low Price,unit_price,Suspiciously low unit price (27.75)
070220183047833,Low Price,unit_price,Suspiciously low unit price (28.07)
070220183047832,Low Price,unit_price,Suspiciously low unit price (28.07)
070220183047831,Low Price,unit_price,Suspiciously low unit price (28.07)
070220183048008,Low Price,unit_price,Suspiciously low unit price (28.45)
070220183047837,Low Price,unit_price,Suspiciously low unit price (28.45)
070220183047836,Low Price,unit_price,Suspiciously low unit price (28.45)
070220183047835,Low Price,unit_price,Suspiciously low unit price (28.45)
070220183047834,Low Price,unit_price,Suspiciously low unit price (28.45)
070220183047841,Low Price,unit_price,Suspiciously low unit price (28.76)
070220183047840,Low Price,unit_price,Suspiciously low unit price (28.76)
070220183047839,Low Price,unit_price,Suspiciously low unit price (28.76)
070220183047838,Low Price,unit_price,Suspiciously low unit price (28.76)
070220183048009,Low Price,unit_price,Suspiciously low unit price (29.18)
070220183047845,Low Price,unit_price,Suspiciously low unit price (29.18)
070220183047844,Low Price,unit_price,Suspiciously low unit price (29.18)
070220183047843,Low Price,unit_price,Suspiciously low unit price (29.18)
070220183047842,Low Price,unit_price,Suspiciously low unit price (29.18)
070220183047992,Low Price,unit_price,Suspiciously low unit price (34.06)
070220183047991,Low Price,unit_price,Suspiciously low unit price (34.06)
070220183047979,Low Price,unit_price,Suspiciously low unit price (34.06)
070220183047978,Low Price,unit_price,Suspiciously low unit price (34.06)
070220183047977,Low Price,unit_price,Suspiciously low unit price (34.06)
070220183047976,Low Price,unit_price,Suspiciously low unit price (34.06)
070220183047975,Low Price,unit_price,Suspiciously low unit price (34.06)
070220183047900,Low Price,unit_price,Suspiciously low unit price (34.06)
070220183047899,Low Price,unit_price,Suspiciously low unit price (34.06)
070220183047898,Low Price,unit_price,Suspiciously low unit price (34.06)
070220183047897,Low Price,unit_price,Suspiciously low unit price (34.06)
070220183047896,Low Price,unit_price,Suspiciously low unit price (34.06)
070220183047883,Low Price,unit_price,Suspiciously low unit price (34.06)
070220183047882,Low Price,unit_price,Suspiciously low unit price (34.06)
070220183047881,Low Price,unit_price,Suspiciously low unit price (34.06)
070220183047974,Low Price,unit_price,Suspiciously low unit price (35.99)
070220183047973,Low Price,unit_price,Suspiciously low unit price (35.99)
070220183047972,Low Price,unit_price,Suspiciously low unit price (35.99)
070220183047895,Low Price,unit_price,Suspiciously low unit price (35.99)
070220183047894,Low Price,unit_price,Suspiciously low unit price (35.99)
070220183047893,Low Price,unit_price,Suspiciously low unit price (35.99)
070220183047880,Low Price,unit_price,Suspiciously low unit price (35.99)
070220183047879,Low Price,unit_price,Suspiciously low unit price (35.99)
070220183047878,Low Price,unit_price,Suspiciously low unit price (35.99)
070220183047887,Low Price,unit_price,Suspiciously low unit price (38.56)
070220183047886,Low Price,unit_price,Suspiciously low unit price (38.56)
070220183047872,Low Price,unit_price,Suspiciously low unit price (38.59)
070220183047871,Low Price,unit_price,Suspiciously low unit price (38.59)
070220183047889,Low Price,unit_price,Suspiciously low unit price (39.95)
070220183047888,Low Price,unit_price,Suspiciously low unit price (39.95)
070220183047874,Low Price,unit_price,Suspiciously low unit price (39.95)
070220183047873,Low Price,unit_price,Suspiciously low unit price (39.95)
070220183047971,Low Price,unit_price,Suspiciously low unit price (40.78)
070220183047970,Low Price,unit_price,Suspiciously low unit price (40.78)
070220183047969,Low Price,unit_price,Suspiciously low unit price (40.78)
070220183047892,Low Price,unit_price,Suspiciously low unit price (40.78)
070220183047891,Low Price,unit_price,Suspiciously low unit price (40.78)
070220183047890,Low Price,unit_price,Suspiciously low unit price (40.78)
070220183047877,Low Price,unit_price,Suspiciously low unit price (40.78)
070220183047876,Low Price,unit_price,Suspiciously low unit price (40.78)
070220183047875,Low Price,unit_price,Suspiciously low unit price (40.78)
070220183047847,Low Price,unit_price,Suspiciously low unit price (47.59)
070220183047846,Low Price,unit_price,Suspiciously low unit price (47.59)
070220183048013,Low Price,unit_price,Suspiciously low unit price (47.61)
070220183047994,Low Price,unit_price,Suspiciously low unit price (47.61)
070220183047993,Low Price,unit_price,Suspiciously low unit price (47.61)
070220183047981,Low Price,unit_price,Suspiciously low unit price (47.61)
070220183047980,Low Price,unit_price,Suspiciously low unit price (47.61)
070220183047902,Low Price,unit_price,Suspiciously low unit price (47.61)
070220183047901,Low Price,unit_price,Suspiciously low unit price (47.61)
070220183048017,Low Price,unit_price,Suspiciously low unit price (49.36)
070220183047996,Low Price,unit_price,Suspiciously low unit price (49.36)
070220183047995,Low Price,unit_price,Suspiciously low unit price (49.36)
070220183047955,Low Price,unit_price,Suspiciously low unit price (49.36)
070220183047954,Low Price,unit_price,Suspiciously low unit price (49.36)
070220183047904,Low Price,unit_price,Suspiciously low unit price (49.36)
070220183047903,Low Price,unit_price,Suspiciously low unit price (49.36)
070220183047849,Low Price,unit_price,Suspiciously low unit price (49.36)
070220183047848,Low Price,unit_price,Suspiciously low unit price (49.36)
060220182925345,Low Price,unit_price,Suspiciously low unit price (21.25)
050220182857958,Low Price,unit_price,Suspiciously low unit price (36.38)
040220186215376,Low Price,unit_price,Suspiciously low unit price (8.67)
040220186215375,Low Price,unit_price,Suspiciously low unit price (8.67)
030220182750917,Low Price,unit_price,Suspiciously low unit price (9.44)
030220182654717,Low Price,unit_price,Suspiciously low unit price (47.15)
310120181943690,Low Price,unit_price,Suspiciously low unit price (13.51)
310120185672710,Low Price,unit_price,Suspiciously low unit price (28.55)
290120182392280,Low Price,unit_price,Suspiciously low unit price (0.05)
290120182376480,Low Price,unit_price,Suspiciously low unit price (29.16)
280120182088410,Low Price,unit_price,Suspiciously low unit price (25.24)
280120182088410,Low Price,unit_price,Suspiciously low unit price (25.24)
270120182274390,Low Price,unit_price,Suspiciously low unit price (2.7)
250120185591290,Low Price,unit_price,Suspiciously low unit price (18.79)
250120185591290,Low Price,unit_price,Suspiciously low unit price (20.41)
250120185591290,Low Price,unit_price,Suspiciously low unit price (24.2)
250120185590620,Low Price,unit_price,Suspiciously low unit price (32.99)
220120181265610,Low Price,unit_price,Suspiciously low unit price (10.44)
200120185504270,Low Price,unit_price,Suspiciously low unit price (1.24)
190120181776580,Low Price,unit_price,Suspiciously low unit price (44.06)
170120181338020,Low Price,unit_price,Suspiciously low unit price (48.82)
120120181053700,Low Price,unit_price,Suspiciously low unit price (10.75)
CMDULHV1745614,Low Price,unit_price,Suspiciously low unit price (0.0)
100120181093300,Low Price,unit_price,Suspiciously low unit price (1.49)
090120185286859,Low Price,unit_price,Suspiciously low unit price (8.43)
08012018779641,Low Price,unit_price,Suspiciously low unit price (14.8)
04012018193649,Low Price,unit_price,Suspiciously low unit price (0.18)
03012018298191,Low Price,unit_price,Suspiciously low unit price (11.14)
02012018110767,Low Price,unit_price,Suspiciously low unit price (6.72)
01012018324962,Low Price,unit_price,Suspiciously low unit price (1.28)
01012018201339,Low Price,unit_price,Suspiciously low unit price (17.34)
3012201731895300,Low Price,unit_price,Suspiciously low unit price (37.94)
3012201731895300,Low Price,unit_price,Suspiciously low unit price (37.94)
2912201730735000,Low Price,unit_price,Suspiciously low unit price (34.28)
2912201730703700,Low Price,unit_price,Suspiciously low unit price (36.67)
2812201730665000,Low Price,unit_price,Suspiciously low unit price (41.05)
2812201730665000,Low Price,unit_price,Suspiciously low unit price (41.05)
2612201730484500,Low Price,unit_price,Suspiciously low unit price (5.16)
2612201730484500,Low Price,unit_price,Suspiciously low unit price (5.16)
2612201730482500,Low Price,unit_price,Suspiciously low unit price (44.0)
2612201730481800,Low Price,unit_price,Suspiciously low unit price (44.0)
2012201729947100,Low Price,unit_price,Suspiciously low unit price (11.29)
1612201729698000,Low Price,unit_price,Suspiciously low unit price (0.16)
1512201729632600,Low Price,unit_price,Suspiciously low unit price (47.77)
141220171205470,Low Price,unit_price,Suspiciously low unit price (0.0)
1312201731570400,Low Price,unit_price,Suspiciously low unit price (34.42)
1312201731570400,Low Price,unit_price,Suspiciously low unit price (34.42)
1212201729285500,Low Price,unit_price,Suspiciously low unit price (1.15)
1112201729133700,Low Price,unit_price,Suspiciously low unit price (22.52)
1112201729230100,Low Price,unit_price,Suspiciously low unit price (47.56)
0912201729096727,Low Price,unit_price,Suspiciously low unit price (14.65)
0712201728935997,Low Price,unit_price,Suspiciously low unit price (16.05)
0612201728837195,Low Price,unit_price,Suspiciously low unit price (13.64)
0112201728457680,Low Price,unit_price,Suspiciously low unit price (19.17)
0112201728524025,Low Price,unit_price,Suspiciously low unit price (46.83)
0112201728523873,Low Price,unit_price,Suspiciously low unit price (46.83)
2411201731246600,Low Price,unit_price,Suspiciously low unit price (8.33)
2411201728010700,Low Price,unit_price,Suspiciously low unit price (14.94)
2411201728230400,Low Price,unit_price,Suspiciously low unit price (24.57)
2211201727757100,Low Price,unit_price,Suspiciously low unit price (34.7)
2111201731188300,Low Price,unit_price,Suspiciously low unit price (11.12)
2111201727740200,Low Price,unit_price,Suspiciously low unit price (11.28)
2111201731188300,Low Price,unit_price,Suspiciously low unit price (12.93)
2111201731188300,Low Price,unit_price,Suspiciously low unit price (12.93)
2111201731188300,Low Price,unit_price,Suspiciously low unit price (32.17)
1811201727341500,Low Price,unit_price,Suspiciously low unit price (11.16)
1811201727796200,Low Price,unit_price,Suspiciously low unit price (48.54)
1411201731063700,Low Price,unit_price,Suspiciously low unit price (9.72)
1411201727283500,Low Price,unit_price,Suspiciously low unit price (35.28)
1411201727258600,Low Price,unit_price,Suspiciously low unit price (37.95)
1411201727211300,Low Price,unit_price,Suspiciously low unit price (47.87)
1311201727154100,Low Price,unit_price,Suspiciously low unit price (4.79)
1311201726926100,Low Price,unit_price,Suspiciously low unit price (11.06)
1311201726926100,Low Price,unit_price,Suspiciously low unit price (13.83)
1311201726926100,Low Price,unit_price,Suspiciously low unit price (14.63)
0811201727204494,Low Price,unit_price,Suspiciously low unit price (48.61)
0711201726678224,Low Price,unit_price,Suspiciously low unit price (48.06)
0311201726305213,Low Price,unit_price,Suspiciously low unit price (6.48)
0311201726393475,Low Price,unit_price,Suspiciously low unit price (11.37)
3110201726194300,Low Price,unit_price,Suspiciously low unit price (19.87)
3010201726157500,Low Price,unit_price,Suspiciously low unit price (16.53)
3010201726157500,Low Price,unit_price,Suspiciously low unit price (16.53)
30712510,Low Price,unit_price,Suspiciously low unit price (0.0)
30712510,Low Price,unit_price,Suspiciously low unit price (0.0)
2710201725924200,Low Price,unit_price,Suspiciously low unit price (38.59)
2610201725806300,Low Price,unit_price,Suspiciously low unit price (11.31)
2410201725653800,Low Price,unit_price,Suspiciously low unit price (11.23)
2410201725700900,Low Price,unit_price,Suspiciously low unit price (41.0)
231020175463290,Low Price,unit_price,Suspiciously low unit price (24.83)
2110201725480600,Low Price,unit_price,Suspiciously low unit price (3.76)
2110201725480600,Low Price,unit_price,Suspiciously low unit price (5.41)
1810201725283900,Low Price,unit_price,Suspiciously low unit price (36.59)
1610201725117800,Low Price,unit_price,Suspiciously low unit price (24.74)
BHOS101317SPARE,Low Price,unit_price,Suspiciously low unit price (0.0)
131020175306500,Low Price,unit_price,Suspiciously low unit price (25.6)
1210201724798600,Low Price,unit_price,Suspiciously low unit price (11.33)
0910201724574640,Low Price,unit_price,Suspiciously low unit price (3.01)
0910201724578145,Low Price,unit_price,Suspiciously low unit price (15.58)
0410201724154938,Low Price,unit_price,Suspiciously low unit price (1.21)
0310201724084542,Low Price,unit_price,Suspiciously low unit price (1.17)
0310201724052675,Low Price,unit_price,Suspiciously low unit price (3.61)
2709201723746500,Low Price,unit_price,Suspiciously low unit price (12.09)
2509201723527000,Low Price,unit_price,Suspiciously low unit price (1.34)
250920175001920,Low Price,unit_price,Suspiciously low unit price (35.99)
250920175001920,Low Price,unit_price,Suspiciously low unit price (36.0)
2209201722933900,Low Price,unit_price,Suspiciously low unit price (42.57)
2109201722953400,Low Price,unit_price,Suspiciously low unit price (11.65)
190920174911030,Low Price,unit_price,Suspiciously low unit price (10.78)
1809201723176300,Low Price,unit_price,Suspiciously low unit price (21.21)
1609201723226700,Low Price,unit_price,Suspiciously low unit price (42.74)
1509201722531700,Low Price,unit_price,Suspiciously low unit price (3.26)
1409201722486400,Low Price,unit_price,Suspiciously low unit price (7.81)
1409201722487200,Low Price,unit_price,Suspiciously low unit price (33.89)
1409201722646100,Low Price,unit_price,Suspiciously low unit price (45.24)
1209201722619100,Low Price,unit_price,Suspiciously low unit price (42.85)
0809201722812982,Low Price,unit_price,Suspiciously low unit price (4.22)
080920174716985,Low Price,unit_price,Suspiciously low unit price (29.98)
0409201722133010,Low Price,unit_price,Suspiciously low unit price (1.23)
0109201722159435,Low Price,unit_price,Suspiciously low unit price (0.34)
0109201722159427,Low Price,unit_price,Suspiciously low unit price (0.38)
0109201721813224,Low Price,unit_price,Suspiciously low unit price (16.19)
0109201721813225,Low Price,unit_price,Suspiciously low unit price (18.21)
0109201721813226,Low Price,unit_price,Suspiciously low unit price (20.2)
0109201721813223,Low Price,unit_price,Suspiciously low unit price (29.71)
0109201721813170,Low Price,unit_price,Suspiciously low unit price (34.99)
0109201721813168,Low Price,unit_price,Suspiciously low unit price (34.99)
0109201721813166,Low Price,unit_price,Suspiciously low unit price (34.99)
0109201721813165,Low Price,unit_price,Suspiciously low unit price (34.99)
0109201721813213,Low Price,unit_price,Suspiciously low unit price (37.72)
0109201721813211,Low Price,unit_price,Suspiciously low unit price (37.72)
0109201721813209,Low Price,unit_price,Suspiciously low unit price (37.72)
0109201721813208,Low Price,unit_price,Suspiciously low unit price (37.92)
0109201721813206,Low Price,unit_price,Suspiciously low unit price (37.92)
0109201721813204,Low Price,unit_price,Suspiciously low unit price (37.92)
0109201721813203,Low Price,unit_price,Suspiciously low unit price (38.15)
0109201721813202,Low Price,unit_price,Suspiciously low unit price (38.15)
0109201721813201,Low Price,unit_price,Suspiciously low unit price (38.15)
0109201721813200,Low Price,unit_price,Suspiciously low unit price (38.15)
0109201721813199,Low Price,unit_price,Suspiciously low unit price (38.15)
0109201721813198,Low Price,unit_price,Suspiciously low unit price (38.15)
0109201721813185,Low Price,unit_price,Suspiciously low unit price (38.98)
0109201721813183,Low Price,unit_price,Suspiciously low unit price (38.98)
0109201721813181,Low Price,unit_price,Suspiciously low unit price (38.98)
0109201721813180,Low Price,unit_price,Suspiciously low unit price (39.03)
0109201721813178,Low Price,unit_price,Suspiciously low unit price (39.03)
0109201721813176,Low Price,unit_price,Suspiciously low unit price (39.03)
0109201721813175,Low Price,unit_price,Suspiciously low unit price (39.09)
0109201721813173,Low Price,unit_price,Suspiciously low unit price (39.09)
0109201721813171,Low Price,unit_price,Suspiciously low unit price (39.09)
0109201722159917,Low Price,unit_price,Suspiciously low unit price (40.81)
0109201721813218,Low Price,unit_price,Suspiciously low unit price (45.84)
0109201721813217,Low Price,unit_price,Suspiciously low unit price (45.84)
0109201721813216,Low Price,unit_price,Suspiciously low unit price (45.84)
0109201721813215,Low Price,unit_price,Suspiciously low unit price (45.84)
0109201721813214,Low Price,unit_price,Suspiciously low unit price (45.84)
0109201721813222,Low Price,unit_price,Suspiciously low unit price (45.93)
0109201721813221,Low Price,unit_price,Suspiciously low unit price (45.93)
0109201721813220,Low Price,unit_price,Suspiciously low unit price (45.93)
0109201721813219,Low Price,unit_price,Suspiciously low unit price (45.93)
0109201721813212,Low Price,unit_price,Suspiciously low unit price (45.98)
0109201721813210,Low Price,unit_price,Suspiciously low unit price (45.98)
0109201721813207,Low Price,unit_price,Suspiciously low unit price (46.19)
0109201721813205,Low Price,unit_price,Suspiciously low unit price (46.19)
0109201721813197,Low Price,unit_price,Suspiciously low unit price (46.45)
0109201721813196,Low Price,unit_price,Suspiciously low unit price (46.45)
0109201721813195,Low Price,unit_price,Suspiciously low unit price (46.45)
0109201721813194,Low Price,unit_price,Suspiciously low unit price (46.45)
0109201721813193,Low Price,unit_price,Suspiciously low unit price (46.57)
0109201721813192,Low Price,unit_price,Suspiciously low unit price (46.57)
0109201721813191,Low Price,unit_price,Suspiciously low unit price (46.57)
0109201721813190,Low Price,unit_price,Suspiciously low unit price (46.57)
0109201721813189,Low Price,unit_price,Suspiciously low unit price (46.73)
0109201721813188,Low Price,unit_price,Suspiciously low unit price (46.73)
0109201721813187,Low Price,unit_price,Suspiciously low unit price (46.73)
0109201721813186,Low Price,unit_price,Suspiciously low unit price (46.73)
0109201721813184,Low Price,unit_price,Suspiciously low unit price (47.24)
0109201721813182,Low Price,unit_price,Suspiciously low unit price (47.24)
0109201721813179,Low Price,unit_price,Suspiciously low unit price (47.29)
0109201721813177,Low Price,unit_price,Suspiciously low unit price (47.29)
0109201721813174,Low Price,unit_price,Suspiciously low unit price (47.36)
0109201721813172,Low Price,unit_price,Suspiciously low unit price (47.36)
0109201721813169,Low Price,unit_price,Suspiciously low unit price (47.38)
0109201721813167,Low Price,unit_price,Suspiciously low unit price (47.38)
3108201721723900,Low Price,unit_price,Suspiciously low unit price (16.19)
SHPTHOU29004265,Low Price,unit_price,Suspiciously low unit price (0.0)
2908201721542700,Low Price,unit_price,Suspiciously low unit price (1.12)
2808201721504700,Low Price,unit_price,Suspiciously low unit price (31.29)
2808201721393800,Low Price,unit_price,Suspiciously low unit price (36.67)
240820174431770,Low Price,unit_price,Suspiciously low unit price (3.49)
230820174405170,Low Price,unit_price,Suspiciously low unit price (8.38)
230820174405170,Low Price,unit_price,Suspiciously low unit price (8.38)
2308201721184400,Low Price,unit_price,Suspiciously low unit price (46.27)
220820174382390,Low Price,unit_price,Suspiciously low unit price (4.05)
2108201721028900,Low Price,unit_price,Suspiciously low unit price (7.02)
2108201721035100,Low Price,unit_price,Suspiciously low unit price (25.28)
1808201720850300,Low Price,unit_price,Suspiciously low unit price (5.7)
1708201720802600,Low Price,unit_price,Suspiciously low unit price (42.42)
1608201720710100,Low Price,unit_price,Suspiciously low unit price (4.32)
140820174244000,Low Price,unit_price,Suspiciously low unit price (0.4)
1408201720629100,Low Price,unit_price,Suspiciously low unit price (47.0)
0908201720331950,Low Price,unit_price,Suspiciously low unit price (16.03)
0908201720330804,Low Price,unit_price,Suspiciously low unit price (16.03)
0808201720261196,Low Price,unit_price,Suspiciously low unit price (42.74)
0708201720164205,Low Price,unit_price,Suspiciously low unit price (3.82)
0508201720028656,Low Price,unit_price,Suspiciously low unit price (22.91)
0508201720028620,Low Price,unit_price,Suspiciously low unit price (22.91)
0408201719941851,Low Price,unit_price,Suspiciously low unit price (1.42)
0408201719941880,Low Price,unit_price,Suspiciously low unit price (6.61)
0308201719936402,Low Price,unit_price,Suspiciously low unit price (7.27)
020820174043707,Low Price,unit_price,Suspiciously low unit price (1.03)
0208201719847140,Low Price,unit_price,Suspiciously low unit price (42.87)
0108201719766826,Low Price,unit_price,Suspiciously low unit price (0.72)
2707201719486700,Low Price,unit_price,Suspiciously low unit price (5.08)
2607201719459200,Low Price,unit_price,Suspiciously low unit price (42.4)
2507201719363400,Low Price,unit_price,Suspiciously low unit price (3.77)
2407201719294800,Low Price,unit_price,Suspiciously low unit price (1.66)
2207201719162400,Low Price,unit_price,Suspiciously low unit price (34.6)
2007201719047700,Low Price,unit_price,Suspiciously low unit price (10.84)
170720173626480,Low Price,unit_price,Suspiciously low unit price (2.31)
1707201718894900,Low Price,unit_price,Suspiciously low unit price (10.42)
1107201718446700,Low Price,unit_price,Suspiciously low unit price (10.88)
110720173504390,Low Price,unit_price,Suspiciously low unit price (21.82)
1107201718366900,Low Price,unit_price,Suspiciously low unit price (39.24)
1107201718366900,Low Price,unit_price,Suspiciously low unit price (39.24)
1007201718308100,Low Price,unit_price,Suspiciously low unit price (9.2)
0807201718205018,Low Price,unit_price,Suspiciously low unit price (34.34)
30141804,Low Price,unit_price,Suspiciously low unit price (0.0)
2906201717807900,Low Price,unit_price,Suspiciously low unit price (0.1)
280620173222170,Low Price,unit_price,Suspiciously low unit price (20.14)
2706201717672700,Low Price,unit_price,Suspiciously low unit price (19.75)
2706201717673000,Low Price,unit_price,Suspiciously low unit price (21.81)
2706201717672700,Low Price,unit_price,Suspiciously low unit price (23.7)
2706201717672600,Low Price,unit_price,Suspiciously low unit price (30.63)
2606201717626100,Low Price,unit_price,Suspiciously low unit price (0.93)
2606201717626100,Low Price,unit_price,Suspiciously low unit price (0.93)
2606201717626000,Low Price,unit_price,Suspiciously low unit price (0.93)
2606201717626000,Low Price,unit_price,Suspiciously low unit price (0.93)
2606201717626000,Low Price,unit_price,Suspiciously low unit price (0.93)
2606201717626100,Low Price,unit_price,Suspiciously low unit price (1.55)
2606201717626100,Low Price,unit_price,Suspiciously low unit price (1.55)
2606201717626100,Low Price,unit_price,Suspiciously low unit price (2.79)
2606201717626000,Low Price,unit_price,Suspiciously low unit price (3.58)
2606201717626100,Low Price,unit_price,Suspiciously low unit price (3.72)
2606201717626000,Low Price,unit_price,Suspiciously low unit price (3.79)
2606201717626100,Low Price,unit_price,Suspiciously low unit price (4.75)
2606201717626100,Low Price,unit_price,Suspiciously low unit price (6.53)
2406201717579200,Low Price,unit_price,Suspiciously low unit price (23.22)
2406201717597100,Low Price,unit_price,Suspiciously low unit price (42.35)
200620173138660,Low Price,unit_price,Suspiciously low unit price (2.38)
2006201717376100,Low Price,unit_price,Suspiciously low unit price (42.24)
1906201717318000,Low Price,unit_price,Suspiciously low unit price (2.29)
1706201717252400,Low Price,unit_price,Suspiciously low unit price (34.85)
1606201717185400,Low Price,unit_price,Suspiciously low unit price (46.84)
1406201716974000,Low Price,unit_price,Suspiciously low unit price (10.85)
1206201716754500,Low Price,unit_price,Suspiciously low unit price (42.48)
1006201716718200,Low Price,unit_price,Suspiciously low unit price (4.48)
0906201716661537,Low Price,unit_price,Suspiciously low unit price (24.96)
0806201716574430,Low Price,unit_price,Suspiciously low unit price (3.62)
060620172895533,Low Price,unit_price,Suspiciously low unit price (2.3)
0506201716286999,Low Price,unit_price,Suspiciously low unit price (2.3)
0506201716289458,Low Price,unit_price,Suspiciously low unit price (6.32)
0306201716235255,Low Price,unit_price,Suspiciously low unit price (17.73)
0206201716109600,Low Price,unit_price,Suspiciously low unit price (10.08)
0206201716109682,Low Price,unit_price,Suspiciously low unit price (38.25)
0106201716044358,Low Price,unit_price,Suspiciously low unit price (2.3)
0106201716067817,Low Price,unit_price,Suspiciously low unit price (42.83)
3105201715939000,Low Price,unit_price,Suspiciously low unit price (5.23)
3105201715985200,Low Price,unit_price,Suspiciously low unit price (12.79)
2905201715713300,Low Price,unit_price,Suspiciously low unit price (42.74)
2905201715710000,Low Price,unit_price,Suspiciously low unit price (45.73)
2605201715587500,Low Price,unit_price,Suspiciously low unit price (11.28)
2605201715572300,Low Price,unit_price,Suspiciously low unit price (42.73)
2505201715486700,Low Price,unit_price,Suspiciously low unit price (49.4)
2405201715408500,Low Price,unit_price,Suspiciously low unit price (16.25)
2205201715257100,Low Price,unit_price,Suspiciously low unit price (42.75)
1905201715175200,Low Price,unit_price,Suspiciously low unit price (49.97)
1805201715138100,Low Price,unit_price,Suspiciously low unit price (9.01)
1805201715080800,Low Price,unit_price,Suspiciously low unit price (10.46)
1805201715075200,Low Price,unit_price,Suspiciously low unit price (42.37)
1705201715005900,Low Price,unit_price,Suspiciously low unit price (10.62)
1705201714979000,Low Price,unit_price,Suspiciously low unit price (37.92)
1705201714979000,Low Price,unit_price,Suspiciously low unit price (37.92)
130520172514570,Low Price,unit_price,Suspiciously low unit price (11.84)
1205201714419500,Low Price,unit_price,Suspiciously low unit price (42.84)
1205201714419500,Low Price,unit_price,Suspiciously low unit price (42.84)
1205201714416900,Low Price,unit_price,Suspiciously low unit price (45.84)
1105201714481800,Low Price,unit_price,Suspiciously low unit price (5.23)
1005201714555600,Low Price,unit_price,Suspiciously low unit price (29.91)
0805201714303926,Low Price,unit_price,Suspiciously low unit price (7.05)
060520172393049,Low Price,unit_price,Suspiciously low unit price (34.71)
060520172393048,Low Price,unit_price,Suspiciously low unit price (34.71)
0505201714117353,Low Price,unit_price,Suspiciously low unit price (1.15)
0505201714163851,Low Price,unit_price,Suspiciously low unit price (1.53)
0505201714164994,Low Price,unit_price,Suspiciously low unit price (1.79)
0505201714115572,Low Price,unit_price,Suspiciously low unit price (2.29)
0505201714115570,Low Price,unit_price,Suspiciously low unit price (2.29)
0505201714109196,Low Price,unit_price,Suspiciously low unit price (2.86)
0405201714032495,Low Price,unit_price,Suspiciously low unit price (43.11)
EXDO6850025331,Low Price,unit_price,Suspiciously low unit price (0.0)
EXDO6850025331,Low Price,unit_price,Suspiciously low unit price (0.0)
0205201713900164,Low Price,unit_price,Suspiciously low unit price (1.04)
020520172306620,Low Price,unit_price,Suspiciously low unit price (7.69)
0105201713800154,Low Price,unit_price,Suspiciously low unit price (24.47)
0105201713788498,Low Price,unit_price,Suspiciously low unit price (42.56)
2904201713693300,Low Price,unit_price,Suspiciously low unit price (15.77)
2904201713721200,Low Price,unit_price,Suspiciously low unit price (25.57)
2604201713426000,Low Price,unit_price,Suspiciously low unit price (42.66)
2604201713426000,Low Price,unit_price,Suspiciously low unit price (45.65)
2504201713361400,Low Price,unit_price,Suspiciously low unit price (0.91)
2504201713379400,Low Price,unit_price,Suspiciously low unit price (15.38)
2504201713379400,Low Price,unit_price,Suspiciously low unit price (18.01)
2504201713413400,Low Price,unit_price,Suspiciously low unit price (27.74)
2404201713269400,Low Price,unit_price,Suspiciously low unit price (5.38)
2404201713324300,Low Price,unit_price,Suspiciously low unit price (10.94)
1904201712914000,Low Price,unit_price,Suspiciously low unit price (42.49)
1804201712874400,Low Price,unit_price,Suspiciously low unit price (4.5)
1704201712733000,Low Price,unit_price,Suspiciously low unit price (14.08)
1704201712737200,Low Price,unit_price,Suspiciously low unit price (19.63)
1504201712625600,Low Price,unit_price,Suspiciously low unit price (12.51)
1504201712625600,Low Price,unit_price,Suspiciously low unit price (39.2)
1504201712625600,Low Price,unit_price,Suspiciously low unit price (48.37)
1404201712614800,Low Price,unit_price,Suspiciously low unit price (25.49)
1104201712444300,Low Price,unit_price,Suspiciously low unit price (5.41)
1104201712445700,Low Price,unit_price,Suspiciously low unit price (15.87)
100420171917790,Low Price,unit_price,Suspiciously low unit price (22.32)
0604201712191598,Low Price,unit_price,Suspiciously low unit price (4.6)
0604201712172984,Low Price,unit_price,Suspiciously low unit price (23.3)
040420171821527,Low Price,unit_price,Suspiciously low unit price (2.3)
040420171821523,Low Price,unit_price,Suspiciously low unit price (2.3)
040420171821522,Low Price,unit_price,Suspiciously low unit price (2.3)
040420171821521,Low Price,unit_price,Suspiciously low unit price (2.3)
0304201711881505,Low Price,unit_price,Suspiciously low unit price (2.86)
0304201711828807,Low Price,unit_price,Suspiciously low unit price (36.65)
0304201711828806,Low Price,unit_price,Suspiciously low unit price (36.65)
0104201711759884,Low Price,unit_price,Suspiciously low unit price (2.67)
310320171635890,Low Price,unit_price,Suspiciously low unit price (33.28)
3003201711593300,Low Price,unit_price,Suspiciously low unit price (1.11)
3003201711592300,Low Price,unit_price,Suspiciously low unit price (25.89)
3003201711594300,Low Price,unit_price,Suspiciously low unit price (31.05)
3003201711594300,Low Price,unit_price,Suspiciously low unit price (39.24)
3003201711579600,Low Price,unit_price,Suspiciously low unit price (41.41)
2703201711398700,Low Price,unit_price,Suspiciously low unit price (5.14)
2503201711305000,Low Price,unit_price,Suspiciously low unit price (1.3)
2503201711304400,Low Price,unit_price,Suspiciously low unit price (1.3)
2503201711303700,Low Price,unit_price,Suspiciously low unit price (1.3)
2503201711303400,Low Price,unit_price,Suspiciously low unit price (1.3)
2503201711304600,Low Price,unit_price,Suspiciously low unit price (9.09)
2503201711305600,Low Price,unit_price,Suspiciously low unit price (20.79)
2403201711294200,Low Price,unit_price,Suspiciously low unit price (6.19)
2403201711294300,Low Price,unit_price,Suspiciously low unit price (7.09)
2403201711294300,Low Price,unit_price,Suspiciously low unit price (7.49)
2403201711294500,Low Price,unit_price,Suspiciously low unit price (12.3)
2403201711294200,Low Price,unit_price,Suspiciously low unit price (26.53)
2403201711221100,Low Price,unit_price,Suspiciously low unit price (41.06)
2303201711172500,Low Price,unit_price,Suspiciously low unit price (17.07)
2303201711173300,Low Price,unit_price,Suspiciously low unit price (31.68)
2303201711173700,Low Price,unit_price,Suspiciously low unit price (41.38)
2203201711043500,Low Price,unit_price,Suspiciously low unit price (0.37)
2003201710899300,Low Price,unit_price,Suspiciously low unit price (4.16)
2003201710863700,Low Price,unit_price,Suspiciously low unit price (41.08)
2003201710924700,Low Price,unit_price,Suspiciously low unit price (44.45)
1703201710748800,Low Price,unit_price,Suspiciously low unit price (27.84)
1703201710719000,Low Price,unit_price,Suspiciously low unit price (41.0)
1603201710663800,Low Price,unit_price,Suspiciously low unit price (2.34)
1503201710215000,Low Price,unit_price,Suspiciously low unit price (41.8)
140320171325180,Low Price,unit_price,Suspiciously low unit price (2.33)
1103201710570800,Low Price,unit_price,Suspiciously low unit price (2.3)
0903201710328714,Low Price,unit_price,Suspiciously low unit price (43.58)
0703201710085920,Low Price,unit_price,Suspiciously low unit price (21.94)
020320179701097,Low Price,unit_price,Suspiciously low unit price (10.32)
020320179708349,Low Price,unit_price,Suspiciously low unit price (12.33)
280220179620170,Low Price,unit_price,Suspiciously low unit price (22.54)
280220179558910,Low Price,unit_price,Suspiciously low unit price (23.86)
270220179485740,Low Price,unit_price,Suspiciously low unit price (1.04)
270220179486420,Low Price,unit_price,Suspiciously low unit price (15.9)
270220179486040,Low Price,unit_price,Suspiciously low unit price (15.9)
27022017999411,Low Price,unit_price,Suspiciously low unit price (33.39)
27022017999406,Low Price,unit_price,Suspiciously low unit price (33.39)
27022017999412,Low Price,unit_price,Suspiciously low unit price (45.2)
250220179416200,Low Price,unit_price,Suspiciously low unit price (15.68)
250220179377290,Low Price,unit_price,Suspiciously low unit price (40.76)
240220179342780,Low Price,unit_price,Suspiciously low unit price (4.39)
230220179271410,Low Price,unit_price,Suspiciously low unit price (1.87)
230220179254800,Low Price,unit_price,Suspiciously low unit price (40.73)
220220178972930,Low Price,unit_price,Suspiciously low unit price (37.4)
22022017934966,Low Price,unit_price,Suspiciously low unit price (38.4)
220220178826630,Low Price,unit_price,Suspiciously low unit price (40.59)
210220178910410,Low Price,unit_price,Suspiciously low unit price (30.67)
180220178996780,Low Price,unit_price,Suspiciously low unit price (22.95)
180220179158860,Low Price,unit_price,Suspiciously low unit price (40.83)
100220178393390,Low Price,unit_price,Suspiciously low unit price (40.99)
100220178345630,Low Price,unit_price,Suspiciously low unit price (44.19)
090220178295647,Low Price,unit_price,Suspiciously low unit price (21.87)
090220178295630,Low Price,unit_price,Suspiciously low unit price (29.52)
090220178289581,Low Price,unit_price,Suspiciously low unit price (49.31)
080220178170211,Low Price,unit_price,Suspiciously low unit price (28.59)
070220178069553,Low Price,unit_price,Suspiciously low unit price (47.17)
070220178065147,Low Price,unit_price,Suspiciously low unit price (47.17)
040220177947191,Low Price,unit_price,Suspiciously low unit price (24.2)
28012017500500,Low Price,unit_price,Suspiciously low unit price (33.3)
28012017500498,Low Price,unit_price,Suspiciously low unit price (33.3)
28012017500503,Low Price,unit_price,Suspiciously low unit price (45.09)
270120177206300,Low Price,unit_price,Suspiciously low unit price (29.89)
250120177662050,Low Price,unit_price,Suspiciously low unit price (5.42)
25012017441948,Low Price,unit_price,Suspiciously low unit price (7.67)
250120177534930,Low Price,unit_price,Suspiciously low unit price (15.66)
250120177534930,Low Price,unit_price,Suspiciously low unit price (15.66)
250120177534930,Low Price,unit_price,Suspiciously low unit price (15.66)
250120177534930,Low Price,unit_price,Suspiciously low unit price (15.66)
250120177495590,Low Price,unit_price,Suspiciously low unit price (48.19)
240120177640890,Low Price,unit_price,Suspiciously low unit price (40.11)
190120176838550,Low Price,unit_price,Suspiciously low unit price (13.26)
190120177044150,Low Price,unit_price,Suspiciously low unit price (40.15)
180120176670990,Low Price,unit_price,Suspiciously low unit price (4.8)
18012017307206,Low Price,unit_price,Suspiciously low unit price (35.84)
18012017307205,Low Price,unit_price,Suspiciously low unit price (35.84)
130120176122720,Low Price,unit_price,Suspiciously low unit price (1.78)
130120176117560,Low Price,unit_price,Suspiciously low unit price (40.12)
SHCLA1611085606,Low Price,unit_price,Suspiciously low unit price (2.5)
SHCLA1611085606,Low Price,unit_price,Suspiciously low unit price (2.5)
100120176221260,Low Price,unit_price,Suspiciously low unit price (11.5)
090120176242726,Low Price,unit_price,Suspiciously low unit price (0.67)
07012017124847,Low Price,unit_price,Suspiciously low unit price (2.81)
060120176007019,Low Price,unit_price,Suspiciously low unit price (3.09)
06012017103005,Low Price,unit_price,Suspiciously low unit price (19.03)
060120175659896,Low Price,unit_price,Suspiciously low unit price (39.53)
050120175899267,Low Price,unit_price,Suspiciously low unit price (4.39)
050120175832408,Low Price,unit_price,Suspiciously low unit price (22.39)
040120175808066,Low Price,unit_price,Suspiciously low unit price (2.29)
0401201761301,Low Price,unit_price,Suspiciously low unit price (2.42)
0401201761300,Low Price,unit_price,Suspiciously low unit price (3.84)
040120175703164,Low Price,unit_price,Suspiciously low unit price (10.46)
040120175879306,Low Price,unit_price,Suspiciously low unit price (15.67)
030120175633962,Low Price,unit_price,Suspiciously low unit price (1.8)
020120175887342,Low Price,unit_price,Suspiciously low unit price (17.8)
3112201635904400,Low Price,unit_price,Suspiciously low unit price (7.47)
3112201635904400,Low Price,unit_price,Suspiciously low unit price (7.47)
3112201630418900,Low Price,unit_price,Suspiciously low unit price (23.68)
2912201630258100,Low Price,unit_price,Suspiciously low unit price (39.25)
2612201629885000,Low Price,unit_price,Suspiciously low unit price (1.4)
2412201629821800,Low Price,unit_price,Suspiciously low unit price (7.24)
2412201629821800,Low Price,unit_price,Suspiciously low unit price (12.53)
2412201629845700,Low Price,unit_price,Suspiciously low unit price (27.71)
2112201636217000,Low Price,unit_price,Suspiciously low unit price (7.82)
2012201629410900,Low Price,unit_price,Suspiciously low unit price (39.7)
1912201636244100,Low Price,unit_price,Suspiciously low unit price (23.15)
1712201629230500,Low Price,unit_price,Suspiciously low unit price (22.52)
1712201629245500,Low Price,unit_price,Suspiciously low unit price (39.31)
1612201629113600,Low Price,unit_price,Suspiciously low unit price (5.18)
1512201636212800,Low Price,unit_price,Suspiciously low unit price (12.34)
1412201628885200,Low Price,unit_price,Suspiciously low unit price (39.87)
1312201628809300,Low Price,unit_price,Suspiciously low unit price (43.82)
1312201628809300,Low Price,unit_price,Suspiciously low unit price (43.82)
1312201628809300,Low Price,unit_price,Suspiciously low unit price (43.82)
1212201628655300,Low Price,unit_price,Suspiciously low unit price (39.99)
0712201628350063,Low Price,unit_price,Suspiciously low unit price (42.7)
0612201634969071,Low Price,unit_price,Suspiciously low unit price (7.62)
0312201628062312,Low Price,unit_price,Suspiciously low unit price (1.83)
0212201627984426,Low Price,unit_price,Suspiciously low unit price (39.57)
0212201627984424,Low Price,unit_price,Suspiciously low unit price (45.77)
0112201627925898,Low Price,unit_price,Suspiciously low unit price (3.32)
0112201627887812,Low Price,unit_price,Suspiciously low unit price (34.63)
2911201627100200,Low Price,unit_price,Suspiciously low unit price (2.32)
2511201626723300,Low Price,unit_price,Suspiciously low unit price (1.01)
2511201626723300,Low Price,unit_price,Suspiciously low unit price (1.01)
2511201626695800,Low Price,unit_price,Suspiciously low unit price (45.1)
2511201626695800,Low Price,unit_price,Suspiciously low unit price (45.1)
2511201626695800,Low Price,unit_price,Suspiciously low unit price (48.26)
2411201626620100,Low Price,unit_price,Suspiciously low unit price (39.44)
2111201625397600,Low Price,unit_price,Suspiciously low unit price (0.1)
2111201625370000,Low Price,unit_price,Suspiciously low unit price (38.75)
1911201625261800,Low Price,unit_price,Suspiciously low unit price (2.34)
1911201625263900,Low Price,unit_price,Suspiciously low unit price (45.37)
1811201625144100,Low Price,unit_price,Suspiciously low unit price (5.18)
1711201624978700,Low Price,unit_price,Suspiciously low unit price (44.71)
1611201624893900,Low Price,unit_price,Suspiciously low unit price (11.63)
1511201626379500,Low Price,unit_price,Suspiciously low unit price (47.97)
1111201626209400,Low Price,unit_price,Suspiciously low unit price (10.25)
1011201626042700,Low Price,unit_price,Suspiciously low unit price (4.7)
0911201625939718,Low Price,unit_price,Suspiciously low unit price (4.61)
0911201625939703,Low Price,unit_price,Suspiciously low unit price (4.61)
0911201625939688,Low Price,unit_price,Suspiciously low unit price (4.61)
0911201625939673,Low Price,unit_price,Suspiciously low unit price (4.61)
0911201625939643,Low Price,unit_price,Suspiciously low unit price (4.61)
0911201625946409,Low Price,unit_price,Suspiciously low unit price (23.3)
0911201625946408,Low Price,unit_price,Suspiciously low unit price (23.86)
0311201624314742,Low Price,unit_price,Suspiciously low unit price (1.49)
0311201624421368,Low Price,unit_price,Suspiciously low unit price (2.23)
0311201624421369,Low Price,unit_price,Suspiciously low unit price (3.47)
0311201624421353,Low Price,unit_price,Suspiciously low unit price (34.4)
2410201623306700,Low Price,unit_price,Suspiciously low unit price (4.59)
2410201623306700,Low Price,unit_price,Suspiciously low unit price (4.59)
2410201623306700,Low Price,unit_price,Suspiciously low unit price (4.82)
2410201623306700,Low Price,unit_price,Suspiciously low unit price (4.82)
2410201623306700,Low Price,unit_price,Suspiciously low unit price (5.38)
2410201623306700,Low Price,unit_price,Suspiciously low unit price (5.38)
2410201623306700,Low Price,unit_price,Suspiciously low unit price (7.01)
2410201623306700,Low Price,unit_price,Suspiciously low unit price (7.01)
2410201623306700,Low Price,unit_price,Suspiciously low unit price (7.96)
2410201623306700,Low Price,unit_price,Suspiciously low unit price (8.04)
2410201623306700,Low Price,unit_price,Suspiciously low unit price (12.74)
2410201623379100,Low Price,unit_price,Suspiciously low unit price (45.55)
2410201623379100,Low Price,unit_price,Suspiciously low unit price (48.75)
2210201623255200,Low Price,unit_price,Suspiciously low unit price (13.93)
2210201623255200,Low Price,unit_price,Suspiciously low unit price (29.71)
2110201623019200,Low Price,unit_price,Suspiciously low unit price (2.69)
2010201622925400,Low Price,unit_price,Suspiciously low unit price (0.64)
1510201622293200,Low Price,unit_price,Suspiciously low unit price (3.56)
1510201622293200,Low Price,unit_price,Suspiciously low unit price (9.31)
1510201622293200,Low Price,unit_price,Suspiciously low unit price (30.46)
1510201622293200,Low Price,unit_price,Suspiciously low unit price (48.96)
1410201622273300,Low Price,unit_price,Suspiciously low unit price (0.14)
1310201622343900,Low Price,unit_price,Suspiciously low unit price (2.34)
1210201621762400,Low Price,unit_price,Suspiciously low unit price (43.57)
0710201621608203,Low Price,unit_price,Suspiciously low unit price (1.66)
0310201621088353,Low Price,unit_price,Suspiciously low unit price (48.89)
2909201620709200,Low Price,unit_price,Suspiciously low unit price (22.47)
2709201620312700,Low Price,unit_price,Suspiciously low unit price (5.58)
2709201620327000,Low Price,unit_price,Suspiciously low unit price (10.87)
2709201620327000,Low Price,unit_price,Suspiciously low unit price (23.35)
2709201620327000,Low Price,unit_price,Suspiciously low unit price (35.72)
2709201620327000,Low Price,unit_price,Suspiciously low unit price (40.93)
2709201620327000,Low Price,unit_price,Suspiciously low unit price (45.13)
2609201620238500,Low Price,unit_price,Suspiciously low unit price (15.82)
2609201620246300,Low Price,unit_price,Suspiciously low unit price (24.16)
2109201619781800,Low Price,unit_price,Suspiciously low unit price (1.98)
2109201619782700,Low Price,unit_price,Suspiciously low unit price (2.48)
2109201619782700,Low Price,unit_price,Suspiciously low unit price (2.49)
2109201619784700,Low Price,unit_price,Suspiciously low unit price (4.18)
1409201618845300,Low Price,unit_price,Suspiciously low unit price (29.02)
1209201631486000,Low Price,unit_price,Suspiciously low unit price (0.29)
07092016632156,Low Price,unit_price,Suspiciously low unit price (45.89)
0609201630882095,Low Price,unit_price,Suspiciously low unit price (3.12)
0209201630550470,Low Price,unit_price,Suspiciously low unit price (5.98)
3108201618694300,Low Price,unit_price,Suspiciously low unit price (0.57)
3108201618697000,Low Price,unit_price,Suspiciously low unit price (2.34)
3108201618695800,Low Price,unit_price,Suspiciously low unit price (4.72)
3108201618676400,Low Price,unit_price,Suspiciously low unit price (13.92)
3008201618477800,Low Price,unit_price,Suspiciously low unit price (48.67)
2908201618399300,Low Price,unit_price,Suspiciously low unit price (4.57)
2908201618399300,Low Price,unit_price,Suspiciously low unit price (4.66)
2908201618399300,Low Price,unit_price,Suspiciously low unit price (44.87)
2708201618218300,Low Price,unit_price,Suspiciously low unit price (3.73)
2608201618204500,Low Price,unit_price,Suspiciously low unit price (0.12)
2608201618204500,Low Price,unit_price,Suspiciously low unit price (1.06)
2608201618204500,Low Price,unit_price,Suspiciously low unit price (2.86)
EXDO6821015236,Low Price,unit_price,Suspiciously low unit price (0.0)
2508201618025900,Low Price,unit_price,Suspiciously low unit price (22.35)
2208201635009400,Low Price,unit_price,Suspiciously low unit price (3.3)
2208201617672400,Low Price,unit_price,Suspiciously low unit price (3.53)
1908201635144900,Low Price,unit_price,Suspiciously low unit price (2.34)
1908201635369900,Low Price,unit_price,Suspiciously low unit price (15.09)
1808201634773600,Low Price,unit_price,Suspiciously low unit price (15.35)
1708201617221600,Low Price,unit_price,Suspiciously low unit price (4.63)
1108201616895500,Low Price,unit_price,Suspiciously low unit price (2.35)
1008201616721600,Low Price,unit_price,Suspiciously low unit price (19.53)
1008201616721900,Low Price,unit_price,Suspiciously low unit price (24.66)
0908201634965410,Low Price,unit_price,Suspiciously low unit price (2.35)
0508201635303454,Low Price,unit_price,Suspiciously low unit price (7.98)
2707201615497500,Low Price,unit_price,Suspiciously low unit price (22.53)
2607201615376900,Low Price,unit_price,Suspiciously low unit price (1.02)
2207201615084500,Low Price,unit_price,Suspiciously low unit price (3.42)
2107201614892600,Low Price,unit_price,Suspiciously low unit price (49.72)
2007201614790100,Low Price,unit_price,Suspiciously low unit price (2.35)
1907201614690400,Low Price,unit_price,Suspiciously low unit price (2.35)
1907201634971900,Low Price,unit_price,Suspiciously low unit price (2.35)
1907201614743000,Low Price,unit_price,Suspiciously low unit price (7.4)
1907201614743000,Low Price,unit_price,Suspiciously low unit price (7.4)
1907201634656000,Low Price,unit_price,Suspiciously low unit price (8.02)
1507201614433900,Low Price,unit_price,Suspiciously low unit price (3.64)
1407201614294700,Low Price,unit_price,Suspiciously low unit price (33.18)
1407201614352600,Low Price,unit_price,Suspiciously low unit price (46.82)
1307201614142900,Low Price,unit_price,Suspiciously low unit price (1.13)
1107201613944700,Low Price,unit_price,Suspiciously low unit price (2.0)
1107201613875100,Low Price,unit_price,Suspiciously low unit price (2.11)
1107201613875100,Low Price,unit_price,Suspiciously low unit price (2.14)
0807201613776540,Low Price,unit_price,Suspiciously low unit price (3.21)
0707201634536527,Low Price,unit_price,Suspiciously low unit price (24.19)
0407201613363355,Low Price,unit_price,Suspiciously low unit price (1.64)
0407201613418192,Low Price,unit_price,Suspiciously low unit price (5.32)
0407201613418193,Low Price,unit_price,Suspiciously low unit price (6.5)
0407201613418188,Low Price,unit_price,Suspiciously low unit price (15.96)
0407201613407171,Low Price,unit_price,Suspiciously low unit price (33.45)
0207201613323160,Low Price,unit_price,Suspiciously low unit price (3.45)
0207201613323153,Low Price,unit_price,Suspiciously low unit price (6.61)
0207201613314905,Low Price,unit_price,Suspiciously low unit price (10.57)
0207201613314904,Low Price,unit_price,Suspiciously low unit price (11.62)
0207201613314906,Low Price,unit_price,Suspiciously low unit price (15.85)
0207201613314868,Low Price,unit_price,Suspiciously low unit price (17.96)
0207201613323142,Low Price,unit_price,Suspiciously low unit price (27.0)
0207201613323528,Low Price,unit_price,Suspiciously low unit price (38.59)
0107201613223311,Low Price,unit_price,Suspiciously low unit price (3.63)
3006201612497800,Low Price,unit_price,Suspiciously low unit price (38.44)
3006201612497800,Low Price,unit_price,Suspiciously low unit price (41.12)
2906201612970000,Low Price,unit_price,Suspiciously low unit price (1.16)
2906201612589200,Low Price,unit_price,Suspiciously low unit price (3.48)
2906201612589200,Low Price,unit_price,Suspiciously low unit price (6.68)
2906201612589200,Low Price,unit_price,Suspiciously low unit price (27.28)
2806201634444700,Low Price,unit_price,Suspiciously low unit price (34.34)
2806201634444700,Low Price,unit_price,Suspiciously low unit price (34.34)
2806201612477000,Low Price,unit_price,Suspiciously low unit price (38.25)
2806201612477000,Low Price,unit_price,Suspiciously low unit price (38.26)
2806201612477000,Low Price,unit_price,Suspiciously low unit price (40.93)
2706201612457100,Low Price,unit_price,Suspiciously low unit price (40.87)
2406201612746700,Low Price,unit_price,Suspiciously low unit price (40.81)
2306201612622400,Low Price,unit_price,Suspiciously low unit price (10.36)
2306201612624500,Low Price,unit_price,Suspiciously low unit price (22.35)
2106201612214300,Low Price,unit_price,Suspiciously low unit price (2.33)
2106201612184600,Low Price,unit_price,Suspiciously low unit price (19.41)
2006201612160100,Low Price,unit_price,Suspiciously low unit price (2.17)
2006201612084300,Low Price,unit_price,Suspiciously low unit price (4.59)
1706201611996400,Low Price,unit_price,Suspiciously low unit price (38.82)
1406201634020200,Low Price,unit_price,Suspiciously low unit price (8.08)
2705201632986600,Low Price,unit_price,Suspiciously low unit price (2.35)
1705201633518500,Low Price,unit_price,Suspiciously low unit price (17.7)
1705201633502500,Low Price,unit_price,Suspiciously low unit price (17.7)
1705201633518500,Low Price,unit_price,Suspiciously low unit price (22.83)
1705201633518500,Low Price,unit_price,Suspiciously low unit price (22.83)
1705201633518500,Low Price,unit_price,Suspiciously low unit price (24.79)
1705201633518500,Low Price,unit_price,Suspiciously low unit price (24.79)
1205201632943500,Low Price,unit_price,Suspiciously low unit price (2.33)
1205201611783600,Low Price,unit_price,Suspiciously low unit price (33.91)
1205201611778400,Low Price,unit_price,Suspiciously low unit price (38.77)
1005201632723500,Low Price,unit_price,Suspiciously low unit price (9.76)
0905201611443903,Low Price,unit_price,Suspiciously low unit price (6.16)
0905201611443892,Low Price,unit_price,Suspiciously low unit price (6.16)
0905201611412894,Low Price,unit_price,Suspiciously low unit price (38.78)
0605201611338445,Low Price,unit_price,Suspiciously low unit price (32.59)
0605201611307715,Low Price,unit_price,Suspiciously low unit price (38.84)
0405201633506257,Low Price,unit_price,Suspiciously low unit price (24.3)
300420165702860,Low Price,unit_price,Suspiciously low unit price (4.65)
290420165649120,Low Price,unit_price,Suspiciously low unit price (0.52)
290420165621640,Low Price,unit_price,Suspiciously low unit price (24.5)
280420165535020,Low Price,unit_price,Suspiciously low unit price (23.38)
270420165446310,Low Price,unit_price,Suspiciously low unit price (12.15)
260420165331500,Low Price,unit_price,Suspiciously low unit price (16.62)
250420165029350,Low Price,unit_price,Suspiciously low unit price (24.57)
2104201610514900,Low Price,unit_price,Suspiciously low unit price (35.4)
2104201610530300,Low Price,unit_price,Suspiciously low unit price (46.79)
2104201633208300,Low Price,unit_price,Suspiciously low unit price (47.84)
1904201610409100,Low Price,unit_price,Suspiciously low unit price (6.38)
1904201610396400,Low Price,unit_price,Suspiciously low unit price (11.74)
1804201610263300,Low Price,unit_price,Suspiciously low unit price (2.79)
160420169615110,Low Price,unit_price,Suspiciously low unit price (26.6)
160420169558290,Low Price,unit_price,Suspiciously low unit price (39.14)
150420169516680,Low Price,unit_price,Suspiciously low unit price (39.14)
150420169516680,Low Price,unit_price,Suspiciously low unit price (41.88)
1404201632852300,Low Price,unit_price,Suspiciously low unit price (2.35)
130420169312490,Low Price,unit_price,Suspiciously low unit price (5.4)
130420169307620,Low Price,unit_price,Suspiciously low unit price (7.06)
130420169307650,Low Price,unit_price,Suspiciously low unit price (7.07)
1304201633300600,Low Price,unit_price,Suspiciously low unit price (18.52)
1304201633300600,Low Price,unit_price,Suspiciously low unit price (18.52)
120420169196720,Low Price,unit_price,Suspiciously low unit price (37.79)
1104201633674900,Low Price,unit_price,Suspiciously low unit price (24.54)
1004201610205900,Low Price,unit_price,Suspiciously low unit price (39.18)
1004201610205900,Low Price,unit_price,Suspiciously low unit price (41.93)
HDMUBUWB4574901A,Low Price,unit_price,Suspiciously low unit price (0.0)
060420169964508,Low Price,unit_price,Suspiciously low unit price (37.71)
050420169800353,Low Price,unit_price,Suspiciously low unit price (0.69)
050420169799059,Low Price,unit_price,Suspiciously low unit price (5.1)
050420169799187,Low Price,unit_price,Suspiciously low unit price (17.4)
2903201632102700,Low Price,unit_price,Suspiciously low unit price (2.35)
290320167557610,Low Price,unit_price,Suspiciously low unit price (27.22)
2803201632278700,Low Price,unit_price,Suspiciously low unit price (2.34)
230320167303420,Low Price,unit_price,Suspiciously low unit price (37.54)
230320167303420,Low Price,unit_price,Suspiciously low unit price (40.17)
220320167275940,Low Price,unit_price,Suspiciously low unit price (37.59)
220320167275980,Low Price,unit_price,Suspiciously low unit price (40.23)
190320167049550,Low Price,unit_price,Suspiciously low unit price (40.4)
1603201632632400,Low Price,unit_price,Suspiciously low unit price (2.35)
160320166744100,Low Price,unit_price,Suspiciously low unit price (21.08)
160320166712760,Low Price,unit_price,Suspiciously low unit price (26.21)
1503201631893200,Low Price,unit_price,Suspiciously low unit price (5.45)
140320166580460,Low Price,unit_price,Suspiciously low unit price (7.19)
140320166580380,Low Price,unit_price,Suspiciously low unit price (10.35)
140320166580380,Low Price,unit_price,Suspiciously low unit price (10.35)
140320166580390,Low Price,unit_price,Suspiciously low unit price (19.83)
140320166423000,Low Price,unit_price,Suspiciously low unit price (36.66)
100320168899800,Low Price,unit_price,Suspiciously low unit price (37.6)
100320168899900,Low Price,unit_price,Suspiciously low unit price (48.55)
090320168844549,Low Price,unit_price,Suspiciously low unit price (22.37)
090320168844539,Low Price,unit_price,Suspiciously low unit price (22.37)
080320168605319,Low Price,unit_price,Suspiciously low unit price (11.48)
040320168368185,Low Price,unit_price,Suspiciously low unit price (5.36)
040320168235033,Low Price,unit_price,Suspiciously low unit price (37.69)
040320168235032,Low Price,unit_price,Suspiciously low unit price (37.69)
040320168235010,Low Price,unit_price,Suspiciously low unit price (40.34)
030320168189141,Low Price,unit_price,Suspiciously low unit price (6.21)
020320168132227,Low Price,unit_price,Suspiciously low unit price (47.54)
290220166410540,Low Price,unit_price,Suspiciously low unit price (10.59)
290220166410540,Low Price,unit_price,Suspiciously low unit price (17.4)
290220166410540,Low Price,unit_price,Suspiciously low unit price (18.36)
290220166389360,Low Price,unit_price,Suspiciously low unit price (23.23)
290220166354320,Low Price,unit_price,Suspiciously low unit price (26.2)
230220164532300,Low Price,unit_price,Suspiciously low unit price (5.45)
230220164637560,Low Price,unit_price,Suspiciously low unit price (5.59)
230220164181370,Low Price,unit_price,Suspiciously low unit price (47.68)
220220165152440,Low Price,unit_price,Suspiciously low unit price (21.61)
220220165153880,Low Price,unit_price,Suspiciously low unit price (21.63)
190220163393060,Low Price,unit_price,Suspiciously low unit price (22.2)
190220163393050,Low Price,unit_price,Suspiciously low unit price (22.2)
190220163393030,Low Price,unit_price,Suspiciously low unit price (22.2)
180220162826620,Low Price,unit_price,Suspiciously low unit price (40.92)
16022016355217,Low Price,unit_price,Suspiciously low unit price (10.95)
150220162667040,Low Price,unit_price,Suspiciously low unit price (35.42)
150220162142430,Low Price,unit_price,Suspiciously low unit price (41.69)
110220162957580,Low Price,unit_price,Suspiciously low unit price (4.42)
110220162957580,Low Price,unit_price,Suspiciously low unit price (4.84)
11022016545142,Low Price,unit_price,Suspiciously low unit price (37.79)
100220161582980,Low Price,unit_price,Suspiciously low unit price (30.55)
1002201631693800,Low Price,unit_price,Suspiciously low unit price (30.55)
090220163059069,Low Price,unit_price,Suspiciously low unit price (35.73)
090220163058999,Low Price,unit_price,Suspiciously low unit price (35.73)
080220161137705,Low Price,unit_price,Suspiciously low unit price (37.97)
06022016541796,Low Price,unit_price,Suspiciously low unit price (35.59)
05022016136844,Low Price,unit_price,Suspiciously low unit price (47.9)
0402201632277351,Low Price,unit_price,Suspiciously low unit price (5.89)
040220162754531,Low Price,unit_price,Suspiciously low unit price (5.89)
040220162057147,Low Price,unit_price,Suspiciously low unit price (41.98)
040220162057141,Low Price,unit_price,Suspiciously low unit price (41.98)
0402201632037146,Low Price,unit_price,Suspiciously low unit price (41.98)
0402201632037144,Low Price,unit_price,Suspiciously low unit price (41.98)
040220162057142,Low Price,unit_price,Suspiciously low unit price (41.99)
040220162057140,Low Price,unit_price,Suspiciously low unit price (41.99)
0402201632037145,Low Price,unit_price,Suspiciously low unit price (41.99)
0402201632037140,Low Price,unit_price,Suspiciously low unit price (41.99)
040220162057145,Low Price,unit_price,Suspiciously low unit price (42.0)
040220162057144,Low Price,unit_price,Suspiciously low unit price (42.0)
0402201632037143,Low Price,unit_price,Suspiciously low unit price (42.0)
0402201632037142,Low Price,unit_price,Suspiciously low unit price (42.0)
040220162057146,Low Price,unit_price,Suspiciously low unit price (42.0)
0402201632037141,Low Price,unit_price,Suspiciously low unit price (42.0)
0202201632288078,Low Price,unit_price,Suspiciously low unit price (22.85)
020220162849008,Low Price,unit_price,Suspiciously low unit price (22.85)
020220162581705,Low Price,unit_price,Suspiciously low unit price (43.19)
010220162204983,Low Price,unit_price,Suspiciously low unit price (11.69)
010220161473254,Low Price,unit_price,Suspiciously low unit price (14.94)
300120164863860,Low Price,unit_price,Suspiciously low unit price (0.39)
300120164863860,Low Price,unit_price,Suspiciously low unit price (0.99)
290120164156360,Low Price,unit_price,Suspiciously low unit price (1.48)
290120164156380,Low Price,unit_price,Suspiciously low unit price (3.59)
290120164519350,Low Price,unit_price,Suspiciously low unit price (12.99)
290120164156360,Low Price,unit_price,Suspiciously low unit price (15.97)
290120164636200,Low Price,unit_price,Suspiciously low unit price (20.51)
280120164101130,Low Price,unit_price,Suspiciously low unit price (2.77)
280120164567790,Low Price,unit_price,Suspiciously low unit price (36.07)
270120164435760,Low Price,unit_price,Suspiciously low unit price (39.22)
250120164255090,Low Price,unit_price,Suspiciously low unit price (26.15)
220120164396870,Low Price,unit_price,Suspiciously low unit price (28.44)
220120164570780,Low Price,unit_price,Suspiciously low unit price (36.29)
210120164439910,Low Price,unit_price,Suspiciously low unit price (47.13)
190120165231250,Low Price,unit_price,Suspiciously low unit price (2.09)
190120164503250,Low Price,unit_price,Suspiciously low unit price (39.88)
190120164568590,Low Price,unit_price,Suspiciously low unit price (47.25)
180120162588410,Low Price,unit_price,Suspiciously low unit price (2.93)
18012016942316,Low Price,unit_price,Suspiciously low unit price (4.9)
18012016518710,Low Price,unit_price,Suspiciously low unit price (7.73)
18012016518711,Low Price,unit_price,Suspiciously low unit price (9.29)
18012016518712,Low Price,unit_price,Suspiciously low unit price (10.93)
180120162588410,Low Price,unit_price,Suspiciously low unit price (30.97)
16012016931011,Low Price,unit_price,Suspiciously low unit price (32.53)
1401201627423800,Low Price,unit_price,Suspiciously low unit price (30.77)
140120161137130,Low Price,unit_price,Suspiciously low unit price (30.77)
130120161586700,Low Price,unit_price,Suspiciously low unit price (24.17)
130120161586700,Low Price,unit_price,Suspiciously low unit price (25.68)
130120161586700,Low Price,unit_price,Suspiciously low unit price (25.68)
130120161586690,Low Price,unit_price,Suspiciously low unit price (27.19)
130120161586700,Low Price,unit_price,Suspiciously low unit price (34.67)
13012016660491,Low Price,unit_price,Suspiciously low unit price (41.98)
120120162336570,Low Price,unit_price,Suspiciously low unit price (42.04)
110120161856830,Low Price,unit_price,Suspiciously low unit price (2.04)
090120162344887,Low Price,unit_price,Suspiciously low unit price (22.58)
090120162344882,Low Price,unit_price,Suspiciously low unit price (22.59)
090120162344918,Low Price,unit_price,Suspiciously low unit price (27.72)
090120162344886,Low Price,unit_price,Suspiciously low unit price (27.72)
090120162344880,Low Price,unit_price,Suspiciously low unit price (32.85)
080120161163108,Low Price,unit_price,Suspiciously low unit price (25.78)
0801201627465997,Low Price,unit_price,Suspiciously low unit price (35.06)
0801201627465969,Low Price,unit_price,Suspiciously low unit price (35.06)
080120161082397,Low Price,unit_price,Suspiciously low unit price (35.06)
080120161082368,Low Price,unit_price,Suspiciously low unit price (35.06)
070120162078505,Low Price,unit_price,Suspiciously low unit price (1.09)
06012016303417,Low Price,unit_price,Suspiciously low unit price (6.36)
06012016303368,Low Price,unit_price,Suspiciously low unit price (6.36)
WIFW51222001804,Low Price,unit_price,Suspiciously low unit price (0.0)
050120161480241,Low Price,unit_price,Suspiciously low unit price (14.57)
040120162217922,Low Price,unit_price,Suspiciously low unit price (28.38)
040120162217921,Low Price,unit_price,Suspiciously low unit price (28.38)
