shipment_id,issue_type,column,details
1.04938E+11,Duplicate,shipment_id,Appears multiple times
1.04923E+11,Duplicate,shipment_id,Appears multiple times
1.04914E+11,Duplicate,shipment_id,Appears multiple times
1.04895E+11,Duplicate,shipment_id,Appears multiple times
1.04891E+11,Duplicate,shipment_id,Appears multiple times
1.04877E+11,Duplicate,shipment_id,Appears multiple times
1.04874E+11,Duplicate,shipment_id,Appears multiple times
1.04872E+11,Duplicate,shipment_id,Appears multiple times
1.04859E+11,Duplicate,shipment_id,Appears multiple times
1.04857E+11,Duplicate,shipment_id,Appears multiple times
1.04848E+11,Duplicate,shipment_id,Appears multiple times
1.04845E+11,Duplicate,shipment_id,Appears multiple times
1.04843E+11,Duplicate,shipment_id,Appears multiple times
1.0484E+11,Duplicate,shipment_id,Appears multiple times
1.04825E+11,Duplicate,shipment_id,Appears multiple times
1.04813E+11,Duplicate,shipment_id,Appears multiple times
1.04795E+11,Duplicate,shipment_id,Appears multiple times
1.04783E+11,Duplicate,shipment_id,Appears multiple times
1.04777E+11,Duplicate,shipment_id,Appears multiple times
1.04769E+11,Duplicate,shipment_id,Appears multiple times
1.04767E+11,Duplicate,shipment_id,Appears multiple times
1.04739E+11,Duplicate,shipment_id,Appears multiple times
1.04736E+11,Duplicate,shipment_id,Appears multiple times
1.04733E+11,Duplicate,shipment_id,Appears multiple times
1.04726E+11,Duplicate,shipment_id,Appears multiple times
1.04724E+11,Duplicate,shipment_id,Appears multiple times
1.04721E+11,Duplicate,shipment_id,Appears multiple times
1.04716E+11,Duplicate,shipment_id,Appears multiple times
1.04711E+11,Duplicate,shipment_id,Appears multiple times
1.04685E+11,Duplicate,shipment_id,Appears multiple times
1.04671E+11,Duplicate,shipment_id,Appears multiple times
1.04666E+11,Duplicate,shipment_id,Appears multiple times
1.04658E+11,Duplicate,shipment_id,Appears multiple times
1.04629E+11,Duplicate,shipment_id,Appears multiple times
1.04595E+11,Duplicate,shipment_id,Appears multiple times
1.0458E+11,Duplicate,shipment_id,Appears multiple times
1.04557E+11,Duplicate,shipment_id,Appears multiple times
1.04559E+11,Duplicate,shipment_id,Appears multiple times
1.04551E+11,Duplicate,shipment_id,Appears multiple times
1.04508E+11,Duplicate,shipment_id,Appears multiple times
1.04506E+11,Duplicate,shipment_id,Appears multiple times
1.04485E+11,Duplicate,shipment_id,Appears multiple times
1.04437E+11,Duplicate,shipment_id,Appears multiple times
1.04387E+11,Duplicate,shipment_id,Appears multiple times
1.04372E+11,Duplicate,shipment_id,Appears multiple times
1.04363E+11,Duplicate,shipment_id,Appears multiple times
1.04349E+11,Duplicate,shipment_id,Appears multiple times
1.04324E+11,Duplicate,shipment_id,Appears multiple times
1.04254E+11,Duplicate,shipment_id,Appears multiple times
1.04224E+11,Duplicate,shipment_id,Appears multiple times
1.04219E+11,Duplicate,shipment_id,Appears multiple times
1.04215E+11,Duplicate,shipment_id,Appears multiple times
1.04213E+11,Duplicate,shipment_id,Appears multiple times
1.0421E+11,Duplicate,shipment_id,Appears multiple times
1.04202E+11,Duplicate,shipment_id,Appears multiple times
1.04169E+11,Duplicate,shipment_id,Appears multiple times
1.04165E+11,Duplicate,shipment_id,Appears multiple times
1.04117E+11,Duplicate,shipment_id,Appears multiple times
1.04114E+11,Duplicate,shipment_id,Appears multiple times
1.04112E+11,Duplicate,shipment_id,Appears multiple times
1.04104E+11,Duplicate,shipment_id,Appears multiple times
1.04099E+11,Duplicate,shipment_id,Appears multiple times
1.04098E+11,Duplicate,shipment_id,Appears multiple times
1.04095E+11,Duplicate,shipment_id,Appears multiple times
1.04092E+11,Duplicate,shipment_id,Appears multiple times
1.0409E+11,Duplicate,shipment_id,Appears multiple times
1.04087E+11,Duplicate,shipment_id,Appears multiple times
1.0419E+11,Duplicate,shipment_id,Appears multiple times
1.03876E+11,Duplicate,shipment_id,Appears multiple times
1.03835E+11,Duplicate,shipment_id,Appears multiple times
1.03766E+11,Duplicate,shipment_id,Appears multiple times
1.03928E+11,Duplicate,shipment_id,Appears multiple times
1.03763E+11,Duplicate,shipment_id,Appears multiple times
1.0393E+11,Duplicate,shipment_id,Appears multiple times
1.03927E+11,Duplicate,shipment_id,Appears multiple times
1.03924E+11,Duplicate,shipment_id,Appears multiple times
1.03922E+11,Duplicate,shipment_id,Appears multiple times
1.03921E+11,Duplicate,shipment_id,Appears multiple times
1.0392E+11,Duplicate,shipment_id,Appears multiple times
1.03917E+11,Duplicate,shipment_id,Appears multiple times
1.03914E+11,Duplicate,shipment_id,Appears multiple times
1.03912E+11,Duplicate,shipment_id,Appears multiple times
1.03899E+11,Duplicate,shipment_id,Appears multiple times
1.03897E+11,Duplicate,shipment_id,Appears multiple times
1.03894E+11,Duplicate,shipment_id,Appears multiple times
1.04128E+11,Duplicate,shipment_id,Appears multiple times
1.03871E+11,Duplicate,shipment_id,Appears multiple times
1.03868E+11,Duplicate,shipment_id,Appears multiple times
1.03829E+11,Duplicate,shipment_id,Appears multiple times
1.03863E+11,Duplicate,shipment_id,Appears multiple times
1.03862E+11,Duplicate,shipment_id,Appears multiple times
1.0386E+11,Duplicate,shipment_id,Appears multiple times
1.03859E+11,Duplicate,shipment_id,Appears multiple times
1.03857E+11,Duplicate,shipment_id,Appears multiple times
1.0385E+11,Duplicate,shipment_id,Appears multiple times
1.03848E+11,Duplicate,shipment_id,Appears multiple times
1.03846E+11,Duplicate,shipment_id,Appears multiple times
1.03843E+11,Duplicate,shipment_id,Appears multiple times
1.03841E+11,Duplicate,shipment_id,Appears multiple times
1.0384E+11,Duplicate,shipment_id,Appears multiple times
1.04386E+11,Duplicate,shipment_id,Appears multiple times
1.03837E+11,Duplicate,shipment_id,Appears multiple times
1.03826E+11,Duplicate,shipment_id,Appears multiple times
1.0376E+11,Duplicate,shipment_id,Appears multiple times
1.03819E+11,Duplicate,shipment_id,Appears multiple times
1.03813E+11,Duplicate,shipment_id,Appears multiple times
1.0381E+11,Duplicate,shipment_id,Appears multiple times
1.03808E+11,Duplicate,shipment_id,Appears multiple times
1.03805E+11,Duplicate,shipment_id,Appears multiple times
1.03798E+11,Duplicate,shipment_id,Appears multiple times
1.03795E+11,Duplicate,shipment_id,Appears multiple times
1.03793E+11,Duplicate,shipment_id,Appears multiple times
1.0379E+11,Duplicate,shipment_id,Appears multiple times
1.03788E+11,Duplicate,shipment_id,Appears multiple times
1.03785E+11,Duplicate,shipment_id,Appears multiple times
1.03783E+11,Duplicate,shipment_id,Appears multiple times
1.04124E+11,Duplicate,shipment_id,Appears multiple times
1.03864E+11,Duplicate,shipment_id,Appears multiple times
1.03824E+11,Duplicate,shipment_id,Appears multiple times
1.03823E+11,Duplicate,shipment_id,Appears multiple times
1.03759E+11,Duplicate,shipment_id,Appears multiple times
1.03756E+11,Duplicate,shipment_id,Appears multiple times
1.03754E+11,Duplicate,shipment_id,Appears multiple times
1.0375E+11,Duplicate,shipment_id,Appears multiple times
1.03748E+11,Duplicate,shipment_id,Appears multiple times
1.03747E+11,Duplicate,shipment_id,Appears multiple times
1.03745E+11,Duplicate,shipment_id,Appears multiple times
1.03742E+11,Duplicate,shipment_id,Appears multiple times
1.03741E+11,Duplicate,shipment_id,Appears multiple times
1.03739E+11,Duplicate,shipment_id,Appears multiple times
1.03736E+11,Duplicate,shipment_id,Appears multiple times
1.03733E+11,Duplicate,shipment_id,Appears multiple times
1.03731E+11,Duplicate,shipment_id,Appears multiple times
1.0373E+11,Duplicate,shipment_id,Appears multiple times
1.03728E+11,Duplicate,shipment_id,Appears multiple times
1.03713E+11,Duplicate,shipment_id,Appears multiple times
1.03711E+11,Duplicate,shipment_id,Appears multiple times
1.03702E+11,Duplicate,shipment_id,Appears multiple times
1.03701E+11,Duplicate,shipment_id,Appears multiple times
1.03698E+11,Duplicate,shipment_id,Appears multiple times
1.03695E+11,Duplicate,shipment_id,Appears multiple times
1.0369E+11,Duplicate,shipment_id,Appears multiple times
1.03687E+11,Duplicate,shipment_id,Appears multiple times
1.03686E+11,Duplicate,shipment_id,Appears multiple times
1.03683E+11,Duplicate,shipment_id,Appears multiple times
1.0368E+11,Duplicate,shipment_id,Appears multiple times
1.03675E+11,Duplicate,shipment_id,Appears multiple times
1.03672E+11,Duplicate,shipment_id,Appears multiple times
1.03671E+11,Duplicate,shipment_id,Appears multiple times
1.03669E+11,Duplicate,shipment_id,Appears multiple times
1.03666E+11,Duplicate,shipment_id,Appears multiple times
1.03661E+11,Duplicate,shipment_id,Appears multiple times
1.03658E+11,Duplicate,shipment_id,Appears multiple times
1.03657E+11,Duplicate,shipment_id,Appears multiple times
1.03651E+11,Duplicate,shipment_id,Appears multiple times
1.03649E+11,Duplicate,shipment_id,Appears multiple times
1.03646E+11,Duplicate,shipment_id,Appears multiple times
1.03644E+11,Duplicate,shipment_id,Appears multiple times
1.03642E+11,Duplicate,shipment_id,Appears multiple times
1.03639E+11,Duplicate,shipment_id,Appears multiple times
1.03634E+11,Duplicate,shipment_id,Appears multiple times
1.03627E+11,Duplicate,shipment_id,Appears multiple times
1.03624E+11,Duplicate,shipment_id,Appears multiple times
1.03622E+11,Duplicate,shipment_id,Appears multiple times
1.03619E+11,Duplicate,shipment_id,Appears multiple times
1.03614E+11,Duplicate,shipment_id,Appears multiple times
1.03613E+11,Duplicate,shipment_id,Appears multiple times
1.0361E+11,Duplicate,shipment_id,Appears multiple times
1.03603E+11,Duplicate,shipment_id,Appears multiple times
1.036E+11,Duplicate,shipment_id,Appears multiple times
1.03596E+11,Duplicate,shipment_id,Appears multiple times
1.03592E+11,Duplicate,shipment_id,Appears multiple times
1.0359E+11,Duplicate,shipment_id,Appears multiple times
1.03587E+11,Duplicate,shipment_id,Appears multiple times
1.03586E+11,Duplicate,shipment_id,Appears multiple times
1.03583E+11,Duplicate,shipment_id,Appears multiple times
1.03581E+11,Duplicate,shipment_id,Appears multiple times
1.03579E+11,Duplicate,shipment_id,Appears multiple times
1.03576E+11,Duplicate,shipment_id,Appears multiple times
1.03568E+11,Duplicate,shipment_id,Appears multiple times
1.03566E+11,Duplicate,shipment_id,Appears multiple times
1.03563E+11,Duplicate,shipment_id,Appears multiple times
1.0356E+11,Duplicate,shipment_id,Appears multiple times
1.03558E+11,Duplicate,shipment_id,Appears multiple times
1.03556E+11,Duplicate,shipment_id,Appears multiple times
1.03553E+11,Duplicate,shipment_id,Appears multiple times
1.03551E+11,Duplicate,shipment_id,Appears multiple times
1.03548E+11,Duplicate,shipment_id,Appears multiple times
1.03545E+11,Duplicate,shipment_id,Appears multiple times
1.03542E+11,Duplicate,shipment_id,Appears multiple times
1.03539E+11,Duplicate,shipment_id,Appears multiple times
1.03534E+11,Duplicate,shipment_id,Appears multiple times
1.0353E+11,Duplicate,shipment_id,Appears multiple times
1.03528E+11,Duplicate,shipment_id,Appears multiple times
1.0352E+11,Duplicate,shipment_id,Appears multiple times
1.03517E+11,Duplicate,shipment_id,Appears multiple times
1.03516E+11,Duplicate,shipment_id,Appears multiple times
1.03513E+11,Duplicate,shipment_id,Appears multiple times
1.03511E+11,Duplicate,shipment_id,Appears multiple times
1.0351E+11,Duplicate,shipment_id,Appears multiple times
1.03508E+11,Duplicate,shipment_id,Appears multiple times
1.03504E+11,Duplicate,shipment_id,Appears multiple times
1.03501E+11,Duplicate,shipment_id,Appears multiple times
1.03497E+11,Duplicate,shipment_id,Appears multiple times
1.03494E+11,Duplicate,shipment_id,Appears multiple times
1.03492E+11,Duplicate,shipment_id,Appears multiple times
1.03487E+11,Duplicate,shipment_id,Appears multiple times
1.03486E+11,Duplicate,shipment_id,Appears multiple times
1.03484E+11,Duplicate,shipment_id,Appears multiple times
1.03481E+11,Duplicate,shipment_id,Appears multiple times
1.03479E+11,Duplicate,shipment_id,Appears multiple times
1.03521E+11,Duplicate,shipment_id,Appears multiple times
1.03457E+11,Duplicate,shipment_id,Appears multiple times
1.03455E+11,Duplicate,shipment_id,Appears multiple times
1.03451E+11,Duplicate,shipment_id,Appears multiple times
1.03449E+11,Duplicate,shipment_id,Appears multiple times
1.03444E+11,Duplicate,shipment_id,Appears multiple times
1.03439E+11,Duplicate,shipment_id,Appears multiple times
1.03438E+11,Duplicate,shipment_id,Appears multiple times
1.03436E+11,Duplicate,shipment_id,Appears multiple times
1.03433E+11,Duplicate,shipment_id,Appears multiple times
1.03429E+11,Duplicate,shipment_id,Appears multiple times
1.03426E+11,Duplicate,shipment_id,Appears multiple times
1.03425E+11,Duplicate,shipment_id,Appears multiple times
1.03423E+11,Duplicate,shipment_id,Appears multiple times
1.03421E+11,Duplicate,shipment_id,Appears multiple times
1.03418E+11,Duplicate,shipment_id,Appears multiple times
1.03416E+11,Duplicate,shipment_id,Appears multiple times
1.03413E+11,Duplicate,shipment_id,Appears multiple times
1.03412E+11,Duplicate,shipment_id,Appears multiple times
1.0341E+11,Duplicate,shipment_id,Appears multiple times
1.03408E+11,Duplicate,shipment_id,Appears multiple times
1.03406E+11,Duplicate,shipment_id,Appears multiple times
1.03403E+11,Duplicate,shipment_id,Appears multiple times
1.03401E+11,Duplicate,shipment_id,Appears multiple times
1.034E+11,Duplicate,shipment_id,Appears multiple times
1.03397E+11,Duplicate,shipment_id,Appears multiple times
1.03395E+11,Duplicate,shipment_id,Appears multiple times
1.0339E+11,Duplicate,shipment_id,Appears multiple times
1.03388E+11,Duplicate,shipment_id,Appears multiple times
1.03387E+11,Duplicate,shipment_id,Appears multiple times
1.03385E+11,Duplicate,shipment_id,Appears multiple times
1.03381E+11,Duplicate,shipment_id,Appears multiple times
1.03378E+11,Duplicate,shipment_id,Appears multiple times
1.03376E+11,Duplicate,shipment_id,Appears multiple times
1.03375E+11,Duplicate,shipment_id,Appears multiple times
1.03373E+11,Duplicate,shipment_id,Appears multiple times
1.0337E+11,Duplicate,shipment_id,Appears multiple times
1.03368E+11,Duplicate,shipment_id,Appears multiple times
1.03366E+11,Duplicate,shipment_id,Appears multiple times
1.03364E+11,Duplicate,shipment_id,Appears multiple times
1.03363E+11,Duplicate,shipment_id,Appears multiple times
1.0336E+11,Duplicate,shipment_id,Appears multiple times
1.03358E+11,Duplicate,shipment_id,Appears multiple times
1.03356E+11,Duplicate,shipment_id,Appears multiple times
1.03353E+11,Duplicate,shipment_id,Appears multiple times
1.03351E+11,Duplicate,shipment_id,Appears multiple times
1.0335E+11,Duplicate,shipment_id,Appears multiple times
1.03348E+11,Duplicate,shipment_id,Appears multiple times
1.03338E+11,Duplicate,shipment_id,Appears multiple times
1.03336E+11,Duplicate,shipment_id,Appears multiple times
1.03334E+11,Duplicate,shipment_id,Appears multiple times
1.03332E+11,Duplicate,shipment_id,Appears multiple times
1.03329E+11,Duplicate,shipment_id,Appears multiple times
1.03326E+11,Duplicate,shipment_id,Appears multiple times
1.03324E+11,Duplicate,shipment_id,Appears multiple times
1.03322E+11,Duplicate,shipment_id,Appears multiple times
1.0332E+11,Duplicate,shipment_id,Appears multiple times
1.03314E+11,Duplicate,shipment_id,Appears multiple times
1.03312E+11,Duplicate,shipment_id,Appears multiple times
1.0331E+11,Duplicate,shipment_id,Appears multiple times
1.03306E+11,Duplicate,shipment_id,Appears multiple times
1.03304E+11,Duplicate,shipment_id,Appears multiple times
1.03303E+11,Duplicate,shipment_id,Appears multiple times
1.03288E+11,Duplicate,shipment_id,Appears multiple times
1.03287E+11,Duplicate,shipment_id,Appears multiple times
1.03285E+11,Duplicate,shipment_id,Appears multiple times
1.03281E+11,Duplicate,shipment_id,Appears multiple times
1.03277E+11,Duplicate,shipment_id,Appears multiple times
1.03275E+11,Duplicate,shipment_id,Appears multiple times
1.03269E+11,Duplicate,shipment_id,Appears multiple times
1.03267E+11,Duplicate,shipment_id,Appears multiple times
1.0326E+11,Duplicate,shipment_id,Appears multiple times
1.03254E+11,Duplicate,shipment_id,Appears multiple times
1.03249E+11,Duplicate,shipment_id,Appears multiple times
1.03241E+11,Duplicate,shipment_id,Appears multiple times
1.03238E+11,Duplicate,shipment_id,Appears multiple times
1.03228E+11,Duplicate,shipment_id,Appears multiple times
1.03223E+11,Duplicate,shipment_id,Appears multiple times
1.2032E+15,Duplicate,shipment_id,Appears multiple times
1.03179E+11,Duplicate,shipment_id,Appears multiple times
1.03149E+11,Duplicate,shipment_id,Appears multiple times
1.03147E+11,Duplicate,shipment_id,Appears multiple times
1.0313E+11,Duplicate,shipment_id,Appears multiple times
1.03125E+11,Duplicate,shipment_id,Appears multiple times
1.03117E+11,Duplicate,shipment_id,Appears multiple times
1.03103E+11,Duplicate,shipment_id,Appears multiple times
1.03088E+11,Duplicate,shipment_id,Appears multiple times
1.01202E+13,Duplicate,shipment_id,Appears multiple times
2.4122E+15,Duplicate,shipment_id,Appears multiple times
9.12202E+14,Duplicate,shipment_id,Appears multiple times
2.6082E+15,Duplicate,shipment_id,Appears multiple times
2.0082E+15,Duplicate,shipment_id,Appears multiple times
6976660529,Value Mismatch,valueusd,Calculated vs reported value differs by >10%
9704635553,Value Mismatch,valueusd,Calculated vs reported value differs by >10%
7991436790,Value Mismatch,valueusd,Calculated vs reported value differs by >10%
1045708865,Value Mismatch,valueusd,Calculated vs reported value differs by >10%
1045582307,Value Mismatch,valueusd,Calculated vs reported value differs by >10%
3975920576,Value Mismatch,valueusd,Calculated vs reported value differs by >10%
2777306305,Value Mismatch,valueusd,Calculated vs reported value differs by >10%
2778018373,Value Mismatch,valueusd,Calculated vs reported value differs by >10%
2778290011,Value Mismatch,valueusd,Calculated vs reported value differs by >10%
1420382218,Value Mismatch,valueusd,Calculated vs reported value differs by >10%
1418926526,Value Mismatch,valueusd,Calculated vs reported value differs by >10%
696037108,Value Mismatch,valueusd,Calculated vs reported value differs by >10%
695883676,Value Mismatch,valueusd,Calculated vs reported value differs by >10%
831480982,Value Mismatch,valueusd,Calculated vs reported value differs by >10%
220289515,Value Mismatch,valueusd,Calculated vs reported value differs by >10%
220188696,Value Mismatch,valueusd,Calculated vs reported value differs by >10%
9456409153,Value Mismatch,valueusd,Calculated vs reported value differs by >10%
3463120235,Value Mismatch,valueusd,Calculated vs reported value differs by >10%
3462565654,Value Mismatch,valueusd,Calculated vs reported value differs by >10%
3462822215,Value Mismatch,valueusd,Calculated vs reported value differs by >10%
130933599,Value Mismatch,valueusd,Calculated vs reported value differs by >10%
129387887,Value Mismatch,valueusd,Calculated vs reported value differs by >10%
3753664134,Value Mismatch,valueusd,Calculated vs reported value differs by >10%
3753540903,Value Mismatch,valueusd,Calculated vs reported value differs by >10%
3753484806,Value Mismatch,valueusd,Calculated vs reported value differs by >10%
8498642662,Value Mismatch,valueusd,Calculated vs reported value differs by >10%
8497356370,Value Mismatch,valueusd,Calculated vs reported value differs by >10%
8849841433,Value Mismatch,valueusd,Calculated vs reported value differs by >10%
8849729748,Value Mismatch,valueusd,Calculated vs reported value differs by >10%
8849644341,Value Mismatch,valueusd,Calculated vs reported value differs by >10%
7855576891,Value Mismatch,valueusd,Calculated vs reported value differs by >10%
7855086708,Value Mismatch,valueusd,Calculated vs reported value differs by >10%
798852034,Value Mismatch,valueusd,Calculated vs reported value differs by >10%
797893274,Value Mismatch,valueusd,Calculated vs reported value differs by >10%
9326433779,Value Mismatch,valueusd,Calculated vs reported value differs by >10%
9326401915,Value Mismatch,valueusd,Calculated vs reported value differs by >10%
5661120522,Value Mismatch,valueusd,Calculated vs reported value differs by >10%
8484484022,Value Mismatch,valueusd,Calculated vs reported value differs by >10%
8484367186,Value Mismatch,valueusd,Calculated vs reported value differs by >10%
1.05092E+12,Value Mismatch,valueusd,Calculated vs reported value differs by >10%
6751893661,Value Mismatch,valueusd,Calculated vs reported value differs by >10%
6751799819,Value Mismatch,valueusd,Calculated vs reported value differs by >10%
9201244348,Value Mismatch,valueusd,Calculated vs reported value differs by >10%
9201157330,Value Mismatch,valueusd,Calculated vs reported value differs by >10%
1323853131,Value Mismatch,valueusd,Calculated vs reported value differs by >10%
1323722840,Value Mismatch,valueusd,Calculated vs reported value differs by >10%
1.04941E+11,Value Mismatch,valueusd,Calculated vs reported value differs by >10%
1.04938E+11,Value Mismatch,valueusd,Calculated vs reported value differs by >10%
1.04938E+11,Value Mismatch,valueusd,Calculated vs reported value differs by >10%
1.04938E+11,Value Mismatch,valueusd,Calculated vs reported value differs by >10%
1.04938E+11,Value Mismatch,valueusd,Calculated vs reported value differs by >10%
1.04938E+11,Value Mismatch,valueusd,Calculated vs reported value differs by >10%
1.04938E+11,Value Mismatch,valueusd,Calculated vs reported value differs by >10%
1.04938E+11,Value Mismatch,valueusd,Calculated vs reported value differs by >10%
1.04938E+11,Value Mismatch,valueusd,Calculated vs reported value differs by >10%
1.04938E+11,Value Mismatch,valueusd,Calculated vs reported value differs by >10%
285052826,Value Mismatch,valueusd,Calculated vs reported value differs by >10%
1.04925E+11,Value Mismatch,valueusd,Calculated vs reported value differs by >10%
1.04923E+11,Value Mismatch,valueusd,Calculated vs reported value differs by >10%
1.04923E+11,Value Mismatch,valueusd,Calculated vs reported value differs by >10%
1.04923E+11,Value Mismatch,valueusd,Calculated vs reported value differs by >10%
1.04923E+11,Value Mismatch,valueusd,Calculated vs reported value differs by >10%
1.04914E+11,Value Mismatch,valueusd,Calculated vs reported value differs by >10%
1.04914E+11,Value Mismatch,valueusd,Calculated vs reported value differs by >10%
1.04914E+11,Value Mismatch,valueusd,Calculated vs reported value differs by >10%
285023312,Value Mismatch,valueusd,Calculated vs reported value differs by >10%
1.04912E+11,Value Mismatch,valueusd,Calculated vs reported value differs by >10%
1.04903E+11,Value Mismatch,valueusd,Calculated vs reported value differs by >10%
1.04898E+11,Value Mismatch,valueusd,Calculated vs reported value differs by >10%
1.04895E+11,Value Mismatch,valueusd,Calculated vs reported value differs by >10%
1.04895E+11,Value Mismatch,valueusd,Calculated vs reported value differs by >10%
1.04895E+11,Value Mismatch,valueusd,Calculated vs reported value differs by >10%
1.04891E+11,Value Mismatch,valueusd,Calculated vs reported value differs by >10%
1.04891E+11,Value Mismatch,valueusd,Calculated vs reported value differs by >10%
1.04891E+11,Value Mismatch,valueusd,Calculated vs reported value differs by >10%
1.04891E+11,Value Mismatch,valueusd,Calculated vs reported value differs by >10%
1.04891E+11,Value Mismatch,valueusd,Calculated vs reported value differs by >10%
1.04891E+11,Value Mismatch,valueusd,Calculated vs reported value differs by >10%
1.04891E+11,Value Mismatch,valueusd,Calculated vs reported value differs by >10%
1.04891E+11,Value Mismatch,valueusd,Calculated vs reported value differs by >10%
1.04891E+11,Value Mismatch,valueusd,Calculated vs reported value differs by >10%
285182707,Value Mismatch,valueusd,Calculated vs reported value differs by >10%
1.04877E+11,Value Mismatch,valueusd,Calculated vs reported value differs by >10%
1.04877E+11,Value Mismatch,valueusd,Calculated vs reported value differs by >10%
1.04877E+11,Value Mismatch,valueusd,Calculated vs reported value differs by >10%
1.04877E+11,Value Mismatch,valueusd,Calculated vs reported value differs by >10%
1.04874E+11,Value Mismatch,valueusd,Calculated vs reported value differs by >10%
1.04874E+11,Value Mismatch,valueusd,Calculated vs reported value differs by >10%
1.04874E+11,Value Mismatch,valueusd,Calculated vs reported value differs by >10%
1.04874E+11,Value Mismatch,valueusd,Calculated vs reported value differs by >10%
1.04874E+11,Value Mismatch,valueusd,Calculated vs reported value differs by >10%
1.04873E+11,Value Mismatch,valueusd,Calculated vs reported value differs by >10%
1.04872E+11,Value Mismatch,valueusd,Calculated vs reported value differs by >10%
1.04872E+11,Value Mismatch,valueusd,Calculated vs reported value differs by >10%
1.04869E+11,Value Mismatch,valueusd,Calculated vs reported value differs by >10%
1.04866E+11,Value Mismatch,valueusd,Calculated vs reported value differs by >10%
1.04859E+11,Value Mismatch,valueusd,Calculated vs reported value differs by >10%
1.04859E+11,Value Mismatch,valueusd,Calculated vs reported value differs by >10%
1.04859E+11,Value Mismatch,valueusd,Calculated vs reported value differs by >10%
1.04859E+11,Value Mismatch,valueusd,Calculated vs reported value differs by >10%
1.04859E+11,Value Mismatch,valueusd,Calculated vs reported value differs by >10%
1.04859E+11,Value Mismatch,valueusd,Calculated vs reported value differs by >10%
1.04859E+11,Value Mismatch,valueusd,Calculated vs reported value differs by >10%
1.04859E+11,Value Mismatch,valueusd,Calculated vs reported value differs by >10%
1.04859E+11,Value Mismatch,valueusd,Calculated vs reported value differs by >10%
1.04859E+11,Value Mismatch,valueusd,Calculated vs reported value differs by >10%
1.04859E+11,Value Mismatch,valueusd,Calculated vs reported value differs by >10%
1.04859E+11,Value Mismatch,valueusd,Calculated vs reported value differs by >10%
1.04859E+11,Value Mismatch,valueusd,Calculated vs reported value differs by >10%
1.04859E+11,Value Mismatch,valueusd,Calculated vs reported value differs by >10%
1.04857E+11,Value Mismatch,valueusd,Calculated vs reported value differs by >10%
1.04857E+11,Value Mismatch,valueusd,Calculated vs reported value differs by >10%
1.04857E+11,Value Mismatch,valueusd,Calculated vs reported value differs by >10%
1.04857E+11,Value Mismatch,valueusd,Calculated vs reported value differs by >10%
1.04857E+11,Value Mismatch,valueusd,Calculated vs reported value differs by >10%
1.04857E+11,Value Mismatch,valueusd,Calculated vs reported value differs by >10%
1.04857E+11,Value Mismatch,valueusd,Calculated vs reported value differs by >10%
1.04857E+11,Value Mismatch,valueusd,Calculated vs reported value differs by >10%
1.04854E+11,Value Mismatch,valueusd,Calculated vs reported value differs by >10%
1.04848E+11,Value Mismatch,valueusd,Calculated vs reported value differs by >10%
1.04848E+11,Value Mismatch,valueusd,Calculated vs reported value differs by >10%
1.04848E+11,Value Mismatch,valueusd,Calculated vs reported value differs by >10%
1.04848E+11,Value Mismatch,valueusd,Calculated vs reported value differs by >10%
1.04848E+11,Value Mismatch,valueusd,Calculated vs reported value differs by >10%
1.04848E+11,Value Mismatch,valueusd,Calculated vs reported value differs by >10%
1.04845E+11,Value Mismatch,valueusd,Calculated vs reported value differs by >10%
1.04845E+11,Value Mismatch,valueusd,Calculated vs reported value differs by >10%
1.04845E+11,Value Mismatch,valueusd,Calculated vs reported value differs by >10%
1.04843E+11,Value Mismatch,valueusd,Calculated vs reported value differs by >10%
1.04843E+11,Value Mismatch,valueusd,Calculated vs reported value differs by >10%
1.0484E+11,Value Mismatch,valueusd,Calculated vs reported value differs by >10%
1.0484E+11,Value Mismatch,valueusd,Calculated vs reported value differs by >10%
1.0484E+11,Value Mismatch,valueusd,Calculated vs reported value differs by >10%
1.0484E+11,Value Mismatch,valueusd,Calculated vs reported value differs by >10%
1.0484E+11,Value Mismatch,valueusd,Calculated vs reported value differs by >10%
1.0484E+11,Value Mismatch,valueusd,Calculated vs reported value differs by >10%
1.0484E+11,Value Mismatch,valueusd,Calculated vs reported value differs by >10%
1.0484E+11,Value Mismatch,valueusd,Calculated vs reported value differs by >10%
1.04833E+11,Value Mismatch,valueusd,Calculated vs reported value differs by >10%
1.04825E+11,Value Mismatch,valueusd,Calculated vs reported value differs by >10%
1.04825E+11,Value Mismatch,valueusd,Calculated vs reported value differs by >10%
1.04813E+11,Value Mismatch,valueusd,Calculated vs reported value differs by >10%
1.04813E+11,Value Mismatch,valueusd,Calculated vs reported value differs by >10%
1.04813E+11,Value Mismatch,valueusd,Calculated vs reported value differs by >10%
1.0481E+11,Value Mismatch,valueusd,Calculated vs reported value differs by >10%
1.04803E+11,Value Mismatch,valueusd,Calculated vs reported value differs by >10%
1.048E+11,Value Mismatch,valueusd,Calculated vs reported value differs by >10%
1.04798E+11,Value Mismatch,valueusd,Calculated vs reported value differs by >10%
1.04795E+11,Value Mismatch,valueusd,Calculated vs reported value differs by >10%
1.04795E+11,Value Mismatch,valueusd,Calculated vs reported value differs by >10%
1.04795E+11,Value Mismatch,valueusd,Calculated vs reported value differs by >10%
1.04792E+11,Value Mismatch,valueusd,Calculated vs reported value differs by >10%
1.04793E+11,Value Mismatch,valueusd,Calculated vs reported value differs by >10%
1.04783E+11,Value Mismatch,valueusd,Calculated vs reported value differs by >10%
1.04783E+11,Value Mismatch,valueusd,Calculated vs reported value differs by >10%
1.04783E+11,Value Mismatch,valueusd,Calculated vs reported value differs by >10%
1.04777E+11,Value Mismatch,valueusd,Calculated vs reported value differs by >10%
1.04777E+11,Value Mismatch,valueusd,Calculated vs reported value differs by >10%
1.04777E+11,Value Mismatch,valueusd,Calculated vs reported value differs by >10%
1.04772E+11,Value Mismatch,valueusd,Calculated vs reported value differs by >10%
1.04769E+11,Value Mismatch,valueusd,Calculated vs reported value differs by >10%
1.04769E+11,Value Mismatch,valueusd,Calculated vs reported value differs by >10%
1.04769E+11,Value Mismatch,valueusd,Calculated vs reported value differs by >10%
1.04767E+11,Value Mismatch,valueusd,Calculated vs reported value differs by >10%
1.04767E+11,Value Mismatch,valueusd,Calculated vs reported value differs by >10%
1.04767E+11,Value Mismatch,valueusd,Calculated vs reported value differs by >10%
1.04767E+11,Value Mismatch,valueusd,Calculated vs reported value differs by >10%
1.04767E+11,Value Mismatch,valueusd,Calculated vs reported value differs by >10%
1.04764E+11,Value Mismatch,valueusd,Calculated vs reported value differs by >10%
1.04756E+11,Value Mismatch,valueusd,Calculated vs reported value differs by >10%
1.04739E+11,Value Mismatch,valueusd,Calculated vs reported value differs by >10%
1.04739E+11,Value Mismatch,valueusd,Calculated vs reported value differs by >10%
1.04736E+11,Value Mismatch,valueusd,Calculated vs reported value differs by >10%
1.04736E+11,Value Mismatch,valueusd,Calculated vs reported value differs by >10%
1.04736E+11,Value Mismatch,valueusd,Calculated vs reported value differs by >10%
1.04736E+11,Value Mismatch,valueusd,Calculated vs reported value differs by >10%
1.04736E+11,Value Mismatch,valueusd,Calculated vs reported value differs by >10%
1.04736E+11,Value Mismatch,valueusd,Calculated vs reported value differs by >10%
1.04733E+11,Value Mismatch,valueusd,Calculated vs reported value differs by >10%
1.04733E+11,Value Mismatch,valueusd,Calculated vs reported value differs by >10%
1.04734E+11,Value Mismatch,valueusd,Calculated vs reported value differs by >10%
1.04731E+11,Value Mismatch,valueusd,Calculated vs reported value differs by >10%
1135185423,Value Mismatch,valueusd,Calculated vs reported value differs by >10%
1.04726E+11,Value Mismatch,valueusd,Calculated vs reported value differs by >10%
1.04726E+11,Value Mismatch,valueusd,Calculated vs reported value differs by >10%
1.04726E+11,Value Mismatch,valueusd,Calculated vs reported value differs by >10%
1.04724E+11,Value Mismatch,valueusd,Calculated vs reported value differs by >10%
1.04724E+11,Value Mismatch,valueusd,Calculated vs reported value differs by >10%
1.04721E+11,Value Mismatch,valueusd,Calculated vs reported value differs by >10%
1.04721E+11,Value Mismatch,valueusd,Calculated vs reported value differs by >10%
1.04718E+11,Value Mismatch,valueusd,Calculated vs reported value differs by >10%
1.04716E+11,Value Mismatch,valueusd,Calculated vs reported value differs by >10%
1.04716E+11,Value Mismatch,valueusd,Calculated vs reported value differs by >10%
1.04711E+11,Value Mismatch,valueusd,Calculated vs reported value differs by >10%
1.04711E+11,Value Mismatch,valueusd,Calculated vs reported value differs by >10%
1.04707E+11,Value Mismatch,valueusd,Calculated vs reported value differs by >10%
1.047E+11,Value Mismatch,valueusd,Calculated vs reported value differs by >10%
8717321088,Value Mismatch,valueusd,Calculated vs reported value differs by >10%
1.04688E+11,Value Mismatch,valueusd,Calculated vs reported value differs by >10%
1.04685E+11,Value Mismatch,valueusd,Calculated vs reported value differs by >10%
1.04685E+11,Value Mismatch,valueusd,Calculated vs reported value differs by >10%
1.04685E+11,Value Mismatch,valueusd,Calculated vs reported value differs by >10%
1.0468E+11,Value Mismatch,valueusd,Calculated vs reported value differs by >10%
1083086276,Value Mismatch,valueusd,Calculated vs reported value differs by >10%
1.04671E+11,Value Mismatch,valueusd,Calculated vs reported value differs by >10%
1.04671E+11,Value Mismatch,valueusd,Calculated vs reported value differs by >10%
1.04671E+11,Value Mismatch,valueusd,Calculated vs reported value differs by >10%
1.04671E+11,Value Mismatch,valueusd,Calculated vs reported value differs by >10%
1.04671E+11,Value Mismatch,valueusd,Calculated vs reported value differs by >10%
1.04671E+11,Value Mismatch,valueusd,Calculated vs reported value differs by >10%
1.04666E+11,Value Mismatch,valueusd,Calculated vs reported value differs by >10%
1.04666E+11,Value Mismatch,valueusd,Calculated vs reported value differs by >10%
1.04666E+11,Value Mismatch,valueusd,Calculated vs reported value differs by >10%
1.04666E+11,Value Mismatch,valueusd,Calculated vs reported value differs by >10%
1.04658E+11,Value Mismatch,valueusd,Calculated vs reported value differs by >10%
1.04658E+11,Value Mismatch,valueusd,Calculated vs reported value differs by >10%
1.04658E+11,Value Mismatch,valueusd,Calculated vs reported value differs by >10%
1.04658E+11,Value Mismatch,valueusd,Calculated vs reported value differs by >10%
1.04658E+11,Value Mismatch,valueusd,Calculated vs reported value differs by >10%
1.04658E+11,Value Mismatch,valueusd,Calculated vs reported value differs by >10%
1043082352,Value Mismatch,valueusd,Calculated vs reported value differs by >10%
1.04642E+11,Value Mismatch,valueusd,Calculated vs reported value differs by >10%
1.04629E+11,Value Mismatch,valueusd,Calculated vs reported value differs by >10%
1.04629E+11,Value Mismatch,valueusd,Calculated vs reported value differs by >10%
1073725158,Value Mismatch,valueusd,Calculated vs reported value differs by >10%
1.04617E+11,Value Mismatch,valueusd,Calculated vs reported value differs by >10%
1.04612E+11,Value Mismatch,valueusd,Calculated vs reported value differs by >10%
1.04604E+11,Value Mismatch,valueusd,Calculated vs reported value differs by >10%
1.04595E+11,Value Mismatch,valueusd,Calculated vs reported value differs by >10%
1.04595E+11,Value Mismatch,valueusd,Calculated vs reported value differs by >10%
1.0458E+11,Value Mismatch,valueusd,Calculated vs reported value differs by >10%
1.0458E+11,Value Mismatch,valueusd,Calculated vs reported value differs by >10%
1.04578E+11,Value Mismatch,valueusd,Calculated vs reported value differs by >10%
1.04564E+11,Value Mismatch,valueusd,Calculated vs reported value differs by >10%
1.04557E+11,Value Mismatch,valueusd,Calculated vs reported value differs by >10%
1.04559E+11,Value Mismatch,valueusd,Calculated vs reported value differs by >10%
1.04559E+11,Value Mismatch,valueusd,Calculated vs reported value differs by >10%
1.04559E+11,Value Mismatch,valueusd,Calculated vs reported value differs by >10%
1.04557E+11,Value Mismatch,valueusd,Calculated vs reported value differs by >10%
1219525335,Value Mismatch,valueusd,Calculated vs reported value differs by >10%
1.04551E+11,Value Mismatch,valueusd,Calculated vs reported value differs by >10%
1.04551E+11,Value Mismatch,valueusd,Calculated vs reported value differs by >10%
1307424319,Value Mismatch,valueusd,Calculated vs reported value differs by >10%
1.04511E+11,Value Mismatch,valueusd,Calculated vs reported value differs by >10%
1.04508E+11,Value Mismatch,valueusd,Calculated vs reported value differs by >10%
1.04508E+11,Value Mismatch,valueusd,Calculated vs reported value differs by >10%
1.04506E+11,Value Mismatch,valueusd,Calculated vs reported value differs by >10%
1.04506E+11,Value Mismatch,valueusd,Calculated vs reported value differs by >10%
1.04506E+11,Value Mismatch,valueusd,Calculated vs reported value differs by >10%
1.04494E+11,Value Mismatch,valueusd,Calculated vs reported value differs by >10%
1.04485E+11,Value Mismatch,valueusd,Calculated vs reported value differs by >10%
1.04485E+11,Value Mismatch,valueusd,Calculated vs reported value differs by >10%
1.04478E+11,Value Mismatch,valueusd,Calculated vs reported value differs by >10%
1.04437E+11,Value Mismatch,valueusd,Calculated vs reported value differs by >10%
1.04437E+11,Value Mismatch,valueusd,Calculated vs reported value differs by >10%
1.04437E+11,Value Mismatch,valueusd,Calculated vs reported value differs by >10%
1.04431E+11,Value Mismatch,valueusd,Calculated vs reported value differs by >10%
1.04387E+11,Value Mismatch,valueusd,Calculated vs reported value differs by >10%
1.04387E+11,Value Mismatch,valueusd,Calculated vs reported value differs by >10%
1.0438E+11,Value Mismatch,valueusd,Calculated vs reported value differs by >10%
1.04372E+11,Value Mismatch,valueusd,Calculated vs reported value differs by >10%
1.04372E+11,Value Mismatch,valueusd,Calculated vs reported value differs by >10%
1.04363E+11,Value Mismatch,valueusd,Calculated vs reported value differs by >10%
1.04363E+11,Value Mismatch,valueusd,Calculated vs reported value differs by >10%
1.04356E+11,Value Mismatch,valueusd,Calculated vs reported value differs by >10%
1.04349E+11,Value Mismatch,valueusd,Calculated vs reported value differs by >10%
1.04349E+11,Value Mismatch,valueusd,Calculated vs reported value differs by >10%
1.04324E+11,Value Mismatch,valueusd,Calculated vs reported value differs by >10%
1.04324E+11,Value Mismatch,valueusd,Calculated vs reported value differs by >10%
1.04306E+11,Value Mismatch,valueusd,Calculated vs reported value differs by >10%
1.04274E+11,Value Mismatch,valueusd,Calculated vs reported value differs by >10%
1.04272E+11,Value Mismatch,valueusd,Calculated vs reported value differs by >10%
1296402547,Value Mismatch,valueusd,Calculated vs reported value differs by >10%
1324320583,Value Mismatch,valueusd,Calculated vs reported value differs by >10%
1.04254E+11,Value Mismatch,valueusd,Calculated vs reported value differs by >10%
1.04254E+11,Value Mismatch,valueusd,Calculated vs reported value differs by >10%
1.04226E+11,Value Mismatch,valueusd,Calculated vs reported value differs by >10%
1.04224E+11,Value Mismatch,valueusd,Calculated vs reported value differs by >10%
1.04224E+11,Value Mismatch,valueusd,Calculated vs reported value differs by >10%
1.04224E+11,Value Mismatch,valueusd,Calculated vs reported value differs by >10%
1.04224E+11,Value Mismatch,valueusd,Calculated vs reported value differs by >10%
1.04224E+11,Value Mismatch,valueusd,Calculated vs reported value differs by >10%
1.04224E+11,Value Mismatch,valueusd,Calculated vs reported value differs by >10%
1.04224E+11,Value Mismatch,valueusd,Calculated vs reported value differs by >10%
1.04224E+11,Value Mismatch,valueusd,Calculated vs reported value differs by >10%
1.04219E+11,Value Mismatch,valueusd,Calculated vs reported value differs by >10%
1.04219E+11,Value Mismatch,valueusd,Calculated vs reported value differs by >10%
1.04215E+11,Value Mismatch,valueusd,Calculated vs reported value differs by >10%
1.04215E+11,Value Mismatch,valueusd,Calculated vs reported value differs by >10%
1.04215E+11,Value Mismatch,valueusd,Calculated vs reported value differs by >10%
1.04213E+11,Value Mismatch,valueusd,Calculated vs reported value differs by >10%
1.04213E+11,Value Mismatch,valueusd,Calculated vs reported value differs by >10%
1.04213E+11,Value Mismatch,valueusd,Calculated vs reported value differs by >10%
1.04213E+11,Value Mismatch,valueusd,Calculated vs reported value differs by >10%
1.04213E+11,Value Mismatch,valueusd,Calculated vs reported value differs by >10%
1.0421E+11,Value Mismatch,valueusd,Calculated vs reported value differs by >10%
1.0421E+11,Value Mismatch,valueusd,Calculated vs reported value differs by >10%
1.04203E+11,Value Mismatch,valueusd,Calculated vs reported value differs by >10%
1.04202E+11,Value Mismatch,valueusd,Calculated vs reported value differs by >10%
1.04202E+11,Value Mismatch,valueusd,Calculated vs reported value differs by >10%
1.04202E+11,Value Mismatch,valueusd,Calculated vs reported value differs by >10%
1.04202E+11,Value Mismatch,valueusd,Calculated vs reported value differs by >10%
1.04342E+11,Value Mismatch,valueusd,Calculated vs reported value differs by >10%
1.04169E+11,Value Mismatch,valueusd,Calculated vs reported value differs by >10%
1.04169E+11,Value Mismatch,valueusd,Calculated vs reported value differs by >10%
1.04169E+11,Value Mismatch,valueusd,Calculated vs reported value differs by >10%
1.04169E+11,Value Mismatch,valueusd,Calculated vs reported value differs by >10%
1.04169E+11,Value Mismatch,valueusd,Calculated vs reported value differs by >10%
1.04169E+11,Value Mismatch,valueusd,Calculated vs reported value differs by >10%
1.04165E+11,Value Mismatch,valueusd,Calculated vs reported value differs by >10%
1.04165E+11,Value Mismatch,valueusd,Calculated vs reported value differs by >10%
1.04165E+11,Value Mismatch,valueusd,Calculated vs reported value differs by >10%
1.04165E+11,Value Mismatch,valueusd,Calculated vs reported value differs by >10%
1.04165E+11,Value Mismatch,valueusd,Calculated vs reported value differs by >10%
1.04165E+11,Value Mismatch,valueusd,Calculated vs reported value differs by >10%
1.04165E+11,Value Mismatch,valueusd,Calculated vs reported value differs by >10%
1.04165E+11,Value Mismatch,valueusd,Calculated vs reported value differs by >10%
1.04165E+11,Value Mismatch,valueusd,Calculated vs reported value differs by >10%
1.04165E+11,Value Mismatch,valueusd,Calculated vs reported value differs by >10%
1.04122E+11,Value Mismatch,valueusd,Calculated vs reported value differs by >10%
1.04117E+11,Value Mismatch,valueusd,Calculated vs reported value differs by >10%
1.04117E+11,Value Mismatch,valueusd,Calculated vs reported value differs by >10%
1.04117E+11,Value Mismatch,valueusd,Calculated vs reported value differs by >10%
1.04117E+11,Value Mismatch,valueusd,Calculated vs reported value differs by >10%
1.04113E+11,Value Mismatch,valueusd,Calculated vs reported value differs by >10%
1.04114E+11,Value Mismatch,valueusd,Calculated vs reported value differs by >10%
1.04114E+11,Value Mismatch,valueusd,Calculated vs reported value differs by >10%
1.04114E+11,Value Mismatch,valueusd,Calculated vs reported value differs by >10%
1.04114E+11,Value Mismatch,valueusd,Calculated vs reported value differs by >10%
1.04114E+11,Value Mismatch,valueusd,Calculated vs reported value differs by >10%
1.04114E+11,Value Mismatch,valueusd,Calculated vs reported value differs by >10%
1.04112E+11,Value Mismatch,valueusd,Calculated vs reported value differs by >10%
1.04112E+11,Value Mismatch,valueusd,Calculated vs reported value differs by >10%
1.04112E+11,Value Mismatch,valueusd,Calculated vs reported value differs by >10%
1.04112E+11,Value Mismatch,valueusd,Calculated vs reported value differs by >10%
1.04112E+11,Value Mismatch,valueusd,Calculated vs reported value differs by >10%
1.04112E+11,Value Mismatch,valueusd,Calculated vs reported value differs by >10%
1.04112E+11,Value Mismatch,valueusd,Calculated vs reported value differs by >10%
1.04112E+11,Value Mismatch,valueusd,Calculated vs reported value differs by >10%
1.04112E+11,Value Mismatch,valueusd,Calculated vs reported value differs by >10%
1.04112E+11,Value Mismatch,valueusd,Calculated vs reported value differs by >10%
1.04112E+11,Value Mismatch,valueusd,Calculated vs reported value differs by >10%
1.04112E+11,Value Mismatch,valueusd,Calculated vs reported value differs by >10%
1.04112E+11,Value Mismatch,valueusd,Calculated vs reported value differs by >10%
1.04104E+11,Value Mismatch,valueusd,Calculated vs reported value differs by >10%
1.04104E+11,Value Mismatch,valueusd,Calculated vs reported value differs by >10%
1.04104E+11,Value Mismatch,valueusd,Calculated vs reported value differs by >10%
1.04104E+11,Value Mismatch,valueusd,Calculated vs reported value differs by >10%
1.04104E+11,Value Mismatch,valueusd,Calculated vs reported value differs by >10%
1.04104E+11,Value Mismatch,valueusd,Calculated vs reported value differs by >10%
1.04104E+11,Value Mismatch,valueusd,Calculated vs reported value differs by >10%
1.04104E+11,Value Mismatch,valueusd,Calculated vs reported value differs by >10%
1.04099E+11,Value Mismatch,valueusd,Calculated vs reported value differs by >10%
1.04099E+11,Value Mismatch,valueusd,Calculated vs reported value differs by >10%
1.04099E+11,Value Mismatch,valueusd,Calculated vs reported value differs by >10%
1.04099E+11,Value Mismatch,valueusd,Calculated vs reported value differs by >10%
1.04099E+11,Value Mismatch,valueusd,Calculated vs reported value differs by >10%
1.04099E+11,Value Mismatch,valueusd,Calculated vs reported value differs by >10%
1.04099E+11,Value Mismatch,valueusd,Calculated vs reported value differs by >10%
1159378545,Value Mismatch,valueusd,Calculated vs reported value differs by >10%
1117375526,Value Mismatch,valueusd,Calculated vs reported value differs by >10%
1047359344,Value Mismatch,valueusd,Calculated vs reported value differs by >10%
1.04097E+11,Value Mismatch,valueusd,Calculated vs reported value differs by >10%
1.04098E+11,Value Mismatch,valueusd,Calculated vs reported value differs by >10%
1.04098E+11,Value Mismatch,valueusd,Calculated vs reported value differs by >10%
1.04098E+11,Value Mismatch,valueusd,Calculated vs reported value differs by >10%
1.04095E+11,Value Mismatch,valueusd,Calculated vs reported value differs by >10%
1.04095E+11,Value Mismatch,valueusd,Calculated vs reported value differs by >10%
1.04095E+11,Value Mismatch,valueusd,Calculated vs reported value differs by >10%
1.04095E+11,Value Mismatch,valueusd,Calculated vs reported value differs by >10%
1.04095E+11,Value Mismatch,valueusd,Calculated vs reported value differs by >10%
1.04095E+11,Value Mismatch,valueusd,Calculated vs reported value differs by >10%
1.04095E+11,Value Mismatch,valueusd,Calculated vs reported value differs by >10%
1.04095E+11,Value Mismatch,valueusd,Calculated vs reported value differs by >10%
1.04095E+11,Value Mismatch,valueusd,Calculated vs reported value differs by >10%
1.04092E+11,Value Mismatch,valueusd,Calculated vs reported value differs by >10%
1.04092E+11,Value Mismatch,valueusd,Calculated vs reported value differs by >10%
1.04092E+11,Value Mismatch,valueusd,Calculated vs reported value differs by >10%
1.04092E+11,Value Mismatch,valueusd,Calculated vs reported value differs by >10%
1.0409E+11,Value Mismatch,valueusd,Calculated vs reported value differs by >10%
1.0409E+11,Value Mismatch,valueusd,Calculated vs reported value differs by >10%
1.0409E+11,Value Mismatch,valueusd,Calculated vs reported value differs by >10%
1.0409E+11,Value Mismatch,valueusd,Calculated vs reported value differs by >10%
1.0409E+11,Value Mismatch,valueusd,Calculated vs reported value differs by >10%
1.04087E+11,Value Mismatch,valueusd,Calculated vs reported value differs by >10%
1.04087E+11,Value Mismatch,valueusd,Calculated vs reported value differs by >10%
1.04087E+11,Value Mismatch,valueusd,Calculated vs reported value differs by >10%
1.04087E+11,Value Mismatch,valueusd,Calculated vs reported value differs by >10%
1.0419E+11,Value Mismatch,valueusd,Calculated vs reported value differs by >10%
1.0419E+11,Value Mismatch,valueusd,Calculated vs reported value differs by >10%
1.0419E+11,Value Mismatch,valueusd,Calculated vs reported value differs by >10%
1.0419E+11,Value Mismatch,valueusd,Calculated vs reported value differs by >10%
1.0419E+11,Value Mismatch,valueusd,Calculated vs reported value differs by >10%
1.0419E+11,Value Mismatch,valueusd,Calculated vs reported value differs by >10%
1.0419E+11,Value Mismatch,valueusd,Calculated vs reported value differs by >10%
1.04282E+11,Value Mismatch,valueusd,Calculated vs reported value differs by >10%
1.04188E+11,Value Mismatch,valueusd,Calculated vs reported value differs by >10%
1.03876E+11,Value Mismatch,valueusd,Calculated vs reported value differs by >10%
1.03876E+11,Value Mismatch,valueusd,Calculated vs reported value differs by >10%
1.03876E+11,Value Mismatch,valueusd,Calculated vs reported value differs by >10%
1.03876E+11,Value Mismatch,valueusd,Calculated vs reported value differs by >10%
1.03835E+11,Value Mismatch,valueusd,Calculated vs reported value differs by >10%
1.03835E+11,Value Mismatch,valueusd,Calculated vs reported value differs by >10%
1.03835E+11,Value Mismatch,valueusd,Calculated vs reported value differs by >10%
1.03835E+11,Value Mismatch,valueusd,Calculated vs reported value differs by >10%
1.03835E+11,Value Mismatch,valueusd,Calculated vs reported value differs by >10%
1.03835E+11,Value Mismatch,valueusd,Calculated vs reported value differs by >10%
1.03835E+11,Value Mismatch,valueusd,Calculated vs reported value differs by >10%
1.03835E+11,Value Mismatch,valueusd,Calculated vs reported value differs by >10%
1.03835E+11,Value Mismatch,valueusd,Calculated vs reported value differs by >10%
1.03833E+11,Value Mismatch,valueusd,Calculated vs reported value differs by >10%
1.03766E+11,Value Mismatch,valueusd,Calculated vs reported value differs by >10%
1.03766E+11,Value Mismatch,valueusd,Calculated vs reported value differs by >10%
1.03766E+11,Value Mismatch,valueusd,Calculated vs reported value differs by >10%
1.03873E+11,Value Mismatch,valueusd,Calculated vs reported value differs by >10%
1.03832E+11,Value Mismatch,valueusd,Calculated vs reported value differs by >10%
1.03928E+11,Value Mismatch,valueusd,Calculated vs reported value differs by >10%
1.03763E+11,Value Mismatch,valueusd,Calculated vs reported value differs by >10%
1.03763E+11,Value Mismatch,valueusd,Calculated vs reported value differs by >10%
1.03763E+11,Value Mismatch,valueusd,Calculated vs reported value differs by >10%
1.03763E+11,Value Mismatch,valueusd,Calculated vs reported value differs by >10%
1.03763E+11,Value Mismatch,valueusd,Calculated vs reported value differs by >10%
1.03763E+11,Value Mismatch,valueusd,Calculated vs reported value differs by >10%
1.0393E+11,Value Mismatch,valueusd,Calculated vs reported value differs by >10%
1.0393E+11,Value Mismatch,valueusd,Calculated vs reported value differs by >10%
1.0393E+11,Value Mismatch,valueusd,Calculated vs reported value differs by >10%
1.0393E+11,Value Mismatch,valueusd,Calculated vs reported value differs by >10%
1.03928E+11,Value Mismatch,valueusd,Calculated vs reported value differs by >10%
1.03928E+11,Value Mismatch,valueusd,Calculated vs reported value differs by >10%
1.03928E+11,Value Mismatch,valueusd,Calculated vs reported value differs by >10%
1.03927E+11,Value Mismatch,valueusd,Calculated vs reported value differs by >10%
1.03927E+11,Value Mismatch,valueusd,Calculated vs reported value differs by >10%
1.03924E+11,Value Mismatch,valueusd,Calculated vs reported value differs by >10%
1.03924E+11,Value Mismatch,valueusd,Calculated vs reported value differs by >10%
1.03922E+11,Value Mismatch,valueusd,Calculated vs reported value differs by >10%
1.03922E+11,Value Mismatch,valueusd,Calculated vs reported value differs by >10%
1.03921E+11,Value Mismatch,valueusd,Calculated vs reported value differs by >10%
1.03921E+11,Value Mismatch,valueusd,Calculated vs reported value differs by >10%
1.0392E+11,Value Mismatch,valueusd,Calculated vs reported value differs by >10%
1.0392E+11,Value Mismatch,valueusd,Calculated vs reported value differs by >10%
1.0392E+11,Value Mismatch,valueusd,Calculated vs reported value differs by >10%
1.0392E+11,Value Mismatch,valueusd,Calculated vs reported value differs by >10%
1.03917E+11,Value Mismatch,valueusd,Calculated vs reported value differs by >10%
1.03917E+11,Value Mismatch,valueusd,Calculated vs reported value differs by >10%
1.03917E+11,Value Mismatch,valueusd,Calculated vs reported value differs by >10%
1.03914E+11,Value Mismatch,valueusd,Calculated vs reported value differs by >10%
1.03914E+11,Value Mismatch,valueusd,Calculated vs reported value differs by >10%
1.03914E+11,Value Mismatch,valueusd,Calculated vs reported value differs by >10%
1.03914E+11,Value Mismatch,valueusd,Calculated vs reported value differs by >10%
1.03914E+11,Value Mismatch,valueusd,Calculated vs reported value differs by >10%
1.03914E+11,Value Mismatch,valueusd,Calculated vs reported value differs by >10%
1.03912E+11,Value Mismatch,valueusd,Calculated vs reported value differs by >10%
1.03912E+11,Value Mismatch,valueusd,Calculated vs reported value differs by >10%
1.03899E+11,Value Mismatch,valueusd,Calculated vs reported value differs by >10%
1.03899E+11,Value Mismatch,valueusd,Calculated vs reported value differs by >10%
1.03897E+11,Value Mismatch,valueusd,Calculated vs reported value differs by >10%
1.03897E+11,Value Mismatch,valueusd,Calculated vs reported value differs by >10%
1.03897E+11,Value Mismatch,valueusd,Calculated vs reported value differs by >10%
1.03897E+11,Value Mismatch,valueusd,Calculated vs reported value differs by >10%
1.03897E+11,Value Mismatch,valueusd,Calculated vs reported value differs by >10%
1.03897E+11,Value Mismatch,valueusd,Calculated vs reported value differs by >10%
1.03897E+11,Value Mismatch,valueusd,Calculated vs reported value differs by >10%
1.03897E+11,Value Mismatch,valueusd,Calculated vs reported value differs by >10%
1.03894E+11,Value Mismatch,valueusd,Calculated vs reported value differs by >10%
1.03894E+11,Value Mismatch,valueusd,Calculated vs reported value differs by >10%
1.03894E+11,Value Mismatch,valueusd,Calculated vs reported value differs by >10%
1.03894E+11,Value Mismatch,valueusd,Calculated vs reported value differs by >10%
1.03891E+11,Value Mismatch,valueusd,Calculated vs reported value differs by >10%
1.04184E+11,Value Mismatch,valueusd,Calculated vs reported value differs by >10%
1.04128E+11,Value Mismatch,valueusd,Calculated vs reported value differs by >10%
1.04128E+11,Value Mismatch,valueusd,Calculated vs reported value differs by >10%
1.04128E+11,Value Mismatch,valueusd,Calculated vs reported value differs by >10%
1.04128E+11,Value Mismatch,valueusd,Calculated vs reported value differs by >10%
1.04128E+11,Value Mismatch,valueusd,Calculated vs reported value differs by >10%
1.04128E+11,Value Mismatch,valueusd,Calculated vs reported value differs by >10%
1.04128E+11,Value Mismatch,valueusd,Calculated vs reported value differs by >10%
1.04128E+11,Value Mismatch,valueusd,Calculated vs reported value differs by >10%
1.04127E+11,Value Mismatch,valueusd,Calculated vs reported value differs by >10%
1.03871E+11,Value Mismatch,valueusd,Calculated vs reported value differs by >10%
1.03871E+11,Value Mismatch,valueusd,Calculated vs reported value differs by >10%
1.03871E+11,Value Mismatch,valueusd,Calculated vs reported value differs by >10%
1.03868E+11,Value Mismatch,valueusd,Calculated vs reported value differs by >10%
1.03829E+11,Value Mismatch,valueusd,Calculated vs reported value differs by >10%
1.03829E+11,Value Mismatch,valueusd,Calculated vs reported value differs by >10%
1.03829E+11,Value Mismatch,valueusd,Calculated vs reported value differs by >10%
1.03829E+11,Value Mismatch,valueusd,Calculated vs reported value differs by >10%
1.03829E+11,Value Mismatch,valueusd,Calculated vs reported value differs by >10%
1.03863E+11,Value Mismatch,valueusd,Calculated vs reported value differs by >10%
1.03863E+11,Value Mismatch,valueusd,Calculated vs reported value differs by >10%
1.03863E+11,Value Mismatch,valueusd,Calculated vs reported value differs by >10%
1.03863E+11,Value Mismatch,valueusd,Calculated vs reported value differs by >10%
1.03863E+11,Value Mismatch,valueusd,Calculated vs reported value differs by >10%
1.03863E+11,Value Mismatch,valueusd,Calculated vs reported value differs by >10%
1.03863E+11,Value Mismatch,valueusd,Calculated vs reported value differs by >10%
1.03863E+11,Value Mismatch,valueusd,Calculated vs reported value differs by >10%
1.03863E+11,Value Mismatch,valueusd,Calculated vs reported value differs by >10%
1.03862E+11,Value Mismatch,valueusd,Calculated vs reported value differs by >10%
1.03862E+11,Value Mismatch,valueusd,Calculated vs reported value differs by >10%
1.03862E+11,Value Mismatch,valueusd,Calculated vs reported value differs by >10%
1.03862E+11,Value Mismatch,valueusd,Calculated vs reported value differs by >10%
1.03862E+11,Value Mismatch,valueusd,Calculated vs reported value differs by >10%
1.03862E+11,Value Mismatch,valueusd,Calculated vs reported value differs by >10%
1.03862E+11,Value Mismatch,valueusd,Calculated vs reported value differs by >10%
1.03862E+11,Value Mismatch,valueusd,Calculated vs reported value differs by >10%
1.03862E+11,Value Mismatch,valueusd,Calculated vs reported value differs by >10%
1.03862E+11,Value Mismatch,valueusd,Calculated vs reported value differs by >10%
1.0386E+11,Value Mismatch,valueusd,Calculated vs reported value differs by >10%
1.0386E+11,Value Mismatch,valueusd,Calculated vs reported value differs by >10%
1.03859E+11,Value Mismatch,valueusd,Calculated vs reported value differs by >10%
1.03859E+11,Value Mismatch,valueusd,Calculated vs reported value differs by >10%
1.03859E+11,Value Mismatch,valueusd,Calculated vs reported value differs by >10%
1.03859E+11,Value Mismatch,valueusd,Calculated vs reported value differs by >10%
1.03859E+11,Value Mismatch,valueusd,Calculated vs reported value differs by >10%
1.03859E+11,Value Mismatch,valueusd,Calculated vs reported value differs by >10%
1.03859E+11,Value Mismatch,valueusd,Calculated vs reported value differs by >10%
1.03857E+11,Value Mismatch,valueusd,Calculated vs reported value differs by >10%
1.03857E+11,Value Mismatch,valueusd,Calculated vs reported value differs by >10%
1.03857E+11,Value Mismatch,valueusd,Calculated vs reported value differs by >10%
1.03857E+11,Value Mismatch,valueusd,Calculated vs reported value differs by >10%
1.03857E+11,Value Mismatch,valueusd,Calculated vs reported value differs by >10%
1.03855E+11,Value Mismatch,valueusd,Calculated vs reported value differs by >10%
1.03852E+11,Value Mismatch,valueusd,Calculated vs reported value differs by >10%
1.0385E+11,Value Mismatch,valueusd,Calculated vs reported value differs by >10%
1.0385E+11,Value Mismatch,valueusd,Calculated vs reported value differs by >10%
1.0385E+11,Value Mismatch,valueusd,Calculated vs reported value differs by >10%
1.0385E+11,Value Mismatch,valueusd,Calculated vs reported value differs by >10%
1.0385E+11,Value Mismatch,valueusd,Calculated vs reported value differs by >10%
1.03848E+11,Value Mismatch,valueusd,Calculated vs reported value differs by >10%
1.03848E+11,Value Mismatch,valueusd,Calculated vs reported value differs by >10%
1.03848E+11,Value Mismatch,valueusd,Calculated vs reported value differs by >10%
1.03846E+11,Value Mismatch,valueusd,Calculated vs reported value differs by >10%
1.03846E+11,Value Mismatch,valueusd,Calculated vs reported value differs by >10%
1.03846E+11,Value Mismatch,valueusd,Calculated vs reported value differs by >10%
1.03846E+11,Value Mismatch,valueusd,Calculated vs reported value differs by >10%
1.03846E+11,Value Mismatch,valueusd,Calculated vs reported value differs by >10%
1.03846E+11,Value Mismatch,valueusd,Calculated vs reported value differs by >10%
1.03846E+11,Value Mismatch,valueusd,Calculated vs reported value differs by >10%
1.03846E+11,Value Mismatch,valueusd,Calculated vs reported value differs by >10%
1.03846E+11,Value Mismatch,valueusd,Calculated vs reported value differs by >10%
1.03846E+11,Value Mismatch,valueusd,Calculated vs reported value differs by >10%
1.03846E+11,Value Mismatch,valueusd,Calculated vs reported value differs by >10%
1.03846E+11,Value Mismatch,valueusd,Calculated vs reported value differs by >10%
1.03846E+11,Value Mismatch,valueusd,Calculated vs reported value differs by >10%
1.03846E+11,Value Mismatch,valueusd,Calculated vs reported value differs by >10%
1.03846E+11,Value Mismatch,valueusd,Calculated vs reported value differs by >10%
1.03846E+11,Value Mismatch,valueusd,Calculated vs reported value differs by >10%
1.03846E+11,Value Mismatch,valueusd,Calculated vs reported value differs by >10%
1.03843E+11,Value Mismatch,valueusd,Calculated vs reported value differs by >10%
1.03843E+11,Value Mismatch,valueusd,Calculated vs reported value differs by >10%
1.03841E+11,Value Mismatch,valueusd,Calculated vs reported value differs by >10%
1.03841E+11,Value Mismatch,valueusd,Calculated vs reported value differs by >10%
1.03841E+11,Value Mismatch,valueusd,Calculated vs reported value differs by >10%
1.03841E+11,Value Mismatch,valueusd,Calculated vs reported value differs by >10%
1.03841E+11,Value Mismatch,valueusd,Calculated vs reported value differs by >10%
1.0384E+11,Value Mismatch,valueusd,Calculated vs reported value differs by >10%
1.0384E+11,Value Mismatch,valueusd,Calculated vs reported value differs by >10%
1.0384E+11,Value Mismatch,valueusd,Calculated vs reported value differs by >10%
1.0384E+11,Value Mismatch,valueusd,Calculated vs reported value differs by >10%
1.0384E+11,Value Mismatch,valueusd,Calculated vs reported value differs by >10%
1.0384E+11,Value Mismatch,valueusd,Calculated vs reported value differs by >10%
1.0384E+11,Value Mismatch,valueusd,Calculated vs reported value differs by >10%
1.0384E+11,Value Mismatch,valueusd,Calculated vs reported value differs by >10%
1.0384E+11,Value Mismatch,valueusd,Calculated vs reported value differs by >10%
1.0384E+11,Value Mismatch,valueusd,Calculated vs reported value differs by >10%
1.0384E+11,Value Mismatch,valueusd,Calculated vs reported value differs by >10%
1.0384E+11,Value Mismatch,valueusd,Calculated vs reported value differs by >10%
1.04386E+11,Value Mismatch,valueusd,Calculated vs reported value differs by >10%
1.04386E+11,Value Mismatch,valueusd,Calculated vs reported value differs by >10%
1.04386E+11,Value Mismatch,valueusd,Calculated vs reported value differs by >10%
1.03837E+11,Value Mismatch,valueusd,Calculated vs reported value differs by >10%
1.03837E+11,Value Mismatch,valueusd,Calculated vs reported value differs by >10%
1.03837E+11,Value Mismatch,valueusd,Calculated vs reported value differs by >10%
1.03837E+11,Value Mismatch,valueusd,Calculated vs reported value differs by >10%
1.03868E+11,Value Mismatch,valueusd,Calculated vs reported value differs by >10%
1.03868E+11,Value Mismatch,valueusd,Calculated vs reported value differs by >10%
1.03868E+11,Value Mismatch,valueusd,Calculated vs reported value differs by >10%
1.03868E+11,Value Mismatch,valueusd,Calculated vs reported value differs by >10%
1.03868E+11,Value Mismatch,valueusd,Calculated vs reported value differs by >10%
1.03868E+11,Value Mismatch,valueusd,Calculated vs reported value differs by >10%
1.03868E+11,Value Mismatch,valueusd,Calculated vs reported value differs by >10%
1.03826E+11,Value Mismatch,valueusd,Calculated vs reported value differs by >10%
1.03826E+11,Value Mismatch,valueusd,Calculated vs reported value differs by >10%
1.03826E+11,Value Mismatch,valueusd,Calculated vs reported value differs by >10%
1.03826E+11,Value Mismatch,valueusd,Calculated vs reported value differs by >10%
1.03826E+11,Value Mismatch,valueusd,Calculated vs reported value differs by >10%
1.03826E+11,Value Mismatch,valueusd,Calculated vs reported value differs by >10%
1.03826E+11,Value Mismatch,valueusd,Calculated vs reported value differs by >10%
1.03826E+11,Value Mismatch,valueusd,Calculated vs reported value differs by >10%
1.03826E+11,Value Mismatch,valueusd,Calculated vs reported value differs by >10%
1.03826E+11,Value Mismatch,valueusd,Calculated vs reported value differs by >10%
1.0376E+11,Value Mismatch,valueusd,Calculated vs reported value differs by >10%
1.0376E+11,Value Mismatch,valueusd,Calculated vs reported value differs by >10%
1.0382E+11,Value Mismatch,valueusd,Calculated vs reported value differs by >10%
1.03819E+11,Value Mismatch,valueusd,Calculated vs reported value differs by >10%
1.03819E+11,Value Mismatch,valueusd,Calculated vs reported value differs by >10%
1.03819E+11,Value Mismatch,valueusd,Calculated vs reported value differs by >10%
1.03816E+11,Value Mismatch,valueusd,Calculated vs reported value differs by >10%
1.03813E+11,Value Mismatch,valueusd,Calculated vs reported value differs by >10%
1.03813E+11,Value Mismatch,valueusd,Calculated vs reported value differs by >10%
1.03813E+11,Value Mismatch,valueusd,Calculated vs reported value differs by >10%
1.03813E+11,Value Mismatch,valueusd,Calculated vs reported value differs by >10%
1.03813E+11,Value Mismatch,valueusd,Calculated vs reported value differs by >10%
1.03813E+11,Value Mismatch,valueusd,Calculated vs reported value differs by >10%
1.03812E+11,Value Mismatch,valueusd,Calculated vs reported value differs by >10%
1.0381E+11,Value Mismatch,valueusd,Calculated vs reported value differs by >10%
1.0381E+11,Value Mismatch,valueusd,Calculated vs reported value differs by >10%
1.0381E+11,Value Mismatch,valueusd,Calculated vs reported value differs by >10%
1.0381E+11,Value Mismatch,valueusd,Calculated vs reported value differs by >10%
1.0381E+11,Value Mismatch,valueusd,Calculated vs reported value differs by >10%
1.0381E+11,Value Mismatch,valueusd,Calculated vs reported value differs by >10%
1.0381E+11,Value Mismatch,valueusd,Calculated vs reported value differs by >10%
1.03808E+11,Value Mismatch,valueusd,Calculated vs reported value differs by >10%
1.03808E+11,Value Mismatch,valueusd,Calculated vs reported value differs by >10%
1.03805E+11,Value Mismatch,valueusd,Calculated vs reported value differs by >10%
1.03805E+11,Value Mismatch,valueusd,Calculated vs reported value differs by >10%
1.03805E+11,Value Mismatch,valueusd,Calculated vs reported value differs by >10%
1.03805E+11,Value Mismatch,valueusd,Calculated vs reported value differs by >10%
1.038E+11,Value Mismatch,valueusd,Calculated vs reported value differs by >10%
1.03799E+11,Value Mismatch,valueusd,Calculated vs reported value differs by >10%
1.03798E+11,Value Mismatch,valueusd,Calculated vs reported value differs by >10%
1.03798E+11,Value Mismatch,valueusd,Calculated vs reported value differs by >10%
1.03795E+11,Value Mismatch,valueusd,Calculated vs reported value differs by >10%
1.03795E+11,Value Mismatch,valueusd,Calculated vs reported value differs by >10%
1.03795E+11,Value Mismatch,valueusd,Calculated vs reported value differs by >10%
1.03793E+11,Value Mismatch,valueusd,Calculated vs reported value differs by >10%
1.03793E+11,Value Mismatch,valueusd,Calculated vs reported value differs by >10%
1.03793E+11,Value Mismatch,valueusd,Calculated vs reported value differs by >10%
1.0379E+11,Value Mismatch,valueusd,Calculated vs reported value differs by >10%
1.0379E+11,Value Mismatch,valueusd,Calculated vs reported value differs by >10%
1.0379E+11,Value Mismatch,valueusd,Calculated vs reported value differs by >10%
1.0379E+11,Value Mismatch,valueusd,Calculated vs reported value differs by >10%
1.0379E+11,Value Mismatch,valueusd,Calculated vs reported value differs by >10%
1.03788E+11,Value Mismatch,valueusd,Calculated vs reported value differs by >10%
1.03788E+11,Value Mismatch,valueusd,Calculated vs reported value differs by >10%
1.03788E+11,Value Mismatch,valueusd,Calculated vs reported value differs by >10%
1.03788E+11,Value Mismatch,valueusd,Calculated vs reported value differs by >10%
1.03788E+11,Value Mismatch,valueusd,Calculated vs reported value differs by >10%
1.03788E+11,Value Mismatch,valueusd,Calculated vs reported value differs by >10%
1.03788E+11,Value Mismatch,valueusd,Calculated vs reported value differs by >10%
1.03788E+11,Value Mismatch,valueusd,Calculated vs reported value differs by >10%
1.03785E+11,Value Mismatch,valueusd,Calculated vs reported value differs by >10%
1.03785E+11,Value Mismatch,valueusd,Calculated vs reported value differs by >10%
1.03783E+11,Value Mismatch,valueusd,Calculated vs reported value differs by >10%
1.03783E+11,Value Mismatch,valueusd,Calculated vs reported value differs by >10%
1.03783E+11,Value Mismatch,valueusd,Calculated vs reported value differs by >10%
1.04124E+11,Value Mismatch,valueusd,Calculated vs reported value differs by >10%
1.04124E+11,Value Mismatch,valueusd,Calculated vs reported value differs by >10%
1.04124E+11,Value Mismatch,valueusd,Calculated vs reported value differs by >10%
1.04124E+11,Value Mismatch,valueusd,Calculated vs reported value differs by >10%
1.04124E+11,Value Mismatch,valueusd,Calculated vs reported value differs by >10%
1.03866E+11,Value Mismatch,valueusd,Calculated vs reported value differs by >10%
1.03864E+11,Value Mismatch,valueusd,Calculated vs reported value differs by >10%
1.03864E+11,Value Mismatch,valueusd,Calculated vs reported value differs by >10%
1.03824E+11,Value Mismatch,valueusd,Calculated vs reported value differs by >10%
1.03824E+11,Value Mismatch,valueusd,Calculated vs reported value differs by >10%
1.03823E+11,Value Mismatch,valueusd,Calculated vs reported value differs by >10%
1.03823E+11,Value Mismatch,valueusd,Calculated vs reported value differs by >10%
1.0376E+11,Value Mismatch,valueusd,Calculated vs reported value differs by >10%
1.0376E+11,Value Mismatch,valueusd,Calculated vs reported value differs by >10%
1.0376E+11,Value Mismatch,valueusd,Calculated vs reported value differs by >10%
1.0376E+11,Value Mismatch,valueusd,Calculated vs reported value differs by >10%
1.03759E+11,Value Mismatch,valueusd,Calculated vs reported value differs by >10%
1.03759E+11,Value Mismatch,valueusd,Calculated vs reported value differs by >10%
1.03759E+11,Value Mismatch,valueusd,Calculated vs reported value differs by >10%
1.03759E+11,Value Mismatch,valueusd,Calculated vs reported value differs by >10%
1.03757E+11,Value Mismatch,valueusd,Calculated vs reported value differs by >10%
1.03756E+11,Value Mismatch,valueusd,Calculated vs reported value differs by >10%
1.03756E+11,Value Mismatch,valueusd,Calculated vs reported value differs by >10%
1.03754E+11,Value Mismatch,valueusd,Calculated vs reported value differs by >10%
1.03754E+11,Value Mismatch,valueusd,Calculated vs reported value differs by >10%
1.03754E+11,Value Mismatch,valueusd,Calculated vs reported value differs by >10%
1.03751E+11,Value Mismatch,valueusd,Calculated vs reported value differs by >10%
1.0375E+11,Value Mismatch,valueusd,Calculated vs reported value differs by >10%
1.0375E+11,Value Mismatch,valueusd,Calculated vs reported value differs by >10%
1.03749E+11,Value Mismatch,valueusd,Calculated vs reported value differs by >10%
1.03748E+11,Value Mismatch,valueusd,Calculated vs reported value differs by >10%
1.03748E+11,Value Mismatch,valueusd,Calculated vs reported value differs by >10%
1.03748E+11,Value Mismatch,valueusd,Calculated vs reported value differs by >10%
1.03748E+11,Value Mismatch,valueusd,Calculated vs reported value differs by >10%
1.03748E+11,Value Mismatch,valueusd,Calculated vs reported value differs by >10%
1.03747E+11,Value Mismatch,valueusd,Calculated vs reported value differs by >10%
1.03747E+11,Value Mismatch,valueusd,Calculated vs reported value differs by >10%
1.03747E+11,Value Mismatch,valueusd,Calculated vs reported value differs by >10%
1.03747E+11,Value Mismatch,valueusd,Calculated vs reported value differs by >10%
1.03747E+11,Value Mismatch,valueusd,Calculated vs reported value differs by >10%
1.03747E+11,Value Mismatch,valueusd,Calculated vs reported value differs by >10%
1.03747E+11,Value Mismatch,valueusd,Calculated vs reported value differs by >10%
1.03746E+11,Value Mismatch,valueusd,Calculated vs reported value differs by >10%
1.03745E+11,Value Mismatch,valueusd,Calculated vs reported value differs by >10%
1.03745E+11,Value Mismatch,valueusd,Calculated vs reported value differs by >10%
1.03745E+11,Value Mismatch,valueusd,Calculated vs reported value differs by >10%
1.03745E+11,Value Mismatch,valueusd,Calculated vs reported value differs by >10%
1.03745E+11,Value Mismatch,valueusd,Calculated vs reported value differs by >10%
1.03745E+11,Value Mismatch,valueusd,Calculated vs reported value differs by >10%
1.03745E+11,Value Mismatch,valueusd,Calculated vs reported value differs by >10%
1.03745E+11,Value Mismatch,valueusd,Calculated vs reported value differs by >10%
1.03745E+11,Value Mismatch,valueusd,Calculated vs reported value differs by >10%
1.03745E+11,Value Mismatch,valueusd,Calculated vs reported value differs by >10%
1.03742E+11,Value Mismatch,valueusd,Calculated vs reported value differs by >10%
1.03742E+11,Value Mismatch,valueusd,Calculated vs reported value differs by >10%
1.03742E+11,Value Mismatch,valueusd,Calculated vs reported value differs by >10%
1.03742E+11,Value Mismatch,valueusd,Calculated vs reported value differs by >10%
1.03741E+11,Value Mismatch,valueusd,Calculated vs reported value differs by >10%
1.03741E+11,Value Mismatch,valueusd,Calculated vs reported value differs by >10%
1.03741E+11,Value Mismatch,valueusd,Calculated vs reported value differs by >10%
1.03741E+11,Value Mismatch,valueusd,Calculated vs reported value differs by >10%
1.03741E+11,Value Mismatch,valueusd,Calculated vs reported value differs by >10%
1.03739E+11,Value Mismatch,valueusd,Calculated vs reported value differs by >10%
1.03739E+11,Value Mismatch,valueusd,Calculated vs reported value differs by >10%
1.03739E+11,Value Mismatch,valueusd,Calculated vs reported value differs by >10%
1.03736E+11,Value Mismatch,valueusd,Calculated vs reported value differs by >10%
1.03736E+11,Value Mismatch,valueusd,Calculated vs reported value differs by >10%
1.03736E+11,Value Mismatch,valueusd,Calculated vs reported value differs by >10%
1.03733E+11,Value Mismatch,valueusd,Calculated vs reported value differs by >10%
1.03733E+11,Value Mismatch,valueusd,Calculated vs reported value differs by >10%
1.03733E+11,Value Mismatch,valueusd,Calculated vs reported value differs by >10%
1.03733E+11,Value Mismatch,valueusd,Calculated vs reported value differs by >10%
1.03733E+11,Value Mismatch,valueusd,Calculated vs reported value differs by >10%
1.03733E+11,Value Mismatch,valueusd,Calculated vs reported value differs by >10%
1.03733E+11,Value Mismatch,valueusd,Calculated vs reported value differs by >10%
1.03731E+11,Value Mismatch,valueusd,Calculated vs reported value differs by >10%
1.03731E+11,Value Mismatch,valueusd,Calculated vs reported value differs by >10%
1.03731E+11,Value Mismatch,valueusd,Calculated vs reported value differs by >10%
1.03731E+11,Value Mismatch,valueusd,Calculated vs reported value differs by >10%
1.03731E+11,Value Mismatch,valueusd,Calculated vs reported value differs by >10%
1.03731E+11,Value Mismatch,valueusd,Calculated vs reported value differs by >10%
1.03731E+11,Value Mismatch,valueusd,Calculated vs reported value differs by >10%
1.03731E+11,Value Mismatch,valueusd,Calculated vs reported value differs by >10%
1.0373E+11,Value Mismatch,valueusd,Calculated vs reported value differs by >10%
1.0373E+11,Value Mismatch,valueusd,Calculated vs reported value differs by >10%
1.03728E+11,Value Mismatch,valueusd,Calculated vs reported value differs by >10%
1.03728E+11,Value Mismatch,valueusd,Calculated vs reported value differs by >10%
1.03728E+11,Value Mismatch,valueusd,Calculated vs reported value differs by >10%
1.03728E+11,Value Mismatch,valueusd,Calculated vs reported value differs by >10%
1.03728E+11,Value Mismatch,valueusd,Calculated vs reported value differs by >10%
1.03728E+11,Value Mismatch,valueusd,Calculated vs reported value differs by >10%
1.03713E+11,Value Mismatch,valueusd,Calculated vs reported value differs by >10%
1.03713E+11,Value Mismatch,valueusd,Calculated vs reported value differs by >10%
1.03713E+11,Value Mismatch,valueusd,Calculated vs reported value differs by >10%
1.03713E+11,Value Mismatch,valueusd,Calculated vs reported value differs by >10%
1.03713E+11,Value Mismatch,valueusd,Calculated vs reported value differs by >10%
1.03711E+11,Value Mismatch,valueusd,Calculated vs reported value differs by >10%
1.03711E+11,Value Mismatch,valueusd,Calculated vs reported value differs by >10%
1.03711E+11,Value Mismatch,valueusd,Calculated vs reported value differs by >10%
1.03711E+11,Value Mismatch,valueusd,Calculated vs reported value differs by >10%
1.03708E+11,Value Mismatch,valueusd,Calculated vs reported value differs by >10%
1.03705E+11,Value Mismatch,valueusd,Calculated vs reported value differs by >10%
1.03702E+11,Value Mismatch,valueusd,Calculated vs reported value differs by >10%
1.03702E+11,Value Mismatch,valueusd,Calculated vs reported value differs by >10%
1.03702E+11,Value Mismatch,valueusd,Calculated vs reported value differs by >10%
1.03701E+11,Value Mismatch,valueusd,Calculated vs reported value differs by >10%
1.03701E+11,Value Mismatch,valueusd,Calculated vs reported value differs by >10%
1.03701E+11,Value Mismatch,valueusd,Calculated vs reported value differs by >10%
1.03701E+11,Value Mismatch,valueusd,Calculated vs reported value differs by >10%
1.03698E+11,Value Mismatch,valueusd,Calculated vs reported value differs by >10%
1.03698E+11,Value Mismatch,valueusd,Calculated vs reported value differs by >10%
1.03698E+11,Value Mismatch,valueusd,Calculated vs reported value differs by >10%
1.03695E+11,Value Mismatch,valueusd,Calculated vs reported value differs by >10%
1.03695E+11,Value Mismatch,valueusd,Calculated vs reported value differs by >10%
1.03695E+11,Value Mismatch,valueusd,Calculated vs reported value differs by >10%
1.03695E+11,Value Mismatch,valueusd,Calculated vs reported value differs by >10%
1.03693E+11,Value Mismatch,valueusd,Calculated vs reported value differs by >10%
1.0369E+11,Value Mismatch,valueusd,Calculated vs reported value differs by >10%
1.0369E+11,Value Mismatch,valueusd,Calculated vs reported value differs by >10%
1.0369E+11,Value Mismatch,valueusd,Calculated vs reported value differs by >10%
1.0369E+11,Value Mismatch,valueusd,Calculated vs reported value differs by >10%
1.0369E+11,Value Mismatch,valueusd,Calculated vs reported value differs by >10%
1.0369E+11,Value Mismatch,valueusd,Calculated vs reported value differs by >10%
1.03687E+11,Value Mismatch,valueusd,Calculated vs reported value differs by >10%
1.03687E+11,Value Mismatch,valueusd,Calculated vs reported value differs by >10%
1.03687E+11,Value Mismatch,valueusd,Calculated vs reported value differs by >10%
1.03687E+11,Value Mismatch,valueusd,Calculated vs reported value differs by >10%
1.03687E+11,Value Mismatch,valueusd,Calculated vs reported value differs by >10%
1.03687E+11,Value Mismatch,valueusd,Calculated vs reported value differs by >10%
1.03686E+11,Value Mismatch,valueusd,Calculated vs reported value differs by >10%
1.03686E+11,Value Mismatch,valueusd,Calculated vs reported value differs by >10%
1.03686E+11,Value Mismatch,valueusd,Calculated vs reported value differs by >10%
1.03683E+11,Value Mismatch,valueusd,Calculated vs reported value differs by >10%
1.03683E+11,Value Mismatch,valueusd,Calculated vs reported value differs by >10%
1.03683E+11,Value Mismatch,valueusd,Calculated vs reported value differs by >10%
1.03683E+11,Value Mismatch,valueusd,Calculated vs reported value differs by >10%
1.03683E+11,Value Mismatch,valueusd,Calculated vs reported value differs by >10%
1.03681E+11,Value Mismatch,valueusd,Calculated vs reported value differs by >10%
1.0368E+11,Value Mismatch,valueusd,Calculated vs reported value differs by >10%
1.0368E+11,Value Mismatch,valueusd,Calculated vs reported value differs by >10%
1.0368E+11,Value Mismatch,valueusd,Calculated vs reported value differs by >10%
1.03675E+11,Value Mismatch,valueusd,Calculated vs reported value differs by >10%
1.03675E+11,Value Mismatch,valueusd,Calculated vs reported value differs by >10%
1.03675E+11,Value Mismatch,valueusd,Calculated vs reported value differs by >10%
1.03672E+11,Value Mismatch,valueusd,Calculated vs reported value differs by >10%
1.03672E+11,Value Mismatch,valueusd,Calculated vs reported value differs by >10%
1.03671E+11,Value Mismatch,valueusd,Calculated vs reported value differs by >10%
1.03671E+11,Value Mismatch,valueusd,Calculated vs reported value differs by >10%
1.03671E+11,Value Mismatch,valueusd,Calculated vs reported value differs by >10%
1.03669E+11,Value Mismatch,valueusd,Calculated vs reported value differs by >10%
1.03669E+11,Value Mismatch,valueusd,Calculated vs reported value differs by >10%
1.03669E+11,Value Mismatch,valueusd,Calculated vs reported value differs by >10%
1.03666E+11,Value Mismatch,valueusd,Calculated vs reported value differs by >10%
1.03666E+11,Value Mismatch,valueusd,Calculated vs reported value differs by >10%
1.03661E+11,Value Mismatch,valueusd,Calculated vs reported value differs by >10%
1.03661E+11,Value Mismatch,valueusd,Calculated vs reported value differs by >10%
1.03661E+11,Value Mismatch,valueusd,Calculated vs reported value differs by >10%
1.03658E+11,Value Mismatch,valueusd,Calculated vs reported value differs by >10%
1.03658E+11,Value Mismatch,valueusd,Calculated vs reported value differs by >10%
1.03657E+11,Value Mismatch,valueusd,Calculated vs reported value differs by >10%
1.03657E+11,Value Mismatch,valueusd,Calculated vs reported value differs by >10%
1.03657E+11,Value Mismatch,valueusd,Calculated vs reported value differs by >10%
1.03657E+11,Value Mismatch,valueusd,Calculated vs reported value differs by >10%
1.03657E+11,Value Mismatch,valueusd,Calculated vs reported value differs by >10%
1.03657E+11,Value Mismatch,valueusd,Calculated vs reported value differs by >10%
1.03657E+11,Value Mismatch,valueusd,Calculated vs reported value differs by >10%
1.03655E+11,Value Mismatch,valueusd,Calculated vs reported value differs by >10%
1.03651E+11,Value Mismatch,valueusd,Calculated vs reported value differs by >10%
1.03651E+11,Value Mismatch,valueusd,Calculated vs reported value differs by >10%
1.03651E+11,Value Mismatch,valueusd,Calculated vs reported value differs by >10%
1.0365E+11,Value Mismatch,valueusd,Calculated vs reported value differs by >10%
1.03649E+11,Value Mismatch,valueusd,Calculated vs reported value differs by >10%
1.03649E+11,Value Mismatch,valueusd,Calculated vs reported value differs by >10%
1.03649E+11,Value Mismatch,valueusd,Calculated vs reported value differs by >10%
1.03649E+11,Value Mismatch,valueusd,Calculated vs reported value differs by >10%
1.03649E+11,Value Mismatch,valueusd,Calculated vs reported value differs by >10%
1.03646E+11,Value Mismatch,valueusd,Calculated vs reported value differs by >10%
1.03646E+11,Value Mismatch,valueusd,Calculated vs reported value differs by >10%
1.03646E+11,Value Mismatch,valueusd,Calculated vs reported value differs by >10%
1.03646E+11,Value Mismatch,valueusd,Calculated vs reported value differs by >10%
1.03646E+11,Value Mismatch,valueusd,Calculated vs reported value differs by >10%
1.03644E+11,Value Mismatch,valueusd,Calculated vs reported value differs by >10%
1.03644E+11,Value Mismatch,valueusd,Calculated vs reported value differs by >10%
1.03644E+11,Value Mismatch,valueusd,Calculated vs reported value differs by >10%
1.03644E+11,Value Mismatch,valueusd,Calculated vs reported value differs by >10%
1.03644E+11,Value Mismatch,valueusd,Calculated vs reported value differs by >10%
1.03642E+11,Value Mismatch,valueusd,Calculated vs reported value differs by >10%
1.03642E+11,Value Mismatch,valueusd,Calculated vs reported value differs by >10%
1.03642E+11,Value Mismatch,valueusd,Calculated vs reported value differs by >10%
1.03642E+11,Value Mismatch,valueusd,Calculated vs reported value differs by >10%
1.0364E+11,Value Mismatch,valueusd,Calculated vs reported value differs by >10%
1.03639E+11,Value Mismatch,valueusd,Calculated vs reported value differs by >10%
1.03639E+11,Value Mismatch,valueusd,Calculated vs reported value differs by >10%
1.03637E+11,Value Mismatch,valueusd,Calculated vs reported value differs by >10%
1.03634E+11,Value Mismatch,valueusd,Calculated vs reported value differs by >10%
1.03634E+11,Value Mismatch,valueusd,Calculated vs reported value differs by >10%
1.03634E+11,Value Mismatch,valueusd,Calculated vs reported value differs by >10%
1.03634E+11,Value Mismatch,valueusd,Calculated vs reported value differs by >10%
1.03634E+11,Value Mismatch,valueusd,Calculated vs reported value differs by >10%
1.03631E+11,Value Mismatch,valueusd,Calculated vs reported value differs by >10%
1.03629E+11,Value Mismatch,valueusd,Calculated vs reported value differs by >10%
1.03627E+11,Value Mismatch,valueusd,Calculated vs reported value differs by >10%
1.03627E+11,Value Mismatch,valueusd,Calculated vs reported value differs by >10%
1.03627E+11,Value Mismatch,valueusd,Calculated vs reported value differs by >10%
1.03624E+11,Value Mismatch,valueusd,Calculated vs reported value differs by >10%
1.03624E+11,Value Mismatch,valueusd,Calculated vs reported value differs by >10%
1.03624E+11,Value Mismatch,valueusd,Calculated vs reported value differs by >10%
1.03624E+11,Value Mismatch,valueusd,Calculated vs reported value differs by >10%
1.03624E+11,Value Mismatch,valueusd,Calculated vs reported value differs by >10%
1.03624E+11,Value Mismatch,valueusd,Calculated vs reported value differs by >10%
1.03624E+11,Value Mismatch,valueusd,Calculated vs reported value differs by >10%
1.03624E+11,Value Mismatch,valueusd,Calculated vs reported value differs by >10%
1.03622E+11,Value Mismatch,valueusd,Calculated vs reported value differs by >10%
1.03622E+11,Value Mismatch,valueusd,Calculated vs reported value differs by >10%
1.03622E+11,Value Mismatch,valueusd,Calculated vs reported value differs by >10%
1.03622E+11,Value Mismatch,valueusd,Calculated vs reported value differs by >10%
1.03622E+11,Value Mismatch,valueusd,Calculated vs reported value differs by >10%
1.03622E+11,Value Mismatch,valueusd,Calculated vs reported value differs by >10%
1.03619E+11,Value Mismatch,valueusd,Calculated vs reported value differs by >10%
1.03619E+11,Value Mismatch,valueusd,Calculated vs reported value differs by >10%
1.03619E+11,Value Mismatch,valueusd,Calculated vs reported value differs by >10%
1.03619E+11,Value Mismatch,valueusd,Calculated vs reported value differs by >10%
1.03619E+11,Value Mismatch,valueusd,Calculated vs reported value differs by >10%
1.03619E+11,Value Mismatch,valueusd,Calculated vs reported value differs by >10%
1.03618E+11,Value Mismatch,valueusd,Calculated vs reported value differs by >10%
1.03614E+11,Value Mismatch,valueusd,Calculated vs reported value differs by >10%
1.03614E+11,Value Mismatch,valueusd,Calculated vs reported value differs by >10%
1.03614E+11,Value Mismatch,valueusd,Calculated vs reported value differs by >10%
1.03614E+11,Value Mismatch,valueusd,Calculated vs reported value differs by >10%
1.03614E+11,Value Mismatch,valueusd,Calculated vs reported value differs by >10%
1.03614E+11,Value Mismatch,valueusd,Calculated vs reported value differs by >10%
1.03613E+11,Value Mismatch,valueusd,Calculated vs reported value differs by >10%
1.03613E+11,Value Mismatch,valueusd,Calculated vs reported value differs by >10%
1.03613E+11,Value Mismatch,valueusd,Calculated vs reported value differs by >10%
1.03613E+11,Value Mismatch,valueusd,Calculated vs reported value differs by >10%
1.03613E+11,Value Mismatch,valueusd,Calculated vs reported value differs by >10%
1.03613E+11,Value Mismatch,valueusd,Calculated vs reported value differs by >10%
1.03613E+11,Value Mismatch,valueusd,Calculated vs reported value differs by >10%
1.03613E+11,Value Mismatch,valueusd,Calculated vs reported value differs by >10%
1.0361E+11,Value Mismatch,valueusd,Calculated vs reported value differs by >10%
1.0361E+11,Value Mismatch,valueusd,Calculated vs reported value differs by >10%
1.0361E+11,Value Mismatch,valueusd,Calculated vs reported value differs by >10%
1.0361E+11,Value Mismatch,valueusd,Calculated vs reported value differs by >10%
1.0361E+11,Value Mismatch,valueusd,Calculated vs reported value differs by >10%
1.03608E+11,Value Mismatch,valueusd,Calculated vs reported value differs by >10%
1.03603E+11,Value Mismatch,valueusd,Calculated vs reported value differs by >10%
1.03603E+11,Value Mismatch,valueusd,Calculated vs reported value differs by >10%
1.036E+11,Value Mismatch,valueusd,Calculated vs reported value differs by >10%
1.036E+11,Value Mismatch,valueusd,Calculated vs reported value differs by >10%
1.036E+11,Value Mismatch,valueusd,Calculated vs reported value differs by >10%
1.036E+11,Value Mismatch,valueusd,Calculated vs reported value differs by >10%
1.03596E+11,Value Mismatch,valueusd,Calculated vs reported value differs by >10%
1.03596E+11,Value Mismatch,valueusd,Calculated vs reported value differs by >10%
1.03596E+11,Value Mismatch,valueusd,Calculated vs reported value differs by >10%
1.03596E+11,Value Mismatch,valueusd,Calculated vs reported value differs by >10%
1.03596E+11,Value Mismatch,valueusd,Calculated vs reported value differs by >10%
1.03596E+11,Value Mismatch,valueusd,Calculated vs reported value differs by >10%
1.03596E+11,Value Mismatch,valueusd,Calculated vs reported value differs by >10%
1.03594E+11,Value Mismatch,valueusd,Calculated vs reported value differs by >10%
1.03592E+11,Value Mismatch,valueusd,Calculated vs reported value differs by >10%
1.03592E+11,Value Mismatch,valueusd,Calculated vs reported value differs by >10%
1.03592E+11,Value Mismatch,valueusd,Calculated vs reported value differs by >10%
1.03592E+11,Value Mismatch,valueusd,Calculated vs reported value differs by >10%
1.03592E+11,Value Mismatch,valueusd,Calculated vs reported value differs by >10%
1.03591E+11,Value Mismatch,valueusd,Calculated vs reported value differs by >10%
1.0359E+11,Value Mismatch,valueusd,Calculated vs reported value differs by >10%
1.0359E+11,Value Mismatch,valueusd,Calculated vs reported value differs by >10%
1.03589E+11,Value Mismatch,valueusd,Calculated vs reported value differs by >10%
1.03588E+11,Value Mismatch,valueusd,Calculated vs reported value differs by >10%
1.03587E+11,Value Mismatch,valueusd,Calculated vs reported value differs by >10%
1.03587E+11,Value Mismatch,valueusd,Calculated vs reported value differs by >10%
1.03587E+11,Value Mismatch,valueusd,Calculated vs reported value differs by >10%
1.03586E+11,Value Mismatch,valueusd,Calculated vs reported value differs by >10%
1.03586E+11,Value Mismatch,valueusd,Calculated vs reported value differs by >10%
1.03586E+11,Value Mismatch,valueusd,Calculated vs reported value differs by >10%
1.03586E+11,Value Mismatch,valueusd,Calculated vs reported value differs by >10%
1.03583E+11,Value Mismatch,valueusd,Calculated vs reported value differs by >10%
1.03583E+11,Value Mismatch,valueusd,Calculated vs reported value differs by >10%
1.03583E+11,Value Mismatch,valueusd,Calculated vs reported value differs by >10%
1.03583E+11,Value Mismatch,valueusd,Calculated vs reported value differs by >10%
1.03583E+11,Value Mismatch,valueusd,Calculated vs reported value differs by >10%
1.03583E+11,Value Mismatch,valueusd,Calculated vs reported value differs by >10%
1.03583E+11,Value Mismatch,valueusd,Calculated vs reported value differs by >10%
1.03583E+11,Value Mismatch,valueusd,Calculated vs reported value differs by >10%
1.03583E+11,Value Mismatch,valueusd,Calculated vs reported value differs by >10%
1.03581E+11,Value Mismatch,valueusd,Calculated vs reported value differs by >10%
1.03581E+11,Value Mismatch,valueusd,Calculated vs reported value differs by >10%
1.03579E+11,Value Mismatch,valueusd,Calculated vs reported value differs by >10%
1.03579E+11,Value Mismatch,valueusd,Calculated vs reported value differs by >10%
1.03579E+11,Value Mismatch,valueusd,Calculated vs reported value differs by >10%
1.03579E+11,Value Mismatch,valueusd,Calculated vs reported value differs by >10%
1.03579E+11,Value Mismatch,valueusd,Calculated vs reported value differs by >10%
1.03579E+11,Value Mismatch,valueusd,Calculated vs reported value differs by >10%
1.03576E+11,Value Mismatch,valueusd,Calculated vs reported value differs by >10%
1.03576E+11,Value Mismatch,valueusd,Calculated vs reported value differs by >10%
1.03576E+11,Value Mismatch,valueusd,Calculated vs reported value differs by >10%
1.03576E+11,Value Mismatch,valueusd,Calculated vs reported value differs by >10%
1.03576E+11,Value Mismatch,valueusd,Calculated vs reported value differs by >10%
1.0357E+11,Value Mismatch,valueusd,Calculated vs reported value differs by >10%
1.03568E+11,Value Mismatch,valueusd,Calculated vs reported value differs by >10%
1.03568E+11,Value Mismatch,valueusd,Calculated vs reported value differs by >10%
1.03568E+11,Value Mismatch,valueusd,Calculated vs reported value differs by >10%
1.03566E+11,Value Mismatch,valueusd,Calculated vs reported value differs by >10%
1.03566E+11,Value Mismatch,valueusd,Calculated vs reported value differs by >10%
1.03563E+11,Value Mismatch,valueusd,Calculated vs reported value differs by >10%
1.03563E+11,Value Mismatch,valueusd,Calculated vs reported value differs by >10%
1.0356E+11,Value Mismatch,valueusd,Calculated vs reported value differs by >10%
1.0356E+11,Value Mismatch,valueusd,Calculated vs reported value differs by >10%
1.0356E+11,Value Mismatch,valueusd,Calculated vs reported value differs by >10%
1.0356E+11,Value Mismatch,valueusd,Calculated vs reported value differs by >10%
1.0356E+11,Value Mismatch,valueusd,Calculated vs reported value differs by >10%
1.0356E+11,Value Mismatch,valueusd,Calculated vs reported value differs by >10%
1.03558E+11,Value Mismatch,valueusd,Calculated vs reported value differs by >10%
1.03558E+11,Value Mismatch,valueusd,Calculated vs reported value differs by >10%
1.03558E+11,Value Mismatch,valueusd,Calculated vs reported value differs by >10%
1.03558E+11,Value Mismatch,valueusd,Calculated vs reported value differs by >10%
1.03558E+11,Value Mismatch,valueusd,Calculated vs reported value differs by >10%
1.03558E+11,Value Mismatch,valueusd,Calculated vs reported value differs by >10%
1.03558E+11,Value Mismatch,valueusd,Calculated vs reported value differs by >10%
1.03556E+11,Value Mismatch,valueusd,Calculated vs reported value differs by >10%
1.03556E+11,Value Mismatch,valueusd,Calculated vs reported value differs by >10%
1.03556E+11,Value Mismatch,valueusd,Calculated vs reported value differs by >10%
1.03556E+11,Value Mismatch,valueusd,Calculated vs reported value differs by >10%
1.03556E+11,Value Mismatch,valueusd,Calculated vs reported value differs by >10%
1.03556E+11,Value Mismatch,valueusd,Calculated vs reported value differs by >10%
1.03556E+11,Value Mismatch,valueusd,Calculated vs reported value differs by >10%
1.03553E+11,Value Mismatch,valueusd,Calculated vs reported value differs by >10%
1.03553E+11,Value Mismatch,valueusd,Calculated vs reported value differs by >10%
1.03553E+11,Value Mismatch,valueusd,Calculated vs reported value differs by >10%
1.03553E+11,Value Mismatch,valueusd,Calculated vs reported value differs by >10%
1.03551E+11,Value Mismatch,valueusd,Calculated vs reported value differs by >10%
1.03551E+11,Value Mismatch,valueusd,Calculated vs reported value differs by >10%
1.03551E+11,Value Mismatch,valueusd,Calculated vs reported value differs by >10%
1.03551E+11,Value Mismatch,valueusd,Calculated vs reported value differs by >10%
1.03548E+11,Value Mismatch,valueusd,Calculated vs reported value differs by >10%
1.03548E+11,Value Mismatch,valueusd,Calculated vs reported value differs by >10%
1.03548E+11,Value Mismatch,valueusd,Calculated vs reported value differs by >10%
1.03548E+11,Value Mismatch,valueusd,Calculated vs reported value differs by >10%
1.03548E+11,Value Mismatch,valueusd,Calculated vs reported value differs by >10%
1.03546E+11,Value Mismatch,valueusd,Calculated vs reported value differs by >10%
1.03545E+11,Value Mismatch,valueusd,Calculated vs reported value differs by >10%
1.03545E+11,Value Mismatch,valueusd,Calculated vs reported value differs by >10%
1.03544E+11,Value Mismatch,valueusd,Calculated vs reported value differs by >10%
1.03543E+11,Value Mismatch,valueusd,Calculated vs reported value differs by >10%
1.03542E+11,Value Mismatch,valueusd,Calculated vs reported value differs by >10%
1.03542E+11,Value Mismatch,valueusd,Calculated vs reported value differs by >10%
1.03542E+11,Value Mismatch,valueusd,Calculated vs reported value differs by >10%
1.03542E+11,Value Mismatch,valueusd,Calculated vs reported value differs by >10%
1.03542E+11,Value Mismatch,valueusd,Calculated vs reported value differs by >10%
1.03539E+11,Value Mismatch,valueusd,Calculated vs reported value differs by >10%
1.03539E+11,Value Mismatch,valueusd,Calculated vs reported value differs by >10%
1.03539E+11,Value Mismatch,valueusd,Calculated vs reported value differs by >10%
1.03539E+11,Value Mismatch,valueusd,Calculated vs reported value differs by >10%
1.03539E+11,Value Mismatch,valueusd,Calculated vs reported value differs by >10%
1.03539E+11,Value Mismatch,valueusd,Calculated vs reported value differs by >10%
1.03539E+11,Value Mismatch,valueusd,Calculated vs reported value differs by >10%
1.03534E+11,Value Mismatch,valueusd,Calculated vs reported value differs by >10%
1.03534E+11,Value Mismatch,valueusd,Calculated vs reported value differs by >10%
1.03534E+11,Value Mismatch,valueusd,Calculated vs reported value differs by >10%
1.03532E+11,Value Mismatch,valueusd,Calculated vs reported value differs by >10%
1.0353E+11,Value Mismatch,valueusd,Calculated vs reported value differs by >10%
1.0353E+11,Value Mismatch,valueusd,Calculated vs reported value differs by >10%
1.03528E+11,Value Mismatch,valueusd,Calculated vs reported value differs by >10%
1.03528E+11,Value Mismatch,valueusd,Calculated vs reported value differs by >10%
1.0352E+11,Value Mismatch,valueusd,Calculated vs reported value differs by >10%
1.0352E+11,Value Mismatch,valueusd,Calculated vs reported value differs by >10%
1.03517E+11,Value Mismatch,valueusd,Calculated vs reported value differs by >10%
1.03517E+11,Value Mismatch,valueusd,Calculated vs reported value differs by >10%
1.03517E+11,Value Mismatch,valueusd,Calculated vs reported value differs by >10%
1.03517E+11,Value Mismatch,valueusd,Calculated vs reported value differs by >10%
1.03516E+11,Value Mismatch,valueusd,Calculated vs reported value differs by >10%
1.03516E+11,Value Mismatch,valueusd,Calculated vs reported value differs by >10%
1.03516E+11,Value Mismatch,valueusd,Calculated vs reported value differs by >10%
1.03516E+11,Value Mismatch,valueusd,Calculated vs reported value differs by >10%
1.03516E+11,Value Mismatch,valueusd,Calculated vs reported value differs by >10%
1.03516E+11,Value Mismatch,valueusd,Calculated vs reported value differs by >10%
1.03513E+11,Value Mismatch,valueusd,Calculated vs reported value differs by >10%
1.03513E+11,Value Mismatch,valueusd,Calculated vs reported value differs by >10%
1.03511E+11,Value Mismatch,valueusd,Calculated vs reported value differs by >10%
1.03511E+11,Value Mismatch,valueusd,Calculated vs reported value differs by >10%
1.03511E+11,Value Mismatch,valueusd,Calculated vs reported value differs by >10%
1.03511E+11,Value Mismatch,valueusd,Calculated vs reported value differs by >10%
1.03511E+11,Value Mismatch,valueusd,Calculated vs reported value differs by >10%
1.03511E+11,Value Mismatch,valueusd,Calculated vs reported value differs by >10%
1.03511E+11,Value Mismatch,valueusd,Calculated vs reported value differs by >10%
1.0351E+11,Value Mismatch,valueusd,Calculated vs reported value differs by >10%
1.0351E+11,Value Mismatch,valueusd,Calculated vs reported value differs by >10%
1.0351E+11,Value Mismatch,valueusd,Calculated vs reported value differs by >10%
1.03508E+11,Value Mismatch,valueusd,Calculated vs reported value differs by >10%
1.03508E+11,Value Mismatch,valueusd,Calculated vs reported value differs by >10%
1.03508E+11,Value Mismatch,valueusd,Calculated vs reported value differs by >10%
1.03508E+11,Value Mismatch,valueusd,Calculated vs reported value differs by >10%
1.03508E+11,Value Mismatch,valueusd,Calculated vs reported value differs by >10%
1.03508E+11,Value Mismatch,valueusd,Calculated vs reported value differs by >10%
1.03508E+11,Value Mismatch,valueusd,Calculated vs reported value differs by >10%
1.03505E+11,Value Mismatch,valueusd,Calculated vs reported value differs by >10%
1.03504E+11,Value Mismatch,valueusd,Calculated vs reported value differs by >10%
1.03504E+11,Value Mismatch,valueusd,Calculated vs reported value differs by >10%
1.03504E+11,Value Mismatch,valueusd,Calculated vs reported value differs by >10%
1.03504E+11,Value Mismatch,valueusd,Calculated vs reported value differs by >10%
1.03501E+11,Value Mismatch,valueusd,Calculated vs reported value differs by >10%
1.03501E+11,Value Mismatch,valueusd,Calculated vs reported value differs by >10%
1.03499E+11,Value Mismatch,valueusd,Calculated vs reported value differs by >10%
1.03498E+11,Value Mismatch,valueusd,Calculated vs reported value differs by >10%
1.03497E+11,Value Mismatch,valueusd,Calculated vs reported value differs by >10%
1.03497E+11,Value Mismatch,valueusd,Calculated vs reported value differs by >10%
1.03497E+11,Value Mismatch,valueusd,Calculated vs reported value differs by >10%
1.03497E+11,Value Mismatch,valueusd,Calculated vs reported value differs by >10%
1.03497E+11,Value Mismatch,valueusd,Calculated vs reported value differs by >10%
1.03494E+11,Value Mismatch,valueusd,Calculated vs reported value differs by >10%
1.03494E+11,Value Mismatch,valueusd,Calculated vs reported value differs by >10%
1.03494E+11,Value Mismatch,valueusd,Calculated vs reported value differs by >10%
1.03492E+11,Value Mismatch,valueusd,Calculated vs reported value differs by >10%
1.03492E+11,Value Mismatch,valueusd,Calculated vs reported value differs by >10%
1.03492E+11,Value Mismatch,valueusd,Calculated vs reported value differs by >10%
1.03492E+11,Value Mismatch,valueusd,Calculated vs reported value differs by >10%
1.03492E+11,Value Mismatch,valueusd,Calculated vs reported value differs by >10%
1.03492E+11,Value Mismatch,valueusd,Calculated vs reported value differs by >10%
1.03492E+11,Value Mismatch,valueusd,Calculated vs reported value differs by >10%
1.03492E+11,Value Mismatch,valueusd,Calculated vs reported value differs by >10%
1.0349E+11,Value Mismatch,valueusd,Calculated vs reported value differs by >10%
1.03487E+11,Value Mismatch,valueusd,Calculated vs reported value differs by >10%
1.03487E+11,Value Mismatch,valueusd,Calculated vs reported value differs by >10%
1.03486E+11,Value Mismatch,valueusd,Calculated vs reported value differs by >10%
1.03486E+11,Value Mismatch,valueusd,Calculated vs reported value differs by >10%
1.03486E+11,Value Mismatch,valueusd,Calculated vs reported value differs by >10%
1.03486E+11,Value Mismatch,valueusd,Calculated vs reported value differs by >10%
1.03486E+11,Value Mismatch,valueusd,Calculated vs reported value differs by >10%
1.03486E+11,Value Mismatch,valueusd,Calculated vs reported value differs by >10%
1.03486E+11,Value Mismatch,valueusd,Calculated vs reported value differs by >10%
1.03484E+11,Value Mismatch,valueusd,Calculated vs reported value differs by >10%
1.03484E+11,Value Mismatch,valueusd,Calculated vs reported value differs by >10%
1.03484E+11,Value Mismatch,valueusd,Calculated vs reported value differs by >10%
1.03484E+11,Value Mismatch,valueusd,Calculated vs reported value differs by >10%
1.03484E+11,Value Mismatch,valueusd,Calculated vs reported value differs by >10%
1.03484E+11,Value Mismatch,valueusd,Calculated vs reported value differs by >10%
1.03481E+11,Value Mismatch,valueusd,Calculated vs reported value differs by >10%
1.03481E+11,Value Mismatch,valueusd,Calculated vs reported value differs by >10%
1.03481E+11,Value Mismatch,valueusd,Calculated vs reported value differs by >10%
1.03481E+11,Value Mismatch,valueusd,Calculated vs reported value differs by >10%
1.03479E+11,Value Mismatch,valueusd,Calculated vs reported value differs by >10%
1.03479E+11,Value Mismatch,valueusd,Calculated vs reported value differs by >10%
1.03479E+11,Value Mismatch,valueusd,Calculated vs reported value differs by >10%
1.03479E+11,Value Mismatch,valueusd,Calculated vs reported value differs by >10%
1.03479E+11,Value Mismatch,valueusd,Calculated vs reported value differs by >10%
1.03479E+11,Value Mismatch,valueusd,Calculated vs reported value differs by >10%
1.03479E+11,Value Mismatch,valueusd,Calculated vs reported value differs by >10%
1.03479E+11,Value Mismatch,valueusd,Calculated vs reported value differs by >10%
1.03478E+11,Value Mismatch,valueusd,Calculated vs reported value differs by >10%
1.03523E+11,Value Mismatch,valueusd,Calculated vs reported value differs by >10%
1.03521E+11,Value Mismatch,valueusd,Calculated vs reported value differs by >10%
1.03521E+11,Value Mismatch,valueusd,Calculated vs reported value differs by >10%
1.03465E+11,Value Mismatch,valueusd,Calculated vs reported value differs by >10%
1.03464E+11,Value Mismatch,valueusd,Calculated vs reported value differs by >10%
1.03457E+11,Value Mismatch,valueusd,Calculated vs reported value differs by >10%
1.03457E+11,Value Mismatch,valueusd,Calculated vs reported value differs by >10%
1.03457E+11,Value Mismatch,valueusd,Calculated vs reported value differs by >10%
1.03457E+11,Value Mismatch,valueusd,Calculated vs reported value differs by >10%
1.03455E+11,Value Mismatch,valueusd,Calculated vs reported value differs by >10%
1.03455E+11,Value Mismatch,valueusd,Calculated vs reported value differs by >10%
1.03455E+11,Value Mismatch,valueusd,Calculated vs reported value differs by >10%
1.03455E+11,Value Mismatch,valueusd,Calculated vs reported value differs by >10%
1.03452E+11,Value Mismatch,valueusd,Calculated vs reported value differs by >10%
1.03451E+11,Value Mismatch,valueusd,Calculated vs reported value differs by >10%
1.03451E+11,Value Mismatch,valueusd,Calculated vs reported value differs by >10%
1.03451E+11,Value Mismatch,valueusd,Calculated vs reported value differs by >10%
1.03451E+11,Value Mismatch,valueusd,Calculated vs reported value differs by >10%
1.03451E+11,Value Mismatch,valueusd,Calculated vs reported value differs by >10%
1.03451E+11,Value Mismatch,valueusd,Calculated vs reported value differs by >10%
1.03449E+11,Value Mismatch,valueusd,Calculated vs reported value differs by >10%
1.03449E+11,Value Mismatch,valueusd,Calculated vs reported value differs by >10%
1.03449E+11,Value Mismatch,valueusd,Calculated vs reported value differs by >10%
1.03449E+11,Value Mismatch,valueusd,Calculated vs reported value differs by >10%
1.03449E+11,Value Mismatch,valueusd,Calculated vs reported value differs by >10%
1.03444E+11,Value Mismatch,valueusd,Calculated vs reported value differs by >10%
1.03444E+11,Value Mismatch,valueusd,Calculated vs reported value differs by >10%
1.03444E+11,Value Mismatch,valueusd,Calculated vs reported value differs by >10%
1.03444E+11,Value Mismatch,valueusd,Calculated vs reported value differs by >10%
1.03439E+11,Value Mismatch,valueusd,Calculated vs reported value differs by >10%
1.03439E+11,Value Mismatch,valueusd,Calculated vs reported value differs by >10%
1.03438E+11,Value Mismatch,valueusd,Calculated vs reported value differs by >10%
1.03438E+11,Value Mismatch,valueusd,Calculated vs reported value differs by >10%
1.03438E+11,Value Mismatch,valueusd,Calculated vs reported value differs by >10%
1.03438E+11,Value Mismatch,valueusd,Calculated vs reported value differs by >10%
1.03438E+11,Value Mismatch,valueusd,Calculated vs reported value differs by >10%
1.03438E+11,Value Mismatch,valueusd,Calculated vs reported value differs by >10%
1.03438E+11,Value Mismatch,valueusd,Calculated vs reported value differs by >10%
1.03438E+11,Value Mismatch,valueusd,Calculated vs reported value differs by >10%
1.03438E+11,Value Mismatch,valueusd,Calculated vs reported value differs by >10%
1.03437E+11,Value Mismatch,valueusd,Calculated vs reported value differs by >10%
1.03436E+11,Value Mismatch,valueusd,Calculated vs reported value differs by >10%
1.03436E+11,Value Mismatch,valueusd,Calculated vs reported value differs by >10%
1.03436E+11,Value Mismatch,valueusd,Calculated vs reported value differs by >10%
1.03433E+11,Value Mismatch,valueusd,Calculated vs reported value differs by >10%
1.03433E+11,Value Mismatch,valueusd,Calculated vs reported value differs by >10%
1.03433E+11,Value Mismatch,valueusd,Calculated vs reported value differs by >10%
1.03433E+11,Value Mismatch,valueusd,Calculated vs reported value differs by >10%
1.03431E+11,Value Mismatch,valueusd,Calculated vs reported value differs by >10%
1.03429E+11,Value Mismatch,valueusd,Calculated vs reported value differs by >10%
1.03429E+11,Value Mismatch,valueusd,Calculated vs reported value differs by >10%
1.03429E+11,Value Mismatch,valueusd,Calculated vs reported value differs by >10%
1.03429E+11,Value Mismatch,valueusd,Calculated vs reported value differs by >10%
1.03426E+11,Value Mismatch,valueusd,Calculated vs reported value differs by >10%
1.03426E+11,Value Mismatch,valueusd,Calculated vs reported value differs by >10%
1.03426E+11,Value Mismatch,valueusd,Calculated vs reported value differs by >10%
1.03426E+11,Value Mismatch,valueusd,Calculated vs reported value differs by >10%
1.03425E+11,Value Mismatch,valueusd,Calculated vs reported value differs by >10%
1.03425E+11,Value Mismatch,valueusd,Calculated vs reported value differs by >10%
1.03425E+11,Value Mismatch,valueusd,Calculated vs reported value differs by >10%
1.03425E+11,Value Mismatch,valueusd,Calculated vs reported value differs by >10%
1.03425E+11,Value Mismatch,valueusd,Calculated vs reported value differs by >10%
1.03425E+11,Value Mismatch,valueusd,Calculated vs reported value differs by >10%
1.03425E+11,Value Mismatch,valueusd,Calculated vs reported value differs by >10%
1.03425E+11,Value Mismatch,valueusd,Calculated vs reported value differs by >10%
1.03425E+11,Value Mismatch,valueusd,Calculated vs reported value differs by >10%
1.03423E+11,Value Mismatch,valueusd,Calculated vs reported value differs by >10%
1.03423E+11,Value Mismatch,valueusd,Calculated vs reported value differs by >10%
1.03423E+11,Value Mismatch,valueusd,Calculated vs reported value differs by >10%
1.03421E+11,Value Mismatch,valueusd,Calculated vs reported value differs by >10%
1.03421E+11,Value Mismatch,valueusd,Calculated vs reported value differs by >10%
1.03418E+11,Value Mismatch,valueusd,Calculated vs reported value differs by >10%
1.03418E+11,Value Mismatch,valueusd,Calculated vs reported value differs by >10%
1.03418E+11,Value Mismatch,valueusd,Calculated vs reported value differs by >10%
1.03418E+11,Value Mismatch,valueusd,Calculated vs reported value differs by >10%
1.03418E+11,Value Mismatch,valueusd,Calculated vs reported value differs by >10%
1.03418E+11,Value Mismatch,valueusd,Calculated vs reported value differs by >10%
1.03418E+11,Value Mismatch,valueusd,Calculated vs reported value differs by >10%
1.03418E+11,Value Mismatch,valueusd,Calculated vs reported value differs by >10%
1.03417E+11,Value Mismatch,valueusd,Calculated vs reported value differs by >10%
1.03416E+11,Value Mismatch,valueusd,Calculated vs reported value differs by >10%
1.03416E+11,Value Mismatch,valueusd,Calculated vs reported value differs by >10%
1.03416E+11,Value Mismatch,valueusd,Calculated vs reported value differs by >10%
1.03413E+11,Value Mismatch,valueusd,Calculated vs reported value differs by >10%
1.03413E+11,Value Mismatch,valueusd,Calculated vs reported value differs by >10%
1.03413E+11,Value Mismatch,valueusd,Calculated vs reported value differs by >10%
1.03413E+11,Value Mismatch,valueusd,Calculated vs reported value differs by >10%
1.03412E+11,Value Mismatch,valueusd,Calculated vs reported value differs by >10%
1.03412E+11,Value Mismatch,valueusd,Calculated vs reported value differs by >10%
1.03412E+11,Value Mismatch,valueusd,Calculated vs reported value differs by >10%
1.03412E+11,Value Mismatch,valueusd,Calculated vs reported value differs by >10%
1.03412E+11,Value Mismatch,valueusd,Calculated vs reported value differs by >10%
1.03412E+11,Value Mismatch,valueusd,Calculated vs reported value differs by >10%
1.03412E+11,Value Mismatch,valueusd,Calculated vs reported value differs by >10%
1.03412E+11,Value Mismatch,valueusd,Calculated vs reported value differs by >10%
1.0341E+11,Value Mismatch,valueusd,Calculated vs reported value differs by >10%
1.0341E+11,Value Mismatch,valueusd,Calculated vs reported value differs by >10%
1.03409E+11,Value Mismatch,valueusd,Calculated vs reported value differs by >10%
1.03408E+11,Value Mismatch,valueusd,Calculated vs reported value differs by >10%
1.03408E+11,Value Mismatch,valueusd,Calculated vs reported value differs by >10%
1.03408E+11,Value Mismatch,valueusd,Calculated vs reported value differs by >10%
1.03408E+11,Value Mismatch,valueusd,Calculated vs reported value differs by >10%
1.03408E+11,Value Mismatch,valueusd,Calculated vs reported value differs by >10%
1.03408E+11,Value Mismatch,valueusd,Calculated vs reported value differs by >10%
1.03406E+11,Value Mismatch,valueusd,Calculated vs reported value differs by >10%
1.03406E+11,Value Mismatch,valueusd,Calculated vs reported value differs by >10%
1.03406E+11,Value Mismatch,valueusd,Calculated vs reported value differs by >10%
1.03403E+11,Value Mismatch,valueusd,Calculated vs reported value differs by >10%
1.03403E+11,Value Mismatch,valueusd,Calculated vs reported value differs by >10%
1.03403E+11,Value Mismatch,valueusd,Calculated vs reported value differs by >10%
1.03401E+11,Value Mismatch,valueusd,Calculated vs reported value differs by >10%
1.03401E+11,Value Mismatch,valueusd,Calculated vs reported value differs by >10%
1.034E+11,Value Mismatch,valueusd,Calculated vs reported value differs by >10%
1.034E+11,Value Mismatch,valueusd,Calculated vs reported value differs by >10%
1.034E+11,Value Mismatch,valueusd,Calculated vs reported value differs by >10%
1.034E+11,Value Mismatch,valueusd,Calculated vs reported value differs by >10%
1.034E+11,Value Mismatch,valueusd,Calculated vs reported value differs by >10%
1.03397E+11,Value Mismatch,valueusd,Calculated vs reported value differs by >10%
1.03397E+11,Value Mismatch,valueusd,Calculated vs reported value differs by >10%
1.03397E+11,Value Mismatch,valueusd,Calculated vs reported value differs by >10%
1.03397E+11,Value Mismatch,valueusd,Calculated vs reported value differs by >10%
1.03395E+11,Value Mismatch,valueusd,Calculated vs reported value differs by >10%
1.03395E+11,Value Mismatch,valueusd,Calculated vs reported value differs by >10%
1.03392E+11,Value Mismatch,valueusd,Calculated vs reported value differs by >10%
1.0339E+11,Value Mismatch,valueusd,Calculated vs reported value differs by >10%
1.0339E+11,Value Mismatch,valueusd,Calculated vs reported value differs by >10%
1.03388E+11,Value Mismatch,valueusd,Calculated vs reported value differs by >10%
1.03388E+11,Value Mismatch,valueusd,Calculated vs reported value differs by >10%
1.03388E+11,Value Mismatch,valueusd,Calculated vs reported value differs by >10%
1.03388E+11,Value Mismatch,valueusd,Calculated vs reported value differs by >10%
1.03388E+11,Value Mismatch,valueusd,Calculated vs reported value differs by >10%
1.03387E+11,Value Mismatch,valueusd,Calculated vs reported value differs by >10%
1.03387E+11,Value Mismatch,valueusd,Calculated vs reported value differs by >10%
1.03387E+11,Value Mismatch,valueusd,Calculated vs reported value differs by >10%
1.03387E+11,Value Mismatch,valueusd,Calculated vs reported value differs by >10%
1.03387E+11,Value Mismatch,valueusd,Calculated vs reported value differs by >10%
1.03385E+11,Value Mismatch,valueusd,Calculated vs reported value differs by >10%
1.03385E+11,Value Mismatch,valueusd,Calculated vs reported value differs by >10%
1.03384E+11,Value Mismatch,valueusd,Calculated vs reported value differs by >10%
1.03383E+11,Value Mismatch,valueusd,Calculated vs reported value differs by >10%
1.03381E+11,Value Mismatch,valueusd,Calculated vs reported value differs by >10%
1.03381E+11,Value Mismatch,valueusd,Calculated vs reported value differs by >10%
1.03381E+11,Value Mismatch,valueusd,Calculated vs reported value differs by >10%
1.03381E+11,Value Mismatch,valueusd,Calculated vs reported value differs by >10%
1.03381E+11,Value Mismatch,valueusd,Calculated vs reported value differs by >10%
1.03378E+11,Value Mismatch,valueusd,Calculated vs reported value differs by >10%
1.03378E+11,Value Mismatch,valueusd,Calculated vs reported value differs by >10%
1.03378E+11,Value Mismatch,valueusd,Calculated vs reported value differs by >10%
1.03376E+11,Value Mismatch,valueusd,Calculated vs reported value differs by >10%
1.03376E+11,Value Mismatch,valueusd,Calculated vs reported value differs by >10%
1.03376E+11,Value Mismatch,valueusd,Calculated vs reported value differs by >10%
1.03376E+11,Value Mismatch,valueusd,Calculated vs reported value differs by >10%
1.03375E+11,Value Mismatch,valueusd,Calculated vs reported value differs by >10%
1.03375E+11,Value Mismatch,valueusd,Calculated vs reported value differs by >10%
1.03373E+11,Value Mismatch,valueusd,Calculated vs reported value differs by >10%
1.03373E+11,Value Mismatch,valueusd,Calculated vs reported value differs by >10%
1.03373E+11,Value Mismatch,valueusd,Calculated vs reported value differs by >10%
1.0337E+11,Value Mismatch,valueusd,Calculated vs reported value differs by >10%
1.0337E+11,Value Mismatch,valueusd,Calculated vs reported value differs by >10%
1.0337E+11,Value Mismatch,valueusd,Calculated vs reported value differs by >10%
1.03368E+11,Value Mismatch,valueusd,Calculated vs reported value differs by >10%
1.03368E+11,Value Mismatch,valueusd,Calculated vs reported value differs by >10%
1.03368E+11,Value Mismatch,valueusd,Calculated vs reported value differs by >10%
1.03368E+11,Value Mismatch,valueusd,Calculated vs reported value differs by >10%
1.03366E+11,Value Mismatch,valueusd,Calculated vs reported value differs by >10%
1.03366E+11,Value Mismatch,valueusd,Calculated vs reported value differs by >10%
1.03364E+11,Value Mismatch,valueusd,Calculated vs reported value differs by >10%
1.03364E+11,Value Mismatch,valueusd,Calculated vs reported value differs by >10%
1.03364E+11,Value Mismatch,valueusd,Calculated vs reported value differs by >10%
1.03363E+11,Value Mismatch,valueusd,Calculated vs reported value differs by >10%
1.03363E+11,Value Mismatch,valueusd,Calculated vs reported value differs by >10%
1.03363E+11,Value Mismatch,valueusd,Calculated vs reported value differs by >10%
1.03363E+11,Value Mismatch,valueusd,Calculated vs reported value differs by >10%
1.03363E+11,Value Mismatch,valueusd,Calculated vs reported value differs by >10%
1.0336E+11,Value Mismatch,valueusd,Calculated vs reported value differs by >10%
1.0336E+11,Value Mismatch,valueusd,Calculated vs reported value differs by >10%
1.03358E+11,Value Mismatch,valueusd,Calculated vs reported value differs by >10%
1.03358E+11,Value Mismatch,valueusd,Calculated vs reported value differs by >10%
1.03356E+11,Value Mismatch,valueusd,Calculated vs reported value differs by >10%
1.03356E+11,Value Mismatch,valueusd,Calculated vs reported value differs by >10%
1.03356E+11,Value Mismatch,valueusd,Calculated vs reported value differs by >10%
1.03353E+11,Value Mismatch,valueusd,Calculated vs reported value differs by >10%
1.03353E+11,Value Mismatch,valueusd,Calculated vs reported value differs by >10%
1.03351E+11,Value Mismatch,valueusd,Calculated vs reported value differs by >10%
1.03351E+11,Value Mismatch,valueusd,Calculated vs reported value differs by >10%
1.03351E+11,Value Mismatch,valueusd,Calculated vs reported value differs by >10%
1.03351E+11,Value Mismatch,valueusd,Calculated vs reported value differs by >10%
1.03351E+11,Value Mismatch,valueusd,Calculated vs reported value differs by >10%
1.0335E+11,Value Mismatch,valueusd,Calculated vs reported value differs by >10%
1.0335E+11,Value Mismatch,valueusd,Calculated vs reported value differs by >10%
1.0335E+11,Value Mismatch,valueusd,Calculated vs reported value differs by >10%
1.03348E+11,Value Mismatch,valueusd,Calculated vs reported value differs by >10%
1.03348E+11,Value Mismatch,valueusd,Calculated vs reported value differs by >10%
1.03348E+11,Value Mismatch,valueusd,Calculated vs reported value differs by >10%
1.03347E+11,Value Mismatch,valueusd,Calculated vs reported value differs by >10%
1.03342E+11,Value Mismatch,valueusd,Calculated vs reported value differs by >10%
1.03338E+11,Value Mismatch,valueusd,Calculated vs reported value differs by >10%
1.03338E+11,Value Mismatch,valueusd,Calculated vs reported value differs by >10%
1.03338E+11,Value Mismatch,valueusd,Calculated vs reported value differs by >10%
1.03338E+11,Value Mismatch,valueusd,Calculated vs reported value differs by >10%
1.03336E+11,Value Mismatch,valueusd,Calculated vs reported value differs by >10%
1.03336E+11,Value Mismatch,valueusd,Calculated vs reported value differs by >10%
1.03336E+11,Value Mismatch,valueusd,Calculated vs reported value differs by >10%
1.03336E+11,Value Mismatch,valueusd,Calculated vs reported value differs by >10%
1.03334E+11,Value Mismatch,valueusd,Calculated vs reported value differs by >10%
1.03334E+11,Value Mismatch,valueusd,Calculated vs reported value differs by >10%
1.03332E+11,Value Mismatch,valueusd,Calculated vs reported value differs by >10%
1.03332E+11,Value Mismatch,valueusd,Calculated vs reported value differs by >10%
1.03332E+11,Value Mismatch,valueusd,Calculated vs reported value differs by >10%
1.03332E+11,Value Mismatch,valueusd,Calculated vs reported value differs by >10%
1.03332E+11,Value Mismatch,valueusd,Calculated vs reported value differs by >10%
1.03332E+11,Value Mismatch,valueusd,Calculated vs reported value differs by >10%
1.03329E+11,Value Mismatch,valueusd,Calculated vs reported value differs by >10%
1.03329E+11,Value Mismatch,valueusd,Calculated vs reported value differs by >10%
1.03329E+11,Value Mismatch,valueusd,Calculated vs reported value differs by >10%
1.03329E+11,Value Mismatch,valueusd,Calculated vs reported value differs by >10%
1.03329E+11,Value Mismatch,valueusd,Calculated vs reported value differs by >10%
1.03329E+11,Value Mismatch,valueusd,Calculated vs reported value differs by >10%
1.03327E+11,Value Mismatch,valueusd,Calculated vs reported value differs by >10%
1.03326E+11,Value Mismatch,valueusd,Calculated vs reported value differs by >10%
1.03326E+11,Value Mismatch,valueusd,Calculated vs reported value differs by >10%
1.03324E+11,Value Mismatch,valueusd,Calculated vs reported value differs by >10%
1.03324E+11,Value Mismatch,valueusd,Calculated vs reported value differs by >10%
1.03324E+11,Value Mismatch,valueusd,Calculated vs reported value differs by >10%
1.03324E+11,Value Mismatch,valueusd,Calculated vs reported value differs by >10%
1.03324E+11,Value Mismatch,valueusd,Calculated vs reported value differs by >10%
1.03324E+11,Value Mismatch,valueusd,Calculated vs reported value differs by >10%
1.03324E+11,Value Mismatch,valueusd,Calculated vs reported value differs by >10%
1.03324E+11,Value Mismatch,valueusd,Calculated vs reported value differs by >10%
1.03322E+11,Value Mismatch,valueusd,Calculated vs reported value differs by >10%
1.03322E+11,Value Mismatch,valueusd,Calculated vs reported value differs by >10%
1.03322E+11,Value Mismatch,valueusd,Calculated vs reported value differs by >10%
1.03322E+11,Value Mismatch,valueusd,Calculated vs reported value differs by >10%
1.0332E+11,Value Mismatch,valueusd,Calculated vs reported value differs by >10%
1.0332E+11,Value Mismatch,valueusd,Calculated vs reported value differs by >10%
1.0332E+11,Value Mismatch,valueusd,Calculated vs reported value differs by >10%
1.03314E+11,Value Mismatch,valueusd,Calculated vs reported value differs by >10%
1.03314E+11,Value Mismatch,valueusd,Calculated vs reported value differs by >10%
1.03314E+11,Value Mismatch,valueusd,Calculated vs reported value differs by >10%
1.03314E+11,Value Mismatch,valueusd,Calculated vs reported value differs by >10%
1.03314E+11,Value Mismatch,valueusd,Calculated vs reported value differs by >10%
1.03312E+11,Value Mismatch,valueusd,Calculated vs reported value differs by >10%
1.03312E+11,Value Mismatch,valueusd,Calculated vs reported value differs by >10%
1.03312E+11,Value Mismatch,valueusd,Calculated vs reported value differs by >10%
1.03312E+11,Value Mismatch,valueusd,Calculated vs reported value differs by >10%
1.03312E+11,Value Mismatch,valueusd,Calculated vs reported value differs by >10%
1.03313E+11,Value Mismatch,valueusd,Calculated vs reported value differs by >10%
1.0331E+11,Value Mismatch,valueusd,Calculated vs reported value differs by >10%
1.0331E+11,Value Mismatch,valueusd,Calculated vs reported value differs by >10%
1.0331E+11,Value Mismatch,valueusd,Calculated vs reported value differs by >10%
1.03306E+11,Value Mismatch,valueusd,Calculated vs reported value differs by >10%
1.03306E+11,Value Mismatch,valueusd,Calculated vs reported value differs by >10%
1.03306E+11,Value Mismatch,valueusd,Calculated vs reported value differs by >10%
1.03304E+11,Value Mismatch,valueusd,Calculated vs reported value differs by >10%
1.03304E+11,Value Mismatch,valueusd,Calculated vs reported value differs by >10%
1.03304E+11,Value Mismatch,valueusd,Calculated vs reported value differs by >10%
1.03303E+11,Value Mismatch,valueusd,Calculated vs reported value differs by >10%
1.03303E+11,Value Mismatch,valueusd,Calculated vs reported value differs by >10%
1.03296E+11,Value Mismatch,valueusd,Calculated vs reported value differs by >10%
1.03288E+11,Value Mismatch,valueusd,Calculated vs reported value differs by >10%
1.03288E+11,Value Mismatch,valueusd,Calculated vs reported value differs by >10%
1.03288E+11,Value Mismatch,valueusd,Calculated vs reported value differs by >10%
1.03288E+11,Value Mismatch,valueusd,Calculated vs reported value differs by >10%
1.03288E+11,Value Mismatch,valueusd,Calculated vs reported value differs by >10%
1.03287E+11,Value Mismatch,valueusd,Calculated vs reported value differs by >10%
1.03287E+11,Value Mismatch,valueusd,Calculated vs reported value differs by >10%
1.03287E+11,Value Mismatch,valueusd,Calculated vs reported value differs by >10%
1.03287E+11,Value Mismatch,valueusd,Calculated vs reported value differs by >10%
1.03285E+11,Value Mismatch,valueusd,Calculated vs reported value differs by >10%
1.03285E+11,Value Mismatch,valueusd,Calculated vs reported value differs by >10%
1.03282E+11,Value Mismatch,valueusd,Calculated vs reported value differs by >10%
1.03281E+11,Value Mismatch,valueusd,Calculated vs reported value differs by >10%
1.03281E+11,Value Mismatch,valueusd,Calculated vs reported value differs by >10%
1.03281E+11,Value Mismatch,valueusd,Calculated vs reported value differs by >10%
1.03281E+11,Value Mismatch,valueusd,Calculated vs reported value differs by >10%
1.03281E+11,Value Mismatch,valueusd,Calculated vs reported value differs by >10%
1.03279E+11,Value Mismatch,valueusd,Calculated vs reported value differs by >10%
1.03277E+11,Value Mismatch,valueusd,Calculated vs reported value differs by >10%
1.03277E+11,Value Mismatch,valueusd,Calculated vs reported value differs by >10%
1.03275E+11,Value Mismatch,valueusd,Calculated vs reported value differs by >10%
1.03275E+11,Value Mismatch,valueusd,Calculated vs reported value differs by >10%
1.03273E+11,Value Mismatch,valueusd,Calculated vs reported value differs by >10%
1.0327E+11,Value Mismatch,valueusd,Calculated vs reported value differs by >10%
1.03269E+11,Value Mismatch,valueusd,Calculated vs reported value differs by >10%
1.03269E+11,Value Mismatch,valueusd,Calculated vs reported value differs by >10%
1.03269E+11,Value Mismatch,valueusd,Calculated vs reported value differs by >10%
1.03269E+11,Value Mismatch,valueusd,Calculated vs reported value differs by >10%
1.03267E+11,Value Mismatch,valueusd,Calculated vs reported value differs by >10%
1.03267E+11,Value Mismatch,valueusd,Calculated vs reported value differs by >10%
1.03267E+11,Value Mismatch,valueusd,Calculated vs reported value differs by >10%
1.03265E+11,Value Mismatch,valueusd,Calculated vs reported value differs by >10%
1.03263E+11,Value Mismatch,valueusd,Calculated vs reported value differs by >10%
1.03262E+11,Value Mismatch,valueusd,Calculated vs reported value differs by >10%
1.0326E+11,Value Mismatch,valueusd,Calculated vs reported value differs by >10%
1.0326E+11,Value Mismatch,valueusd,Calculated vs reported value differs by >10%
1.03256E+11,Value Mismatch,valueusd,Calculated vs reported value differs by >10%
1.03254E+11,Value Mismatch,valueusd,Calculated vs reported value differs by >10%
1.03254E+11,Value Mismatch,valueusd,Calculated vs reported value differs by >10%
1.03254E+11,Value Mismatch,valueusd,Calculated vs reported value differs by >10%
1.03254E+11,Value Mismatch,valueusd,Calculated vs reported value differs by >10%
1.03254E+11,Value Mismatch,valueusd,Calculated vs reported value differs by >10%
1.03254E+11,Value Mismatch,valueusd,Calculated vs reported value differs by >10%
1.03254E+11,Value Mismatch,valueusd,Calculated vs reported value differs by >10%
1.03251E+11,Value Mismatch,valueusd,Calculated vs reported value differs by >10%
1.03249E+11,Value Mismatch,valueusd,Calculated vs reported value differs by >10%
1.03249E+11,Value Mismatch,valueusd,Calculated vs reported value differs by >10%
1.03246E+11,Value Mismatch,valueusd,Calculated vs reported value differs by >10%
1.03243E+11,Value Mismatch,valueusd,Calculated vs reported value differs by >10%
1.03241E+11,Value Mismatch,valueusd,Calculated vs reported value differs by >10%
1.03241E+11,Value Mismatch,valueusd,Calculated vs reported value differs by >10%
1.03238E+11,Value Mismatch,valueusd,Calculated vs reported value differs by >10%
1.03238E+11,Value Mismatch,valueusd,Calculated vs reported value differs by >10%
1.03238E+11,Value Mismatch,valueusd,Calculated vs reported value differs by >10%
1.03238E+11,Value Mismatch,valueusd,Calculated vs reported value differs by >10%
1.03235E+11,Value Mismatch,valueusd,Calculated vs reported value differs by >10%
1.03232E+11,Value Mismatch,valueusd,Calculated vs reported value differs by >10%
1.03228E+11,Value Mismatch,valueusd,Calculated vs reported value differs by >10%
1.03228E+11,Value Mismatch,valueusd,Calculated vs reported value differs by >10%
1.03223E+11,Value Mismatch,valueusd,Calculated vs reported value differs by >10%
1.03223E+11,Value Mismatch,valueusd,Calculated vs reported value differs by >10%
1.03223E+11,Value Mismatch,valueusd,Calculated vs reported value differs by >10%
1.03223E+11,Value Mismatch,valueusd,Calculated vs reported value differs by >10%
1.03219E+11,Value Mismatch,valueusd,Calculated vs reported value differs by >10%
1.03218E+11,Value Mismatch,valueusd,Calculated vs reported value differs by >10%
1.03198E+11,Value Mismatch,valueusd,Calculated vs reported value differs by >10%
1.03193E+11,Value Mismatch,valueusd,Calculated vs reported value differs by >10%
1.03179E+11,Value Mismatch,valueusd,Calculated vs reported value differs by >10%
1.03179E+11,Value Mismatch,valueusd,Calculated vs reported value differs by >10%
1.03164E+11,Value Mismatch,valueusd,Calculated vs reported value differs by >10%
1.03149E+11,Value Mismatch,valueusd,Calculated vs reported value differs by >10%
1.03149E+11,Value Mismatch,valueusd,Calculated vs reported value differs by >10%
1.03147E+11,Value Mismatch,valueusd,Calculated vs reported value differs by >10%
1.03147E+11,Value Mismatch,valueusd,Calculated vs reported value differs by >10%
1.03147E+11,Value Mismatch,valueusd,Calculated vs reported value differs by >10%
1.0313E+11,Value Mismatch,valueusd,Calculated vs reported value differs by >10%
1.0313E+11,Value Mismatch,valueusd,Calculated vs reported value differs by >10%
1.03125E+11,Value Mismatch,valueusd,Calculated vs reported value differs by >10%
1.03125E+11,Value Mismatch,valueusd,Calculated vs reported value differs by >10%
1.03117E+11,Value Mismatch,valueusd,Calculated vs reported value differs by >10%
1.03117E+11,Value Mismatch,valueusd,Calculated vs reported value differs by >10%
1.03103E+11,Value Mismatch,valueusd,Calculated vs reported value differs by >10%
1.03103E+11,Value Mismatch,valueusd,Calculated vs reported value differs by >10%
1.03102E+11,Value Mismatch,valueusd,Calculated vs reported value differs by >10%
1.03088E+11,Value Mismatch,valueusd,Calculated vs reported value differs by >10%
1.03088E+11,Value Mismatch,valueusd,Calculated vs reported value differs by >10%
6976660529,Low Price,unit_price,Suspiciously low unit price (0.0)
9704635553,Low Price,unit_price,Suspiciously low unit price (0.0)
7991436790,Low Price,unit_price,Suspiciously low unit price (0.0)
1045708865,Low Price,unit_price,Suspiciously low unit price (0.0)
1045582307,Low Price,unit_price,Suspiciously low unit price (0.0)
3975920576,Low Price,unit_price,Suspiciously low unit price (0.0)
2777306305,Low Price,unit_price,Suspiciously low unit price (0.0)
2778018373,Low Price,unit_price,Suspiciously low unit price (0.0)
2778290011,Low Price,unit_price,Suspiciously low unit price (0.0)
1420382218,Low Price,unit_price,Suspiciously low unit price (0.0)
1418926526,Low Price,unit_price,Suspiciously low unit price (0.0)
696037108,Low Price,unit_price,Suspiciously low unit price (0.0)
695883676,Low Price,unit_price,Suspiciously low unit price (0.0)
831480982,Low Price,unit_price,Suspiciously low unit price (0.0)
220289515,Low Price,unit_price,Suspiciously low unit price (0.0)
220188696,Low Price,unit_price,Suspiciously low unit price (0.0)
9456409153,Low Price,unit_price,Suspiciously low unit price (0.0)
3463120235,Low Price,unit_price,Suspiciously low unit price (0.0)
3462565654,Low Price,unit_price,Suspiciously low unit price (0.0)
3462822215,Low Price,unit_price,Suspiciously low unit price (0.0)
130933599,Low Price,unit_price,Suspiciously low unit price (0.0)
129387887,Low Price,unit_price,Suspiciously low unit price (0.0)
3753664134,Low Price,unit_price,Suspiciously low unit price (0.0)
3753540903,Low Price,unit_price,Suspiciously low unit price (0.0)
3753484806,Low Price,unit_price,Suspiciously low unit price (0.0)
8498642662,Low Price,unit_price,Suspiciously low unit price (0.0)
8497356370,Low Price,unit_price,Suspiciously low unit price (0.0)
8849841433,Low Price,unit_price,Suspiciously low unit price (0.0)
8849729748,Low Price,unit_price,Suspiciously low unit price (0.0)
8849644341,Low Price,unit_price,Suspiciously low unit price (0.0)
7855576891,Low Price,unit_price,Suspiciously low unit price (0.0)
7855086708,Low Price,unit_price,Suspiciously low unit price (0.0)
798852034,Low Price,unit_price,Suspiciously low unit price (0.0)
797893274,Low Price,unit_price,Suspiciously low unit price (0.0)
9326433779,Low Price,unit_price,Suspiciously low unit price (0.0)
9326401915,Low Price,unit_price,Suspiciously low unit price (0.0)
5661120522,Low Price,unit_price,Suspiciously low unit price (0.0)
8484484022,Low Price,unit_price,Suspiciously low unit price (0.0)
8484367186,Low Price,unit_price,Suspiciously low unit price (0.0)
6751893661,Low Price,unit_price,Suspiciously low unit price (0.0)
6751799819,Low Price,unit_price,Suspiciously low unit price (0.0)
9201244348,Low Price,unit_price,Suspiciously low unit price (0.0)
9201157330,Low Price,unit_price,Suspiciously low unit price (0.0)
1323853131,Low Price,unit_price,Suspiciously low unit price (0.0)
1323722840,Low Price,unit_price,Suspiciously low unit price (0.0)
1.04941E+11,Low Price,unit_price,Suspiciously low unit price (3.29)
1.04938E+11,Low Price,unit_price,Suspiciously low unit price (1.06)
1.04938E+11,Low Price,unit_price,Suspiciously low unit price (0.4)
1.04938E+11,Low Price,unit_price,Suspiciously low unit price (1.07)
1.04938E+11,Low Price,unit_price,Suspiciously low unit price (1.07)
1.04938E+11,Low Price,unit_price,Suspiciously low unit price (0.94)
1.04938E+11,Low Price,unit_price,Suspiciously low unit price (1.07)
1.04938E+11,Low Price,unit_price,Suspiciously low unit price (1.06)
1.04938E+11,Low Price,unit_price,Suspiciously low unit price (1.06)
1.04938E+11,Low Price,unit_price,Suspiciously low unit price (0.18)
285052826,Low Price,unit_price,Suspiciously low unit price (0.0)
1.04925E+11,Low Price,unit_price,Suspiciously low unit price (0.38)
1.04923E+11,Low Price,unit_price,Suspiciously low unit price (36.67)
1.04923E+11,Low Price,unit_price,Suspiciously low unit price (36.67)
1.04923E+11,Low Price,unit_price,Suspiciously low unit price (3.29)
1.04923E+11,Low Price,unit_price,Suspiciously low unit price (3.39)
1.04914E+11,Low Price,unit_price,Suspiciously low unit price (3.39)
1.04914E+11,Low Price,unit_price,Suspiciously low unit price (0.45)
1.04914E+11,Low Price,unit_price,Suspiciously low unit price (0.46)
285023312,Low Price,unit_price,Suspiciously low unit price (0.0)
1.04912E+11,Low Price,unit_price,Suspiciously low unit price (5.09)
1.04903E+11,Low Price,unit_price,Suspiciously low unit price (0.51)
1.04898E+11,Low Price,unit_price,Suspiciously low unit price (7.06)
1.04895E+11,Low Price,unit_price,Suspiciously low unit price (0.57)
1.04895E+11,Low Price,unit_price,Suspiciously low unit price (0.57)
1.04895E+11,Low Price,unit_price,Suspiciously low unit price (0.4)
1.04891E+11,Low Price,unit_price,Suspiciously low unit price (0.8)
1.04891E+11,Low Price,unit_price,Suspiciously low unit price (0.46)
1.04891E+11,Low Price,unit_price,Suspiciously low unit price (0.45)
1.04891E+11,Low Price,unit_price,Suspiciously low unit price (0.26)
1.04891E+11,Low Price,unit_price,Suspiciously low unit price (0.26)
1.04891E+11,Low Price,unit_price,Suspiciously low unit price (0.51)
1.04891E+11,Low Price,unit_price,Suspiciously low unit price (0.18)
1.04891E+11,Low Price,unit_price,Suspiciously low unit price (0.18)
1.04891E+11,Low Price,unit_price,Suspiciously low unit price (0.8)
285182707,Low Price,unit_price,Suspiciously low unit price (0.0)
1.04877E+11,Low Price,unit_price,Suspiciously low unit price (0.26)
1.04877E+11,Low Price,unit_price,Suspiciously low unit price (0.46)
1.04877E+11,Low Price,unit_price,Suspiciously low unit price (0.45)
1.04877E+11,Low Price,unit_price,Suspiciously low unit price (0.26)
1.04874E+11,Low Price,unit_price,Suspiciously low unit price (3.79)
1.04874E+11,Low Price,unit_price,Suspiciously low unit price (0.4)
1.04874E+11,Low Price,unit_price,Suspiciously low unit price (3.29)
1.04874E+11,Low Price,unit_price,Suspiciously low unit price (4.68)
1.04874E+11,Low Price,unit_price,Suspiciously low unit price (0.38)
1.04873E+11,Low Price,unit_price,Suspiciously low unit price (4.38)
1.04872E+11,Low Price,unit_price,Suspiciously low unit price (5.22)
1.04872E+11,Low Price,unit_price,Suspiciously low unit price (5.22)
1.04869E+11,Low Price,unit_price,Suspiciously low unit price (3.39)
1.04866E+11,Low Price,unit_price,Suspiciously low unit price (16.23)
1.04859E+11,Low Price,unit_price,Suspiciously low unit price (4.69)
1.04859E+11,Low Price,unit_price,Suspiciously low unit price (4.69)
1.04859E+11,Low Price,unit_price,Suspiciously low unit price (4.66)
1.04859E+11,Low Price,unit_price,Suspiciously low unit price (4.69)
1.04859E+11,Low Price,unit_price,Suspiciously low unit price (4.66)
1.04859E+11,Low Price,unit_price,Suspiciously low unit price (0.94)
1.04859E+11,Low Price,unit_price,Suspiciously low unit price (0.94)
1.04859E+11,Low Price,unit_price,Suspiciously low unit price (0.8)
1.04859E+11,Low Price,unit_price,Suspiciously low unit price (0.8)
1.04859E+11,Low Price,unit_price,Suspiciously low unit price (0.4)
1.04859E+11,Low Price,unit_price,Suspiciously low unit price (0.57)
1.04859E+11,Low Price,unit_price,Suspiciously low unit price (0.57)
1.04859E+11,Low Price,unit_price,Suspiciously low unit price (1.07)
1.04859E+11,Low Price,unit_price,Suspiciously low unit price (1.07)
1.04857E+11,Low Price,unit_price,Suspiciously low unit price (0.8)
1.04857E+11,Low Price,unit_price,Suspiciously low unit price (1.07)
1.04857E+11,Low Price,unit_price,Suspiciously low unit price (1.07)
1.04857E+11,Low Price,unit_price,Suspiciously low unit price (0.46)
1.04857E+11,Low Price,unit_price,Suspiciously low unit price (0.45)
1.04857E+11,Low Price,unit_price,Suspiciously low unit price (1.07)
1.04857E+11,Low Price,unit_price,Suspiciously low unit price (1.07)
1.04857E+11,Low Price,unit_price,Suspiciously low unit price (0.8)
1.04854E+11,Low Price,unit_price,Suspiciously low unit price (3.75)
1.04848E+11,Low Price,unit_price,Suspiciously low unit price (0.8)
1.04848E+11,Low Price,unit_price,Suspiciously low unit price (3.29)
1.04848E+11,Low Price,unit_price,Suspiciously low unit price (0.77)
1.04848E+11,Low Price,unit_price,Suspiciously low unit price (0.96)
1.04848E+11,Low Price,unit_price,Suspiciously low unit price (0.94)
1.04848E+11,Low Price,unit_price,Suspiciously low unit price (0.94)
1.04845E+11,Low Price,unit_price,Suspiciously low unit price (0.51)
1.04845E+11,Low Price,unit_price,Suspiciously low unit price (0.46)
1.04845E+11,Low Price,unit_price,Suspiciously low unit price (0.45)
1.04843E+11,Low Price,unit_price,Suspiciously low unit price (18.08)
1.04843E+11,Low Price,unit_price,Suspiciously low unit price (45.96)
1.0484E+11,Low Price,unit_price,Suspiciously low unit price (15.44)
1.0484E+11,Low Price,unit_price,Suspiciously low unit price (5.87)
1.0484E+11,Low Price,unit_price,Suspiciously low unit price (3.75)
1.0484E+11,Low Price,unit_price,Suspiciously low unit price (4.68)
1.0484E+11,Low Price,unit_price,Suspiciously low unit price (3.39)
1.0484E+11,Low Price,unit_price,Suspiciously low unit price (0.95)
1.0484E+11,Low Price,unit_price,Suspiciously low unit price (7.06)
1.0484E+11,Low Price,unit_price,Suspiciously low unit price (3.76)
1.04833E+11,Low Price,unit_price,Suspiciously low unit price (0.53)
1.04825E+11,Low Price,unit_price,Suspiciously low unit price (3.29)
1.04825E+11,Low Price,unit_price,Suspiciously low unit price (4.68)
6811585986,Low Price,unit_price,Suspiciously low unit price (1.71)
6811579888,Low Price,unit_price,Suspiciously low unit price (1.84)
1.04813E+11,Low Price,unit_price,Suspiciously low unit price (0.29)
1.04813E+11,Low Price,unit_price,Suspiciously low unit price (0.41)
1.04813E+11,Low Price,unit_price,Suspiciously low unit price (13.1)
1.0481E+11,Low Price,unit_price,Suspiciously low unit price (4.61)
1.04803E+11,Low Price,unit_price,Suspiciously low unit price (4.76)
1.048E+11,Low Price,unit_price,Suspiciously low unit price (4.66)
1.04798E+11,Low Price,unit_price,Suspiciously low unit price (7.06)
1.04795E+11,Low Price,unit_price,Suspiciously low unit price (4.76)
1.04795E+11,Low Price,unit_price,Suspiciously low unit price (0.96)
1.04795E+11,Low Price,unit_price,Suspiciously low unit price (0.8)
1.04792E+11,Low Price,unit_price,Suspiciously low unit price (0.26)
1.04793E+11,Low Price,unit_price,Suspiciously low unit price (3.1)
1.04783E+11,Low Price,unit_price,Suspiciously low unit price (10.88)
1.04783E+11,Low Price,unit_price,Suspiciously low unit price (0.29)
1.04783E+11,Low Price,unit_price,Suspiciously low unit price (0.4)
1.04777E+11,Low Price,unit_price,Suspiciously low unit price (7.06)
1.04777E+11,Low Price,unit_price,Suspiciously low unit price (4.73)
1.04777E+11,Low Price,unit_price,Suspiciously low unit price (4.73)
1.04772E+11,Low Price,unit_price,Suspiciously low unit price (0.53)
1.04769E+11,Low Price,unit_price,Suspiciously low unit price (4.58)
1.04769E+11,Low Price,unit_price,Suspiciously low unit price (0.29)
1.04769E+11,Low Price,unit_price,Suspiciously low unit price (0.29)
1.04767E+11,Low Price,unit_price,Suspiciously low unit price (14.71)
1.04767E+11,Low Price,unit_price,Suspiciously low unit price (0.8)
1.04767E+11,Low Price,unit_price,Suspiciously low unit price (0.8)
1.04767E+11,Low Price,unit_price,Suspiciously low unit price (0.57)
1.04767E+11,Low Price,unit_price,Suspiciously low unit price (7.06)
1.04764E+11,Low Price,unit_price,Suspiciously low unit price (11.09)
1.04756E+11,Low Price,unit_price,Suspiciously low unit price (4.69)
1.04739E+11,Low Price,unit_price,Suspiciously low unit price (0.19)
1.04739E+11,Low Price,unit_price,Suspiciously low unit price (0.19)
1.04736E+11,Low Price,unit_price,Suspiciously low unit price (0.97)
1.04736E+11,Low Price,unit_price,Suspiciously low unit price (0.97)
1.04736E+11,Low Price,unit_price,Suspiciously low unit price (0.97)
1.04736E+11,Low Price,unit_price,Suspiciously low unit price (0.8)
1.04736E+11,Low Price,unit_price,Suspiciously low unit price (0.8)
1.04736E+11,Low Price,unit_price,Suspiciously low unit price (0.8)
1.04733E+11,Low Price,unit_price,Suspiciously low unit price (0.19)
1.04733E+11,Low Price,unit_price,Suspiciously low unit price (0.19)
1.04734E+11,Low Price,unit_price,Suspiciously low unit price (4.7)
1.04731E+11,Low Price,unit_price,Suspiciously low unit price (3.78)
1135185423,Low Price,unit_price,Suspiciously low unit price (0.0)
1.04726E+11,Low Price,unit_price,Suspiciously low unit price (4.69)
1.04726E+11,Low Price,unit_price,Suspiciously low unit price (4.57)
1.04726E+11,Low Price,unit_price,Suspiciously low unit price (4.97)
1.04724E+11,Low Price,unit_price,Suspiciously low unit price (3.96)
1.04724E+11,Low Price,unit_price,Suspiciously low unit price (3.81)
1.04721E+11,Low Price,unit_price,Suspiciously low unit price (0.34)
1.04721E+11,Low Price,unit_price,Suspiciously low unit price (0.48)
1.04718E+11,Low Price,unit_price,Suspiciously low unit price (11.16)
1.04716E+11,Low Price,unit_price,Suspiciously low unit price (4.57)
1.04716E+11,Low Price,unit_price,Suspiciously low unit price (4.57)
1.04711E+11,Low Price,unit_price,Suspiciously low unit price (5.04)
1.04711E+11,Low Price,unit_price,Suspiciously low unit price (0.05)
1.04707E+11,Low Price,unit_price,Suspiciously low unit price (4.79)
1.047E+11,Low Price,unit_price,Suspiciously low unit price (14.7)
8717321088,Low Price,unit_price,Suspiciously low unit price (4.84)
1.04688E+11,Low Price,unit_price,Suspiciously low unit price (4.84)
1.04685E+11,Low Price,unit_price,Suspiciously low unit price (0.42)
1.04685E+11,Low Price,unit_price,Suspiciously low unit price (5.04)
1.04685E+11,Low Price,unit_price,Suspiciously low unit price (14.7)
1.0468E+11,Low Price,unit_price,Suspiciously low unit price (13.98)
1083086276,Low Price,unit_price,Suspiciously low unit price (0.0)
1.04671E+11,Low Price,unit_price,Suspiciously low unit price (4.49)
1.04671E+11,Low Price,unit_price,Suspiciously low unit price (4.89)
1.04671E+11,Low Price,unit_price,Suspiciously low unit price (4.49)
1.04671E+11,Low Price,unit_price,Suspiciously low unit price (4.49)
1.04671E+11,Low Price,unit_price,Suspiciously low unit price (4.49)
1.04671E+11,Low Price,unit_price,Suspiciously low unit price (4.89)
1.04666E+11,Low Price,unit_price,Suspiciously low unit price (0.19)
1.04666E+11,Low Price,unit_price,Suspiciously low unit price (0.19)
1.04666E+11,Low Price,unit_price,Suspiciously low unit price (0.22)
1.04666E+11,Low Price,unit_price,Suspiciously low unit price (0.22)
1.04658E+11,Low Price,unit_price,Suspiciously low unit price (0.19)
1.04658E+11,Low Price,unit_price,Suspiciously low unit price (0.19)
1.04658E+11,Low Price,unit_price,Suspiciously low unit price (0.22)
1.04658E+11,Low Price,unit_price,Suspiciously low unit price (0.22)
1.04658E+11,Low Price,unit_price,Suspiciously low unit price (0.33)
1.04658E+11,Low Price,unit_price,Suspiciously low unit price (0.47)
1043082352,Low Price,unit_price,Suspiciously low unit price (0.0)
1.04642E+11,Low Price,unit_price,Suspiciously low unit price (13.98)
1.04629E+11,Low Price,unit_price,Suspiciously low unit price (0.33)
1.04629E+11,Low Price,unit_price,Suspiciously low unit price (0.47)
1073725158,Low Price,unit_price,Suspiciously low unit price (0.0)
1.04617E+11,Low Price,unit_price,Suspiciously low unit price (4.51)
1.04612E+11,Low Price,unit_price,Suspiciously low unit price (4.91)
1.04564E+11,Low Price,unit_price,Suspiciously low unit price (5.5)
1.04557E+11,Low Price,unit_price,Suspiciously low unit price (4.5)
1219525335,Low Price,unit_price,Suspiciously low unit price (0.0)
1.04551E+11,Low Price,unit_price,Suspiciously low unit price (33.09)
1.04551E+11,Low Price,unit_price,Suspiciously low unit price (33.09)
1307424319,Low Price,unit_price,Suspiciously low unit price (0.0)
1.04511E+11,Low Price,unit_price,Suspiciously low unit price (4.82)
1.04508E+11,Low Price,unit_price,Suspiciously low unit price (36.64)
1.04508E+11,Low Price,unit_price,Suspiciously low unit price (36.64)
1.04494E+11,Low Price,unit_price,Suspiciously low unit price (4.44)
1.04485E+11,Low Price,unit_price,Suspiciously low unit price (4.44)
1.04485E+11,Low Price,unit_price,Suspiciously low unit price (4.84)
1.04478E+11,Low Price,unit_price,Suspiciously low unit price (3.47)
1.04437E+11,Low Price,unit_price,Suspiciously low unit price (36.05)
1.04437E+11,Low Price,unit_price,Suspiciously low unit price (36.05)
1.04437E+11,Low Price,unit_price,Suspiciously low unit price (36.05)
1.04431E+11,Low Price,unit_price,Suspiciously low unit price (4.49)
1.04387E+11,Low Price,unit_price,Suspiciously low unit price (4.49)
1.04387E+11,Low Price,unit_price,Suspiciously low unit price (25.77)
1.0438E+11,Low Price,unit_price,Suspiciously low unit price (4.49)
1.04372E+11,Low Price,unit_price,Suspiciously low unit price (3.5)
1.04372E+11,Low Price,unit_price,Suspiciously low unit price (3.5)
1.04363E+11,Low Price,unit_price,Suspiciously low unit price (3.5)
1.04363E+11,Low Price,unit_price,Suspiciously low unit price (3.5)
1.04349E+11,Low Price,unit_price,Suspiciously low unit price (3.5)
1.04349E+11,Low Price,unit_price,Suspiciously low unit price (3.5)
1.04324E+11,Low Price,unit_price,Suspiciously low unit price (36.18)
1.04324E+11,Low Price,unit_price,Suspiciously low unit price (36.18)
1.04306E+11,Low Price,unit_price,Suspiciously low unit price (4.34)
1.04274E+11,Low Price,unit_price,Suspiciously low unit price (3.5)
1296402547,Low Price,unit_price,Suspiciously low unit price (0.0)
1324320583,Low Price,unit_price,Suspiciously low unit price (0.0)
1.04254E+11,Low Price,unit_price,Suspiciously low unit price (3.5)
1.04254E+11,Low Price,unit_price,Suspiciously low unit price (3.5)
1.04226E+11,Low Price,unit_price,Suspiciously low unit price (3.5)
1.04224E+11,Low Price,unit_price,Suspiciously low unit price (0.29)
1.04224E+11,Low Price,unit_price,Suspiciously low unit price (0.29)
1.04224E+11,Low Price,unit_price,Suspiciously low unit price (0.29)
1.04224E+11,Low Price,unit_price,Suspiciously low unit price (0.05)
1.04224E+11,Low Price,unit_price,Suspiciously low unit price (6.6)
1.04224E+11,Low Price,unit_price,Suspiciously low unit price (3.48)
1.04224E+11,Low Price,unit_price,Suspiciously low unit price (12.36)
1.04224E+11,Low Price,unit_price,Suspiciously low unit price (6.72)
1.04219E+11,Low Price,unit_price,Suspiciously low unit price (5.28)
1.04219E+11,Low Price,unit_price,Suspiciously low unit price (6.12)
1.04215E+11,Low Price,unit_price,Suspiciously low unit price (3.48)
1.04215E+11,Low Price,unit_price,Suspiciously low unit price (6.6)
1.04215E+11,Low Price,unit_price,Suspiciously low unit price (3.48)
1.04213E+11,Low Price,unit_price,Suspiciously low unit price (3.72)
1.04213E+11,Low Price,unit_price,Suspiciously low unit price (6.72)
1.04213E+11,Low Price,unit_price,Suspiciously low unit price (8.04)
1.04213E+11,Low Price,unit_price,Suspiciously low unit price (3.48)
1.04213E+11,Low Price,unit_price,Suspiciously low unit price (6.72)
1.0421E+11,Low Price,unit_price,Suspiciously low unit price (6.72)
1.0421E+11,Low Price,unit_price,Suspiciously low unit price (7.98)
1.04202E+11,Low Price,unit_price,Suspiciously low unit price (5.58)
1.04202E+11,Low Price,unit_price,Suspiciously low unit price (5.28)
1.04202E+11,Low Price,unit_price,Suspiciously low unit price (6.72)
1.04202E+11,Low Price,unit_price,Suspiciously low unit price (3.48)
1.04169E+11,Low Price,unit_price,Suspiciously low unit price (3.66)
1.04169E+11,Low Price,unit_price,Suspiciously low unit price (3.48)
1.04169E+11,Low Price,unit_price,Suspiciously low unit price (3.48)
1.04169E+11,Low Price,unit_price,Suspiciously low unit price (6.72)
1.04169E+11,Low Price,unit_price,Suspiciously low unit price (16.8)
1.04169E+11,Low Price,unit_price,Suspiciously low unit price (6.72)
1.04165E+11,Low Price,unit_price,Suspiciously low unit price (5.28)
1.04165E+11,Low Price,unit_price,Suspiciously low unit price (6.84)
1.04165E+11,Low Price,unit_price,Suspiciously low unit price (3.48)
1.04165E+11,Low Price,unit_price,Suspiciously low unit price (3.48)
1.04165E+11,Low Price,unit_price,Suspiciously low unit price (6.36)
1.04165E+11,Low Price,unit_price,Suspiciously low unit price (6.72)
1.04165E+11,Low Price,unit_price,Suspiciously low unit price (8.04)
1.04165E+11,Low Price,unit_price,Suspiciously low unit price (3.48)
1.04165E+11,Low Price,unit_price,Suspiciously low unit price (3.48)
1.04165E+11,Low Price,unit_price,Suspiciously low unit price (6.72)
1.04122E+11,Low Price,unit_price,Suspiciously low unit price (6.84)
1.04117E+11,Low Price,unit_price,Suspiciously low unit price (3.48)
1.04117E+11,Low Price,unit_price,Suspiciously low unit price (3.48)
1.04117E+11,Low Price,unit_price,Suspiciously low unit price (3.48)
1.04117E+11,Low Price,unit_price,Suspiciously low unit price (6.36)
1.04113E+11,Low Price,unit_price,Suspiciously low unit price (10.79)
1.04114E+11,Low Price,unit_price,Suspiciously low unit price (5.58)
1.04114E+11,Low Price,unit_price,Suspiciously low unit price (6.84)
1.04114E+11,Low Price,unit_price,Suspiciously low unit price (3.66)
1.04114E+11,Low Price,unit_price,Suspiciously low unit price (3.72)
1.04114E+11,Low Price,unit_price,Suspiciously low unit price (16.8)
1.04114E+11,Low Price,unit_price,Suspiciously low unit price (3.48)
1.04112E+11,Low Price,unit_price,Suspiciously low unit price (6.72)
1.04112E+11,Low Price,unit_price,Suspiciously low unit price (3.48)
1.04112E+11,Low Price,unit_price,Suspiciously low unit price (3.48)
1.04112E+11,Low Price,unit_price,Suspiciously low unit price (8.04)
1.04112E+11,Low Price,unit_price,Suspiciously low unit price (8.16)
1.04112E+11,Low Price,unit_price,Suspiciously low unit price (6.36)
1.04112E+11,Low Price,unit_price,Suspiciously low unit price (6.72)
1.04112E+11,Low Price,unit_price,Suspiciously low unit price (6.36)
1.04112E+11,Low Price,unit_price,Suspiciously low unit price (5.28)
1.04112E+11,Low Price,unit_price,Suspiciously low unit price (3.48)
1.04112E+11,Low Price,unit_price,Suspiciously low unit price (3.48)
1.04112E+11,Low Price,unit_price,Suspiciously low unit price (6.84)
1.04112E+11,Low Price,unit_price,Suspiciously low unit price (3.48)
1.04104E+11,Low Price,unit_price,Suspiciously low unit price (6.84)
1.04104E+11,Low Price,unit_price,Suspiciously low unit price (3.66)
1.04104E+11,Low Price,unit_price,Suspiciously low unit price (3.48)
1.04104E+11,Low Price,unit_price,Suspiciously low unit price (6.72)
1.04104E+11,Low Price,unit_price,Suspiciously low unit price (8.04)
1.04104E+11,Low Price,unit_price,Suspiciously low unit price (6.72)
1.04104E+11,Low Price,unit_price,Suspiciously low unit price (16.8)
1.04104E+11,Low Price,unit_price,Suspiciously low unit price (6.72)
1.04099E+11,Low Price,unit_price,Suspiciously low unit price (3.48)
1.04099E+11,Low Price,unit_price,Suspiciously low unit price (3.48)
1.04099E+11,Low Price,unit_price,Suspiciously low unit price (6.72)
1.04099E+11,Low Price,unit_price,Suspiciously low unit price (3.72)
1.04099E+11,Low Price,unit_price,Suspiciously low unit price (3.72)
1.04099E+11,Low Price,unit_price,Suspiciously low unit price (3.48)
1.04099E+11,Low Price,unit_price,Suspiciously low unit price (3.66)
1159378545,Low Price,unit_price,Suspiciously low unit price (0.0)
1117375526,Low Price,unit_price,Suspiciously low unit price (0.0)
1047359344,Low Price,unit_price,Suspiciously low unit price (0.0)
1.04098E+11,Low Price,unit_price,Suspiciously low unit price (6.72)
1.04098E+11,Low Price,unit_price,Suspiciously low unit price (6.36)
1.04098E+11,Low Price,unit_price,Suspiciously low unit price (3.48)
1.04095E+11,Low Price,unit_price,Suspiciously low unit price (16.8)
1.04095E+11,Low Price,unit_price,Suspiciously low unit price (6.72)
1.04095E+11,Low Price,unit_price,Suspiciously low unit price (3.48)
1.04095E+11,Low Price,unit_price,Suspiciously low unit price (8.04)
1.04095E+11,Low Price,unit_price,Suspiciously low unit price (6.36)
1.04095E+11,Low Price,unit_price,Suspiciously low unit price (6.72)
1.04095E+11,Low Price,unit_price,Suspiciously low unit price (3.48)
1.04095E+11,Low Price,unit_price,Suspiciously low unit price (6.84)
1.04095E+11,Low Price,unit_price,Suspiciously low unit price (6.72)
1.04092E+11,Low Price,unit_price,Suspiciously low unit price (8.16)
1.04092E+11,Low Price,unit_price,Suspiciously low unit price (19.2)
1.04092E+11,Low Price,unit_price,Suspiciously low unit price (6.72)
1.04092E+11,Low Price,unit_price,Suspiciously low unit price (8.16)
1.0409E+11,Low Price,unit_price,Suspiciously low unit price (3.48)
1.0409E+11,Low Price,unit_price,Suspiciously low unit price (16.8)
1.0409E+11,Low Price,unit_price,Suspiciously low unit price (6.72)
1.0409E+11,Low Price,unit_price,Suspiciously low unit price (3.48)
1.0409E+11,Low Price,unit_price,Suspiciously low unit price (5.28)
1.04087E+11,Low Price,unit_price,Suspiciously low unit price (3.48)
1.04087E+11,Low Price,unit_price,Suspiciously low unit price (6.36)
1.04087E+11,Low Price,unit_price,Suspiciously low unit price (5.28)
1.04087E+11,Low Price,unit_price,Suspiciously low unit price (3.48)
1.0419E+11,Low Price,unit_price,Suspiciously low unit price (6.6)
1.0419E+11,Low Price,unit_price,Suspiciously low unit price (5.28)
1.0419E+11,Low Price,unit_price,Suspiciously low unit price (5.28)
1.0419E+11,Low Price,unit_price,Suspiciously low unit price (6.12)
1.0419E+11,Low Price,unit_price,Suspiciously low unit price (3.72)
1.0419E+11,Low Price,unit_price,Suspiciously low unit price (0.4)
1.0419E+11,Low Price,unit_price,Suspiciously low unit price (0.92)
1.04188E+11,Low Price,unit_price,Suspiciously low unit price (3.5)
1.03876E+11,Low Price,unit_price,Suspiciously low unit price (0.06)
1.03876E+11,Low Price,unit_price,Suspiciously low unit price (0.07)
1.03876E+11,Low Price,unit_price,Suspiciously low unit price (5.58)
1.03876E+11,Low Price,unit_price,Suspiciously low unit price (1.0)
1.03835E+11,Low Price,unit_price,Suspiciously low unit price (6.72)
1.03835E+11,Low Price,unit_price,Suspiciously low unit price (0.91)
1.03835E+11,Low Price,unit_price,Suspiciously low unit price (6.84)
1.03835E+11,Low Price,unit_price,Suspiciously low unit price (3.66)
1.03835E+11,Low Price,unit_price,Suspiciously low unit price (3.54)
1.03835E+11,Low Price,unit_price,Suspiciously low unit price (3.52)
1.03835E+11,Low Price,unit_price,Suspiciously low unit price (7.44)
1.03835E+11,Low Price,unit_price,Suspiciously low unit price (8.64)
1.03835E+11,Low Price,unit_price,Suspiciously low unit price (3.52)
1.03833E+11,Low Price,unit_price,Suspiciously low unit price (9.84)
1.03766E+11,Low Price,unit_price,Suspiciously low unit price (0.06)
1.03766E+11,Low Price,unit_price,Suspiciously low unit price (0.07)
1.03766E+11,Low Price,unit_price,Suspiciously low unit price (3.54)
1.03873E+11,Low Price,unit_price,Suspiciously low unit price (25.81)
1.03832E+11,Low Price,unit_price,Suspiciously low unit price (3.54)
1.03763E+11,Low Price,unit_price,Suspiciously low unit price (0.06)
1.03763E+11,Low Price,unit_price,Suspiciously low unit price (0.07)
1.03763E+11,Low Price,unit_price,Suspiciously low unit price (3.52)
1.03763E+11,Low Price,unit_price,Suspiciously low unit price (7.08)
1.03763E+11,Low Price,unit_price,Suspiciously low unit price (8.64)
1.03763E+11,Low Price,unit_price,Suspiciously low unit price (3.52)
1.0393E+11,Low Price,unit_price,Suspiciously low unit price (3.52)
1.0393E+11,Low Price,unit_price,Suspiciously low unit price (7.44)
1.0393E+11,Low Price,unit_price,Suspiciously low unit price (8.64)
1.0393E+11,Low Price,unit_price,Suspiciously low unit price (11.04)
1.03928E+11,Low Price,unit_price,Suspiciously low unit price (3.85)
1.03928E+11,Low Price,unit_price,Suspiciously low unit price (8.06)
1.03928E+11,Low Price,unit_price,Suspiciously low unit price (8.06)
1.03927E+11,Low Price,unit_price,Suspiciously low unit price (13.2)
1.03927E+11,Low Price,unit_price,Suspiciously low unit price (3.66)
1.03924E+11,Low Price,unit_price,Suspiciously low unit price (3.52)
1.03924E+11,Low Price,unit_price,Suspiciously low unit price (8.64)
1.03922E+11,Low Price,unit_price,Suspiciously low unit price (19.08)
1.03922E+11,Low Price,unit_price,Suspiciously low unit price (20.92)
1.03921E+11,Low Price,unit_price,Suspiciously low unit price (0.91)
1.03921E+11,Low Price,unit_price,Suspiciously low unit price (21.5)
1.0392E+11,Low Price,unit_price,Suspiciously low unit price (7.44)
1.0392E+11,Low Price,unit_price,Suspiciously low unit price (3.52)
1.0392E+11,Low Price,unit_price,Suspiciously low unit price (3.66)
1.0392E+11,Low Price,unit_price,Suspiciously low unit price (22.91)
1.03917E+11,Low Price,unit_price,Suspiciously low unit price (0.64)
1.03917E+11,Low Price,unit_price,Suspiciously low unit price (1.28)
1.03917E+11,Low Price,unit_price,Suspiciously low unit price (25.81)
1.03914E+11,Low Price,unit_price,Suspiciously low unit price (3.52)
1.03914E+11,Low Price,unit_price,Suspiciously low unit price (0.06)
1.03914E+11,Low Price,unit_price,Suspiciously low unit price (20.92)
1.03914E+11,Low Price,unit_price,Suspiciously low unit price (1.0)
1.03914E+11,Low Price,unit_price,Suspiciously low unit price (21.43)
1.03914E+11,Low Price,unit_price,Suspiciously low unit price (15.57)
1.03912E+11,Low Price,unit_price,Suspiciously low unit price (23.65)
1.03912E+11,Low Price,unit_price,Suspiciously low unit price (8.64)
1.03899E+11,Low Price,unit_price,Suspiciously low unit price (1.18)
1.03899E+11,Low Price,unit_price,Suspiciously low unit price (21.5)
1.03897E+11,Low Price,unit_price,Suspiciously low unit price (3.52)
1.03897E+11,Low Price,unit_price,Suspiciously low unit price (7.08)
1.03897E+11,Low Price,unit_price,Suspiciously low unit price (6.84)
1.03897E+11,Low Price,unit_price,Suspiciously low unit price (13.2)
1.03897E+11,Low Price,unit_price,Suspiciously low unit price (7.08)
1.03897E+11,Low Price,unit_price,Suspiciously low unit price (21.5)
1.03897E+11,Low Price,unit_price,Suspiciously low unit price (8.06)
1.03897E+11,Low Price,unit_price,Suspiciously low unit price (8.06)
1.03894E+11,Low Price,unit_price,Suspiciously low unit price (21.5)
1.03894E+11,Low Price,unit_price,Suspiciously low unit price (7.08)
1.03894E+11,Low Price,unit_price,Suspiciously low unit price (13.2)
1.03894E+11,Low Price,unit_price,Suspiciously low unit price (6.84)
1.03891E+11,Low Price,unit_price,Suspiciously low unit price (1.18)
1.04184E+11,Low Price,unit_price,Suspiciously low unit price (19.27)
1.04128E+11,Low Price,unit_price,Suspiciously low unit price (6.72)
1.04128E+11,Low Price,unit_price,Suspiciously low unit price (8.16)
1.04128E+11,Low Price,unit_price,Suspiciously low unit price (6.36)
1.04128E+11,Low Price,unit_price,Suspiciously low unit price (6.36)
1.04128E+11,Low Price,unit_price,Suspiciously low unit price (8.16)
1.04128E+11,Low Price,unit_price,Suspiciously low unit price (3.48)
1.04128E+11,Low Price,unit_price,Suspiciously low unit price (6.72)
1.04128E+11,Low Price,unit_price,Suspiciously low unit price (6.4)
1.04127E+11,Low Price,unit_price,Suspiciously low unit price (10.79)
1.03871E+11,Low Price,unit_price,Suspiciously low unit price (0.06)
1.03871E+11,Low Price,unit_price,Suspiciously low unit price (0.07)
1.03871E+11,Low Price,unit_price,Suspiciously low unit price (0.91)
1.03868E+11,Low Price,unit_price,Suspiciously low unit price (3.85)
1.03829E+11,Low Price,unit_price,Suspiciously low unit price (3.96)
1.03829E+11,Low Price,unit_price,Suspiciously low unit price (6.72)
1.03829E+11,Low Price,unit_price,Suspiciously low unit price (3.52)
1.03829E+11,Low Price,unit_price,Suspiciously low unit price (8.64)
1.03829E+11,Low Price,unit_price,Suspiciously low unit price (1.0)
1.03863E+11,Low Price,unit_price,Suspiciously low unit price (21.5)
1.03863E+11,Low Price,unit_price,Suspiciously low unit price (0.06)
1.03863E+11,Low Price,unit_price,Suspiciously low unit price (0.07)
1.03863E+11,Low Price,unit_price,Suspiciously low unit price (0.94)
1.03863E+11,Low Price,unit_price,Suspiciously low unit price (0.94)
1.03863E+11,Low Price,unit_price,Suspiciously low unit price (1.0)
1.03863E+11,Low Price,unit_price,Suspiciously low unit price (0.91)
1.03863E+11,Low Price,unit_price,Suspiciously low unit price (7.08)
1.03863E+11,Low Price,unit_price,Suspiciously low unit price (11.3)
1.03862E+11,Low Price,unit_price,Suspiciously low unit price (1.28)
1.03862E+11,Low Price,unit_price,Suspiciously low unit price (0.64)
1.03862E+11,Low Price,unit_price,Suspiciously low unit price (9.84)
1.03862E+11,Low Price,unit_price,Suspiciously low unit price (3.52)
1.03862E+11,Low Price,unit_price,Suspiciously low unit price (7.08)
1.03862E+11,Low Price,unit_price,Suspiciously low unit price (8.04)
1.03862E+11,Low Price,unit_price,Suspiciously low unit price (3.52)
1.03862E+11,Low Price,unit_price,Suspiciously low unit price (3.52)
1.03862E+11,Low Price,unit_price,Suspiciously low unit price (7.08)
1.03862E+11,Low Price,unit_price,Suspiciously low unit price (1.18)
1.0386E+11,Low Price,unit_price,Suspiciously low unit price (3.85)
1.0386E+11,Low Price,unit_price,Suspiciously low unit price (3.85)
1.03859E+11,Low Price,unit_price,Suspiciously low unit price (3.52)
1.03859E+11,Low Price,unit_price,Suspiciously low unit price (8.64)
1.03859E+11,Low Price,unit_price,Suspiciously low unit price (8.04)
1.03859E+11,Low Price,unit_price,Suspiciously low unit price (3.52)
1.03859E+11,Low Price,unit_price,Suspiciously low unit price (1.0)
1.03859E+11,Low Price,unit_price,Suspiciously low unit price (23.36)
1.03859E+11,Low Price,unit_price,Suspiciously low unit price (31.02)
1.03857E+11,Low Price,unit_price,Suspiciously low unit price (1.18)
1.03857E+11,Low Price,unit_price,Suspiciously low unit price (0.91)
1.03857E+11,Low Price,unit_price,Suspiciously low unit price (3.54)
1.03857E+11,Low Price,unit_price,Suspiciously low unit price (3.54)
1.03857E+11,Low Price,unit_price,Suspiciously low unit price (8.64)
1.03855E+11,Low Price,unit_price,Suspiciously low unit price (3.52)
1.03852E+11,Low Price,unit_price,Suspiciously low unit price (3.96)
1.0385E+11,Low Price,unit_price,Suspiciously low unit price (21.5)
1.0385E+11,Low Price,unit_price,Suspiciously low unit price (0.94)
1.0385E+11,Low Price,unit_price,Suspiciously low unit price (0.91)
1.0385E+11,Low Price,unit_price,Suspiciously low unit price (3.96)
1.0385E+11,Low Price,unit_price,Suspiciously low unit price (7.08)
1.03848E+11,Low Price,unit_price,Suspiciously low unit price (3.66)
1.03848E+11,Low Price,unit_price,Suspiciously low unit price (8.64)
1.03848E+11,Low Price,unit_price,Suspiciously low unit price (7.44)
1.03846E+11,Low Price,unit_price,Suspiciously low unit price (6.84)
1.03846E+11,Low Price,unit_price,Suspiciously low unit price (3.54)
1.03846E+11,Low Price,unit_price,Suspiciously low unit price (3.54)
1.03846E+11,Low Price,unit_price,Suspiciously low unit price (3.54)
1.03846E+11,Low Price,unit_price,Suspiciously low unit price (3.54)
1.03846E+11,Low Price,unit_price,Suspiciously low unit price (7.08)
1.03846E+11,Low Price,unit_price,Suspiciously low unit price (7.44)
1.03846E+11,Low Price,unit_price,Suspiciously low unit price (8.64)
1.03846E+11,Low Price,unit_price,Suspiciously low unit price (8.04)
1.03846E+11,Low Price,unit_price,Suspiciously low unit price (3.52)
1.03846E+11,Low Price,unit_price,Suspiciously low unit price (3.52)
1.03846E+11,Low Price,unit_price,Suspiciously low unit price (7.08)
1.03846E+11,Low Price,unit_price,Suspiciously low unit price (0.06)
1.03846E+11,Low Price,unit_price,Suspiciously low unit price (0.07)
1.03846E+11,Low Price,unit_price,Suspiciously low unit price (0.6)
1.03846E+11,Low Price,unit_price,Suspiciously low unit price (0.91)
1.03846E+11,Low Price,unit_price,Suspiciously low unit price (1.0)
1.03843E+11,Low Price,unit_price,Suspiciously low unit price (0.6)
1.03843E+11,Low Price,unit_price,Suspiciously low unit price (3.66)
1.03841E+11,Low Price,unit_price,Suspiciously low unit price (3.54)
1.03841E+11,Low Price,unit_price,Suspiciously low unit price (3.54)
1.03841E+11,Low Price,unit_price,Suspiciously low unit price (8.04)
1.03841E+11,Low Price,unit_price,Suspiciously low unit price (3.52)
1.03841E+11,Low Price,unit_price,Suspiciously low unit price (7.08)
1.0384E+11,Low Price,unit_price,Suspiciously low unit price (0.57)
1.0384E+11,Low Price,unit_price,Suspiciously low unit price (0.07)
1.0384E+11,Low Price,unit_price,Suspiciously low unit price (0.06)
1.0384E+11,Low Price,unit_price,Suspiciously low unit price (3.54)
1.0384E+11,Low Price,unit_price,Suspiciously low unit price (3.54)
1.0384E+11,Low Price,unit_price,Suspiciously low unit price (3.54)
1.0384E+11,Low Price,unit_price,Suspiciously low unit price (7.44)
1.0384E+11,Low Price,unit_price,Suspiciously low unit price (8.04)
1.0384E+11,Low Price,unit_price,Suspiciously low unit price (3.52)
1.0384E+11,Low Price,unit_price,Suspiciously low unit price (3.52)
1.0384E+11,Low Price,unit_price,Suspiciously low unit price (7.08)
1.0384E+11,Low Price,unit_price,Suspiciously low unit price (1.18)
1.04386E+11,Low Price,unit_price,Suspiciously low unit price (36.18)
1.04386E+11,Low Price,unit_price,Suspiciously low unit price (36.18)
1.04386E+11,Low Price,unit_price,Suspiciously low unit price (36.18)
1.03837E+11,Low Price,unit_price,Suspiciously low unit price (1.18)
1.03837E+11,Low Price,unit_price,Suspiciously low unit price (0.91)
1.03837E+11,Low Price,unit_price,Suspiciously low unit price (0.91)
1.03837E+11,Low Price,unit_price,Suspiciously low unit price (0.94)
1.03868E+11,Low Price,unit_price,Suspiciously low unit price (0.06)
1.03868E+11,Low Price,unit_price,Suspiciously low unit price (0.07)
1.03868E+11,Low Price,unit_price,Suspiciously low unit price (6.84)
1.03868E+11,Low Price,unit_price,Suspiciously low unit price (5.28)
1.03868E+11,Low Price,unit_price,Suspiciously low unit price (7.44)
1.03868E+11,Low Price,unit_price,Suspiciously low unit price (7.08)
1.03868E+11,Low Price,unit_price,Suspiciously low unit price (0.05)
1.03826E+11,Low Price,unit_price,Suspiciously low unit price (6.84)
1.03826E+11,Low Price,unit_price,Suspiciously low unit price (3.54)
1.03826E+11,Low Price,unit_price,Suspiciously low unit price (3.54)
1.03826E+11,Low Price,unit_price,Suspiciously low unit price (9.84)
1.03826E+11,Low Price,unit_price,Suspiciously low unit price (21.41)
1.03826E+11,Low Price,unit_price,Suspiciously low unit price (18.84)
1.03826E+11,Low Price,unit_price,Suspiciously low unit price (1.0)
1.03826E+11,Low Price,unit_price,Suspiciously low unit price (1.18)
1.03826E+11,Low Price,unit_price,Suspiciously low unit price (0.91)
1.03826E+11,Low Price,unit_price,Suspiciously low unit price (0.91)
1.0376E+11,Low Price,unit_price,Suspiciously low unit price (3.54)
1.0376E+11,Low Price,unit_price,Suspiciously low unit price (3.54)
1.0382E+11,Low Price,unit_price,Suspiciously low unit price (8.64)
1.03819E+11,Low Price,unit_price,Suspiciously low unit price (1.18)
1.03819E+11,Low Price,unit_price,Suspiciously low unit price (19.89)
1.03819E+11,Low Price,unit_price,Suspiciously low unit price (47.83)
1.03816E+11,Low Price,unit_price,Suspiciously low unit price (8.64)
1.03813E+11,Low Price,unit_price,Suspiciously low unit price (24.81)
1.03813E+11,Low Price,unit_price,Suspiciously low unit price (0.91)
1.03813E+11,Low Price,unit_price,Suspiciously low unit price (1.18)
1.03813E+11,Low Price,unit_price,Suspiciously low unit price (0.94)
1.03813E+11,Low Price,unit_price,Suspiciously low unit price (0.94)
1.03813E+11,Low Price,unit_price,Suspiciously low unit price (0.91)
1.03812E+11,Low Price,unit_price,Suspiciously low unit price (12.14)
1.0381E+11,Low Price,unit_price,Suspiciously low unit price (1.0)
1.0381E+11,Low Price,unit_price,Suspiciously low unit price (1.0)
1.0381E+11,Low Price,unit_price,Suspiciously low unit price (1.0)
1.0381E+11,Low Price,unit_price,Suspiciously low unit price (1.0)
1.0381E+11,Low Price,unit_price,Suspiciously low unit price (24.81)
1.0381E+11,Low Price,unit_price,Suspiciously low unit price (7.44)
1.0381E+11,Low Price,unit_price,Suspiciously low unit price (8.64)
1.03808E+11,Low Price,unit_price,Suspiciously low unit price (0.91)
1.03808E+11,Low Price,unit_price,Suspiciously low unit price (0.91)
1.03805E+11,Low Price,unit_price,Suspiciously low unit price (1.16)
1.03805E+11,Low Price,unit_price,Suspiciously low unit price (1.03)
1.03805E+11,Low Price,unit_price,Suspiciously low unit price (0.82)
1.03805E+11,Low Price,unit_price,Suspiciously low unit price (0.06)
1.038E+11,Low Price,unit_price,Suspiciously low unit price (9.84)
1.03799E+11,Low Price,unit_price,Suspiciously low unit price (3.48)
1.03798E+11,Low Price,unit_price,Suspiciously low unit price (9.84)
1.03798E+11,Low Price,unit_price,Suspiciously low unit price (3.54)
1.03795E+11,Low Price,unit_price,Suspiciously low unit price (3.54)
1.03795E+11,Low Price,unit_price,Suspiciously low unit price (8.64)
1.03795E+11,Low Price,unit_price,Suspiciously low unit price (3.85)
1.03793E+11,Low Price,unit_price,Suspiciously low unit price (21.43)
1.03793E+11,Low Price,unit_price,Suspiciously low unit price (15.57)
1.03793E+11,Low Price,unit_price,Suspiciously low unit price (21.43)
1.0379E+11,Low Price,unit_price,Suspiciously low unit price (0.06)
1.0379E+11,Low Price,unit_price,Suspiciously low unit price (0.07)
1.0379E+11,Low Price,unit_price,Suspiciously low unit price (0.57)
1.0379E+11,Low Price,unit_price,Suspiciously low unit price (0.06)
1.0379E+11,Low Price,unit_price,Suspiciously low unit price (0.07)
1.03788E+11,Low Price,unit_price,Suspiciously low unit price (0.24)
1.03788E+11,Low Price,unit_price,Suspiciously low unit price (0.16)
1.03788E+11,Low Price,unit_price,Suspiciously low unit price (0.06)
1.03788E+11,Low Price,unit_price,Suspiciously low unit price (0.07)
1.03788E+11,Low Price,unit_price,Suspiciously low unit price (24.81)
1.03788E+11,Low Price,unit_price,Suspiciously low unit price (5.28)
1.03788E+11,Low Price,unit_price,Suspiciously low unit price (3.66)
1.03788E+11,Low Price,unit_price,Suspiciously low unit price (7.44)
1.03785E+11,Low Price,unit_price,Suspiciously low unit price (3.54)
1.03785E+11,Low Price,unit_price,Suspiciously low unit price (7.44)
1.03783E+11,Low Price,unit_price,Suspiciously low unit price (0.06)
1.03783E+11,Low Price,unit_price,Suspiciously low unit price (7.08)
1.03783E+11,Low Price,unit_price,Suspiciously low unit price (8.64)
1.04124E+11,Low Price,unit_price,Suspiciously low unit price (5.28)
1.04124E+11,Low Price,unit_price,Suspiciously low unit price (3.66)
1.04124E+11,Low Price,unit_price,Suspiciously low unit price (3.48)
1.04124E+11,Low Price,unit_price,Suspiciously low unit price (6.36)
1.04124E+11,Low Price,unit_price,Suspiciously low unit price (3.48)
1.03866E+11,Low Price,unit_price,Suspiciously low unit price (9.84)
1.03864E+11,Low Price,unit_price,Suspiciously low unit price (0.06)
1.03864E+11,Low Price,unit_price,Suspiciously low unit price (0.07)
1.03824E+11,Low Price,unit_price,Suspiciously low unit price (0.91)
1.03824E+11,Low Price,unit_price,Suspiciously low unit price (0.91)
1.03823E+11,Low Price,unit_price,Suspiciously low unit price (3.66)
1.03823E+11,Low Price,unit_price,Suspiciously low unit price (11.3)
1.0376E+11,Low Price,unit_price,Suspiciously low unit price (7.44)
1.0376E+11,Low Price,unit_price,Suspiciously low unit price (8.04)
1.0376E+11,Low Price,unit_price,Suspiciously low unit price (3.52)
1.0376E+11,Low Price,unit_price,Suspiciously low unit price (7.08)
1.03759E+11,Low Price,unit_price,Suspiciously low unit price (0.06)
1.03759E+11,Low Price,unit_price,Suspiciously low unit price (6.72)
1.03759E+11,Low Price,unit_price,Suspiciously low unit price (3.54)
1.03759E+11,Low Price,unit_price,Suspiciously low unit price (8.64)
1.03757E+11,Low Price,unit_price,Suspiciously low unit price (0.06)
1.03756E+11,Low Price,unit_price,Suspiciously low unit price (5.25)
1.03756E+11,Low Price,unit_price,Suspiciously low unit price (3.34)
1.03754E+11,Low Price,unit_price,Suspiciously low unit price (0.06)
1.03754E+11,Low Price,unit_price,Suspiciously low unit price (7.44)
1.03754E+11,Low Price,unit_price,Suspiciously low unit price (7.08)
1.03751E+11,Low Price,unit_price,Suspiciously low unit price (0.06)
1.0375E+11,Low Price,unit_price,Suspiciously low unit price (0.01)
1.0375E+11,Low Price,unit_price,Suspiciously low unit price (0.08)
1.03749E+11,Low Price,unit_price,Suspiciously low unit price (0.06)
1.03748E+11,Low Price,unit_price,Suspiciously low unit price (0.06)
1.03748E+11,Low Price,unit_price,Suspiciously low unit price (8.64)
1.03748E+11,Low Price,unit_price,Suspiciously low unit price (7.44)
1.03748E+11,Low Price,unit_price,Suspiciously low unit price (8.64)
1.03748E+11,Low Price,unit_price,Suspiciously low unit price (7.08)
1.03747E+11,Low Price,unit_price,Suspiciously low unit price (38.4)
1.03747E+11,Low Price,unit_price,Suspiciously low unit price (3.66)
1.03747E+11,Low Price,unit_price,Suspiciously low unit price (3.54)
1.03747E+11,Low Price,unit_price,Suspiciously low unit price (3.54)
1.03747E+11,Low Price,unit_price,Suspiciously low unit price (3.54)
1.03747E+11,Low Price,unit_price,Suspiciously low unit price (3.54)
1.03747E+11,Low Price,unit_price,Suspiciously low unit price (8.64)
1.03746E+11,Low Price,unit_price,Suspiciously low unit price (0.06)
1.03745E+11,Low Price,unit_price,Suspiciously low unit price (3.54)
1.03745E+11,Low Price,unit_price,Suspiciously low unit price (3.54)
1.03745E+11,Low Price,unit_price,Suspiciously low unit price (7.44)
1.03745E+11,Low Price,unit_price,Suspiciously low unit price (8.64)
1.03745E+11,Low Price,unit_price,Suspiciously low unit price (8.04)
1.03745E+11,Low Price,unit_price,Suspiciously low unit price (3.52)
1.03745E+11,Low Price,unit_price,Suspiciously low unit price (7.08)
1.03745E+11,Low Price,unit_price,Suspiciously low unit price (0.06)
1.03745E+11,Low Price,unit_price,Suspiciously low unit price (0.07)
1.03745E+11,Low Price,unit_price,Suspiciously low unit price (0.07)
1.03742E+11,Low Price,unit_price,Suspiciously low unit price (9.84)
1.03742E+11,Low Price,unit_price,Suspiciously low unit price (0.06)
1.03742E+11,Low Price,unit_price,Suspiciously low unit price (0.07)
1.03742E+11,Low Price,unit_price,Suspiciously low unit price (0.07)
1.03741E+11,Low Price,unit_price,Suspiciously low unit price (3.54)
1.03741E+11,Low Price,unit_price,Suspiciously low unit price (7.08)
1.03741E+11,Low Price,unit_price,Suspiciously low unit price (7.44)
1.03741E+11,Low Price,unit_price,Suspiciously low unit price (8.64)
1.03741E+11,Low Price,unit_price,Suspiciously low unit price (8.64)
1.03739E+11,Low Price,unit_price,Suspiciously low unit price (0.07)
1.03739E+11,Low Price,unit_price,Suspiciously low unit price (0.07)
1.03739E+11,Low Price,unit_price,Suspiciously low unit price (8.04)
1.03736E+11,Low Price,unit_price,Suspiciously low unit price (0.07)
1.03736E+11,Low Price,unit_price,Suspiciously low unit price (0.07)
1.03736E+11,Low Price,unit_price,Suspiciously low unit price (8.64)
1.03733E+11,Low Price,unit_price,Suspiciously low unit price (0.07)
1.03733E+11,Low Price,unit_price,Suspiciously low unit price (0.07)
1.03733E+11,Low Price,unit_price,Suspiciously low unit price (3.54)
1.03733E+11,Low Price,unit_price,Suspiciously low unit price (8.64)
1.03733E+11,Low Price,unit_price,Suspiciously low unit price (8.64)
1.03733E+11,Low Price,unit_price,Suspiciously low unit price (0.07)
1.03733E+11,Low Price,unit_price,Suspiciously low unit price (0.07)
1.03731E+11,Low Price,unit_price,Suspiciously low unit price (0.57)
1.03731E+11,Low Price,unit_price,Suspiciously low unit price (3.66)
1.03731E+11,Low Price,unit_price,Suspiciously low unit price (3.54)
1.03731E+11,Low Price,unit_price,Suspiciously low unit price (3.52)
1.03731E+11,Low Price,unit_price,Suspiciously low unit price (7.44)
1.03731E+11,Low Price,unit_price,Suspiciously low unit price (8.04)
1.03731E+11,Low Price,unit_price,Suspiciously low unit price (3.52)
1.03731E+11,Low Price,unit_price,Suspiciously low unit price (7.08)
1.0373E+11,Low Price,unit_price,Suspiciously low unit price (9.84)
1.0373E+11,Low Price,unit_price,Suspiciously low unit price (9.84)
1.03728E+11,Low Price,unit_price,Suspiciously low unit price (5.28)
1.03728E+11,Low Price,unit_price,Suspiciously low unit price (3.54)
1.03728E+11,Low Price,unit_price,Suspiciously low unit price (3.54)
1.03728E+11,Low Price,unit_price,Suspiciously low unit price (8.64)
1.03728E+11,Low Price,unit_price,Suspiciously low unit price (7.44)
1.03728E+11,Low Price,unit_price,Suspiciously low unit price (8.64)
1.03713E+11,Low Price,unit_price,Suspiciously low unit price (3.54)
1.03713E+11,Low Price,unit_price,Suspiciously low unit price (7.08)
1.03713E+11,Low Price,unit_price,Suspiciously low unit price (7.44)
1.03713E+11,Low Price,unit_price,Suspiciously low unit price (3.52)
1.03713E+11,Low Price,unit_price,Suspiciously low unit price (8.64)
1.03711E+11,Low Price,unit_price,Suspiciously low unit price (3.54)
1.03711E+11,Low Price,unit_price,Suspiciously low unit price (3.54)
1.03711E+11,Low Price,unit_price,Suspiciously low unit price (8.64)
1.03711E+11,Low Price,unit_price,Suspiciously low unit price (3.96)
1.03708E+11,Low Price,unit_price,Suspiciously low unit price (3.54)
1.03705E+11,Low Price,unit_price,Suspiciously low unit price (3.54)
1.03702E+11,Low Price,unit_price,Suspiciously low unit price (0.57)
1.03702E+11,Low Price,unit_price,Suspiciously low unit price (8.64)
1.03702E+11,Low Price,unit_price,Suspiciously low unit price (7.44)
1.03701E+11,Low Price,unit_price,Suspiciously low unit price (3.96)
1.03701E+11,Low Price,unit_price,Suspiciously low unit price (7.44)
1.03701E+11,Low Price,unit_price,Suspiciously low unit price (7.44)
1.03701E+11,Low Price,unit_price,Suspiciously low unit price (8.64)
1.03698E+11,Low Price,unit_price,Suspiciously low unit price (7.44)
1.03698E+11,Low Price,unit_price,Suspiciously low unit price (8.64)
1.03698E+11,Low Price,unit_price,Suspiciously low unit price (7.08)
1.03695E+11,Low Price,unit_price,Suspiciously low unit price (6.84)
1.03695E+11,Low Price,unit_price,Suspiciously low unit price (3.54)
1.03695E+11,Low Price,unit_price,Suspiciously low unit price (8.64)
1.03695E+11,Low Price,unit_price,Suspiciously low unit price (3.52)
1.03693E+11,Low Price,unit_price,Suspiciously low unit price (3.54)
1.0369E+11,Low Price,unit_price,Suspiciously low unit price (3.54)
1.0369E+11,Low Price,unit_price,Suspiciously low unit price (3.54)
1.0369E+11,Low Price,unit_price,Suspiciously low unit price (3.54)
1.0369E+11,Low Price,unit_price,Suspiciously low unit price (3.54)
1.0369E+11,Low Price,unit_price,Suspiciously low unit price (3.54)
1.0369E+11,Low Price,unit_price,Suspiciously low unit price (8.64)
1.03687E+11,Low Price,unit_price,Suspiciously low unit price (8.64)
1.03687E+11,Low Price,unit_price,Suspiciously low unit price (3.52)
1.03687E+11,Low Price,unit_price,Suspiciously low unit price (7.44)
1.03687E+11,Low Price,unit_price,Suspiciously low unit price (7.08)
1.03687E+11,Low Price,unit_price,Suspiciously low unit price (8.04)
1.03687E+11,Low Price,unit_price,Suspiciously low unit price (9.84)
1.03686E+11,Low Price,unit_price,Suspiciously low unit price (6.84)
1.03686E+11,Low Price,unit_price,Suspiciously low unit price (7.08)
1.03686E+11,Low Price,unit_price,Suspiciously low unit price (8.04)
1.03683E+11,Low Price,unit_price,Suspiciously low unit price (3.54)
1.03683E+11,Low Price,unit_price,Suspiciously low unit price (3.54)
1.03683E+11,Low Price,unit_price,Suspiciously low unit price (3.54)
1.03683E+11,Low Price,unit_price,Suspiciously low unit price (8.64)
1.03683E+11,Low Price,unit_price,Suspiciously low unit price (8.04)
1.03681E+11,Low Price,unit_price,Suspiciously low unit price (0.57)
1.0368E+11,Low Price,unit_price,Suspiciously low unit price (7.08)
1.0368E+11,Low Price,unit_price,Suspiciously low unit price (3.52)
1.0368E+11,Low Price,unit_price,Suspiciously low unit price (7.08)
1.03675E+11,Low Price,unit_price,Suspiciously low unit price (8.04)
1.03675E+11,Low Price,unit_price,Suspiciously low unit price (3.52)
1.03675E+11,Low Price,unit_price,Suspiciously low unit price (7.08)
1.03672E+11,Low Price,unit_price,Suspiciously low unit price (5.28)
1.03672E+11,Low Price,unit_price,Suspiciously low unit price (8.64)
1.03671E+11,Low Price,unit_price,Suspiciously low unit price (7.08)
1.03671E+11,Low Price,unit_price,Suspiciously low unit price (3.52)
1.03671E+11,Low Price,unit_price,Suspiciously low unit price (7.08)
1.03669E+11,Low Price,unit_price,Suspiciously low unit price (38.4)
1.03669E+11,Low Price,unit_price,Suspiciously low unit price (3.54)
1.03669E+11,Low Price,unit_price,Suspiciously low unit price (7.08)
1.03666E+11,Low Price,unit_price,Suspiciously low unit price (7.44)
1.03666E+11,Low Price,unit_price,Suspiciously low unit price (7.44)
1.03661E+11,Low Price,unit_price,Suspiciously low unit price (5.28)
1.03661E+11,Low Price,unit_price,Suspiciously low unit price (3.54)
1.03661E+11,Low Price,unit_price,Suspiciously low unit price (8.64)
1.03658E+11,Low Price,unit_price,Suspiciously low unit price (7.08)
1.03658E+11,Low Price,unit_price,Suspiciously low unit price (3.54)
1.03657E+11,Low Price,unit_price,Suspiciously low unit price (6.72)
1.03657E+11,Low Price,unit_price,Suspiciously low unit price (3.66)
1.03657E+11,Low Price,unit_price,Suspiciously low unit price (3.54)
1.03657E+11,Low Price,unit_price,Suspiciously low unit price (3.54)
1.03657E+11,Low Price,unit_price,Suspiciously low unit price (7.08)
1.03657E+11,Low Price,unit_price,Suspiciously low unit price (8.64)
1.03657E+11,Low Price,unit_price,Suspiciously low unit price (3.96)
1.03655E+11,Low Price,unit_price,Suspiciously low unit price (9.84)
1.03651E+11,Low Price,unit_price,Suspiciously low unit price (5.28)
1.03651E+11,Low Price,unit_price,Suspiciously low unit price (3.54)
1.03651E+11,Low Price,unit_price,Suspiciously low unit price (3.96)
1.0365E+11,Low Price,unit_price,Suspiciously low unit price (4.8)
1.03649E+11,Low Price,unit_price,Suspiciously low unit price (1.01)
1.03649E+11,Low Price,unit_price,Suspiciously low unit price (3.96)
1.03649E+11,Low Price,unit_price,Suspiciously low unit price (3.66)
1.03649E+11,Low Price,unit_price,Suspiciously low unit price (8.64)
1.03649E+11,Low Price,unit_price,Suspiciously low unit price (3.52)
1.03646E+11,Low Price,unit_price,Suspiciously low unit price (3.66)
1.03646E+11,Low Price,unit_price,Suspiciously low unit price (3.54)
1.03646E+11,Low Price,unit_price,Suspiciously low unit price (3.54)
1.03646E+11,Low Price,unit_price,Suspiciously low unit price (3.72)
1.03646E+11,Low Price,unit_price,Suspiciously low unit price (3.52)
1.03644E+11,Low Price,unit_price,Suspiciously low unit price (38.4)
1.03644E+11,Low Price,unit_price,Suspiciously low unit price (5.28)
1.03644E+11,Low Price,unit_price,Suspiciously low unit price (3.66)
1.03644E+11,Low Price,unit_price,Suspiciously low unit price (3.54)
1.03644E+11,Low Price,unit_price,Suspiciously low unit price (8.64)
1.03642E+11,Low Price,unit_price,Suspiciously low unit price (3.66)
1.03642E+11,Low Price,unit_price,Suspiciously low unit price (3.54)
1.03642E+11,Low Price,unit_price,Suspiciously low unit price (3.54)
1.03642E+11,Low Price,unit_price,Suspiciously low unit price (3.72)
1.0364E+11,Low Price,unit_price,Suspiciously low unit price (4.8)
1.03639E+11,Low Price,unit_price,Suspiciously low unit price (3.52)
1.03639E+11,Low Price,unit_price,Suspiciously low unit price (3.52)
1.03637E+11,Low Price,unit_price,Suspiciously low unit price (8.64)
1.03634E+11,Low Price,unit_price,Suspiciously low unit price (6.72)
1.03634E+11,Low Price,unit_price,Suspiciously low unit price (5.28)
1.03634E+11,Low Price,unit_price,Suspiciously low unit price (5.28)
1.03634E+11,Low Price,unit_price,Suspiciously low unit price (3.66)
1.03634E+11,Low Price,unit_price,Suspiciously low unit price (3.54)
1.03631E+11,Low Price,unit_price,Suspiciously low unit price (8.64)
1.03629E+11,Low Price,unit_price,Suspiciously low unit price (5.28)
1.03627E+11,Low Price,unit_price,Suspiciously low unit price (7.44)
1.03627E+11,Low Price,unit_price,Suspiciously low unit price (3.54)
1.03627E+11,Low Price,unit_price,Suspiciously low unit price (3.52)
1.03624E+11,Low Price,unit_price,Suspiciously low unit price (17.76)
1.03624E+11,Low Price,unit_price,Suspiciously low unit price (26.59)
1.03624E+11,Low Price,unit_price,Suspiciously low unit price (3.54)
1.03624E+11,Low Price,unit_price,Suspiciously low unit price (3.54)
1.03624E+11,Low Price,unit_price,Suspiciously low unit price (3.54)
1.03624E+11,Low Price,unit_price,Suspiciously low unit price (3.54)
1.03624E+11,Low Price,unit_price,Suspiciously low unit price (7.44)
1.03624E+11,Low Price,unit_price,Suspiciously low unit price (8.64)
1.03622E+11,Low Price,unit_price,Suspiciously low unit price (0.98)
1.03622E+11,Low Price,unit_price,Suspiciously low unit price (0.8)
1.03622E+11,Low Price,unit_price,Suspiciously low unit price (3.96)
1.03622E+11,Low Price,unit_price,Suspiciously low unit price (8.64)
1.03622E+11,Low Price,unit_price,Suspiciously low unit price (7.44)
1.03622E+11,Low Price,unit_price,Suspiciously low unit price (8.64)
1.03619E+11,Low Price,unit_price,Suspiciously low unit price (17.76)
1.03619E+11,Low Price,unit_price,Suspiciously low unit price (26.59)
1.03619E+11,Low Price,unit_price,Suspiciously low unit price (1.25)
1.03619E+11,Low Price,unit_price,Suspiciously low unit price (21.43)
1.03619E+11,Low Price,unit_price,Suspiciously low unit price (15.57)
1.03619E+11,Low Price,unit_price,Suspiciously low unit price (21.43)
1.03618E+11,Low Price,unit_price,Suspiciously low unit price (9.84)
1.03614E+11,Low Price,unit_price,Suspiciously low unit price (5.28)
1.03614E+11,Low Price,unit_price,Suspiciously low unit price (5.28)
1.03614E+11,Low Price,unit_price,Suspiciously low unit price (8.64)
1.03614E+11,Low Price,unit_price,Suspiciously low unit price (8.64)
1.03614E+11,Low Price,unit_price,Suspiciously low unit price (17.76)
1.03614E+11,Low Price,unit_price,Suspiciously low unit price (26.59)
1.03613E+11,Low Price,unit_price,Suspiciously low unit price (3.54)
1.03613E+11,Low Price,unit_price,Suspiciously low unit price (3.54)
1.03613E+11,Low Price,unit_price,Suspiciously low unit price (3.72)
1.03613E+11,Low Price,unit_price,Suspiciously low unit price (8.64)
1.03613E+11,Low Price,unit_price,Suspiciously low unit price (3.52)
1.03613E+11,Low Price,unit_price,Suspiciously low unit price (3.52)
1.03613E+11,Low Price,unit_price,Suspiciously low unit price (17.76)
1.03613E+11,Low Price,unit_price,Suspiciously low unit price (26.59)
1.0361E+11,Low Price,unit_price,Suspiciously low unit price (1.1)
1.0361E+11,Low Price,unit_price,Suspiciously low unit price (17.76)
1.0361E+11,Low Price,unit_price,Suspiciously low unit price (26.59)
1.0361E+11,Low Price,unit_price,Suspiciously low unit price (0.93)
1.0361E+11,Low Price,unit_price,Suspiciously low unit price (0.93)
1.03608E+11,Low Price,unit_price,Suspiciously low unit price (17.76)
1.03603E+11,Low Price,unit_price,Suspiciously low unit price (3.54)
1.03603E+11,Low Price,unit_price,Suspiciously low unit price (7.44)
1.036E+11,Low Price,unit_price,Suspiciously low unit price (5.28)
1.036E+11,Low Price,unit_price,Suspiciously low unit price (3.54)
1.036E+11,Low Price,unit_price,Suspiciously low unit price (8.64)
1.036E+11,Low Price,unit_price,Suspiciously low unit price (7.44)
1.03596E+11,Low Price,unit_price,Suspiciously low unit price (1.18)
1.03596E+11,Low Price,unit_price,Suspiciously low unit price (1.18)
1.03596E+11,Low Price,unit_price,Suspiciously low unit price (3.54)
1.03596E+11,Low Price,unit_price,Suspiciously low unit price (3.54)
1.03596E+11,Low Price,unit_price,Suspiciously low unit price (3.54)
1.03596E+11,Low Price,unit_price,Suspiciously low unit price (7.08)
1.03596E+11,Low Price,unit_price,Suspiciously low unit price (7.08)
1.03594E+11,Low Price,unit_price,Suspiciously low unit price (3.28)
1.03592E+11,Low Price,unit_price,Suspiciously low unit price (0.8)
1.03592E+11,Low Price,unit_price,Suspiciously low unit price (1.01)
1.03592E+11,Low Price,unit_price,Suspiciously low unit price (0.98)
1.03592E+11,Low Price,unit_price,Suspiciously low unit price (3.72)
1.03592E+11,Low Price,unit_price,Suspiciously low unit price (3.52)
1.03591E+11,Low Price,unit_price,Suspiciously low unit price (9.84)
1.0359E+11,Low Price,unit_price,Suspiciously low unit price (1.28)
1.0359E+11,Low Price,unit_price,Suspiciously low unit price (0.64)
1.03589E+11,Low Price,unit_price,Suspiciously low unit price (7.44)
1.03588E+11,Low Price,unit_price,Suspiciously low unit price (1.6)
1.03587E+11,Low Price,unit_price,Suspiciously low unit price (3.52)
1.03587E+11,Low Price,unit_price,Suspiciously low unit price (3.52)
1.03587E+11,Low Price,unit_price,Suspiciously low unit price (21.43)
1.03586E+11,Low Price,unit_price,Suspiciously low unit price (7.08)
1.03586E+11,Low Price,unit_price,Suspiciously low unit price (3.52)
1.03586E+11,Low Price,unit_price,Suspiciously low unit price (7.08)
1.03586E+11,Low Price,unit_price,Suspiciously low unit price (3.66)
1.03583E+11,Low Price,unit_price,Suspiciously low unit price (1.14)
1.03583E+11,Low Price,unit_price,Suspiciously low unit price (5.28)
1.03583E+11,Low Price,unit_price,Suspiciously low unit price (3.66)
1.03583E+11,Low Price,unit_price,Suspiciously low unit price (3.54)
1.03583E+11,Low Price,unit_price,Suspiciously low unit price (3.54)
1.03583E+11,Low Price,unit_price,Suspiciously low unit price (3.54)
1.03583E+11,Low Price,unit_price,Suspiciously low unit price (3.52)
1.03583E+11,Low Price,unit_price,Suspiciously low unit price (7.44)
1.03583E+11,Low Price,unit_price,Suspiciously low unit price (7.08)
1.03581E+11,Low Price,unit_price,Suspiciously low unit price (3.54)
1.03581E+11,Low Price,unit_price,Suspiciously low unit price (3.52)
1.03579E+11,Low Price,unit_price,Suspiciously low unit price (1.18)
1.03579E+11,Low Price,unit_price,Suspiciously low unit price (1.18)
1.03579E+11,Low Price,unit_price,Suspiciously low unit price (6.84)
1.03579E+11,Low Price,unit_price,Suspiciously low unit price (3.54)
1.03579E+11,Low Price,unit_price,Suspiciously low unit price (7.44)
1.03579E+11,Low Price,unit_price,Suspiciously low unit price (8.64)
1.03576E+11,Low Price,unit_price,Suspiciously low unit price (14.65)
1.03576E+11,Low Price,unit_price,Suspiciously low unit price (14.65)
1.03576E+11,Low Price,unit_price,Suspiciously low unit price (6.84)
1.03576E+11,Low Price,unit_price,Suspiciously low unit price (3.54)
1.03576E+11,Low Price,unit_price,Suspiciously low unit price (7.08)
1.0357E+11,Low Price,unit_price,Suspiciously low unit price (1.14)
1.03568E+11,Low Price,unit_price,Suspiciously low unit price (3.66)
1.03568E+11,Low Price,unit_price,Suspiciously low unit price (1.14)
1.03568E+11,Low Price,unit_price,Suspiciously low unit price (1.18)
1.03566E+11,Low Price,unit_price,Suspiciously low unit price (6.84)
1.03566E+11,Low Price,unit_price,Suspiciously low unit price (8.64)
1.03563E+11,Low Price,unit_price,Suspiciously low unit price (7.44)
1.03563E+11,Low Price,unit_price,Suspiciously low unit price (8.64)
1.0356E+11,Low Price,unit_price,Suspiciously low unit price (3.72)
1.0356E+11,Low Price,unit_price,Suspiciously low unit price (7.08)
1.0356E+11,Low Price,unit_price,Suspiciously low unit price (7.44)
1.0356E+11,Low Price,unit_price,Suspiciously low unit price (8.64)
1.0356E+11,Low Price,unit_price,Suspiciously low unit price (7.08)
1.0356E+11,Low Price,unit_price,Suspiciously low unit price (8.64)
1.03558E+11,Low Price,unit_price,Suspiciously low unit price (7.44)
1.03558E+11,Low Price,unit_price,Suspiciously low unit price (6.84)
1.03558E+11,Low Price,unit_price,Suspiciously low unit price (13.2)
1.03558E+11,Low Price,unit_price,Suspiciously low unit price (3.54)
1.03558E+11,Low Price,unit_price,Suspiciously low unit price (3.54)
1.03558E+11,Low Price,unit_price,Suspiciously low unit price (3.54)
1.03558E+11,Low Price,unit_price,Suspiciously low unit price (3.54)
1.03556E+11,Low Price,unit_price,Suspiciously low unit price (3.96)
1.03556E+11,Low Price,unit_price,Suspiciously low unit price (6.84)
1.03556E+11,Low Price,unit_price,Suspiciously low unit price (3.52)
1.03556E+11,Low Price,unit_price,Suspiciously low unit price (7.08)
1.03556E+11,Low Price,unit_price,Suspiciously low unit price (3.52)
1.03556E+11,Low Price,unit_price,Suspiciously low unit price (3.52)
1.03556E+11,Low Price,unit_price,Suspiciously low unit price (7.08)
1.03553E+11,Low Price,unit_price,Suspiciously low unit price (3.66)
1.03553E+11,Low Price,unit_price,Suspiciously low unit price (3.54)
1.03553E+11,Low Price,unit_price,Suspiciously low unit price (3.54)
1.03553E+11,Low Price,unit_price,Suspiciously low unit price (3.54)
1.03551E+11,Low Price,unit_price,Suspiciously low unit price (13.2)
1.03551E+11,Low Price,unit_price,Suspiciously low unit price (5.28)
1.03551E+11,Low Price,unit_price,Suspiciously low unit price (3.54)
1.03551E+11,Low Price,unit_price,Suspiciously low unit price (7.08)
1.03548E+11,Low Price,unit_price,Suspiciously low unit price (6.84)
1.03548E+11,Low Price,unit_price,Suspiciously low unit price (13.2)
1.03548E+11,Low Price,unit_price,Suspiciously low unit price (8.64)
1.03548E+11,Low Price,unit_price,Suspiciously low unit price (7.44)
1.03548E+11,Low Price,unit_price,Suspiciously low unit price (3.52)
1.03546E+11,Low Price,unit_price,Suspiciously low unit price (8.64)
1.03545E+11,Low Price,unit_price,Suspiciously low unit price (9.84)
1.03545E+11,Low Price,unit_price,Suspiciously low unit price (9.84)
1.03544E+11,Low Price,unit_price,Suspiciously low unit price (3.54)
1.03543E+11,Low Price,unit_price,Suspiciously low unit price (4.93)
1.03542E+11,Low Price,unit_price,Suspiciously low unit price (6.84)
1.03542E+11,Low Price,unit_price,Suspiciously low unit price (3.66)
1.03542E+11,Low Price,unit_price,Suspiciously low unit price (3.54)
1.03542E+11,Low Price,unit_price,Suspiciously low unit price (3.54)
1.03542E+11,Low Price,unit_price,Suspiciously low unit price (3.52)
1.03539E+11,Low Price,unit_price,Suspiciously low unit price (6.84)
1.03539E+11,Low Price,unit_price,Suspiciously low unit price (13.2)
1.03539E+11,Low Price,unit_price,Suspiciously low unit price (3.54)
1.03539E+11,Low Price,unit_price,Suspiciously low unit price (7.08)
1.03539E+11,Low Price,unit_price,Suspiciously low unit price (7.44)
1.03539E+11,Low Price,unit_price,Suspiciously low unit price (3.52)
1.03539E+11,Low Price,unit_price,Suspiciously low unit price (7.08)
1.03534E+11,Low Price,unit_price,Suspiciously low unit price (8.64)
1.03534E+11,Low Price,unit_price,Suspiciously low unit price (3.54)
1.03534E+11,Low Price,unit_price,Suspiciously low unit price (3.54)
1.03532E+11,Low Price,unit_price,Suspiciously low unit price (3.54)
1.0353E+11,Low Price,unit_price,Suspiciously low unit price (3.54)
1.0353E+11,Low Price,unit_price,Suspiciously low unit price (3.96)
1.03528E+11,Low Price,unit_price,Suspiciously low unit price (0.93)
1.03528E+11,Low Price,unit_price,Suspiciously low unit price (8.64)
1.0352E+11,Low Price,unit_price,Suspiciously low unit price (8.64)
1.0352E+11,Low Price,unit_price,Suspiciously low unit price (3.52)
1.03517E+11,Low Price,unit_price,Suspiciously low unit price (3.66)
1.03517E+11,Low Price,unit_price,Suspiciously low unit price (3.52)
1.03517E+11,Low Price,unit_price,Suspiciously low unit price (3.52)
1.03517E+11,Low Price,unit_price,Suspiciously low unit price (3.52)
1.03516E+11,Low Price,unit_price,Suspiciously low unit price (7.44)
1.03516E+11,Low Price,unit_price,Suspiciously low unit price (7.44)
1.03516E+11,Low Price,unit_price,Suspiciously low unit price (3.54)
1.03516E+11,Low Price,unit_price,Suspiciously low unit price (6.84)
1.03516E+11,Low Price,unit_price,Suspiciously low unit price (13.2)
1.03516E+11,Low Price,unit_price,Suspiciously low unit price (3.54)
1.03513E+11,Low Price,unit_price,Suspiciously low unit price (7.08)
1.03513E+11,Low Price,unit_price,Suspiciously low unit price (41.65)
1.03511E+11,Low Price,unit_price,Suspiciously low unit price (0.91)
1.03511E+11,Low Price,unit_price,Suspiciously low unit price (0.93)
1.03511E+11,Low Price,unit_price,Suspiciously low unit price (3.52)
1.03511E+11,Low Price,unit_price,Suspiciously low unit price (7.08)
1.03511E+11,Low Price,unit_price,Suspiciously low unit price (8.64)
1.03511E+11,Low Price,unit_price,Suspiciously low unit price (8.64)
1.03511E+11,Low Price,unit_price,Suspiciously low unit price (7.08)
1.0351E+11,Low Price,unit_price,Suspiciously low unit price (6.84)
1.0351E+11,Low Price,unit_price,Suspiciously low unit price (5.28)
1.0351E+11,Low Price,unit_price,Suspiciously low unit price (3.54)
1.03508E+11,Low Price,unit_price,Suspiciously low unit price (0.24)
1.03508E+11,Low Price,unit_price,Suspiciously low unit price (0.16)
1.03508E+11,Low Price,unit_price,Suspiciously low unit price (0.57)
1.03508E+11,Low Price,unit_price,Suspiciously low unit price (3.54)
1.03508E+11,Low Price,unit_price,Suspiciously low unit price (3.54)
1.03508E+11,Low Price,unit_price,Suspiciously low unit price (0.93)
1.03508E+11,Low Price,unit_price,Suspiciously low unit price (0.93)
1.03505E+11,Low Price,unit_price,Suspiciously low unit price (6.84)
1.03504E+11,Low Price,unit_price,Suspiciously low unit price (9.84)
1.03504E+11,Low Price,unit_price,Suspiciously low unit price (3.66)
1.03504E+11,Low Price,unit_price,Suspiciously low unit price (3.52)
1.03504E+11,Low Price,unit_price,Suspiciously low unit price (3.52)
1.03501E+11,Low Price,unit_price,Suspiciously low unit price (3.66)
1.03501E+11,Low Price,unit_price,Suspiciously low unit price (3.54)
1.03499E+11,Low Price,unit_price,Suspiciously low unit price (3.54)
1.03498E+11,Low Price,unit_price,Suspiciously low unit price (9.84)
1.03497E+11,Low Price,unit_price,Suspiciously low unit price (1.28)
1.03497E+11,Low Price,unit_price,Suspiciously low unit price (0.64)
1.03497E+11,Low Price,unit_price,Suspiciously low unit price (6.84)
1.03497E+11,Low Price,unit_price,Suspiciously low unit price (3.54)
1.03497E+11,Low Price,unit_price,Suspiciously low unit price (5.28)
1.03494E+11,Low Price,unit_price,Suspiciously low unit price (6.84)
1.03494E+11,Low Price,unit_price,Suspiciously low unit price (3.66)
1.03494E+11,Low Price,unit_price,Suspiciously low unit price (3.54)
1.03492E+11,Low Price,unit_price,Suspiciously low unit price (9.84)
1.03492E+11,Low Price,unit_price,Suspiciously low unit price (3.54)
1.03492E+11,Low Price,unit_price,Suspiciously low unit price (3.52)
1.03492E+11,Low Price,unit_price,Suspiciously low unit price (7.44)
1.03492E+11,Low Price,unit_price,Suspiciously low unit price (3.52)
1.03492E+11,Low Price,unit_price,Suspiciously low unit price (7.08)
1.03492E+11,Low Price,unit_price,Suspiciously low unit price (0.57)
1.0349E+11,Low Price,unit_price,Suspiciously low unit price (3.66)
1.03487E+11,Low Price,unit_price,Suspiciously low unit price (3.54)
1.03487E+11,Low Price,unit_price,Suspiciously low unit price (8.64)
1.03486E+11,Low Price,unit_price,Suspiciously low unit price (9.84)
1.03486E+11,Low Price,unit_price,Suspiciously low unit price (3.96)
1.03486E+11,Low Price,unit_price,Suspiciously low unit price (3.52)
1.03486E+11,Low Price,unit_price,Suspiciously low unit price (7.08)
1.03486E+11,Low Price,unit_price,Suspiciously low unit price (7.44)
1.03486E+11,Low Price,unit_price,Suspiciously low unit price (3.52)
1.03486E+11,Low Price,unit_price,Suspiciously low unit price (7.08)
1.03484E+11,Low Price,unit_price,Suspiciously low unit price (6.84)
1.03484E+11,Low Price,unit_price,Suspiciously low unit price (5.28)
1.03484E+11,Low Price,unit_price,Suspiciously low unit price (7.44)
1.03484E+11,Low Price,unit_price,Suspiciously low unit price (7.44)
1.03484E+11,Low Price,unit_price,Suspiciously low unit price (8.64)
1.03484E+11,Low Price,unit_price,Suspiciously low unit price (13.2)
1.03481E+11,Low Price,unit_price,Suspiciously low unit price (3.54)
1.03481E+11,Low Price,unit_price,Suspiciously low unit price (8.64)
1.03481E+11,Low Price,unit_price,Suspiciously low unit price (10.68)
1.03481E+11,Low Price,unit_price,Suspiciously low unit price (0.95)
1.03479E+11,Low Price,unit_price,Suspiciously low unit price (13.26)
1.03479E+11,Low Price,unit_price,Suspiciously low unit price (9.84)
1.03479E+11,Low Price,unit_price,Suspiciously low unit price (3.54)
1.03479E+11,Low Price,unit_price,Suspiciously low unit price (3.54)
1.03479E+11,Low Price,unit_price,Suspiciously low unit price (8.64)
1.03479E+11,Low Price,unit_price,Suspiciously low unit price (6.84)
1.03479E+11,Low Price,unit_price,Suspiciously low unit price (3.66)
1.03479E+11,Low Price,unit_price,Suspiciously low unit price (3.54)
1.03478E+11,Low Price,unit_price,Suspiciously low unit price (0.57)
1.03523E+11,Low Price,unit_price,Suspiciously low unit price (8.64)
1.03521E+11,Low Price,unit_price,Suspiciously low unit price (9.84)
1.03521E+11,Low Price,unit_price,Suspiciously low unit price (9.84)
1.03465E+11,Low Price,unit_price,Suspiciously low unit price (0.57)
1.03464E+11,Low Price,unit_price,Suspiciously low unit price (0.57)
1.03457E+11,Low Price,unit_price,Suspiciously low unit price (3.54)
1.03457E+11,Low Price,unit_price,Suspiciously low unit price (3.52)
1.03457E+11,Low Price,unit_price,Suspiciously low unit price (3.52)
1.03457E+11,Low Price,unit_price,Suspiciously low unit price (7.08)
1.03455E+11,Low Price,unit_price,Suspiciously low unit price (3.66)
1.03455E+11,Low Price,unit_price,Suspiciously low unit price (6.84)
1.03455E+11,Low Price,unit_price,Suspiciously low unit price (3.52)
1.03455E+11,Low Price,unit_price,Suspiciously low unit price (3.54)
1.03452E+11,Low Price,unit_price,Suspiciously low unit price (3.66)
1.03451E+11,Low Price,unit_price,Suspiciously low unit price (0.95)
1.03451E+11,Low Price,unit_price,Suspiciously low unit price (0.95)
1.03451E+11,Low Price,unit_price,Suspiciously low unit price (13.2)
1.03451E+11,Low Price,unit_price,Suspiciously low unit price (5.3)
1.03451E+11,Low Price,unit_price,Suspiciously low unit price (3.52)
1.03451E+11,Low Price,unit_price,Suspiciously low unit price (3.52)
1.03449E+11,Low Price,unit_price,Suspiciously low unit price (27.72)
1.03449E+11,Low Price,unit_price,Suspiciously low unit price (13.86)
1.03444E+11,Low Price,unit_price,Suspiciously low unit price (13.2)
1.03444E+11,Low Price,unit_price,Suspiciously low unit price (3.54)
1.03444E+11,Low Price,unit_price,Suspiciously low unit price (8.64)
1.03444E+11,Low Price,unit_price,Suspiciously low unit price (3.52)
1.03439E+11,Low Price,unit_price,Suspiciously low unit price (5.3)
1.03439E+11,Low Price,unit_price,Suspiciously low unit price (3.52)
1.03438E+11,Low Price,unit_price,Suspiciously low unit price (9.84)
1.03438E+11,Low Price,unit_price,Suspiciously low unit price (3.54)
1.03438E+11,Low Price,unit_price,Suspiciously low unit price (3.54)
1.03438E+11,Low Price,unit_price,Suspiciously low unit price (3.52)
1.03438E+11,Low Price,unit_price,Suspiciously low unit price (7.08)
1.03438E+11,Low Price,unit_price,Suspiciously low unit price (3.52)
1.03438E+11,Low Price,unit_price,Suspiciously low unit price (13.2)
1.03438E+11,Low Price,unit_price,Suspiciously low unit price (7.08)
1.03438E+11,Low Price,unit_price,Suspiciously low unit price (13.26)
1.03437E+11,Low Price,unit_price,Suspiciously low unit price (3.38)
1.03436E+11,Low Price,unit_price,Suspiciously low unit price (22.18)
1.03436E+11,Low Price,unit_price,Suspiciously low unit price (13.2)
1.03436E+11,Low Price,unit_price,Suspiciously low unit price (3.54)
1.03433E+11,Low Price,unit_price,Suspiciously low unit price (22.18)
1.03433E+11,Low Price,unit_price,Suspiciously low unit price (3.66)
1.03433E+11,Low Price,unit_price,Suspiciously low unit price (8.64)
1.03433E+11,Low Price,unit_price,Suspiciously low unit price (3.52)
1.03431E+11,Low Price,unit_price,Suspiciously low unit price (6.84)
1.03429E+11,Low Price,unit_price,Suspiciously low unit price (6.84)
1.03429E+11,Low Price,unit_price,Suspiciously low unit price (6.72)
1.03429E+11,Low Price,unit_price,Suspiciously low unit price (3.54)
1.03429E+11,Low Price,unit_price,Suspiciously low unit price (3.54)
1.03426E+11,Low Price,unit_price,Suspiciously low unit price (0.24)
1.03426E+11,Low Price,unit_price,Suspiciously low unit price (0.16)
1.03426E+11,Low Price,unit_price,Suspiciously low unit price (5.28)
1.03426E+11,Low Price,unit_price,Suspiciously low unit price (7.08)
1.03425E+11,Low Price,unit_price,Suspiciously low unit price (9.84)
1.03425E+11,Low Price,unit_price,Suspiciously low unit price (6.72)
1.03425E+11,Low Price,unit_price,Suspiciously low unit price (6.72)
1.03425E+11,Low Price,unit_price,Suspiciously low unit price (3.66)
1.03425E+11,Low Price,unit_price,Suspiciously low unit price (3.54)
1.03425E+11,Low Price,unit_price,Suspiciously low unit price (7.08)
1.03425E+11,Low Price,unit_price,Suspiciously low unit price (3.52)
1.03425E+11,Low Price,unit_price,Suspiciously low unit price (13.2)
1.03425E+11,Low Price,unit_price,Suspiciously low unit price (7.08)
1.03423E+11,Low Price,unit_price,Suspiciously low unit price (10.81)
1.03423E+11,Low Price,unit_price,Suspiciously low unit price (6.84)
1.03423E+11,Low Price,unit_price,Suspiciously low unit price (13.2)
1.03421E+11,Low Price,unit_price,Suspiciously low unit price (11.24)
1.03418E+11,Low Price,unit_price,Suspiciously low unit price (0.24)
1.03418E+11,Low Price,unit_price,Suspiciously low unit price (33.26)
1.03418E+11,Low Price,unit_price,Suspiciously low unit price (6.84)
1.03418E+11,Low Price,unit_price,Suspiciously low unit price (6.72)
1.03418E+11,Low Price,unit_price,Suspiciously low unit price (7.08)
1.03418E+11,Low Price,unit_price,Suspiciously low unit price (7.08)
1.03418E+11,Low Price,unit_price,Suspiciously low unit price (3.52)
1.03418E+11,Low Price,unit_price,Suspiciously low unit price (7.08)
1.03417E+11,Low Price,unit_price,Suspiciously low unit price (9.84)
1.03416E+11,Low Price,unit_price,Suspiciously low unit price (34.92)
1.03416E+11,Low Price,unit_price,Suspiciously low unit price (13.2)
1.03416E+11,Low Price,unit_price,Suspiciously low unit price (33.17)
1.03413E+11,Low Price,unit_price,Suspiciously low unit price (5.28)
1.03413E+11,Low Price,unit_price,Suspiciously low unit price (3.54)
1.03413E+11,Low Price,unit_price,Suspiciously low unit price (3.52)
1.03413E+11,Low Price,unit_price,Suspiciously low unit price (3.52)
1.03412E+11,Low Price,unit_price,Suspiciously low unit price (36.28)
1.03412E+11,Low Price,unit_price,Suspiciously low unit price (36.28)
1.03412E+11,Low Price,unit_price,Suspiciously low unit price (3.96)
1.0341E+11,Low Price,unit_price,Suspiciously low unit price (5.28)
1.0341E+11,Low Price,unit_price,Suspiciously low unit price (13.2)
1.03409E+11,Low Price,unit_price,Suspiciously low unit price (9.81)
1.03408E+11,Low Price,unit_price,Suspiciously low unit price (6.72)
1.03408E+11,Low Price,unit_price,Suspiciously low unit price (3.52)
1.03408E+11,Low Price,unit_price,Suspiciously low unit price (8.64)
1.03408E+11,Low Price,unit_price,Suspiciously low unit price (0.24)
1.03408E+11,Low Price,unit_price,Suspiciously low unit price (0.16)
1.03408E+11,Low Price,unit_price,Suspiciously low unit price (0.57)
1.03406E+11,Low Price,unit_price,Suspiciously low unit price (0.24)
1.03406E+11,Low Price,unit_price,Suspiciously low unit price (0.16)
1.03406E+11,Low Price,unit_price,Suspiciously low unit price (6.84)
1.03403E+11,Low Price,unit_price,Suspiciously low unit price (6.84)
1.03403E+11,Low Price,unit_price,Suspiciously low unit price (10.62)
1.03403E+11,Low Price,unit_price,Suspiciously low unit price (27.21)
1.03401E+11,Low Price,unit_price,Suspiciously low unit price (9.84)
1.03401E+11,Low Price,unit_price,Suspiciously low unit price (13.74)
1.034E+11,Low Price,unit_price,Suspiciously low unit price (0.57)
1.034E+11,Low Price,unit_price,Suspiciously low unit price (9.84)
1.034E+11,Low Price,unit_price,Suspiciously low unit price (3.52)
1.034E+11,Low Price,unit_price,Suspiciously low unit price (3.52)
1.034E+11,Low Price,unit_price,Suspiciously low unit price (3.54)
1.03397E+11,Low Price,unit_price,Suspiciously low unit price (3.52)
1.03397E+11,Low Price,unit_price,Suspiciously low unit price (13.2)
1.03397E+11,Low Price,unit_price,Suspiciously low unit price (3.52)
1.03397E+11,Low Price,unit_price,Suspiciously low unit price (13.2)
1.03395E+11,Low Price,unit_price,Suspiciously low unit price (6.84)
1.03395E+11,Low Price,unit_price,Suspiciously low unit price (3.54)
1.03392E+11,Low Price,unit_price,Suspiciously low unit price (44.05)
1.0339E+11,Low Price,unit_price,Suspiciously low unit price (0.24)
1.0339E+11,Low Price,unit_price,Suspiciously low unit price (0.16)
1.03388E+11,Low Price,unit_price,Suspiciously low unit price (8.64)
1.03388E+11,Low Price,unit_price,Suspiciously low unit price (3.52)
1.03388E+11,Low Price,unit_price,Suspiciously low unit price (3.66)
1.03388E+11,Low Price,unit_price,Suspiciously low unit price (3.54)
1.03388E+11,Low Price,unit_price,Suspiciously low unit price (6.84)
1.03387E+11,Low Price,unit_price,Suspiciously low unit price (3.54)
1.03387E+11,Low Price,unit_price,Suspiciously low unit price (9.84)
1.03387E+11,Low Price,unit_price,Suspiciously low unit price (9.84)
1.03387E+11,Low Price,unit_price,Suspiciously low unit price (0.24)
1.03387E+11,Low Price,unit_price,Suspiciously low unit price (0.16)
1.03385E+11,Low Price,unit_price,Suspiciously low unit price (9.84)
1.03385E+11,Low Price,unit_price,Suspiciously low unit price (8.64)
1.03384E+11,Low Price,unit_price,Suspiciously low unit price (9.84)
1.03383E+11,Low Price,unit_price,Suspiciously low unit price (3.54)
1.03381E+11,Low Price,unit_price,Suspiciously low unit price (1.28)
1.03381E+11,Low Price,unit_price,Suspiciously low unit price (0.64)
1.03381E+11,Low Price,unit_price,Suspiciously low unit price (3.52)
1.03381E+11,Low Price,unit_price,Suspiciously low unit price (8.64)
1.03381E+11,Low Price,unit_price,Suspiciously low unit price (3.52)
1.03378E+11,Low Price,unit_price,Suspiciously low unit price (0.24)
1.03378E+11,Low Price,unit_price,Suspiciously low unit price (0.16)
1.03378E+11,Low Price,unit_price,Suspiciously low unit price (9.84)
1.03376E+11,Low Price,unit_price,Suspiciously low unit price (0.24)
1.03376E+11,Low Price,unit_price,Suspiciously low unit price (0.16)
1.03376E+11,Low Price,unit_price,Suspiciously low unit price (3.66)
1.03376E+11,Low Price,unit_price,Suspiciously low unit price (3.54)
1.03375E+11,Low Price,unit_price,Suspiciously low unit price (3.54)
1.03375E+11,Low Price,unit_price,Suspiciously low unit price (8.64)
1.03373E+11,Low Price,unit_price,Suspiciously low unit price (6.84)
1.03373E+11,Low Price,unit_price,Suspiciously low unit price (13.2)
1.03373E+11,Low Price,unit_price,Suspiciously low unit price (7.08)
1.0337E+11,Low Price,unit_price,Suspiciously low unit price (3.96)
1.0337E+11,Low Price,unit_price,Suspiciously low unit price (9.84)
1.0337E+11,Low Price,unit_price,Suspiciously low unit price (0.57)
1.03368E+11,Low Price,unit_price,Suspiciously low unit price (0.24)
1.03368E+11,Low Price,unit_price,Suspiciously low unit price (0.16)
1.03368E+11,Low Price,unit_price,Suspiciously low unit price (3.52)
1.03368E+11,Low Price,unit_price,Suspiciously low unit price (3.96)
1.03366E+11,Low Price,unit_price,Suspiciously low unit price (0.24)
1.03366E+11,Low Price,unit_price,Suspiciously low unit price (0.16)
1.03364E+11,Low Price,unit_price,Suspiciously low unit price (9.84)
1.03364E+11,Low Price,unit_price,Suspiciously low unit price (3.66)
1.03364E+11,Low Price,unit_price,Suspiciously low unit price (3.52)
1.03363E+11,Low Price,unit_price,Suspiciously low unit price (0.8)
1.03363E+11,Low Price,unit_price,Suspiciously low unit price (1.01)
1.03363E+11,Low Price,unit_price,Suspiciously low unit price (0.98)
1.03363E+11,Low Price,unit_price,Suspiciously low unit price (3.66)
1.03363E+11,Low Price,unit_price,Suspiciously low unit price (8.64)
1.0336E+11,Low Price,unit_price,Suspiciously low unit price (3.52)
1.0336E+11,Low Price,unit_price,Suspiciously low unit price (3.52)
1.03358E+11,Low Price,unit_price,Suspiciously low unit price (5.28)
1.03358E+11,Low Price,unit_price,Suspiciously low unit price (3.52)
1.03356E+11,Low Price,unit_price,Suspiciously low unit price (3.54)
1.03356E+11,Low Price,unit_price,Suspiciously low unit price (3.52)
1.03356E+11,Low Price,unit_price,Suspiciously low unit price (3.52)
1.03353E+11,Low Price,unit_price,Suspiciously low unit price (0.24)
1.03353E+11,Low Price,unit_price,Suspiciously low unit price (0.16)
1.03351E+11,Low Price,unit_price,Suspiciously low unit price (6.84)
1.03351E+11,Low Price,unit_price,Suspiciously low unit price (3.66)
1.03351E+11,Low Price,unit_price,Suspiciously low unit price (3.54)
1.03351E+11,Low Price,unit_price,Suspiciously low unit price (8.64)
1.03351E+11,Low Price,unit_price,Suspiciously low unit price (0.57)
1.0335E+11,Low Price,unit_price,Suspiciously low unit price (9.84)
1.0335E+11,Low Price,unit_price,Suspiciously low unit price (3.66)
1.0335E+11,Low Price,unit_price,Suspiciously low unit price (3.54)
1.03348E+11,Low Price,unit_price,Suspiciously low unit price (3.54)
1.03348E+11,Low Price,unit_price,Suspiciously low unit price (9.84)
1.03348E+11,Low Price,unit_price,Suspiciously low unit price (9.84)
1.03347E+11,Low Price,unit_price,Suspiciously low unit price (10.96)
1.03342E+11,Low Price,unit_price,Suspiciously low unit price (3.54)
1.03338E+11,Low Price,unit_price,Suspiciously low unit price (9.84)
1.03338E+11,Low Price,unit_price,Suspiciously low unit price (8.16)
1.03338E+11,Low Price,unit_price,Suspiciously low unit price (3.6)
1.03336E+11,Low Price,unit_price,Suspiciously low unit price (3.72)
1.03336E+11,Low Price,unit_price,Suspiciously low unit price (3.66)
1.03336E+11,Low Price,unit_price,Suspiciously low unit price (3.66)
1.03334E+11,Low Price,unit_price,Suspiciously low unit price (3.66)
1.03334E+11,Low Price,unit_price,Suspiciously low unit price (8.64)
1.03332E+11,Low Price,unit_price,Suspiciously low unit price (3.66)
1.03332E+11,Low Price,unit_price,Suspiciously low unit price (5.28)
1.03332E+11,Low Price,unit_price,Suspiciously low unit price (3.6)
1.03332E+11,Low Price,unit_price,Suspiciously low unit price (3.6)
1.03332E+11,Low Price,unit_price,Suspiciously low unit price (3.6)
1.03332E+11,Low Price,unit_price,Suspiciously low unit price (6.58)
1.03329E+11,Low Price,unit_price,Suspiciously low unit price (7.2)
1.03329E+11,Low Price,unit_price,Suspiciously low unit price (15.0)
1.03329E+11,Low Price,unit_price,Suspiciously low unit price (3.66)
1.03329E+11,Low Price,unit_price,Suspiciously low unit price (5.28)
1.03329E+11,Low Price,unit_price,Suspiciously low unit price (3.6)
1.03329E+11,Low Price,unit_price,Suspiciously low unit price (3.6)
1.03327E+11,Low Price,unit_price,Suspiciously low unit price (3.66)
1.03326E+11,Low Price,unit_price,Suspiciously low unit price (9.84)
1.03326E+11,Low Price,unit_price,Suspiciously low unit price (7.2)
1.03324E+11,Low Price,unit_price,Suspiciously low unit price (5.24)
1.03324E+11,Low Price,unit_price,Suspiciously low unit price (7.2)
1.03324E+11,Low Price,unit_price,Suspiciously low unit price (15.0)
1.03324E+11,Low Price,unit_price,Suspiciously low unit price (3.72)
1.03324E+11,Low Price,unit_price,Suspiciously low unit price (3.66)
1.03324E+11,Low Price,unit_price,Suspiciously low unit price (3.6)
1.03324E+11,Low Price,unit_price,Suspiciously low unit price (9.84)
1.03324E+11,Low Price,unit_price,Suspiciously low unit price (3.96)
1.03322E+11,Low Price,unit_price,Suspiciously low unit price (3.66)
1.03322E+11,Low Price,unit_price,Suspiciously low unit price (3.6)
1.03322E+11,Low Price,unit_price,Suspiciously low unit price (3.6)
1.03322E+11,Low Price,unit_price,Suspiciously low unit price (3.96)
1.0332E+11,Low Price,unit_price,Suspiciously low unit price (7.2)
1.0332E+11,Low Price,unit_price,Suspiciously low unit price (7.2)
1.0332E+11,Low Price,unit_price,Suspiciously low unit price (3.6)
1.03314E+11,Low Price,unit_price,Suspiciously low unit price (15.0)
1.03314E+11,Low Price,unit_price,Suspiciously low unit price (3.66)
1.03314E+11,Low Price,unit_price,Suspiciously low unit price (3.6)
1.03314E+11,Low Price,unit_price,Suspiciously low unit price (8.16)
1.03314E+11,Low Price,unit_price,Suspiciously low unit price (3.6)
1.03312E+11,Low Price,unit_price,Suspiciously low unit price (5.25)
1.03312E+11,Low Price,unit_price,Suspiciously low unit price (9.84)
1.03312E+11,Low Price,unit_price,Suspiciously low unit price (9.84)
1.03312E+11,Low Price,unit_price,Suspiciously low unit price (3.6)
1.03312E+11,Low Price,unit_price,Suspiciously low unit price (3.6)
1.03313E+11,Low Price,unit_price,Suspiciously low unit price (0.57)
1.0331E+11,Low Price,unit_price,Suspiciously low unit price (3.72)
1.0331E+11,Low Price,unit_price,Suspiciously low unit price (7.2)
1.0331E+11,Low Price,unit_price,Suspiciously low unit price (15.0)
1.03306E+11,Low Price,unit_price,Suspiciously low unit price (15.0)
1.03306E+11,Low Price,unit_price,Suspiciously low unit price (7.2)
1.03306E+11,Low Price,unit_price,Suspiciously low unit price (8.8)
1.03304E+11,Low Price,unit_price,Suspiciously low unit price (3.66)
1.03304E+11,Low Price,unit_price,Suspiciously low unit price (3.6)
1.03304E+11,Low Price,unit_price,Suspiciously low unit price (3.6)
1.03303E+11,Low Price,unit_price,Suspiciously low unit price (3.66)
1.03303E+11,Low Price,unit_price,Suspiciously low unit price (3.6)
1.03296E+11,Low Price,unit_price,Suspiciously low unit price (5.25)
1.03288E+11,Low Price,unit_price,Suspiciously low unit price (0.8)
1.03288E+11,Low Price,unit_price,Suspiciously low unit price (1.01)
1.03288E+11,Low Price,unit_price,Suspiciously low unit price (0.98)
1.03288E+11,Low Price,unit_price,Suspiciously low unit price (0.24)
1.03288E+11,Low Price,unit_price,Suspiciously low unit price (0.16)
1.03287E+11,Low Price,unit_price,Suspiciously low unit price (8.16)
1.03287E+11,Low Price,unit_price,Suspiciously low unit price (3.66)
1.03287E+11,Low Price,unit_price,Suspiciously low unit price (3.96)
1.03287E+11,Low Price,unit_price,Suspiciously low unit price (3.66)
1.03285E+11,Low Price,unit_price,Suspiciously low unit price (0.24)
1.03285E+11,Low Price,unit_price,Suspiciously low unit price (0.16)
1.03282E+11,Low Price,unit_price,Suspiciously low unit price (3.6)
1.03281E+11,Low Price,unit_price,Suspiciously low unit price (3.6)
1.03281E+11,Low Price,unit_price,Suspiciously low unit price (3.6)
1.03281E+11,Low Price,unit_price,Suspiciously low unit price (6.96)
1.03281E+11,Low Price,unit_price,Suspiciously low unit price (9.84)
1.03281E+11,Low Price,unit_price,Suspiciously low unit price (9.84)
1.03279E+11,Low Price,unit_price,Suspiciously low unit price (15.0)
1.03277E+11,Low Price,unit_price,Suspiciously low unit price (5.24)
1.03277E+11,Low Price,unit_price,Suspiciously low unit price (3.66)
1.03275E+11,Low Price,unit_price,Suspiciously low unit price (5.28)
1.03275E+11,Low Price,unit_price,Suspiciously low unit price (3.66)
1.03273E+11,Low Price,unit_price,Suspiciously low unit price (0.57)
1.0327E+11,Low Price,unit_price,Suspiciously low unit price (8.16)
1.03269E+11,Low Price,unit_price,Suspiciously low unit price (0.24)
1.03269E+11,Low Price,unit_price,Suspiciously low unit price (0.16)
1.03269E+11,Low Price,unit_price,Suspiciously low unit price (8.16)
1.03269E+11,Low Price,unit_price,Suspiciously low unit price (9.84)
1.03267E+11,Low Price,unit_price,Suspiciously low unit price (8.8)
1.03267E+11,Low Price,unit_price,Suspiciously low unit price (0.24)
1.03267E+11,Low Price,unit_price,Suspiciously low unit price (0.16)
1.03265E+11,Low Price,unit_price,Suspiciously low unit price (8.16)
1.03263E+11,Low Price,unit_price,Suspiciously low unit price (8.16)
1.03262E+11,Low Price,unit_price,Suspiciously low unit price (7.86)
1.0326E+11,Low Price,unit_price,Suspiciously low unit price (8.8)
1.0326E+11,Low Price,unit_price,Suspiciously low unit price (8.8)
1.03256E+11,Low Price,unit_price,Suspiciously low unit price (3.66)
1.03254E+11,Low Price,unit_price,Suspiciously low unit price (8.8)
1.03254E+11,Low Price,unit_price,Suspiciously low unit price (3.66)
1.03254E+11,Low Price,unit_price,Suspiciously low unit price (8.16)
1.03254E+11,Low Price,unit_price,Suspiciously low unit price (9.84)
1.03254E+11,Low Price,unit_price,Suspiciously low unit price (9.84)
1.03254E+11,Low Price,unit_price,Suspiciously low unit price (0.24)
1.03254E+11,Low Price,unit_price,Suspiciously low unit price (0.16)
1.03251E+11,Low Price,unit_price,Suspiciously low unit price (8.16)
1.03249E+11,Low Price,unit_price,Suspiciously low unit price (6.96)
1.03249E+11,Low Price,unit_price,Suspiciously low unit price (8.8)
1.03243E+11,Low Price,unit_price,Suspiciously low unit price (3.66)
1.03241E+11,Low Price,unit_price,Suspiciously low unit price (8.16)
1.03241E+11,Low Price,unit_price,Suspiciously low unit price (3.66)
1.03238E+11,Low Price,unit_price,Suspiciously low unit price (0.24)
1.03238E+11,Low Price,unit_price,Suspiciously low unit price (0.16)
1.03238E+11,Low Price,unit_price,Suspiciously low unit price (6.96)
1.03238E+11,Low Price,unit_price,Suspiciously low unit price (3.6)
1.03235E+11,Low Price,unit_price,Suspiciously low unit price (7.86)
1.03232E+11,Low Price,unit_price,Suspiciously low unit price (5.28)
1.03228E+11,Low Price,unit_price,Suspiciously low unit price (3.6)
1.03228E+11,Low Price,unit_price,Suspiciously low unit price (3.6)
1.03223E+11,Low Price,unit_price,Suspiciously low unit price (0.57)
1.03223E+11,Low Price,unit_price,Suspiciously low unit price (7.8)
1.03223E+11,Low Price,unit_price,Suspiciously low unit price (7.2)
1.03223E+11,Low Price,unit_price,Suspiciously low unit price (3.66)
1.03218E+11,Low Price,unit_price,Suspiciously low unit price (7.86)
1.03198E+11,Low Price,unit_price,Suspiciously low unit price (10.96)
1.03193E+11,Low Price,unit_price,Suspiciously low unit price (7.86)
1.03179E+11,Low Price,unit_price,Suspiciously low unit price (7.86)
1.03179E+11,Low Price,unit_price,Suspiciously low unit price (5.57)
1.03147E+11,Low Price,unit_price,Suspiciously low unit price (7.86)
1.03117E+11,Low Price,unit_price,Suspiciously low unit price (48.78)
1.03117E+11,Low Price,unit_price,Suspiciously low unit price (24.39)
1.03103E+11,Low Price,unit_price,Suspiciously low unit price (27.07)
1.03103E+11,Low Price,unit_price,Suspiciously low unit price (13.53)
