shipment_id,issue_type,column,details
2610000000000000.0,Duplicate,shipment_id,Appears multiple times
2410000000000000.0,Duplicate,shipment_id,Appears multiple times
2500000000000000.0,Duplicate,shipment_id,Appears multiple times
13100000000000.0,Duplicate,shipment_id,Appears multiple times
2810000000000000.0,Duplicate,shipment_id,Appears multiple times
1510000000000000.0,Duplicate,shipment_id,Appears multiple times
608000000000000.0,Duplicate,shipment_id,Appears multiple times
2400000000000000.0,Duplicate,shipment_id,Appears multiple times
40400000000000.0,Duplicate,shipment_id,Appears multiple times
1310000000000000.0,Duplicate,shipment_id,Appears multiple times
3110000000000000.0,Duplicate,shipment_id,Appears multiple times
407000000000000.0,Duplicate,shipment_id,Appears multiple times
80100000000000.0,Duplicate,shipment_id,Appears multiple times
121000000000000.0,Duplicate,shipment_id,Appears multiple times
160000000000000.0,Duplicate,shipment_id,Appears multiple times
1210000000000000.0,Duplicate,shipment_id,Appears multiple times
211000000000000.0,Duplicate,shipment_id,Appears multiple times
1610000000000000.0,Duplicate,shipment_id,Appears multiple times
308000000000000.0,Duplicate,shipment_id,Appears multiple times
240000000000000.0,Duplicate,shipment_id,Appears multiple times
1010000000000000.0,Duplicate,shipment_id,Appears multiple times
110000000000000.0,Duplicate,shipment_id,Appears multiple times
130000000000000.0,Duplicate,shipment_id,Appears multiple times
509000000000000.0,Duplicate,shipment_id,Appears multiple times
1910000000000000.0,Duplicate,shipment_id,Appears multiple times
307000000000000.0,Duplicate,shipment_id,Appears multiple times
200000000000000.0,Duplicate,shipment_id,Appears multiple times
220000000000000.0,Duplicate,shipment_id,Appears multiple times
210000000000000.0,Duplicate,shipment_id,Appears multiple times
250000000000000.0,Duplicate,shipment_id,Appears multiple times
2510000000000000.0,Duplicate,shipment_id,Appears multiple times
1110000000000000.0,Duplicate,shipment_id,Appears multiple times
712000000000000.0,Duplicate,shipment_id,Appears multiple times
309000000000000.0,Duplicate,shipment_id,Appears multiple times
2910000000000000.0,Duplicate,shipment_id,Appears multiple times
2110000000000000.0,Duplicate,shipment_id,Appears multiple times
1300000000000000.0,Duplicate,shipment_id,Appears multiple times
260000000000000.0,Duplicate,shipment_id,Appears multiple times
27000000000000.0,Duplicate,shipment_id,Appears multiple times
3010000000000000.0,Duplicate,shipment_id,Appears multiple times
311000000000000.0,Duplicate,shipment_id,Appears multiple times
1810000000000000.0,Duplicate,shipment_id,Appears multiple times
808000000000000.0,Duplicate,shipment_id,Appears multiple times
2010000000000000.0,Duplicate,shipment_id,Appears multiple times
310000000000000.0,Duplicate,shipment_id,Appears multiple times
2710000000000000.0,Duplicate,shipment_id,Appears multiple times
105000000000000.0,Duplicate,shipment_id,Appears multiple times
506000000000000.0,Duplicate,shipment_id,Appears multiple times
2100000000000000.0,Duplicate,shipment_id,Appears multiple times
230000000000000.0,Duplicate,shipment_id,Appears multiple times
180000000000000.0,Duplicate,shipment_id,Appears multiple times
3699066055.0,Duplicate,shipment_id,Appears multiple times
207000000000000.0,Duplicate,shipment_id,Appears multiple times
511000000000000.0,Duplicate,shipment_id,Appears multiple times
510000000000000.0,Duplicate,shipment_id,Appears multiple times
2210000000000000.0,Duplicate,shipment_id,Appears multiple times
120000000000000.0,Duplicate,shipment_id,Appears multiple times
280000000000000.0,Duplicate,shipment_id,Appears multiple times
30200000000000.0,Duplicate,shipment_id,Appears multiple times
16000000000000.0,Duplicate,shipment_id,Appears multiple times
16100000000000.0,Duplicate,shipment_id,Appears multiple times
1410000000000000.0,Duplicate,shipment_id,Appears multiple times
912000000000000.0,Duplicate,shipment_id,Appears multiple times
811000000000000.0,Duplicate,shipment_id,Appears multiple times
611000000000000.0,Duplicate,shipment_id,Appears multiple times
606000000000000.0,Duplicate,shipment_id,Appears multiple times
170000000000000.0,Duplicate,shipment_id,Appears multiple times
23100000000000.0,Duplicate,shipment_id,Appears multiple times
290000000000000.0,Duplicate,shipment_id,Appears multiple times
90100000000000.0,Duplicate,shipment_id,Appears multiple times
2000000000000000.0,Duplicate,shipment_id,Appears multiple times
1800000000000000.0,Duplicate,shipment_id,Appears multiple times
271000000000000.0,Duplicate,shipment_id,Appears multiple times
24000000000000.0,Duplicate,shipment_id,Appears multiple times
2600000000000000.0,Duplicate,shipment_id,Appears multiple times
190000000000000.0,Duplicate,shipment_id,Appears multiple times
40200000000000.0,Duplicate,shipment_id,Appears multiple times
231000000000000.0,Duplicate,shipment_id,Appears multiple times
151000000000000.0,Duplicate,shipment_id,Appears multiple times
60500000000000.0,Duplicate,shipment_id,Appears multiple times
13000000000000.0,Duplicate,shipment_id,Appears multiple times
25000000000000.0,Duplicate,shipment_id,Appears multiple times
401000000000.0,Duplicate,shipment_id,Appears multiple times
612000000000000.0,Duplicate,shipment_id,Appears multiple times
508000000000000.0,Duplicate,shipment_id,Appears multiple times
30100000000000.0,Duplicate,shipment_id,Appears multiple times
108000000000000.0,Duplicate,shipment_id,Appears multiple times
412000000000000.0,Duplicate,shipment_id,Appears multiple times
212000000000000.0,Duplicate,shipment_id,Appears multiple times
301000000000000.0,Duplicate,shipment_id,Appears multiple times
610000000000000.0,Duplicate,shipment_id,Appears multiple times
8495577582.0,Duplicate,shipment_id,Appears multiple times
2310000000000000.0,Duplicate,shipment_id,Appears multiple times
112000000000000.0,Duplicate,shipment_id,Appears multiple times
810000000000000.0,Duplicate,shipment_id,Appears multiple times
312000000000000.0,Duplicate,shipment_id,Appears multiple times
261000000000000.0,Duplicate,shipment_id,Appears multiple times
181000000000000.0,Duplicate,shipment_id,Appears multiple times
908000000000000.0,Duplicate,shipment_id,Appears multiple times
1400000000000000.0,Duplicate,shipment_id,Appears multiple times
6977674799.0,Duplicate,shipment_id,Appears multiple times
1710000000000000.0,Duplicate,shipment_id,Appears multiple times
1000000000000000.0,Duplicate,shipment_id,Appears multiple times
171000000000000.0,Duplicate,shipment_id,Appears multiple times
161000000000000.0,Duplicate,shipment_id,Appears multiple times
2300000000000000.0,Duplicate,shipment_id,Appears multiple times
801000000000000.0,Duplicate,shipment_id,Appears multiple times
907000000000000.0,Duplicate,shipment_id,Appears multiple times
409000000000000.0,Duplicate,shipment_id,Appears multiple times
2700000000000000.0,Duplicate,shipment_id,Appears multiple times
404000000000000.0,Duplicate,shipment_id,Appears multiple times
201000000000000.0,Duplicate,shipment_id,Appears multiple times
31000000000000.0,Duplicate,shipment_id,Appears multiple times
18000000000000.0,Duplicate,shipment_id,Appears multiple times
6977320605.0,Duplicate,shipment_id,Appears multiple times
6977320604.0,Duplicate,shipment_id,Appears multiple times
111000000000000.0,Duplicate,shipment_id,Appears multiple times
241000000000000.0,Duplicate,shipment_id,Appears multiple times
812000000000000.0,Duplicate,shipment_id,Appears multiple times
711000000000000.0,Duplicate,shipment_id,Appears multiple times
101000000000000.0,Duplicate,shipment_id,Appears multiple times
10400000000000.0,Duplicate,shipment_id,Appears multiple times
150000000000000.0,Duplicate,shipment_id,Appears multiple times
140000000000000.0,Duplicate,shipment_id,Appears multiple times
206000000000000.0,Duplicate,shipment_id,Appears multiple times
270000000000000.0,Duplicate,shipment_id,Appears multiple times
411000000000000.0,Duplicate,shipment_id,Appears multiple times
50400000000000.0,Duplicate,shipment_id,Appears multiple times
705000000000000.0,Duplicate,shipment_id,Appears multiple times
70400000000000.0,Duplicate,shipment_id,Appears multiple times
300000000000000.0,Duplicate,shipment_id,Appears multiple times
909000000000000.0,Duplicate,shipment_id,Appears multiple times
804000000000000.0,Duplicate,shipment_id,Appears multiple times
1500000000000000.0,Duplicate,shipment_id,Appears multiple times
911000000000000.0,Duplicate,shipment_id,Appears multiple times
12100000000000.0,Duplicate,shipment_id,Appears multiple times
406000000000000.0,Duplicate,shipment_id,Appears multiple times
20400000000000.0,Duplicate,shipment_id,Appears multiple times
512000000000000.0,Duplicate,shipment_id,Appears multiple times
100000000000000.0,Duplicate,shipment_id,Appears multiple times
1600000000000000.0,Duplicate,shipment_id,Appears multiple times
1200000000000000.0,Duplicate,shipment_id,Appears multiple times
410000000000000.0,Duplicate,shipment_id,Appears multiple times
60300000000000.0,Duplicate,shipment_id,Appears multiple times
281000000000000.0,Duplicate,shipment_id,Appears multiple times
70100000000000.0,Duplicate,shipment_id,Appears multiple times
1900000000000000.0,Duplicate,shipment_id,Appears multiple times
40300000000000.0,Duplicate,shipment_id,Appears multiple times
904000000000000.0,Duplicate,shipment_id,Appears multiple times
709000000000000.0,Duplicate,shipment_id,Appears multiple times
9010000000000.0,Duplicate,shipment_id,Appears multiple times
704000000000000.0,Duplicate,shipment_id,Appears multiple times
51100000000000.0,Duplicate,shipment_id,Appears multiple times
703000000000000.0,Duplicate,shipment_id,Appears multiple times
205000000000000.0,Duplicate,shipment_id,Appears multiple times
131000000000000.0,Duplicate,shipment_id,Appears multiple times
1700000000000000.0,Duplicate,shipment_id,Appears multiple times
11100000000000.0,Duplicate,shipment_id,Appears multiple times
221000000000000.0,Duplicate,shipment_id,Appears multiple times
3100000000000000.0,Duplicate,shipment_id,Appears multiple times
609000000000000.0,Duplicate,shipment_id,Appears multiple times
20200000000000.0,Duplicate,shipment_id,Appears multiple times
50900000000000.0,Duplicate,shipment_id,Appears multiple times
807000000000000.0,Duplicate,shipment_id,Appears multiple times
905000000000000.0,Duplicate,shipment_id,Appears multiple times
504000000000000.0,Duplicate,shipment_id,Appears multiple times
91000000000000.0,Duplicate,shipment_id,Appears multiple times
21000000000000.0,Duplicate,shipment_id,Appears multiple times
601000000000.0,Duplicate,shipment_id,Appears multiple times
70300000000000.0,Duplicate,shipment_id,Appears multiple times
28000000000000.0,Duplicate,shipment_id,Appears multiple times
191000000000000.0,Duplicate,shipment_id,Appears multiple times
1100000000000000.0,Duplicate,shipment_id,Appears multiple times
803000000000000.0,Duplicate,shipment_id,Appears multiple times
20300000000000.0,Duplicate,shipment_id,Appears multiple times
50100000000000.0,Duplicate,shipment_id,Appears multiple times
20100000000000.0,Duplicate,shipment_id,Appears multiple times
11000000000000.0,Duplicate,shipment_id,Appears multiple times
60200000000000.0,Duplicate,shipment_id,Appears multiple times
40100000000000.0,Duplicate,shipment_id,Appears multiple times
408000000000000.0,Duplicate,shipment_id,Appears multiple times
106000000000000.0,Duplicate,shipment_id,Appears multiple times
805000000000000.0,Duplicate,shipment_id,Appears multiple times
3000000000000000.0,Duplicate,shipment_id,Appears multiple times
2900000000000000.0,Duplicate,shipment_id,Appears multiple times
141000000000000.0,Duplicate,shipment_id,Appears multiple times
204000000000000.0,Duplicate,shipment_id,Appears multiple times
707000000000000.0,Duplicate,shipment_id,Appears multiple times
10200000000000.0,Duplicate,shipment_id,Appears multiple times
41000000000000.0,Duplicate,shipment_id,Appears multiple times
208000000000000.0,Duplicate,shipment_id,Appears multiple times
405000000000000.0,Duplicate,shipment_id,Appears multiple times
29100000000000.0,Duplicate,shipment_id,Appears multiple times
90300000000000.0,Duplicate,shipment_id,Appears multiple times
402000000000000.0,Duplicate,shipment_id,Appears multiple times
291000000000000.0,Duplicate,shipment_id,Appears multiple times
20000000000000.0,Duplicate,shipment_id,Appears multiple times
708000000000000.0,Duplicate,shipment_id,Appears multiple times
2800000000000000.0,Duplicate,shipment_id,Appears multiple times
50200000000000.0,Duplicate,shipment_id,Appears multiple times
109000000000000.0,Duplicate,shipment_id,Appears multiple times
2200000000000000.0,Duplicate,shipment_id,Appears multiple times
50300000000000.0,Duplicate,shipment_id,Appears multiple times
809000000000000.0,Duplicate,shipment_id,Appears multiple times
107000000000000.0,Duplicate,shipment_id,Appears multiple times
8010000000000.0,Duplicate,shipment_id,Appears multiple times
605000000000000.0,Duplicate,shipment_id,Appears multiple times
507000000000000.0,Duplicate,shipment_id,Appears multiple times
23000000000000.0,Duplicate,shipment_id,Appears multiple times
709000000000.0,Duplicate,shipment_id,Appears multiple times
30400000000000.0,Duplicate,shipment_id,Appears multiple times
80300000000000.0,Duplicate,shipment_id,Appears multiple times
8100000000000.0,Duplicate,shipment_id,Appears multiple times
80200000000000.0,Duplicate,shipment_id,Appears multiple times
710000000000000.0,Duplicate,shipment_id,Appears multiple times
8020000000000.0,Duplicate,shipment_id,Appears multiple times
607000000000000.0,Duplicate,shipment_id,Appears multiple times
251000000000000.0,Duplicate,shipment_id,Appears multiple times
10300000000000.0,Duplicate,shipment_id,Appears multiple times
7010000000000.0,Duplicate,shipment_id,Appears multiple times
27100000000000.0,Duplicate,shipment_id,Appears multiple times
61000000000000.0,Duplicate,shipment_id,Appears multiple times
304000000000000.0,Duplicate,shipment_id,Appears multiple times
60100000000000.0,Duplicate,shipment_id,Appears multiple times
28100000000000.0,Duplicate,shipment_id,Appears multiple times
5010000000000.0,Duplicate,shipment_id,Appears multiple times
90200000000000.0,Duplicate,shipment_id,Appears multiple times
305000000000000.0,Duplicate,shipment_id,Appears multiple times
70200000000000.0,Duplicate,shipment_id,Appears multiple times
4010000000000.0,Duplicate,shipment_id,Appears multiple times
209000000000000.0,Duplicate,shipment_id,Appears multiple times
604000000000000.0,Duplicate,shipment_id,Appears multiple times
81000000000000.0,Duplicate,shipment_id,Appears multiple times
806000000000000.0,Duplicate,shipment_id,Appears multiple times
30900000000000.0,Duplicate,shipment_id,Appears multiple times
51000000000000.0,Duplicate,shipment_id,Appears multiple times
12000000000000.0,Duplicate,shipment_id,Appears multiple times
6010000000000.0,Duplicate,shipment_id,Appears multiple times
90900000000000.0,Duplicate,shipment_id,Appears multiple times
906000000000000.0,Duplicate,shipment_id,Appears multiple times
10000000000000.0,Duplicate,shipment_id,Appears multiple times
91100000000000.0,Duplicate,shipment_id,Appears multiple times
505000000000000.0,Duplicate,shipment_id,Appears multiple times
1010000000000.0,Duplicate,shipment_id,Appears multiple times
30300000000000.0,Duplicate,shipment_id,Appears multiple times
910000000000000.0,Duplicate,shipment_id,Appears multiple times
17000000000000.0,Duplicate,shipment_id,Appears multiple times
15000000000000.0,Duplicate,shipment_id,Appears multiple times
10100000000000.0,Duplicate,shipment_id,Appears multiple times
603000000000000.0,Duplicate,shipment_id,Appears multiple times
61100000000000.0,Duplicate,shipment_id,Appears multiple times
80400000000000.0,Duplicate,shipment_id,Appears multiple times
60400000000000.0,Duplicate,shipment_id,Appears multiple times
6090000000000.0,Duplicate,shipment_id,Appears multiple times
4020000000000.0,Duplicate,shipment_id,Appears multiple times
5100000000000.0,Duplicate,shipment_id,Appears multiple times
4100000000000.0,Duplicate,shipment_id,Appears multiple times
503000000000000.0,Duplicate,shipment_id,Appears multiple times
81100000000000.0,Duplicate,shipment_id,Appears multiple times
21100000000000.0,Duplicate,shipment_id,Appears multiple times
2010000000000.0,Duplicate,shipment_id,Appears multiple times
706000000000000.0,Duplicate,shipment_id,Appears multiple times
22000000000000.0,Duplicate,shipment_id,Appears multiple times
3010000000000.0,Duplicate,shipment_id,Appears multiple times
26100000000000.0,Duplicate,shipment_id,Appears multiple times
25100000000000.0,Duplicate,shipment_id,Appears multiple times
22100000000000.0,Duplicate,shipment_id,Appears multiple times
19100000000000.0,Duplicate,shipment_id,Appears multiple times
17100000000000.0,Duplicate,shipment_id,Appears multiple times
15100000000000.0,Duplicate,shipment_id,Appears multiple times
14100000000000.0,Duplicate,shipment_id,Appears multiple times
9100000000000.0,Duplicate,shipment_id,Appears multiple times
7100000000000.0,Duplicate,shipment_id,Appears multiple times
1100000000000.0,Duplicate,shipment_id,Appears multiple times
306000000000000.0,Duplicate,shipment_id,Appears multiple times
104000000000000.0,Duplicate,shipment_id,Appears multiple times
903000000000000.0,Duplicate,shipment_id,Appears multiple times
30000000000000.0,Duplicate,shipment_id,Appears multiple times
14000000000000.0,Duplicate,shipment_id,Appears multiple times
201000000000.0,Duplicate,shipment_id,Appears multiple times
71200000000000.0,Duplicate,shipment_id,Appears multiple times
60900000000000.0,Duplicate,shipment_id,Appears multiple times
41200000000000.0,Duplicate,shipment_id,Appears multiple times
31200000000000.0,Duplicate,shipment_id,Appears multiple times
2090000000000.0,Duplicate,shipment_id,Appears multiple times
3090000000000.0,Duplicate,shipment_id,Appears multiple times
71000000000000.0,Duplicate,shipment_id,Appears multiple times
71100000000000.0,Duplicate,shipment_id,Appears multiple times
2400000000000.0,Duplicate,shipment_id,Appears multiple times
401000000000000.0,Duplicate,shipment_id,Appears multiple times
1610000000000000.0,Low Price,unit_price,Suspiciously low unit price (48.8)
6977481649.0,Low Price,unit_price,Suspiciously low unit price (0.0)
6977476422.0,Low Price,unit_price,Suspiciously low unit price (1.0)
6977476421.0,Low Price,unit_price,Suspiciously low unit price (1.0)
6977672824.0,Low Price,unit_price,Suspiciously low unit price (2.0)
6977481651.0,Low Price,unit_price,Suspiciously low unit price (4.3)
6977480167.0,Low Price,unit_price,Suspiciously low unit price (4.6)
6977480168.0,Low Price,unit_price,Suspiciously low unit price (5.0)
6977480169.0,Low Price,unit_price,Suspiciously low unit price (6.4)
6977480170.0,Low Price,unit_price,Suspiciously low unit price (6.7)
6977480171.0,Low Price,unit_price,Suspiciously low unit price (10.6)
6977680230.0,Low Price,unit_price,Suspiciously low unit price (15.4)
6977480173.0,Low Price,unit_price,Suspiciously low unit price (16.2)
6977680238.0,Low Price,unit_price,Suspiciously low unit price (17.6)
6977680228.0,Low Price,unit_price,Suspiciously low unit price (17.6)
6977480174.0,Low Price,unit_price,Suspiciously low unit price (17.8)
6977680234.0,Low Price,unit_price,Suspiciously low unit price (18.1)
6977480175.0,Low Price,unit_price,Suspiciously low unit price (18.8)
6977680246.0,Low Price,unit_price,Suspiciously low unit price (18.9)
6977480176.0,Low Price,unit_price,Suspiciously low unit price (18.9)
6977680235.0,Low Price,unit_price,Suspiciously low unit price (20.2)
6977680243.0,Low Price,unit_price,Suspiciously low unit price (20.8)
6977480177.0,Low Price,unit_price,Suspiciously low unit price (20.9)
6977680249.0,Low Price,unit_price,Suspiciously low unit price (22.3)
6977680251.0,Low Price,unit_price,Suspiciously low unit price (22.8)
6977625017.0,Low Price,unit_price,Suspiciously low unit price (23.3)
6977680252.0,Low Price,unit_price,Suspiciously low unit price (23.6)
6977680247.0,Low Price,unit_price,Suspiciously low unit price (23.9)
6977680229.0,Low Price,unit_price,Suspiciously low unit price (23.9)
6977680245.0,Low Price,unit_price,Suspiciously low unit price (25.6)
6977680239.0,Low Price,unit_price,Suspiciously low unit price (27.4)
6977680253.0,Low Price,unit_price,Suspiciously low unit price (28.7)
6977480178.0,Low Price,unit_price,Suspiciously low unit price (29.2)
6977680231.0,Low Price,unit_price,Suspiciously low unit price (29.5)
6977481650.0,Low Price,unit_price,Suspiciously low unit price (29.7)
6977680244.0,Low Price,unit_price,Suspiciously low unit price (31.9)
6977680242.0,Low Price,unit_price,Suspiciously low unit price (32.5)
6977680236.0,Low Price,unit_price,Suspiciously low unit price (33.3)
6977680233.0,Low Price,unit_price,Suspiciously low unit price (33.3)
6977680232.0,Low Price,unit_price,Suspiciously low unit price (33.9)
6977680237.0,Low Price,unit_price,Suspiciously low unit price (42.1)
6977680250.0,Low Price,unit_price,Suspiciously low unit price (44.3)
6977480172.0,Low Price,unit_price,Suspiciously low unit price (44.6)
6977680240.0,Low Price,unit_price,Suspiciously low unit price (48.7)
6977644678.0,Low Price,unit_price,Suspiciously low unit price (48.8)
6977147951.0,Low Price,unit_price,Suspiciously low unit price (1.0)
6977283852.0,Low Price,unit_price,Suspiciously low unit price (2.4)
6977235236.0,Low Price,unit_price,Suspiciously low unit price (3.0)
6977225012.0,Low Price,unit_price,Suspiciously low unit price (3.0)
6977160053.0,Low Price,unit_price,Suspiciously low unit price (4.2)
6977387234.0,Low Price,unit_price,Suspiciously low unit price (4.9)
6977307534.0,Low Price,unit_price,Suspiciously low unit price (8.1)
6977165311.0,Low Price,unit_price,Suspiciously low unit price (12.1)
6977353900.0,Low Price,unit_price,Suspiciously low unit price (20.3)
6977283851.0,Low Price,unit_price,Suspiciously low unit price (23.4)
6976370119.0,Low Price,unit_price,Suspiciously low unit price (49.9)
6976370118.0,Low Price,unit_price,Suspiciously low unit price (49.9)
7992789064.0,Low Price,unit_price,Suspiciously low unit price (49.4)
1097796486.0,Low Price,unit_price,Suspiciously low unit price (49.9)
1057766075.0,Low Price,unit_price,Suspiciously low unit price (42.6)
6752012762.0,Low Price,unit_price,Suspiciously low unit price (12.0)
6752012754.0,Low Price,unit_price,Suspiciously low unit price (5.4)
6752012758.0,Low Price,unit_price,Suspiciously low unit price (47.4)
6752012756.0,Low Price,unit_price,Suspiciously low unit price (14.6)
6752012761.0,Low Price,unit_price,Suspiciously low unit price (2.8)
1100042067.0,Low Price,unit_price,Suspiciously low unit price (43.7)
7992765416.0,Low Price,unit_price,Suspiciously low unit price (37.5)
23100000000000.0,Low Price,unit_price,Suspiciously low unit price (42.1)
1151852833.0,Low Price,unit_price,Suspiciously low unit price (4.8)
1166953973.0,Low Price,unit_price,Suspiciously low unit price (31.2)
2000000000000000.0,Low Price,unit_price,Suspiciously low unit price (7.9)
611000000000000.0,Low Price,unit_price,Suspiciously low unit price (45.6)
611000000000000.0,Low Price,unit_price,Suspiciously low unit price (45.6)
611000000000000.0,Low Price,unit_price,Suspiciously low unit price (45.0)
611000000000000.0,Low Price,unit_price,Suspiciously low unit price (45.0)
2310000000000000.0,Low Price,unit_price,Suspiciously low unit price (19.6)
1144536492.0,Low Price,unit_price,Suspiciously low unit price (38.8)
1174153532.0,Low Price,unit_price,Suspiciously low unit price (38.8)
3976095306.0,Low Price,unit_price,Suspiciously low unit price (30.2)
9456621150.0,Low Price,unit_price,Suspiciously low unit price (48.2)
9456621149.0,Low Price,unit_price,Suspiciously low unit price (48.2)
9456621147.0,Low Price,unit_price,Suspiciously low unit price (48.2)
9456621145.0,Low Price,unit_price,Suspiciously low unit price (48.2)
8849946100.0,Low Price,unit_price,Suspiciously low unit price (45.5)
8849946096.0,Low Price,unit_price,Suspiciously low unit price (45.5)
8849946087.0,Low Price,unit_price,Suspiciously low unit price (45.5)
1128787122.0,Low Price,unit_price,Suspiciously low unit price (38.6)
1035687117.0,Low Price,unit_price,Suspiciously low unit price (38.6)
1025688102.0,Low Price,unit_price,Suspiciously low unit price (38.6)
1095935342.0,Low Price,unit_price,Suspiciously low unit price (38.6)
1292163474.0,Low Price,unit_price,Suspiciously low unit price (31.5)
1873292617.0,Low Price,unit_price,Suspiciously low unit price (31.5)
1423230746.0,Low Price,unit_price,Suspiciously low unit price (31.5)
1091932935.0,Low Price,unit_price,Suspiciously low unit price (31.5)
1334498732.0,Low Price,unit_price,Suspiciously low unit price (31.5)
1589157671.0,Low Price,unit_price,Suspiciously low unit price (31.5)
404000000000000.0,Low Price,unit_price,Suspiciously low unit price (38.6)
201000000000000.0,Low Price,unit_price,Suspiciously low unit price (35.9)
31000000000000.0,Low Price,unit_price,Suspiciously low unit price (35.9)
120000000000000.0,Low Price,unit_price,Suspiciously low unit price (35.8)
1310000000000000.0,Low Price,unit_price,Suspiciously low unit price (34.4)
1310000000000000.0,Low Price,unit_price,Suspiciously low unit price (34.4)
2810000000000000.0,Low Price,unit_price,Suspiciously low unit price (34.3)
2810000000000000.0,Low Price,unit_price,Suspiciously low unit price (34.3)
1101469451.0,Low Price,unit_price,Suspiciously low unit price (0.2)
1101469452.0,Low Price,unit_price,Suspiciously low unit price (0.3)
1101469450.0,Low Price,unit_price,Suspiciously low unit price (1.1)
2778780331.0,Low Price,unit_price,Suspiciously low unit price (1.1)
3753706761.0,Low Price,unit_price,Suspiciously low unit price (1.2)
3753706752.0,Low Price,unit_price,Suspiciously low unit price (1.2)
3753706765.0,Low Price,unit_price,Suspiciously low unit price (1.2)
9201213876.0,Low Price,unit_price,Suspiciously low unit price (1.1)
1323778974.0,Low Price,unit_price,Suspiciously low unit price (46.7)
1144833085.0,Low Price,unit_price,Suspiciously low unit price (16.2)
1035125973.0,Low Price,unit_price,Suspiciously low unit price (11.3)
1128214449.0,Low Price,unit_price,Suspiciously low unit price (33.3)
200000000000000.0,Low Price,unit_price,Suspiciously low unit price (37.7)
200000000000000.0,Low Price,unit_price,Suspiciously low unit price (37.7)
200000000000000.0,Low Price,unit_price,Suspiciously low unit price (37.7)
200000000000000.0,Low Price,unit_price,Suspiciously low unit price (37.7)
200000000000000.0,Low Price,unit_price,Suspiciously low unit price (37.7)
200000000000000.0,Low Price,unit_price,Suspiciously low unit price (37.7)
200000000000000.0,Low Price,unit_price,Suspiciously low unit price (37.7)
200000000000000.0,Low Price,unit_price,Suspiciously low unit price (37.7)
200000000000000.0,Low Price,unit_price,Suspiciously low unit price (37.7)
200000000000000.0,Low Price,unit_price,Suspiciously low unit price (37.7)
1240594051.0,Low Price,unit_price,Suspiciously low unit price (13.6)
6977205167.0,Low Price,unit_price,Suspiciously low unit price (24.7)
2778439648.0,Low Price,unit_price,Suspiciously low unit price (22.2)
3463632414.0,Low Price,unit_price,Suspiciously low unit price (2.2)
1100744749.0,Low Price,unit_price,Suspiciously low unit price (45.9)
1100744750.0,Low Price,unit_price,Suspiciously low unit price (45.9)
129232090.0,Low Price,unit_price,Suspiciously low unit price (49.3)
1046042541.0,Low Price,unit_price,Suspiciously low unit price (3.3)
1043595016.0,Low Price,unit_price,Suspiciously low unit price (17.1)
9705215542.0,Low Price,unit_price,Suspiciously low unit price (35.8)
9861315628.0,Low Price,unit_price,Suspiciously low unit price (26.8)
9861371734.0,Low Price,unit_price,Suspiciously low unit price (24.9)
7993077442.0,Low Price,unit_price,Suspiciously low unit price (37.7)
446217710.0,Low Price,unit_price,Suspiciously low unit price (35.7)
447294334.0,Low Price,unit_price,Suspiciously low unit price (36.0)
447269812.0,Low Price,unit_price,Suspiciously low unit price (44.1)
3974390189.0,Low Price,unit_price,Suspiciously low unit price (38.0)
3974390124.0,Low Price,unit_price,Suspiciously low unit price (37.6)
3974390598.0,Low Price,unit_price,Suspiciously low unit price (37.4)
2778070130.0,Low Price,unit_price,Suspiciously low unit price (37.1)
2778070132.0,Low Price,unit_price,Suspiciously low unit price (39.0)
1420370413.0,Low Price,unit_price,Suspiciously low unit price (38.9)
1420410991.0,Low Price,unit_price,Suspiciously low unit price (37.9)
1419109367.0,Low Price,unit_price,Suspiciously low unit price (41.6)
1419714410.0,Low Price,unit_price,Suspiciously low unit price (34.4)
1419196715.0,Low Price,unit_price,Suspiciously low unit price (33.6)
695184853.0,Low Price,unit_price,Suspiciously low unit price (37.7)
9201672923.0,Low Price,unit_price,Suspiciously low unit price (33.5)
830584090.0,Low Price,unit_price,Suspiciously low unit price (33.1)
830378780.0,Low Price,unit_price,Suspiciously low unit price (47.5)
219158192.0,Low Price,unit_price,Suspiciously low unit price (49.3)
219089476.0,Low Price,unit_price,Suspiciously low unit price (34.0)
129624219.0,Low Price,unit_price,Suspiciously low unit price (34.0)
8483525744.0,Low Price,unit_price,Suspiciously low unit price (33.0)
1354896941.0,Low Price,unit_price,Suspiciously low unit price (35.3)
1093804396.0,Low Price,unit_price,Suspiciously low unit price (35.3)
1200712389.0,Low Price,unit_price,Suspiciously low unit price (35.3)
280000000000000.0,Low Price,unit_price,Suspiciously low unit price (47.3)
696111363.0,Low Price,unit_price,Suspiciously low unit price (26.4)
696111354.0,Low Price,unit_price,Suspiciously low unit price (36.4)
220722492.0,Low Price,unit_price,Suspiciously low unit price (8.6)
9706458333.0,Low Price,unit_price,Suspiciously low unit price (14.8)
9861337083.0,Low Price,unit_price,Suspiciously low unit price (36.7)
1417731732.0,Low Price,unit_price,Suspiciously low unit price (48.9)
1417638039.0,Low Price,unit_price,Suspiciously low unit price (42.0)
1044258891.0,Low Price,unit_price,Suspiciously low unit price (20.0)
1044258887.0,Low Price,unit_price,Suspiciously low unit price (20.0)
829862040.0,Low Price,unit_price,Suspiciously low unit price (1.2)
831382186.0,Low Price,unit_price,Suspiciously low unit price (12.7)
7990862116.0,Low Price,unit_price,Suspiciously low unit price (14.5)
7990884864.0,Low Price,unit_price,Suspiciously low unit price (24.1)
7990860627.0,Low Price,unit_price,Suspiciously low unit price (8.0)
7990862117.0,Low Price,unit_price,Suspiciously low unit price (8.0)
1043583630.0,Low Price,unit_price,Suspiciously low unit price (14.2)
1043589051.0,Low Price,unit_price,Suspiciously low unit price (23.6)
1043589041.0,Low Price,unit_price,Suspiciously low unit price (23.6)
1043583632.0,Low Price,unit_price,Suspiciously low unit price (7.9)
1043583559.0,Low Price,unit_price,Suspiciously low unit price (7.9)
1043583556.0,Low Price,unit_price,Suspiciously low unit price (11.0)
1043589137.0,Low Price,unit_price,Suspiciously low unit price (1.4)
447444717.0,Low Price,unit_price,Suspiciously low unit price (1.4)
447444722.0,Low Price,unit_price,Suspiciously low unit price (1.4)
447444772.0,Low Price,unit_price,Suspiciously low unit price (35.1)
447444766.0,Low Price,unit_price,Suspiciously low unit price (35.1)
6977068555.0,Low Price,unit_price,Suspiciously low unit price (0.1)
6977068554.0,Low Price,unit_price,Suspiciously low unit price (0.1)
9202118006.0,Low Price,unit_price,Suspiciously low unit price (0.2)
3972228002.0,Low Price,unit_price,Suspiciously low unit price (11.6)
9323323951.0,Low Price,unit_price,Suspiciously low unit price (11.5)
7991648731.0,Low Price,unit_price,Suspiciously low unit price (39.0)
4346929609.0,Low Price,unit_price,Suspiciously low unit price (23.2)
6975357192.0,Low Price,unit_price,Suspiciously low unit price (3.1)
9860583411.0,Low Price,unit_price,Suspiciously low unit price (3.2)
128694793.0,Low Price,unit_price,Suspiciously low unit price (3.2)
9324559914.0,Low Price,unit_price,Suspiciously low unit price (3.3)
9202008135.0,Low Price,unit_price,Suspiciously low unit price (8.8)
1098243195.0,Low Price,unit_price,Suspiciously low unit price (16.1)
448320521.0,Low Price,unit_price,Suspiciously low unit price (18.7)
9704391775.0,Low Price,unit_price,Suspiciously low unit price (7.9)
9703977740.0,Low Price,unit_price,Suspiciously low unit price (8.5)
9703977743.0,Low Price,unit_price,Suspiciously low unit price (8.5)
9859714343.0,Low Price,unit_price,Suspiciously low unit price (4.7)
7990864913.0,Low Price,unit_price,Suspiciously low unit price (5.0)
7990362721.0,Low Price,unit_price,Suspiciously low unit price (4.7)
7990692026.0,Low Price,unit_price,Suspiciously low unit price (4.8)
1098899152.0,Low Price,unit_price,Suspiciously low unit price (5.0)
3973610766.0,Low Price,unit_price,Suspiciously low unit price (4.7)
2776597036.0,Low Price,unit_price,Suspiciously low unit price (4.8)
9454990205.0,Low Price,unit_price,Suspiciously low unit price (4.5)
3461361768.0,Low Price,unit_price,Suspiciously low unit price (4.6)
8497185997.0,Low Price,unit_price,Suspiciously low unit price (4.5)
8847878346.0,Low Price,unit_price,Suspiciously low unit price (4.5)
7854436586.0,Low Price,unit_price,Suspiciously low unit price (4.7)
7854436560.0,Low Price,unit_price,Suspiciously low unit price (4.7)
830245057.0,Low Price,unit_price,Suspiciously low unit price (48.5)
3462286420.0,Low Price,unit_price,Suspiciously low unit price (15.0)
9706034780.0,Low Price,unit_price,Suspiciously low unit price (7.5)
693059332.0,Low Price,unit_price,Suspiciously low unit price (4.3)
3459509022.0,Low Price,unit_price,Suspiciously low unit price (7.8)
6977197882.0,Low Price,unit_price,Suspiciously low unit price (15.8)
6977197883.0,Low Price,unit_price,Suspiciously low unit price (42.8)
6977202925.0,Low Price,unit_price,Suspiciously low unit price (42.8)
9704431479.0,Low Price,unit_price,Suspiciously low unit price (30.5)
9861579971.0,Low Price,unit_price,Suspiciously low unit price (38.9)
449298944.0,Low Price,unit_price,Suspiciously low unit price (35.9)
449298919.0,Low Price,unit_price,Suspiciously low unit price (39.2)
449298955.0,Low Price,unit_price,Suspiciously low unit price (20.2)
3975111005.0,Low Price,unit_price,Suspiciously low unit price (40.2)
2777995810.0,Low Price,unit_price,Suspiciously low unit price (40.1)
1419798616.0,Low Price,unit_price,Suspiciously low unit price (36.9)
1419798600.0,Low Price,unit_price,Suspiciously low unit price (36.9)
1419798622.0,Low Price,unit_price,Suspiciously low unit price (40.4)
1419798606.0,Low Price,unit_price,Suspiciously low unit price (20.8)
9202950755.0,Low Price,unit_price,Suspiciously low unit price (40.3)
9202388399.0,Low Price,unit_price,Suspiciously low unit price (42.4)
9456415985.0,Low Price,unit_price,Suspiciously low unit price (41.0)
7994342937.0,Low Price,unit_price,Suspiciously low unit price (12.1)
150000000000000.0,Low Price,unit_price,Suspiciously low unit price (40.9)
140000000000000.0,Low Price,unit_price,Suspiciously low unit price (40.4)
828706782.0,Low Price,unit_price,Suspiciously low unit price (1.3)
9453544193.0,Low Price,unit_price,Suspiciously low unit price (14.2)
9453544194.0,Low Price,unit_price,Suspiciously low unit price (14.2)
9455167175.0,Low Price,unit_price,Suspiciously low unit price (23.5)
3974482708.0,Low Price,unit_price,Suspiciously low unit price (11.8)
3974376860.0,Low Price,unit_price,Suspiciously low unit price (11.8)
2776976128.0,Low Price,unit_price,Suspiciously low unit price (11.9)
694912388.0,Low Price,unit_price,Suspiciously low unit price (11.9)
9203264988.0,Low Price,unit_price,Suspiciously low unit price (12.0)
9203052904.0,Low Price,unit_price,Suspiciously low unit price (12.0)
830605016.0,Low Price,unit_price,Suspiciously low unit price (11.8)
219185942.0,Low Price,unit_price,Suspiciously low unit price (11.7)
9455247751.0,Low Price,unit_price,Suspiciously low unit price (11.7)
3462156321.0,Low Price,unit_price,Suspiciously low unit price (12.0)
3752635248.0,Low Price,unit_price,Suspiciously low unit price (12.4)
3752459523.0,Low Price,unit_price,Suspiciously low unit price (11.9)
9325458693.0,Low Price,unit_price,Suspiciously low unit price (11.6)
9325410574.0,Low Price,unit_price,Suspiciously low unit price (11.6)
8483434296.0,Low Price,unit_price,Suspiciously low unit price (11.2)
8483261112.0,Low Price,unit_price,Suspiciously low unit price (10.9)
9703279383.0,Low Price,unit_price,Suspiciously low unit price (41.9)
9860099988.0,Low Price,unit_price,Suspiciously low unit price (36.3)
1045782802.0,Low Price,unit_price,Suspiciously low unit price (40.1)
447312824.0,Low Price,unit_price,Suspiciously low unit price (42.0)
1418786860.0,Low Price,unit_price,Suspiciously low unit price (34.4)
829554369.0,Low Price,unit_price,Suspiciously low unit price (35.4)
9457152026.0,Low Price,unit_price,Suspiciously low unit price (35.8)
9454717494.0,Low Price,unit_price,Suspiciously low unit price (42.0)
9324870680.0,Low Price,unit_price,Suspiciously low unit price (33.5)
7994041605.0,Low Price,unit_price,Suspiciously low unit price (14.0)
9861424938.0,Low Price,unit_price,Suspiciously low unit price (6.3)
695112393.0,Low Price,unit_price,Suspiciously low unit price (15.6)
9456557478.0,Low Price,unit_price,Suspiciously low unit price (5.1)
9455716128.0,Low Price,unit_price,Suspiciously low unit price (5.5)
1044167191.0,Low Price,unit_price,Suspiciously low unit price (26.6)
127100156.0,Low Price,unit_price,Suspiciously low unit price (20.3)
9201648643.0,Low Price,unit_price,Suspiciously low unit price (13.3)
9201648645.0,Low Price,unit_price,Suspiciously low unit price (10.2)
2778225491.0,Low Price,unit_price,Suspiciously low unit price (37.3)
9704278992.0,Low Price,unit_price,Suspiciously low unit price (39.6)
220056065.0,Low Price,unit_price,Suspiciously low unit price (0.2)
9456942809.0,Low Price,unit_price,Suspiciously low unit price (24.2)
128990725.0,Low Price,unit_price,Suspiciously low unit price (40.9)
449540239.0,Low Price,unit_price,Suspiciously low unit price (11.2)
9702198925.0,Low Price,unit_price,Suspiciously low unit price (40.8)
218461324.0,Low Price,unit_price,Suspiciously low unit price (40.8)
3753799754.0,Low Price,unit_price,Suspiciously low unit price (34.1)
217863777.0,Low Price,unit_price,Suspiciously low unit price (23.8)
9457078994.0,Low Price,unit_price,Suspiciously low unit price (13.5)
9456290616.0,Low Price,unit_price,Suspiciously low unit price (23.3)
9455960287.0,Low Price,unit_price,Suspiciously low unit price (23.3)
6977292110.0,Low Price,unit_price,Suspiciously low unit price (8.0)
7993515397.0,Low Price,unit_price,Suspiciously low unit price (7.5)
7993499284.0,Low Price,unit_price,Suspiciously low unit price (7.5)
7992350426.0,Low Price,unit_price,Suspiciously low unit price (25.7)
9863415343.0,Low Price,unit_price,Suspiciously low unit price (25.1)
6978755577.0,Low Price,unit_price,Suspiciously low unit price (1.0)
694735491.0,Low Price,unit_price,Suspiciously low unit price (9.9)
9456100114.0,Low Price,unit_price,Suspiciously low unit price (38.0)
449668790.0,Low Price,unit_price,Suspiciously low unit price (26.8)
449668789.0,Low Price,unit_price,Suspiciously low unit price (26.3)
829836452.0,Low Price,unit_price,Suspiciously low unit price (48.3)
692860231.0,Low Price,unit_price,Suspiciously low unit price (46.2)
9704399028.0,Low Price,unit_price,Suspiciously low unit price (17.7)
9704399104.0,Low Price,unit_price,Suspiciously low unit price (10.4)
9862321851.0,Low Price,unit_price,Suspiciously low unit price (0.6)
217545892.0,Low Price,unit_price,Suspiciously low unit price (0.6)
217545893.0,Low Price,unit_price,Suspiciously low unit price (0.6)
217545891.0,Low Price,unit_price,Suspiciously low unit price (0.6)
128117651.0,Low Price,unit_price,Suspiciously low unit price (0.6)
128117650.0,Low Price,unit_price,Suspiciously low unit price (0.6)
128117652.0,Low Price,unit_price,Suspiciously low unit price (0.6)
7991162342.0,Low Price,unit_price,Suspiciously low unit price (49.7)
7991332251.0,Low Price,unit_price,Suspiciously low unit price (44.0)
2776200692.0,Low Price,unit_price,Suspiciously low unit price (2.0)
694094944.0,Low Price,unit_price,Suspiciously low unit price (2.1)
1046713504.0,Low Price,unit_price,Suspiciously low unit price (13.9)
1046713503.0,Low Price,unit_price,Suspiciously low unit price (6.4)
1046713514.0,Low Price,unit_price,Suspiciously low unit price (38.4)
9201362954.0,Low Price,unit_price,Suspiciously low unit price (30.2)
3974509819.0,Low Price,unit_price,Suspiciously low unit price (45.9)
128348936.0,Low Price,unit_price,Suspiciously low unit price (20.0)
128101992.0,Low Price,unit_price,Suspiciously low unit price (27.1)
128101985.0,Low Price,unit_price,Suspiciously low unit price (23.2)
693950905.0,Low Price,unit_price,Suspiciously low unit price (0.5)
9706143884.0,Low Price,unit_price,Suspiciously low unit price (29.3)
3974620027.0,Low Price,unit_price,Suspiciously low unit price (13.8)
9702744145.0,Low Price,unit_price,Suspiciously low unit price (0.1)
7989963547.0,Low Price,unit_price,Suspiciously low unit price (0.1)
1044615022.0,Low Price,unit_price,Suspiciously low unit price (0.1)
9706273929.0,Low Price,unit_price,Suspiciously low unit price (31.5)
9706273932.0,Low Price,unit_price,Suspiciously low unit price (27.5)
696628046.0,Low Price,unit_price,Suspiciously low unit price (27.4)
1101510750.0,Low Price,unit_price,Suspiciously low unit price (39.9)
448888902.0,Low Price,unit_price,Suspiciously low unit price (40.0)
448886113.0,Low Price,unit_price,Suspiciously low unit price (41.7)
9202962672.0,Low Price,unit_price,Suspiciously low unit price (45.8)
129517314.0,Low Price,unit_price,Suspiciously low unit price (40.0)
9863080819.0,Low Price,unit_price,Suspiciously low unit price (11.4)
9457072240.0,Low Price,unit_price,Suspiciously low unit price (20.2)
9457072243.0,Low Price,unit_price,Suspiciously low unit price (22.2)
9702659279.0,Low Price,unit_price,Suspiciously low unit price (25.3)
9702659280.0,Low Price,unit_price,Suspiciously low unit price (32.4)
831821407.0,Low Price,unit_price,Suspiciously low unit price (7.5)
9326855688.0,Low Price,unit_price,Suspiciously low unit price (7.5)
9861681993.0,Low Price,unit_price,Suspiciously low unit price (23.8)
127760278.0,Low Price,unit_price,Suspiciously low unit price (40.5)
3975583002.0,Low Price,unit_price,Suspiciously low unit price (45.0)
1046967582.0,Low Price,unit_price,Suspiciously low unit price (38.0)
3973925254.0,Low Price,unit_price,Suspiciously low unit price (28.9)
7991625842.0,Low Price,unit_price,Suspiciously low unit price (22.3)
7991610117.0,Low Price,unit_price,Suspiciously low unit price (46.7)
9861115142.0,Low Price,unit_price,Suspiciously low unit price (0.1)
9861115141.0,Low Price,unit_price,Suspiciously low unit price (0.1)
7992854510.0,Low Price,unit_price,Suspiciously low unit price (0.1)
7991730015.0,Low Price,unit_price,Suspiciously low unit price (0.1)
1045602177.0,Low Price,unit_price,Suspiciously low unit price (0.1)
1045556108.0,Low Price,unit_price,Suspiciously low unit price (0.1)
1100064315.0,Low Price,unit_price,Suspiciously low unit price (0.1)
450052657.0,Low Price,unit_price,Suspiciously low unit price (0.1)
3975952894.0,Low Price,unit_price,Suspiciously low unit price (0.1)
3975927203.0,Low Price,unit_price,Suspiciously low unit price (0.1)
3975084627.0,Low Price,unit_price,Suspiciously low unit price (0.1)
3974990352.0,Low Price,unit_price,Suspiciously low unit price (0.1)
2778700243.0,Low Price,unit_price,Suspiciously low unit price (0.1)
1418928026.0,Low Price,unit_price,Suspiciously low unit price (0.1)
696015704.0,Low Price,unit_price,Suspiciously low unit price (0.1)
695985205.0,Low Price,unit_price,Suspiciously low unit price (0.1)
695914752.0,Low Price,unit_price,Suspiciously low unit price (0.1)
696067610.0,Low Price,unit_price,Suspiciously low unit price (0.1)
831492790.0,Low Price,unit_price,Suspiciously low unit price (0.1)
9456517718.0,Low Price,unit_price,Suspiciously low unit price (0.1)
9456337387.0,Low Price,unit_price,Suspiciously low unit price (0.1)
3462260250.0,Low Price,unit_price,Suspiciously low unit price (0.1)
3462069957.0,Low Price,unit_price,Suspiciously low unit price (0.1)
129989720.0,Low Price,unit_price,Suspiciously low unit price (0.1)
3753630569.0,Low Price,unit_price,Suspiciously low unit price (0.1)
3753483944.0,Low Price,unit_price,Suspiciously low unit price (0.1)
8498350094.0,Low Price,unit_price,Suspiciously low unit price (0.1)
8497679148.0,Low Price,unit_price,Suspiciously low unit price (0.1)
8497402710.0,Low Price,unit_price,Suspiciously low unit price (0.1)
7856360320.0,Low Price,unit_price,Suspiciously low unit price (0.1)
7855349425.0,Low Price,unit_price,Suspiciously low unit price (0.1)
7855248842.0,Low Price,unit_price,Suspiciously low unit price (0.1)
799535021.0,Low Price,unit_price,Suspiciously low unit price (0.1)
798210428.0,Low Price,unit_price,Suspiciously low unit price (0.1)
3975642024.0,Low Price,unit_price,Suspiciously low unit price (1.2)
1099999419.0,Low Price,unit_price,Suspiciously low unit price (47.2)
8848525786.0,Low Price,unit_price,Suspiciously low unit price (14.9)
1041919496.0,Low Price,unit_price,Suspiciously low unit price (13.5)
1429216842.0,Low Price,unit_price,Suspiciously low unit price (23.9)
411000000000000.0,Low Price,unit_price,Suspiciously low unit price (47.0)
111000000000000.0,Low Price,unit_price,Suspiciously low unit price (30.5)
111000000000000.0,Low Price,unit_price,Suspiciously low unit price (30.5)
111000000000000.0,Low Price,unit_price,Suspiciously low unit price (30.5)
111000000000000.0,Low Price,unit_price,Suspiciously low unit price (30.5)
1325807885.0,Low Price,unit_price,Suspiciously low unit price (47.4)
1325807899.0,Low Price,unit_price,Suspiciously low unit price (29.5)
210000000000000.0,Low Price,unit_price,Suspiciously low unit price (7.5)
9326842909.0,Low Price,unit_price,Suspiciously low unit price (20.0)
2510000000000000.0,Low Price,unit_price,Suspiciously low unit price (17.1)
2410000000000000.0,Low Price,unit_price,Suspiciously low unit price (18.4)
2410000000000000.0,Low Price,unit_price,Suspiciously low unit price (23.7)
2410000000000000.0,Low Price,unit_price,Suspiciously low unit price (46.0)
1162192684.0,Low Price,unit_price,Suspiciously low unit price (23.7)
653828043.0,Low Price,unit_price,Suspiciously low unit price (49.9)
112000000000000.0,Low Price,unit_price,Suspiciously low unit price (19.2)
2110000000000000.0,Low Price,unit_price,Suspiciously low unit price (11.1)
2110000000000000.0,Low Price,unit_price,Suspiciously low unit price (12.9)
2110000000000000.0,Low Price,unit_price,Suspiciously low unit price (32.2)
2110000000000000.0,Low Price,unit_price,Suspiciously low unit price (12.9)
1210000000000000.0,Low Price,unit_price,Suspiciously low unit price (15.4)
2710000000000000.0,Low Price,unit_price,Suspiciously low unit price (12.1)
210000000000000.0,Low Price,unit_price,Suspiciously low unit price (13.2)
210000000000000.0,Low Price,unit_price,Suspiciously low unit price (10.5)
210000000000000.0,Low Price,unit_price,Suspiciously low unit price (10.5)
210000000000000.0,Low Price,unit_price,Suspiciously low unit price (2.6)
171000000000000.0,Low Price,unit_price,Suspiciously low unit price (19.1)
653383571.0,Low Price,unit_price,Suspiciously low unit price (2.9)
1043462359.0,Low Price,unit_price,Suspiciously low unit price (46.7)
221000000000000.0,Low Price,unit_price,Suspiciously low unit price (43.2)
130000000000000.0,Low Price,unit_price,Suspiciously low unit price (7.1)
130000000000000.0,Low Price,unit_price,Suspiciously low unit price (7.1)
1000000000000000.0,Low Price,unit_price,Suspiciously low unit price (36.7)
5659344237.0,Low Price,unit_price,Suspiciously low unit price (10.7)
301000000000000.0,Low Price,unit_price,Suspiciously low unit price (0.7)
2310000000000000.0,Low Price,unit_price,Suspiciously low unit price (18.4)
799318049.0,Low Price,unit_price,Suspiciously low unit price (6.3)
1610000000000000.0,Low Price,unit_price,Suspiciously low unit price (8.2)
112000000000000.0,Low Price,unit_price,Suspiciously low unit price (34.6)
1410000000000000.0,Low Price,unit_price,Suspiciously low unit price (19.7)
406000000000000.0,Low Price,unit_price,Suspiciously low unit price (22.8)
1910000000000000.0,Low Price,unit_price,Suspiciously low unit price (23.1)
707000000000000.0,Low Price,unit_price,Suspiciously low unit price (24.2)
8849238238.0,Low Price,unit_price,Suspiciously low unit price (48.2)
1263276541.0,Low Price,unit_price,Suspiciously low unit price (10.1)
2300000000000000.0,Low Price,unit_price,Suspiciously low unit price (3.1)
1067256885.0,Low Price,unit_price,Suspiciously low unit price (26.5)
40200000000000.0,Low Price,unit_price,Suspiciously low unit price (42.0)
1710000000000000.0,Low Price,unit_price,Suspiciously low unit price (22.5)
1710000000000000.0,Low Price,unit_price,Suspiciously low unit price (22.5)
190000000000000.0,Low Price,unit_price,Suspiciously low unit price (47.8)
1410000000000000.0,Low Price,unit_price,Suspiciously low unit price (9.7)
2100000000000000.0,Low Price,unit_price,Suspiciously low unit price (47.8)
40200000000000.0,Low Price,unit_price,Suspiciously low unit price (42.0)
402000000000000.0,Low Price,unit_price,Suspiciously low unit price (42.0)
402000000000000.0,Low Price,unit_price,Suspiciously low unit price (42.0)
40200000000000.0,Low Price,unit_price,Suspiciously low unit price (42.0)
402000000000000.0,Low Price,unit_price,Suspiciously low unit price (42.0)
40200000000000.0,Low Price,unit_price,Suspiciously low unit price (42.0)
402000000000000.0,Low Price,unit_price,Suspiciously low unit price (42.0)
40200000000000.0,Low Price,unit_price,Suspiciously low unit price (42.0)
402000000000000.0,Low Price,unit_price,Suspiciously low unit price (42.0)
40200000000000.0,Low Price,unit_price,Suspiciously low unit price (42.0)
402000000000000.0,Low Price,unit_price,Suspiciously low unit price (42.0)
40200000000000.0,Low Price,unit_price,Suspiciously low unit price (42.0)
402000000000000.0,Low Price,unit_price,Suspiciously low unit price (42.0)
291000000000000.0,Low Price,unit_price,Suspiciously low unit price (32.7)
2410000000000000.0,Low Price,unit_price,Suspiciously low unit price (39.4)
8484721064.0,Low Price,unit_price,Suspiciously low unit price (11.5)
285237579.0,Low Price,unit_price,Suspiciously low unit price (11.3)
1008398793.0,Low Price,unit_price,Suspiciously low unit price (12.8)
1810000000000000.0,Low Price,unit_price,Suspiciously low unit price (0.0)
912000000000000.0,Low Price,unit_price,Suspiciously low unit price (36.2)
1048168550.0,Low Price,unit_price,Suspiciously low unit price (4.8)
652707922.0,Low Price,unit_price,Suspiciously low unit price (42.1)
652045799.0,Low Price,unit_price,Suspiciously low unit price (42.6)
3699393770.0,Low Price,unit_price,Suspiciously low unit price (35.5)
6977904474.0,Low Price,unit_price,Suspiciously low unit price (44.4)
8848670673.0,Low Price,unit_price,Suspiciously low unit price (33.4)
799413003.0,Low Price,unit_price,Suspiciously low unit price (47.1)
5660288398.0,Low Price,unit_price,Suspiciously low unit price (31.0)
8483449438.0,Low Price,unit_price,Suspiciously low unit price (31.4)
9200000023.0,Low Price,unit_price,Suspiciously low unit price (30.2)
9199974398.0,Low Price,unit_price,Suspiciously low unit price (32.5)
9199878826.0,Low Price,unit_price,Suspiciously low unit price (33.7)
1322110344.0,Low Price,unit_price,Suspiciously low unit price (35.0)
1005798623.0,Low Price,unit_price,Suspiciously low unit price (29.6)
1070492177.0,Low Price,unit_price,Suspiciously low unit price (32.5)
1012493999.0,Low Price,unit_price,Suspiciously low unit price (32.8)
1002442218.0,Low Price,unit_price,Suspiciously low unit price (33.7)
1147908998.0,Low Price,unit_price,Suspiciously low unit price (31.6)
1534172022.0,Low Price,unit_price,Suspiciously low unit price (34.6)
1255049442.0,Low Price,unit_price,Suspiciously low unit price (33.9)
1439234226.0,Low Price,unit_price,Suspiciously low unit price (31.1)
1180745039.0,Low Price,unit_price,Suspiciously low unit price (34.1)
1753003792.0,Low Price,unit_price,Suspiciously low unit price (31.2)
1313504328.0,Low Price,unit_price,Suspiciously low unit price (34.1)
1299801189.0,Low Price,unit_price,Suspiciously low unit price (34.1)
1156964979.0,Low Price,unit_price,Suspiciously low unit price (4.6)
1114786945.0,Low Price,unit_price,Suspiciously low unit price (31.4)
1002136901.0,Low Price,unit_price,Suspiciously low unit price (35.2)
1045059364.0,Low Price,unit_price,Suspiciously low unit price (32.7)
1075869677.0,Low Price,unit_price,Suspiciously low unit price (32.2)
1123303617.0,Low Price,unit_price,Suspiciously low unit price (33.8)
1043799593.0,Low Price,unit_price,Suspiciously low unit price (32.3)
1106248880.0,Low Price,unit_price,Suspiciously low unit price (35.3)
1158570569.0,Low Price,unit_price,Suspiciously low unit price (34.7)
1090706965.0,Low Price,unit_price,Suspiciously low unit price (36.0)
1010000000000000.0,Low Price,unit_price,Suspiciously low unit price (44.8)
1910000000000000.0,Low Price,unit_price,Suspiciously low unit price (42.7)
90300000000000.0,Low Price,unit_price,Suspiciously low unit price (42.3)
2210000000000000.0,Low Price,unit_price,Suspiciously low unit price (29.7)
2210000000000000.0,Low Price,unit_price,Suspiciously low unit price (13.9)
1073133599.0,Low Price,unit_price,Suspiciously low unit price (12.7)
811000000000000.0,Low Price,unit_price,Suspiciously low unit price (23.4)
811000000000000.0,Low Price,unit_price,Suspiciously low unit price (25.8)
6749930195.0,Low Price,unit_price,Suspiciously low unit price (49.1)
9454191787.0,Low Price,unit_price,Suspiciously low unit price (28.0)
1002918247.0,Low Price,unit_price,Suspiciously low unit price (10.7)
1278473878.0,Low Price,unit_price,Suspiciously low unit price (2.6)
1059918425.0,Low Price,unit_price,Suspiciously low unit price (36.0)
1810000000000000.0,Low Price,unit_price,Suspiciously low unit price (23.1)
1810000000000000.0,Low Price,unit_price,Suspiciously low unit price (33.3)
50300000000000.0,Low Price,unit_price,Suspiciously low unit price (1.8)
2010000000000000.0,Low Price,unit_price,Suspiciously low unit price (1.2)
1410000000000000.0,Low Price,unit_price,Suspiciously low unit price (1.4)
1410000000000000.0,Low Price,unit_price,Suspiciously low unit price (1.4)
201000000000000.0,Low Price,unit_price,Suspiciously low unit price (0.0)
2510000000000000.0,Low Price,unit_price,Suspiciously low unit price (1.0)
2510000000000000.0,Low Price,unit_price,Suspiciously low unit price (1.0)
1010000000000000.0,Low Price,unit_price,Suspiciously low unit price (29.9)
281000000000000.0,Low Price,unit_price,Suspiciously low unit price (23.8)
605000000000000.0,Low Price,unit_price,Suspiciously low unit price (32.6)
1700000000000000.0,Low Price,unit_price,Suspiciously low unit price (19.6)
207000000000000.0,Low Price,unit_price,Suspiciously low unit price (46.5)
91000000000000.0,Low Price,unit_price,Suspiciously low unit price (14.4)
9201534747.0,Low Price,unit_price,Suspiciously low unit price (23.0)
9325391524.0,Low Price,unit_price,Suspiciously low unit price (31.0)
1073098991.0,Low Price,unit_price,Suspiciously low unit price (29.0)
1581359013.0,Low Price,unit_price,Suspiciously low unit price (26.6)
2210000000000000.0,Low Price,unit_price,Suspiciously low unit price (31.7)
2410000000000000.0,Low Price,unit_price,Suspiciously low unit price (29.7)
200000000000000.0,Low Price,unit_price,Suspiciously low unit price (25.9)
120000000000000.0,Low Price,unit_price,Suspiciously low unit price (27.2)
11100000000000.0,Low Price,unit_price,Suspiciously low unit price (28.5)
180000000000000.0,Low Price,unit_price,Suspiciously low unit price (32.3)
310000000000000.0,Low Price,unit_price,Suspiciously low unit price (13.5)
90100000000000.0,Low Price,unit_price,Suspiciously low unit price (0.7)
2310000000000000.0,Low Price,unit_price,Suspiciously low unit price (10.4)
1020042005.0,Low Price,unit_price,Suspiciously low unit price (35.3)
1710000000000000.0,Low Price,unit_price,Suspiciously low unit price (27.9)
31000000000000.0,Low Price,unit_price,Suspiciously low unit price (48.7)
3010000000000000.0,Low Price,unit_price,Suspiciously low unit price (48.7)
1200539182.0,Low Price,unit_price,Suspiciously low unit price (36.6)
1146564077.0,Low Price,unit_price,Suspiciously low unit price (17.4)
251000000000000.0,Low Price,unit_price,Suspiciously low unit price (33.3)
2610000000000000.0,Low Price,unit_price,Suspiciously low unit price (23.3)
2610000000000000.0,Low Price,unit_price,Suspiciously low unit price (23.3)
2610000000000000.0,Low Price,unit_price,Suspiciously low unit price (7.8)
1110000000000000.0,Low Price,unit_price,Suspiciously low unit price (22.5)
2810000000000000.0,Low Price,unit_price,Suspiciously low unit price (11.1)
2210000000000000.0,Low Price,unit_price,Suspiciously low unit price (38.5)
2210000000000000.0,Low Price,unit_price,Suspiciously low unit price (38.5)
2300000000000000.0,Low Price,unit_price,Suspiciously low unit price (15.9)
150000000000000.0,Low Price,unit_price,Suspiciously low unit price (7.7)
150000000000000.0,Low Price,unit_price,Suspiciously low unit price (26.8)
150000000000000.0,Low Price,unit_price,Suspiciously low unit price (4.3)
150000000000000.0,Low Price,unit_price,Suspiciously low unit price (12.4)
150000000000000.0,Low Price,unit_price,Suspiciously low unit price (26.8)
2010000000000000.0,Low Price,unit_price,Suspiciously low unit price (47.2)
304000000000000.0,Low Price,unit_price,Suspiciously low unit price (37.2)
304000000000000.0,Low Price,unit_price,Suspiciously low unit price (37.2)
2810000000000000.0,Low Price,unit_price,Suspiciously low unit price (7.6)
1054081972.0,Low Price,unit_price,Suspiciously low unit price (23.4)
1144351389.0,Low Price,unit_price,Suspiciously low unit price (23.4)
1410000000000000.0,Low Price,unit_price,Suspiciously low unit price (5.1)
1010000000000000.0,Low Price,unit_price,Suspiciously low unit price (4.9)
9323208168.0,Low Price,unit_price,Suspiciously low unit price (30.3)
911000000000000.0,Low Price,unit_price,Suspiciously low unit price (23.9)
911000000000000.0,Low Price,unit_price,Suspiciously low unit price (23.3)
1300000000000000.0,Low Price,unit_price,Suspiciously low unit price (18.5)
1300000000000000.0,Low Price,unit_price,Suspiciously low unit price (18.5)
3973219949.0,Low Price,unit_price,Suspiciously low unit price (32.0)
9481419716.0,Low Price,unit_price,Suspiciously low unit price (39.0)
6977462903.0,Low Price,unit_price,Suspiciously low unit price (0.9)
1410000000000000.0,Low Price,unit_price,Suspiciously low unit price (46.8)
1103932160.0,Low Price,unit_price,Suspiciously low unit price (4.5)
1092632058.0,Low Price,unit_price,Suspiciously low unit price (4.5)
1444468577.0,Low Price,unit_price,Suspiciously low unit price (5.1)
1528035697.0,Low Price,unit_price,Suspiciously low unit price (5.1)
1699856719.0,Low Price,unit_price,Suspiciously low unit price (5.1)
1485819254.0,Low Price,unit_price,Suspiciously low unit price (5.1)
7854986765.0,Low Price,unit_price,Suspiciously low unit price (23.6)
7854986763.0,Low Price,unit_price,Suspiciously low unit price (0.6)
7854986766.0,Low Price,unit_price,Suspiciously low unit price (26.0)
7854986779.0,Low Price,unit_price,Suspiciously low unit price (1.2)
7854986776.0,Low Price,unit_price,Suspiciously low unit price (1.2)
7854986764.0,Low Price,unit_price,Suspiciously low unit price (0.6)
160000000000000.0,Low Price,unit_price,Suspiciously low unit price (29.8)
605000000000000.0,Low Price,unit_price,Suspiciously low unit price (37.5)
605000000000000.0,Low Price,unit_price,Suspiciously low unit price (37.5)
605000000000000.0,Low Price,unit_price,Suspiciously low unit price (18.8)
1110000000000000.0,Low Price,unit_price,Suspiciously low unit price (28.1)
1910000000000000.0,Low Price,unit_price,Suspiciously low unit price (47.8)
29100000000000.0,Low Price,unit_price,Suspiciously low unit price (31.3)
207000000000000.0,Low Price,unit_price,Suspiciously low unit price (14.8)
207000000000000.0,Low Price,unit_price,Suspiciously low unit price (22.6)
207000000000000.0,Low Price,unit_price,Suspiciously low unit price (28.5)
207000000000000.0,Low Price,unit_price,Suspiciously low unit price (7.9)
207000000000000.0,Low Price,unit_price,Suspiciously low unit price (9.8)
207000000000000.0,Low Price,unit_price,Suspiciously low unit price (29.5)
207000000000000.0,Low Price,unit_price,Suspiciously low unit price (24.6)
207000000000000.0,Low Price,unit_price,Suspiciously low unit price (26.6)
207000000000000.0,Low Price,unit_price,Suspiciously low unit price (21.7)
207000000000000.0,Low Price,unit_price,Suspiciously low unit price (6.9)
207000000000000.0,Low Price,unit_price,Suspiciously low unit price (8.9)
207000000000000.0,Low Price,unit_price,Suspiciously low unit price (29.5)
207000000000000.0,Low Price,unit_price,Suspiciously low unit price (15.8)
1210000000000000.0,Low Price,unit_price,Suspiciously low unit price (43.6)
2710000000000000.0,Low Price,unit_price,Suspiciously low unit price (23.4)
50300000000000.0,Low Price,unit_price,Suspiciously low unit price (2.1)
284032595.0,Low Price,unit_price,Suspiciously low unit price (1.2)
2410000000000000.0,Low Price,unit_price,Suspiciously low unit price (1.7)
2910000000000000.0,Low Price,unit_price,Suspiciously low unit price (1.2)
1067932207.0,Low Price,unit_price,Suspiciously low unit price (5.2)
2610000000000000.0,Low Price,unit_price,Suspiciously low unit price (1.0)
3972772633.0,Low Price,unit_price,Suspiciously low unit price (46.0)
2710000000000000.0,Low Price,unit_price,Suspiciously low unit price (11.3)
9201401556.0,Low Price,unit_price,Suspiciously low unit price (40.3)
112000000000000.0,Low Price,unit_price,Suspiciously low unit price (46.8)
112000000000000.0,Low Price,unit_price,Suspiciously low unit price (46.8)
40100000000000.0,Low Price,unit_price,Suspiciously low unit price (28.4)
40100000000000.0,Low Price,unit_price,Suspiciously low unit price (28.4)
5660461470.0,Low Price,unit_price,Suspiciously low unit price (46.2)
1459539021.0,Low Price,unit_price,Suspiciously low unit price (14.0)
1070261697.0,Low Price,unit_price,Suspiciously low unit price (16.0)
1394777371.0,Low Price,unit_price,Suspiciously low unit price (18.0)
1148496093.0,Low Price,unit_price,Suspiciously low unit price (36.0)
1384207455.0,Low Price,unit_price,Suspiciously low unit price (40.0)
1531791098.0,Low Price,unit_price,Suspiciously low unit price (40.0)
1318332757.0,Low Price,unit_price,Suspiciously low unit price (43.9)
1202770801.0,Low Price,unit_price,Suspiciously low unit price (44.0)
7994339012.0,Low Price,unit_price,Suspiciously low unit price (10.0)
200000000000000.0,Low Price,unit_price,Suspiciously low unit price (1.2)
6751895764.0,Low Price,unit_price,Suspiciously low unit price (27.1)
1500000000000000.0,Low Price,unit_price,Suspiciously low unit price (39.2)
1500000000000000.0,Low Price,unit_price,Suspiciously low unit price (12.5)
1500000000000000.0,Low Price,unit_price,Suspiciously low unit price (48.4)
2710000000000000.0,Low Price,unit_price,Suspiciously low unit price (40.9)
2710000000000000.0,Low Price,unit_price,Suspiciously low unit price (35.7)
2710000000000000.0,Low Price,unit_price,Suspiciously low unit price (10.9)
2710000000000000.0,Low Price,unit_price,Suspiciously low unit price (45.1)
131000000000000.0,Low Price,unit_price,Suspiciously low unit price (11.8)
60100000000000.0,Low Price,unit_price,Suspiciously low unit price (3.1)
2810000000000000.0,Low Price,unit_price,Suspiciously low unit price (31.3)
160000000000000.0,Low Price,unit_price,Suspiciously low unit price (8.5)
140000000000000.0,Low Price,unit_price,Suspiciously low unit price (7.2)
1700000000000000.0,Low Price,unit_price,Suspiciously low unit price (9.8)
8495265639.0,Low Price,unit_price,Suspiciously low unit price (39.1)
9202559777.0,Low Price,unit_price,Suspiciously low unit price (39.7)
170000000000000.0,Low Price,unit_price,Suspiciously low unit price (48.8)
1510000000000000.0,Low Price,unit_price,Suspiciously low unit price (30.5)
1510000000000000.0,Low Price,unit_price,Suspiciously low unit price (49.0)
1510000000000000.0,Low Price,unit_price,Suspiciously low unit price (3.6)
1510000000000000.0,Low Price,unit_price,Suspiciously low unit price (9.3)
3700336280.0,Low Price,unit_price,Suspiciously low unit price (27.2)
1810000000000000.0,Low Price,unit_price,Suspiciously low unit price (36.6)
1410000000000000.0,Low Price,unit_price,Suspiciously low unit price (13.3)
904000000000000.0,Low Price,unit_price,Suspiciously low unit price (42.5)
131000000000000.0,Low Price,unit_price,Suspiciously low unit price (13.8)
409000000000000.0,Low Price,unit_price,Suspiciously low unit price (13.6)
2510000000000000.0,Low Price,unit_price,Suspiciously low unit price (15.3)
1910000000000000.0,Low Price,unit_price,Suspiciously low unit price (7.4)
1050434908.0,Low Price,unit_price,Suspiciously low unit price (44.7)
1052027772.0,Low Price,unit_price,Suspiciously low unit price (12.6)
1007082683.0,Low Price,unit_price,Suspiciously low unit price (33.2)
1196556209.0,Low Price,unit_price,Suspiciously low unit price (15.8)
1135961453.0,Low Price,unit_price,Suspiciously low unit price (45.9)
1257518193.0,Low Price,unit_price,Suspiciously low unit price (28.5)
1070438397.0,Low Price,unit_price,Suspiciously low unit price (7.6)
1243600987.0,Low Price,unit_price,Suspiciously low unit price (0.8)
1082266989.0,Low Price,unit_price,Suspiciously low unit price (0.2)
1034274029.0,Low Price,unit_price,Suspiciously low unit price (0.6)
131000000000000.0,Low Price,unit_price,Suspiciously low unit price (30.3)
131000000000000.0,Low Price,unit_price,Suspiciously low unit price (31.5)
131000000000000.0,Low Price,unit_price,Suspiciously low unit price (22.1)
1045443787.0,Low Price,unit_price,Suspiciously low unit price (49.3)
1410000000000000.0,Low Price,unit_price,Suspiciously low unit price (37.9)
6010000000000.0,Low Price,unit_price,Suspiciously low unit price (19.0)
80300000000000.0,Low Price,unit_price,Suspiciously low unit price (24.5)
80300000000000.0,Low Price,unit_price,Suspiciously low unit price (24.5)
9200834158.0,Low Price,unit_price,Suspiciously low unit price (36.0)
218479664.0,Low Price,unit_price,Suspiciously low unit price (36.0)
1900000000000000.0,Low Price,unit_price,Suspiciously low unit price (42.9)
271000000000000.0,Low Price,unit_price,Suspiciously low unit price (12.0)
799367657.0,Low Price,unit_price,Suspiciously low unit price (34.0)
3110000000000000.0,Low Price,unit_price,Suspiciously low unit price (23.7)
2610000000000000.0,Low Price,unit_price,Suspiciously low unit price (24.2)
8496658337.0,Low Price,unit_price,Suspiciously low unit price (9.5)
6750588363.0,Low Price,unit_price,Suspiciously low unit price (3.6)
1012639440.0,Low Price,unit_price,Suspiciously low unit price (3.3)
1098531896.0,Low Price,unit_price,Suspiciously low unit price (3.3)
1245987901.0,Low Price,unit_price,Suspiciously low unit price (3.5)
1690739720.0,Low Price,unit_price,Suspiciously low unit price (3.4)
1089398751.0,Low Price,unit_price,Suspiciously low unit price (10.4)
1024371679.0,Low Price,unit_price,Suspiciously low unit price (10.1)
1608953870.0,Low Price,unit_price,Suspiciously low unit price (10.9)
1388356600.0,Low Price,unit_price,Suspiciously low unit price (10.5)
2210000000000000.0,Low Price,unit_price,Suspiciously low unit price (10.5)
1410000000000000.0,Low Price,unit_price,Suspiciously low unit price (9.8)
190000000000000.0,Low Price,unit_price,Suspiciously low unit price (22.4)
60200000000000.0,Low Price,unit_price,Suspiciously low unit price (22.2)
141000000000000.0,Low Price,unit_price,Suspiciously low unit price (22.4)
2710000000000000.0,Low Price,unit_price,Suspiciously low unit price (23.0)
160000000000000.0,Low Price,unit_price,Suspiciously low unit price (22.8)
90200000000000.0,Low Price,unit_price,Suspiciously low unit price (22.7)
12000000000000.0,Low Price,unit_price,Suspiciously low unit price (22.5)
281000000000000.0,Low Price,unit_price,Suspiciously low unit price (21.8)
2610000000000000.0,Low Price,unit_price,Suspiciously low unit price (13.3)
1610000000000000.0,Low Price,unit_price,Suspiciously low unit price (23.7)
100000000000000.0,Low Price,unit_price,Suspiciously low unit price (24.6)
280000000000000.0,Low Price,unit_price,Suspiciously low unit price (25.2)
280000000000000.0,Low Price,unit_price,Suspiciously low unit price (25.2)
2410000000000000.0,Low Price,unit_price,Suspiciously low unit price (24.6)
906000000000000.0,Low Price,unit_price,Suspiciously low unit price (25.0)
1400000000000000.0,Low Price,unit_price,Suspiciously low unit price (25.5)
40200000000000.0,Low Price,unit_price,Suspiciously low unit price (24.2)
290000000000000.0,Low Price,unit_price,Suspiciously low unit price (24.5)
250000000000000.0,Low Price,unit_price,Suspiciously low unit price (24.6)
160000000000000.0,Low Price,unit_price,Suspiciously low unit price (26.2)
290000000000000.0,Low Price,unit_price,Suspiciously low unit price (26.2)
250000000000000.0,Low Price,unit_price,Suspiciously low unit price (26.2)
230000000000000.0,Low Price,unit_price,Suspiciously low unit price (14.0)
5642272836.0,Low Price,unit_price,Suspiciously low unit price (40.0)
1010000000000000.0,Low Price,unit_price,Suspiciously low unit price (9.2)
8498720513.0,Low Price,unit_price,Suspiciously low unit price (41.1)
9862274829.0,Low Price,unit_price,Suspiciously low unit price (6.8)
4010000000000.0,Low Price,unit_price,Suspiciously low unit price (0.2)
907000000000000.0,Low Price,unit_price,Suspiciously low unit price (30.7)
121000000000000.0,Low Price,unit_price,Suspiciously low unit price (0.2)
121000000000000.0,Low Price,unit_price,Suspiciously low unit price (37.2)
121000000000000.0,Low Price,unit_price,Suspiciously low unit price (3.7)
180000000000000.0,Low Price,unit_price,Suspiciously low unit price (2.9)
180000000000000.0,Low Price,unit_price,Suspiciously low unit price (31.0)
311000000000000.0,Low Price,unit_price,Suspiciously low unit price (15.0)
221000000000000.0,Low Price,unit_price,Suspiciously low unit price (13.0)
220000000000000.0,Low Price,unit_price,Suspiciously low unit price (28.4)
1007995415.0,Low Price,unit_price,Suspiciously low unit price (49.9)
50300000000000.0,Low Price,unit_price,Suspiciously low unit price (35.0)
1510000000000000.0,Low Price,unit_price,Suspiciously low unit price (12.3)
694064494.0,Low Price,unit_price,Suspiciously low unit price (19.0)
9201561352.0,Low Price,unit_price,Suspiciously low unit price (20.2)
9455005383.0,Low Price,unit_price,Suspiciously low unit price (19.2)
3460918111.0,Low Price,unit_price,Suspiciously low unit price (17.4)
8496768115.0,Low Price,unit_price,Suspiciously low unit price (17.8)
797522767.0,Low Price,unit_price,Suspiciously low unit price (16.8)
797023523.0,Low Price,unit_price,Suspiciously low unit price (17.4)
5659047094.0,Low Price,unit_price,Suspiciously low unit price (43.2)
6750121757.0,Low Price,unit_price,Suspiciously low unit price (18.2)
285943629.0,Low Price,unit_price,Suspiciously low unit price (25.9)
1086852886.0,Low Price,unit_price,Suspiciously low unit price (13.6)
1083998536.0,Low Price,unit_price,Suspiciously low unit price (23.9)
1206791431.0,Low Price,unit_price,Suspiciously low unit price (13.6)
1418491238.0,Low Price,unit_price,Suspiciously low unit price (18.0)
1127430198.0,Low Price,unit_price,Suspiciously low unit price (17.2)
1178553262.0,Low Price,unit_price,Suspiciously low unit price (19.4)
1067361582.0,Low Price,unit_price,Suspiciously low unit price (17.9)
1095735205.0,Low Price,unit_price,Suspiciously low unit price (15.8)
1057132105.0,Low Price,unit_price,Suspiciously low unit price (13.7)
1015970239.0,Low Price,unit_price,Suspiciously low unit price (18.0)
1644527103.0,Low Price,unit_price,Suspiciously low unit price (15.7)
1795621822.0,Low Price,unit_price,Suspiciously low unit price (31.8)
1534329195.0,Low Price,unit_price,Suspiciously low unit price (21.2)
1038741347.0,Low Price,unit_price,Suspiciously low unit price (16.1)
1073706796.0,Low Price,unit_price,Suspiciously low unit price (17.8)
1028405601.0,Low Price,unit_price,Suspiciously low unit price (14.4)
1084846901.0,Low Price,unit_price,Suspiciously low unit price (18.5)
1025768639.0,Low Price,unit_price,Suspiciously low unit price (32.4)
1053056224.0,Low Price,unit_price,Suspiciously low unit price (13.8)
1444084342.0,Low Price,unit_price,Suspiciously low unit price (17.9)
1910000000000000.0,Low Price,unit_price,Suspiciously low unit price (18.0)
50300000000000.0,Low Price,unit_price,Suspiciously low unit price (13.2)
130000000000000.0,Low Price,unit_price,Suspiciously low unit price (15.7)
180000000000000.0,Low Price,unit_price,Suspiciously low unit price (15.8)
1810000000000000.0,Low Price,unit_price,Suspiciously low unit price (15.5)
311000000000000.0,Low Price,unit_price,Suspiciously low unit price (17.0)
241000000000000.0,Low Price,unit_price,Suspiciously low unit price (27.0)
2710000000000000.0,Low Price,unit_price,Suspiciously low unit price (15.6)
1510000000000000.0,Low Price,unit_price,Suspiciously low unit price (13.6)
1800000000000000.0,Low Price,unit_price,Suspiciously low unit price (13.2)
20200000000000.0,Low Price,unit_price,Suspiciously low unit price (13.6)
2210000000000000.0,Low Price,unit_price,Suspiciously low unit price (28.1)
2010000000000000.0,Low Price,unit_price,Suspiciously low unit price (16.3)
1410000000000000.0,Low Price,unit_price,Suspiciously low unit price (15.8)
2010000000000000.0,Low Price,unit_price,Suspiciously low unit price (15.7)
1310000000000000.0,Low Price,unit_price,Suspiciously low unit price (26.7)
207000000000000.0,Low Price,unit_price,Suspiciously low unit price (15.5)
906000000000000.0,Low Price,unit_price,Suspiciously low unit price (15.6)
506000000000000.0,Low Price,unit_price,Suspiciously low unit price (27.4)
2110000000000000.0,Low Price,unit_price,Suspiciously low unit price (15.5)
230000000000000.0,Low Price,unit_price,Suspiciously low unit price (15.5)
240000000000000.0,Low Price,unit_price,Suspiciously low unit price (15.6)
1010000000000.0,Low Price,unit_price,Suspiciously low unit price (17.3)
2210000000000000.0,Low Price,unit_price,Suspiciously low unit price (34.7)
910000000000000.0,Low Price,unit_price,Suspiciously low unit price (15.6)
3110000000000000.0,Low Price,unit_price,Suspiciously low unit price (16.2)
908000000000000.0,Low Price,unit_price,Suspiciously low unit price (16.0)
908000000000000.0,Low Price,unit_price,Suspiciously low unit price (16.0)
2210000000000000.0,Low Price,unit_price,Suspiciously low unit price (34.6)
2610000000000000.0,Low Price,unit_price,Suspiciously low unit price (15.8)
1210000000000000.0,Low Price,unit_price,Suspiciously low unit price (48.7)
1180399041.0,Low Price,unit_price,Suspiciously low unit price (45.0)
1500000000000000.0,Low Price,unit_price,Suspiciously low unit price (14.1)
200000000000000.0,Low Price,unit_price,Suspiciously low unit price (32.5)
40900000000000.0,Low Price,unit_price,Suspiciously low unit price (38.2)
2500000000000000.0,Low Price,unit_price,Suspiciously low unit price (8.9)
2500000000000000.0,Low Price,unit_price,Suspiciously low unit price (7.6)
2500000000000000.0,Low Price,unit_price,Suspiciously low unit price (36.5)
2500000000000000.0,Low Price,unit_price,Suspiciously low unit price (8.9)
2500000000000000.0,Low Price,unit_price,Suspiciously low unit price (7.6)
2500000000000000.0,Low Price,unit_price,Suspiciously low unit price (26.6)
90300000000000.0,Low Price,unit_price,Suspiciously low unit price (45.0)
90300000000000.0,Low Price,unit_price,Suspiciously low unit price (45.0)
90300000000000.0,Low Price,unit_price,Suspiciously low unit price (35.0)
90300000000000.0,Low Price,unit_price,Suspiciously low unit price (35.0)
90300000000000.0,Low Price,unit_price,Suspiciously low unit price (18.7)
90300000000000.0,Low Price,unit_price,Suspiciously low unit price (18.7)
20800000000000.0,Low Price,unit_price,Suspiciously low unit price (1.0)
1710000000000000.0,Low Price,unit_price,Suspiciously low unit price (17.7)
1710000000000000.0,Low Price,unit_price,Suspiciously low unit price (17.7)
1710000000000000.0,Low Price,unit_price,Suspiciously low unit price (22.8)
1710000000000000.0,Low Price,unit_price,Suspiciously low unit price (22.8)
1710000000000000.0,Low Price,unit_price,Suspiciously low unit price (24.8)
1710000000000000.0,Low Price,unit_price,Suspiciously low unit price (24.8)
1110000000000000.0,Low Price,unit_price,Suspiciously low unit price (33.7)
271000000000000.0,Low Price,unit_price,Suspiciously low unit price (33.5)
1081377280.0,Low Price,unit_price,Suspiciously low unit price (38.0)
1065828592.0,Low Price,unit_price,Suspiciously low unit price (19.5)
3753201261.0,Low Price,unit_price,Suspiciously low unit price (12.0)
3753201262.0,Low Price,unit_price,Suspiciously low unit price (45.0)
3753201300.0,Low Price,unit_price,Suspiciously low unit price (31.0)
284571087.0,Low Price,unit_price,Suspiciously low unit price (37.6)
1094279076.0,Low Price,unit_price,Suspiciously low unit price (37.3)
1310660944.0,Low Price,unit_price,Suspiciously low unit price (37.3)
6974891418.0,Low Price,unit_price,Suspiciously low unit price (4.6)
6974891422.0,Low Price,unit_price,Suspiciously low unit price (4.7)
7991626957.0,Low Price,unit_price,Suspiciously low unit price (21.8)
8498740775.0,Low Price,unit_price,Suspiciously low unit price (4.4)
8847125631.0,Low Price,unit_price,Suspiciously low unit price (0.8)
7854855699.0,Low Price,unit_price,Suspiciously low unit price (4.4)
9324673350.0,Low Price,unit_price,Suspiciously low unit price (4.5)
6750213389.0,Low Price,unit_price,Suspiciously low unit price (4.1)
9203904029.0,Low Price,unit_price,Suspiciously low unit price (4.0)
912000000000000.0,Low Price,unit_price,Suspiciously low unit price (14.7)
1173401065.0,Low Price,unit_price,Suspiciously low unit price (5.4)
1011453561.0,Low Price,unit_price,Suspiciously low unit price (4.8)
1151552098.0,Low Price,unit_price,Suspiciously low unit price (4.5)
1172238637.0,Low Price,unit_price,Suspiciously low unit price (4.6)
1170990425.0,Low Price,unit_price,Suspiciously low unit price (5.0)
1035657828.0,Low Price,unit_price,Suspiciously low unit price (4.7)
1353936146.0,Low Price,unit_price,Suspiciously low unit price (4.2)
1714251316.0,Low Price,unit_price,Suspiciously low unit price (4.2)
1960274878.0,Low Price,unit_price,Suspiciously low unit price (4.8)
1231386255.0,Low Price,unit_price,Suspiciously low unit price (4.5)
1634473263.0,Low Price,unit_price,Suspiciously low unit price (4.8)
1509811184.0,Low Price,unit_price,Suspiciously low unit price (5.1)
1360272879.0,Low Price,unit_price,Suspiciously low unit price (4.3)
1114454160.0,Low Price,unit_price,Suspiciously low unit price (8.3)
1112562089.0,Low Price,unit_price,Suspiciously low unit price (4.6)
1081205130.0,Low Price,unit_price,Suspiciously low unit price (49.5)
2310000000000000.0,Low Price,unit_price,Suspiciously low unit price (8.2)
1910000000000000.0,Low Price,unit_price,Suspiciously low unit price (16.2)
2910000000000000.0,Low Price,unit_price,Suspiciously low unit price (8.1)
2110000000000000.0,Low Price,unit_price,Suspiciously low unit price (47.2)
1510000000000000.0,Low Price,unit_price,Suspiciously low unit price (4.1)
1910000000000000.0,Low Price,unit_price,Suspiciously low unit price (8.1)
509000000000000.0,Low Price,unit_price,Suspiciously low unit price (17.0)
409000000000000.0,Low Price,unit_price,Suspiciously low unit price (4.4)
2710000000000000.0,Low Price,unit_price,Suspiciously low unit price (8.0)
708000000000000.0,Low Price,unit_price,Suspiciously low unit price (17.2)
708000000000000.0,Low Price,unit_price,Suspiciously low unit price (16.7)
2010000000000000.0,Low Price,unit_price,Suspiciously low unit price (7.9)
1910000000000000.0,Low Price,unit_price,Suspiciously low unit price (3.8)
105000000000000.0,Low Price,unit_price,Suspiciously low unit price (15.9)
105000000000000.0,Low Price,unit_price,Suspiciously low unit price (16.1)
240000000000000.0,Low Price,unit_price,Suspiciously low unit price (3.8)
120000000000000.0,Low Price,unit_price,Suspiciously low unit price (7.8)
40200000000000.0,Low Price,unit_price,Suspiciously low unit price (13.6)
3110000000000000.0,Low Price,unit_price,Suspiciously low unit price (4.3)
2310000000000000.0,Low Price,unit_price,Suspiciously low unit price (4.2)
181000000000000.0,Low Price,unit_price,Suspiciously low unit price (7.7)
10900000000000.0,Low Price,unit_price,Suspiciously low unit price (3.4)
807000000000000.0,Low Price,unit_price,Suspiciously low unit price (3.9)
507000000000000.0,Low Price,unit_price,Suspiciously low unit price (11.2)
1000000000000000.0,Low Price,unit_price,Suspiciously low unit price (4.2)
804000000000000.0,Low Price,unit_price,Suspiciously low unit price (4.3)
804000000000000.0,Low Price,unit_price,Suspiciously low unit price (4.3)
404000000000000.0,Low Price,unit_price,Suspiciously low unit price (4.8)
250000000000000.0,Low Price,unit_price,Suspiciously low unit price (4.3)
60300000000000.0,Low Price,unit_price,Suspiciously low unit price (17.8)
40300000000000.0,Low Price,unit_price,Suspiciously low unit price (4.3)
140000000000000.0,Low Price,unit_price,Suspiciously low unit price (4.0)
80200000000000.0,Low Price,unit_price,Suspiciously low unit price (4.0)
20200000000000.0,Low Price,unit_price,Suspiciously low unit price (4.1)
24000000000000.0,Low Price,unit_price,Suspiciously low unit price (3.9)
210000000000000.0,Low Price,unit_price,Suspiciously low unit price (5.0)
17000000000000.0,Low Price,unit_price,Suspiciously low unit price (4.0)
15000000000000.0,Low Price,unit_price,Suspiciously low unit price (4.3)
11000000000000.0,Low Price,unit_price,Suspiciously low unit price (3.8)
261000000000000.0,Low Price,unit_price,Suspiciously low unit price (5.9)
11100000000000.0,Low Price,unit_price,Suspiciously low unit price (7.5)
1110000000000000.0,Low Price,unit_price,Suspiciously low unit price (5.2)
2400000000000000.0,Low Price,unit_price,Suspiciously low unit price (5.4)
1010000000000000.0,Low Price,unit_price,Suspiciously low unit price (4.7)
911000000000000.0,Low Price,unit_price,Suspiciously low unit price (4.6)
911000000000000.0,Low Price,unit_price,Suspiciously low unit price (4.6)
911000000000000.0,Low Price,unit_price,Suspiciously low unit price (4.6)
911000000000000.0,Low Price,unit_price,Suspiciously low unit price (4.6)
911000000000000.0,Low Price,unit_price,Suspiciously low unit price (4.6)
2210000000000000.0,Low Price,unit_price,Suspiciously low unit price (3.5)
1500000000000000.0,Low Price,unit_price,Suspiciously low unit price (5.4)
30300000000000.0,Low Price,unit_price,Suspiciously low unit price (6.2)
230000000000000.0,Low Price,unit_price,Suspiciously low unit price (5.6)
20300000000000.0,Low Price,unit_price,Suspiciously low unit price (10.3)
1110000000000000.0,Low Price,unit_price,Suspiciously low unit price (10.2)
5661459254.0,Low Price,unit_price,Suspiciously low unit price (11.1)
110000000000000.0,Low Price,unit_price,Suspiciously low unit price (10.3)
110000000000000.0,Low Price,unit_price,Suspiciously low unit price (6.9)
6979264374.0,Low Price,unit_price,Suspiciously low unit price (5.2)
6979264375.0,Low Price,unit_price,Suspiciously low unit price (10.5)
9863486206.0,Low Price,unit_price,Suspiciously low unit price (5.4)
9863439905.0,Low Price,unit_price,Suspiciously low unit price (11.1)
9863439906.0,Low Price,unit_price,Suspiciously low unit price (11.1)
9863439907.0,Low Price,unit_price,Suspiciously low unit price (11.1)
9863439908.0,Low Price,unit_price,Suspiciously low unit price (11.1)
9863439909.0,Low Price,unit_price,Suspiciously low unit price (11.1)
7993491249.0,Low Price,unit_price,Suspiciously low unit price (11.2)
7993517627.0,Low Price,unit_price,Suspiciously low unit price (11.2)
7993508928.0,Low Price,unit_price,Suspiciously low unit price (11.2)
448823740.0,Low Price,unit_price,Suspiciously low unit price (5.4)
230000000000000.0,Low Price,unit_price,Suspiciously low unit price (1.9)
3699003880.0,Low Price,unit_price,Suspiciously low unit price (38.1)
3699003898.0,Low Price,unit_price,Suspiciously low unit price (16.1)
2310000000000000.0,Low Price,unit_price,Suspiciously low unit price (49.0)
2510000000000000.0,Low Price,unit_price,Suspiciously low unit price (20.0)
2510000000000000.0,Low Price,unit_price,Suspiciously low unit price (40.0)
2410000000000000.0,Low Price,unit_price,Suspiciously low unit price (20.6)
2410000000000000.0,Low Price,unit_price,Suspiciously low unit price (24.0)
2410000000000000.0,Low Price,unit_price,Suspiciously low unit price (27.1)
2410000000000000.0,Low Price,unit_price,Suspiciously low unit price (48.1)
3751834283.0,Low Price,unit_price,Suspiciously low unit price (42.7)
2810000000000000.0,Low Price,unit_price,Suspiciously low unit price (16.0)
1400000000000000.0,Low Price,unit_price,Suspiciously low unit price (30.8)
140000000000000.0,Low Price,unit_price,Suspiciously low unit price (30.8)
828838313.0,Low Price,unit_price,Suspiciously low unit price (34.4)
828838311.0,Low Price,unit_price,Suspiciously low unit price (44.5)
3010000000000000.0,Low Price,unit_price,Suspiciously low unit price (35.8)
3697520848.0,Low Price,unit_price,Suspiciously low unit price (12.5)
9203776718.0,Low Price,unit_price,Suspiciously low unit price (20.7)
1111689358.0,Low Price,unit_price,Suspiciously low unit price (5.9)
290000000000000.0,Low Price,unit_price,Suspiciously low unit price (0.5)
407000000000000.0,Low Price,unit_price,Suspiciously low unit price (23.3)
606000000000000.0,Low Price,unit_price,Suspiciously low unit price (15.1)
3753849474.0,Low Price,unit_price,Suspiciously low unit price (14.1)
1010000000000000.0,Low Price,unit_price,Suspiciously low unit price (12.2)
703000000000000.0,Low Price,unit_price,Suspiciously low unit price (21.9)
291000000000000.0,Low Price,unit_price,Suspiciously low unit price (1.6)
1325902443.0,Low Price,unit_price,Suspiciously low unit price (15.0)
1148199537.0,Low Price,unit_price,Suspiciously low unit price (19.2)
1120763868.0,Low Price,unit_price,Suspiciously low unit price (34.8)
10200000000000.0,Low Price,unit_price,Suspiciously low unit price (10.0)
10200000000000.0,Low Price,unit_price,Suspiciously low unit price (10.0)
6090000000000.0,Low Price,unit_price,Suspiciously low unit price (9.8)
2410000000000000.0,Low Price,unit_price,Suspiciously low unit price (10.1)
1710000000000000.0,Low Price,unit_price,Suspiciously low unit price (10.0)
70100000000000.0,Low Price,unit_price,Suspiciously low unit price (10.2)
161000000000000.0,Low Price,unit_price,Suspiciously low unit price (10.2)
12100000000000.0,Low Price,unit_price,Suspiciously low unit price (0.0)
612000000000000.0,Low Price,unit_price,Suspiciously low unit price (13.6)
2700000000000000.0,Low Price,unit_price,Suspiciously low unit price (5.1)
2910000000000000.0,Low Price,unit_price,Suspiciously low unit price (28.6)
1610000000000000.0,Low Price,unit_price,Suspiciously low unit price (4.2)
2310000000000000.0,Low Price,unit_price,Suspiciously low unit price (22.4)
2310000000000000.0,Low Price,unit_price,Suspiciously low unit price (34.6)
2310000000000000.0,Low Price,unit_price,Suspiciously low unit price (12.3)
2310000000000000.0,Low Price,unit_price,Suspiciously low unit price (19.4)
2310000000000000.0,Low Price,unit_price,Suspiciously low unit price (23.3)
2310000000000000.0,Low Price,unit_price,Suspiciously low unit price (34.6)
2310000000000000.0,Low Price,unit_price,Suspiciously low unit price (19.4)
30200000000000.0,Low Price,unit_price,Suspiciously low unit price (34.0)
30200000000000.0,Low Price,unit_price,Suspiciously low unit price (34.0)
270000000000000.0,Low Price,unit_price,Suspiciously low unit price (17.0)
1110000000000000.0,Low Price,unit_price,Suspiciously low unit price (33.9)
1110000000000000.0,Low Price,unit_price,Suspiciously low unit price (33.9)
281000000000000.0,Low Price,unit_price,Suspiciously low unit price (28.4)
281000000000000.0,Low Price,unit_price,Suspiciously low unit price (28.4)
281000000000000.0,Low Price,unit_price,Suspiciously low unit price (43.3)
281000000000000.0,Low Price,unit_price,Suspiciously low unit price (46.4)
281000000000000.0,Low Price,unit_price,Suspiciously low unit price (46.4)
281000000000000.0,Low Price,unit_price,Suspiciously low unit price (15.3)
281000000000000.0,Low Price,unit_price,Suspiciously low unit price (15.3)
281000000000000.0,Low Price,unit_price,Suspiciously low unit price (31.8)
90900000000000.0,Low Price,unit_price,Suspiciously low unit price (47.5)
807000000000000.0,Low Price,unit_price,Suspiciously low unit price (29.8)
807000000000000.0,Low Price,unit_price,Suspiciously low unit price (39.2)
2510000000000000.0,Low Price,unit_price,Suspiciously low unit price (24.7)
2510000000000000.0,Low Price,unit_price,Suspiciously low unit price (36.0)
2510000000000000.0,Low Price,unit_price,Suspiciously low unit price (36.0)
2510000000000000.0,Low Price,unit_price,Suspiciously low unit price (24.7)
606000000000000.0,Low Price,unit_price,Suspiciously low unit price (39.8)
606000000000000.0,Low Price,unit_price,Suspiciously low unit price (39.8)
606000000000000.0,Low Price,unit_price,Suspiciously low unit price (27.3)
606000000000000.0,Low Price,unit_price,Suspiciously low unit price (38.6)
606000000000000.0,Low Price,unit_price,Suspiciously low unit price (38.6)
1310000000000000.0,Low Price,unit_price,Suspiciously low unit price (38.2)
1310000000000000.0,Low Price,unit_price,Suspiciously low unit price (38.2)
305000000000000.0,Low Price,unit_price,Suspiciously low unit price (35.5)
305000000000000.0,Low Price,unit_price,Suspiciously low unit price (35.5)
1700000000000000.0,Low Price,unit_price,Suspiciously low unit price (28.3)
1700000000000000.0,Low Price,unit_price,Suspiciously low unit price (23.7)
1700000000000000.0,Low Price,unit_price,Suspiciously low unit price (23.7)
404000000000000.0,Low Price,unit_price,Suspiciously low unit price (33.2)
404000000000000.0,Low Price,unit_price,Suspiciously low unit price (33.2)
90300000000000.0,Low Price,unit_price,Suspiciously low unit price (28.7)
280000000000000.0,Low Price,unit_price,Suspiciously low unit price (33.2)
280000000000000.0,Low Price,unit_price,Suspiciously low unit price (44.8)
280000000000000.0,Low Price,unit_price,Suspiciously low unit price (44.8)
190000000000000.0,Low Price,unit_price,Suspiciously low unit price (46.6)
190000000000000.0,Low Price,unit_price,Suspiciously low unit price (20.9)
190000000000000.0,Low Price,unit_price,Suspiciously low unit price (20.9)
1147670989.0,Low Price,unit_price,Suspiciously low unit price (2.5)
290000000000000.0,Low Price,unit_price,Suspiciously low unit price (15.1)
3699076539.0,Low Price,unit_price,Suspiciously low unit price (8.0)
8495717078.0,Low Price,unit_price,Suspiciously low unit price (7.8)
283782681.0,Low Price,unit_price,Suspiciously low unit price (7.3)
1092507374.0,Low Price,unit_price,Suspiciously low unit price (6.8)
1003611485.0,Low Price,unit_price,Suspiciously low unit price (9.9)
1089310410.0,Low Price,unit_price,Suspiciously low unit price (9.3)
1026546581.0,Low Price,unit_price,Suspiciously low unit price (13.3)
1022818310.0,Low Price,unit_price,Suspiciously low unit price (6.9)
1062425804.0,Low Price,unit_price,Suspiciously low unit price (7.0)
1030361701.0,Low Price,unit_price,Suspiciously low unit price (4.5)
1025897715.0,Low Price,unit_price,Suspiciously low unit price (6.3)
6090000000000.0,Low Price,unit_price,Suspiciously low unit price (7.4)
1610000000000000.0,Low Price,unit_price,Suspiciously low unit price (6.1)
6005762163.0,Low Price,unit_price,Suspiciously low unit price (20.6)
3699026197.0,Low Price,unit_price,Suspiciously low unit price (23.0)
3699026199.0,Low Price,unit_price,Suspiciously low unit price (21.8)
2510000000000000.0,Low Price,unit_price,Suspiciously low unit price (49.4)
9201029944.0,Low Price,unit_price,Suspiciously low unit price (27.3)
1510000000000000.0,Low Price,unit_price,Suspiciously low unit price (4.9)
1010000000000000.0,Low Price,unit_price,Suspiciously low unit price (38.9)
3010000000000000.0,Low Price,unit_price,Suspiciously low unit price (11.0)
2610000000000000.0,Low Price,unit_price,Suspiciously low unit price (11.3)
23100000000000.0,Low Price,unit_price,Suspiciously low unit price (0.0)
20100000000000.0,Low Price,unit_price,Suspiciously low unit price (0.0)
308000000000000.0,Low Price,unit_price,Suspiciously low unit price (38.3)
308000000000000.0,Low Price,unit_price,Suspiciously low unit price (38.3)
2910000000000000.0,Low Price,unit_price,Suspiciously low unit price (0.0)
1810000000000000.0,Low Price,unit_price,Suspiciously low unit price (0.0)
1810000000000000.0,Low Price,unit_price,Suspiciously low unit price (0.0)
1810000000000000.0,Low Price,unit_price,Suspiciously low unit price (0.0)
1810000000000000.0,Low Price,unit_price,Suspiciously low unit price (0.0)
1810000000000000.0,Low Price,unit_price,Suspiciously low unit price (0.0)
2910000000000000.0,Low Price,unit_price,Suspiciously low unit price (0.0)
2910000000000000.0,Low Price,unit_price,Suspiciously low unit price (0.0)
2910000000000000.0,Low Price,unit_price,Suspiciously low unit price (0.0)
2910000000000000.0,Low Price,unit_price,Suspiciously low unit price (0.0)
2910000000000000.0,Low Price,unit_price,Suspiciously low unit price (0.0)
2910000000000000.0,Low Price,unit_price,Suspiciously low unit price (0.0)
2910000000000000.0,Low Price,unit_price,Suspiciously low unit price (0.0)
2910000000000000.0,Low Price,unit_price,Suspiciously low unit price (0.0)
2910000000000000.0,Low Price,unit_price,Suspiciously low unit price (0.0)
2910000000000000.0,Low Price,unit_price,Suspiciously low unit price (0.0)
1910000000000000.0,Low Price,unit_price,Suspiciously low unit price (0.0)
1910000000000000.0,Low Price,unit_price,Suspiciously low unit price (0.0)
1910000000000000.0,Low Price,unit_price,Suspiciously low unit price (0.0)
1910000000000000.0,Low Price,unit_price,Suspiciously low unit price (0.0)
1910000000000000.0,Low Price,unit_price,Suspiciously low unit price (0.0)
105000000000000.0,Low Price,unit_price,Suspiciously low unit price (0.0)
105000000000000.0,Low Price,unit_price,Suspiciously low unit price (0.0)
1610000000000000.0,Low Price,unit_price,Suspiciously low unit price (24.7)
1410000000000000.0,Low Price,unit_price,Suspiciously low unit price (47.0)
1110000000000000.0,Low Price,unit_price,Suspiciously low unit price (10.9)
306000000000000.0,Low Price,unit_price,Suspiciously low unit price (17.7)
2110000000000000.0,Low Price,unit_price,Suspiciously low unit price (49.7)
120000000000000.0,Low Price,unit_price,Suspiciously low unit price (42.0)
2010000000000000.0,Low Price,unit_price,Suspiciously low unit price (38.4)
1010000000000000.0,Low Price,unit_price,Suspiciously low unit price (43.0)
709000000000000.0,Low Price,unit_price,Suspiciously low unit price (37.9)
23100000000000.0,Low Price,unit_price,Suspiciously low unit price (35.5)
1210000000000000.0,Low Price,unit_price,Suspiciously low unit price (37.1)
2400000000000000.0,Low Price,unit_price,Suspiciously low unit price (35.7)
20300000000000.0,Low Price,unit_price,Suspiciously low unit price (37.6)
260000000000000.0,Low Price,unit_price,Suspiciously low unit price (39.6)
260000000000000.0,Low Price,unit_price,Suspiciously low unit price (39.6)
1100919643.0,Low Price,unit_price,Suspiciously low unit price (18.7)
1151447341.0,Low Price,unit_price,Suspiciously low unit price (6.4)
3701098516.0,Low Price,unit_price,Suspiciously low unit price (2.5)
9323807988.0,Low Price,unit_price,Suspiciously low unit price (2.4)
9323807996.0,Low Price,unit_price,Suspiciously low unit price (2.4)
1039941571.0,Low Price,unit_price,Suspiciously low unit price (15.0)
1091884353.0,Low Price,unit_price,Suspiciously low unit price (13.9)
1045658510.0,Low Price,unit_price,Suspiciously low unit price (42.9)
2410000000000000.0,Low Price,unit_price,Suspiciously low unit price (25.5)
2410000000000000.0,Low Price,unit_price,Suspiciously low unit price (33.3)
6749358480.0,Low Price,unit_price,Suspiciously low unit price (35.5)
2410000000000000.0,Low Price,unit_price,Suspiciously low unit price (31.6)
2410000000000000.0,Low Price,unit_price,Suspiciously low unit price (31.6)
2410000000000000.0,Low Price,unit_price,Suspiciously low unit price (21.6)
2410000000000000.0,Low Price,unit_price,Suspiciously low unit price (21.6)
2410000000000000.0,Low Price,unit_price,Suspiciously low unit price (22.0)
2410000000000000.0,Low Price,unit_price,Suspiciously low unit price (22.0)
2410000000000000.0,Low Price,unit_price,Suspiciously low unit price (40.3)
2410000000000000.0,Low Price,unit_price,Suspiciously low unit price (40.3)
907000000000000.0,Low Price,unit_price,Suspiciously low unit price (32.2)
907000000000000.0,Low Price,unit_price,Suspiciously low unit price (32.1)
1080714619.0,Low Price,unit_price,Suspiciously low unit price (10.4)
805000000000000.0,Low Price,unit_price,Suspiciously low unit price (7.0)
3463218136.0,Low Price,unit_price,Suspiciously low unit price (7.8)
220000000000000.0,Low Price,unit_price,Suspiciously low unit price (37.9)
220000000000000.0,Low Price,unit_price,Suspiciously low unit price (37.9)
80100000000000.0,Low Price,unit_price,Suspiciously low unit price (35.1)
80100000000000.0,Low Price,unit_price,Suspiciously low unit price (35.1)
652419048.0,Low Price,unit_price,Suspiciously low unit price (11.6)
651844125.0,Low Price,unit_price,Suspiciously low unit price (11.3)
1010098215.0,Low Price,unit_price,Suspiciously low unit price (11.0)
1081868480.0,Low Price,unit_price,Suspiciously low unit price (11.4)
1037090365.0,Low Price,unit_price,Suspiciously low unit price (11.6)
1143999014.0,Low Price,unit_price,Suspiciously low unit price (11.9)
1239365260.0,Low Price,unit_price,Suspiciously low unit price (11.8)
1007481111.0,Low Price,unit_price,Suspiciously low unit price (14.3)
1306705979.0,Low Price,unit_price,Suspiciously low unit price (14.8)
1310000000000000.0,Low Price,unit_price,Suspiciously low unit price (11.5)
2210000000000000.0,Low Price,unit_price,Suspiciously low unit price (14.0)
2510000000000000.0,Low Price,unit_price,Suspiciously low unit price (11.0)
2310000000000000.0,Low Price,unit_price,Suspiciously low unit price (10.9)
1500000000000000.0,Low Price,unit_price,Suspiciously low unit price (6.7)
250000000000000.0,Low Price,unit_price,Suspiciously low unit price (14.4)
110000000000000.0,Low Price,unit_price,Suspiciously low unit price (4.4)
140000000000000.0,Low Price,unit_price,Suspiciously low unit price (4.5)
28100000000000.0,Low Price,unit_price,Suspiciously low unit price (7.3)
9100000000000.0,Low Price,unit_price,Suspiciously low unit price (11.3)
2410000000000000.0,Low Price,unit_price,Suspiciously low unit price (11.4)
2310000000000000.0,Low Price,unit_price,Suspiciously low unit price (11.1)
707000000000000.0,Low Price,unit_price,Suspiciously low unit price (14.4)
406000000000000.0,Low Price,unit_price,Suspiciously low unit price (4.6)
2800000000000000.0,Low Price,unit_price,Suspiciously low unit price (4.7)
1800000000000000.0,Low Price,unit_price,Suspiciously low unit price (11.7)
311000000000000.0,Low Price,unit_price,Suspiciously low unit price (6.5)
308000000000000.0,Low Price,unit_price,Suspiciously low unit price (7.3)
1810000000000000.0,Low Price,unit_price,Suspiciously low unit price (10.5)
1100000000000000.0,Low Price,unit_price,Suspiciously low unit price (5.4)
1610000000000000.0,Low Price,unit_price,Suspiciously low unit price (5.2)
3110000000000000.0,Low Price,unit_price,Suspiciously low unit price (13.9)
40300000000000.0,Low Price,unit_price,Suspiciously low unit price (5.4)
230000000000000.0,Low Price,unit_price,Suspiciously low unit price (5.5)
2710000000000000.0,Low Price,unit_price,Suspiciously low unit price (5.6)
2210000000000000.0,Low Price,unit_price,Suspiciously low unit price (23.6)
1510000000000000.0,Low Price,unit_price,Suspiciously low unit price (0.0)
1510000000000000.0,Low Price,unit_price,Suspiciously low unit price (0.0)
3110000000000000.0,Low Price,unit_price,Suspiciously low unit price (0.0)
1041704943.0,Low Price,unit_price,Suspiciously low unit price (2.1)
1083318695.0,Low Price,unit_price,Suspiciously low unit price (2.1)
5658068898.0,Low Price,unit_price,Suspiciously low unit price (33.6)
170000000000000.0,Low Price,unit_price,Suspiciously low unit price (27.7)
160000000000000.0,Low Price,unit_price,Suspiciously low unit price (21.1)
651070566.0,Low Price,unit_price,Suspiciously low unit price (38.9)
3697158115.0,Low Price,unit_price,Suspiciously low unit price (42.2)
8848271255.0,Low Price,unit_price,Suspiciously low unit price (39.3)
8847618429.0,Low Price,unit_price,Suspiciously low unit price (40.1)
797210691.0,Low Price,unit_price,Suspiciously low unit price (33.1)
286424386.0,Low Price,unit_price,Suspiciously low unit price (34.0)
286424326.0,Low Price,unit_price,Suspiciously low unit price (39.5)
1188843286.0,Low Price,unit_price,Suspiciously low unit price (37.8)
1050944453.0,Low Price,unit_price,Suspiciously low unit price (38.9)
1610000000000000.0,Low Price,unit_price,Suspiciously low unit price (41.2)
1610000000000000.0,Low Price,unit_price,Suspiciously low unit price (47.7)
1210000000000000.0,Low Price,unit_price,Suspiciously low unit price (40.6)
912000000000000.0,Low Price,unit_price,Suspiciously low unit price (44.8)
151000000000000.0,Low Price,unit_price,Suspiciously low unit price (49.9)
141000000000000.0,Low Price,unit_price,Suspiciously low unit price (46.8)
2010000000000000.0,Low Price,unit_price,Suspiciously low unit price (37.4)
1011213872.0,Low Price,unit_price,Suspiciously low unit price (37.7)
2810000000000000.0,Low Price,unit_price,Suspiciously low unit price (36.7)
160000000000000.0,Low Price,unit_price,Suspiciously low unit price (26.6)
8849601814.0,Low Price,unit_price,Suspiciously low unit price (10.0)
6978488721.0,Low Price,unit_price,Suspiciously low unit price (16.5)
1710000000000000.0,Low Price,unit_price,Suspiciously low unit price (10.6)
8483985027.0,Low Price,unit_price,Suspiciously low unit price (29.2)
8483985028.0,Low Price,unit_price,Suspiciously low unit price (31.8)
3010000000000.0,Low Price,unit_price,Suspiciously low unit price (11.1)
2110000000000000.0,Low Price,unit_price,Suspiciously low unit price (20.8)
50300000000000.0,Low Price,unit_price,Suspiciously low unit price (21.2)
1810000000000000.0,Low Price,unit_price,Suspiciously low unit price (21.2)
1145202028.0,Low Price,unit_price,Suspiciously low unit price (42.0)
1148254816.0,Low Price,unit_price,Suspiciously low unit price (42.0)
261000000000000.0,Low Price,unit_price,Suspiciously low unit price (17.8)
310000000000000.0,Low Price,unit_price,Suspiciously low unit price (28.6)
22000000000000.0,Low Price,unit_price,Suspiciously low unit price (38.4)
5660410234.0,Low Price,unit_price,Suspiciously low unit price (47.1)
250000000000000.0,Low Price,unit_price,Suspiciously low unit price (5.4)
1700000000000000.0,Low Price,unit_price,Suspiciously low unit price (31.8)
1900000000000000.0,Low Price,unit_price,Suspiciously low unit price (2.8)
1900000000000000.0,Low Price,unit_price,Suspiciously low unit price (6.9)
1014727866.0,Low Price,unit_price,Suspiciously low unit price (9.0)
80900000000000.0,Low Price,unit_price,Suspiciously low unit price (30.0)
1381635697.0,Low Price,unit_price,Suspiciously low unit price (18.2)
211000000000000.0,Low Price,unit_price,Suspiciously low unit price (8.8)
1057235458.0,Low Price,unit_price,Suspiciously low unit price (37.9)
50300000000000.0,Low Price,unit_price,Suspiciously low unit price (3.1)
3110000000000000.0,Low Price,unit_price,Suspiciously low unit price (12.8)
205000000000000.0,Low Price,unit_price,Suspiciously low unit price (24.0)
205000000000000.0,Low Price,unit_price,Suspiciously low unit price (30.0)
1303959497.0,Low Price,unit_price,Suspiciously low unit price (9.1)
1181965175.0,Low Price,unit_price,Suspiciously low unit price (1.5)
507000000000000.0,Low Price,unit_price,Suspiciously low unit price (31.1)
507000000000000.0,Low Price,unit_price,Suspiciously low unit price (8.3)
1066777658.0,Low Price,unit_price,Suspiciously low unit price (6.9)
90200000000000.0,Low Price,unit_price,Suspiciously low unit price (1.4)
90200000000000.0,Low Price,unit_price,Suspiciously low unit price (1.4)
1610000000000000.0,Low Price,unit_price,Suspiciously low unit price (11.6)
31200000000000.0,Low Price,unit_price,Suspiciously low unit price (20.0)
31200000000000.0,Low Price,unit_price,Suspiciously low unit price (22.0)
31200000000000.0,Low Price,unit_price,Suspiciously low unit price (22.0)
1710000000000000.0,Low Price,unit_price,Suspiciously low unit price (34.8)
1165071935.0,Low Price,unit_price,Suspiciously low unit price (0.5)
9200273965.0,Low Price,unit_price,Suspiciously low unit price (10.8)
1810000000000000.0,Low Price,unit_price,Suspiciously low unit price (5.2)
2000000000000000.0,Low Price,unit_price,Suspiciously low unit price (44.4)
1010000000000000.0,Low Price,unit_price,Suspiciously low unit price (4.5)
111000000000000.0,Low Price,unit_price,Suspiciously low unit price (10.0)
1310000000000000.0,Low Price,unit_price,Suspiciously low unit price (26.5)
1310000000000000.0,Low Price,unit_price,Suspiciously low unit price (23.7)
1310000000000000.0,Low Price,unit_price,Suspiciously low unit price (26.5)
1086505535.0,Low Price,unit_price,Suspiciously low unit price (22.2)
1109063131.0,Low Price,unit_price,Suspiciously low unit price (34.5)
1004734492.0,Low Price,unit_price,Suspiciously low unit price (4.7)
1081840145.0,Low Price,unit_price,Suspiciously low unit price (4.9)
280000000000000.0,Low Price,unit_price,Suspiciously low unit price (4.3)
3110000000000000.0,Low Price,unit_price,Suspiciously low unit price (4.3)
2110000000000000.0,Low Price,unit_price,Suspiciously low unit price (4.3)
2910000000000000.0,Low Price,unit_price,Suspiciously low unit price (19.7)
2910000000000000.0,Low Price,unit_price,Suspiciously low unit price (11.0)
2910000000000000.0,Low Price,unit_price,Suspiciously low unit price (19.7)
2910000000000000.0,Low Price,unit_price,Suspiciously low unit price (25.5)
6173275267.0,Low Price,unit_price,Suspiciously low unit price (4.7)
707000000000000.0,Low Price,unit_price,Suspiciously low unit price (33.5)
707000000000000.0,Low Price,unit_price,Suspiciously low unit price (38.9)
286787224.0,Low Price,unit_price,Suspiciously low unit price (29.8)
286787225.0,Low Price,unit_price,Suspiciously low unit price (26.6)
6975351098.0,Low Price,unit_price,Suspiciously low unit price (25.3)
2100000000000000.0,Low Price,unit_price,Suspiciously low unit price (35.4)
650394199.0,Low Price,unit_price,Suspiciously low unit price (29.2)
8495949282.0,Low Price,unit_price,Suspiciously low unit price (49.9)
1156400997.0,Low Price,unit_price,Suspiciously low unit price (49.7)
1510000000000000.0,Low Price,unit_price,Suspiciously low unit price (7.2)
1510000000000000.0,Low Price,unit_price,Suspiciously low unit price (42.4)
2910000000000000.0,Low Price,unit_price,Suspiciously low unit price (2.1)
101000000000000.0,Low Price,unit_price,Suspiciously low unit price (15.1)
6751693695.0,Low Price,unit_price,Suspiciously low unit price (10.8)
1034372130.0,Low Price,unit_price,Suspiciously low unit price (9.3)
2110000000000000.0,Low Price,unit_price,Suspiciously low unit price (2.5)
2110000000000000.0,Low Price,unit_price,Suspiciously low unit price (2.0)
2110000000000000.0,Low Price,unit_price,Suspiciously low unit price (2.5)
2110000000000000.0,Low Price,unit_price,Suspiciously low unit price (4.2)
1076194324.0,Low Price,unit_price,Suspiciously low unit price (29.4)
60200000000000.0,Low Price,unit_price,Suspiciously low unit price (35.0)
60200000000000.0,Low Price,unit_price,Suspiciously low unit price (35.0)
1110000000000000.0,Low Price,unit_price,Suspiciously low unit price (39.2)
1110000000000000.0,Low Price,unit_price,Suspiciously low unit price (39.2)
304000000000000.0,Low Price,unit_price,Suspiciously low unit price (36.7)
304000000000000.0,Low Price,unit_price,Suspiciously low unit price (36.7)
90200000000000.0,Low Price,unit_price,Suspiciously low unit price (35.7)
90200000000000.0,Low Price,unit_price,Suspiciously low unit price (35.7)
7994167482.0,Low Price,unit_price,Suspiciously low unit price (10.3)
7994167483.0,Low Price,unit_price,Suspiciously low unit price (10.9)
1010000000000000.0,Low Price,unit_price,Suspiciously low unit price (30.2)
1410000000000000.0,Low Price,unit_price,Suspiciously low unit price (35.3)
1097569160.0,Low Price,unit_price,Suspiciously low unit price (2.5)
1166531296.0,Low Price,unit_price,Suspiciously low unit price (9.5)
6750666877.0,Low Price,unit_price,Suspiciously low unit price (27.7)
1077155160.0,Low Price,unit_price,Suspiciously low unit price (21.0)
9324382524.0,Low Price,unit_price,Suspiciously low unit price (26.7)
60900000000000.0,Low Price,unit_price,Suspiciously low unit price (3.9)
60900000000000.0,Low Price,unit_price,Suspiciously low unit price (21.7)
6977566063.0,Low Price,unit_price,Suspiciously low unit price (6.3)
1710000000000000.0,Low Price,unit_price,Suspiciously low unit price (4.6)
2700000000000000.0,Low Price,unit_price,Suspiciously low unit price (21.5)
2700000000000000.0,Low Price,unit_price,Suspiciously low unit price (21.5)
200000000000000.0,Low Price,unit_price,Suspiciously low unit price (21.5)
200000000000000.0,Low Price,unit_price,Suspiciously low unit price (21.5)
9326217701.0,Low Price,unit_price,Suspiciously low unit price (48.6)
1030157820.0,Low Price,unit_price,Suspiciously low unit price (5.0)
1268121098.0,Low Price,unit_price,Suspiciously low unit price (46.9)
100000000000000.0,Low Price,unit_price,Suspiciously low unit price (48.6)
1810000000000000.0,Low Price,unit_price,Suspiciously low unit price (15.4)
1603718581.0,Low Price,unit_price,Suspiciously low unit price (29.9)
1698772100.0,Low Price,unit_price,Suspiciously low unit price (29.9)
1234275164.0,Low Price,unit_price,Suspiciously low unit price (9.6)
1342751737.0,Low Price,unit_price,Suspiciously low unit price (9.6)
1210000000000000.0,Low Price,unit_price,Suspiciously low unit price (23.8)
9702198922.0,Low Price,unit_price,Suspiciously low unit price (34.8)
218461323.0,Low Price,unit_price,Suspiciously low unit price (34.8)
1323960137.0,Low Price,unit_price,Suspiciously low unit price (23.8)
1323960134.0,Low Price,unit_price,Suspiciously low unit price (29.4)
1323960135.0,Low Price,unit_price,Suspiciously low unit price (34.4)
1113460073.0,Low Price,unit_price,Suspiciously low unit price (23.8)
1003807329.0,Low Price,unit_price,Suspiciously low unit price (29.4)
1557122409.0,Low Price,unit_price,Suspiciously low unit price (34.4)
1498283780.0,Low Price,unit_price,Suspiciously low unit price (27.2)
1821207720.0,Low Price,unit_price,Suspiciously low unit price (32.2)
270000000000000.0,Low Price,unit_price,Suspiciously low unit price (32.1)
270000000000000.0,Low Price,unit_price,Suspiciously low unit price (27.1)
2310000000000000.0,Low Price,unit_price,Suspiciously low unit price (15.7)
221000000000000.0,Low Price,unit_price,Suspiciously low unit price (32.0)
221000000000000.0,Low Price,unit_price,Suspiciously low unit price (27.0)
210000000000000.0,Low Price,unit_price,Suspiciously low unit price (32.7)
210000000000000.0,Low Price,unit_price,Suspiciously low unit price (38.7)
2410000000000000.0,Low Price,unit_price,Suspiciously low unit price (27.7)
90100000000000.0,Low Price,unit_price,Suspiciously low unit price (22.6)
90100000000000.0,Low Price,unit_price,Suspiciously low unit price (27.7)
90100000000000.0,Low Price,unit_price,Suspiciously low unit price (32.9)
90100000000000.0,Low Price,unit_price,Suspiciously low unit price (22.6)
90100000000000.0,Low Price,unit_price,Suspiciously low unit price (27.7)
8495207201.0,Low Price,unit_price,Suspiciously low unit price (43.4)
795944119.0,Low Price,unit_price,Suspiciously low unit price (44.6)
90200000000000.0,Low Price,unit_price,Suspiciously low unit price (4.4)
1053939001.0,Low Price,unit_price,Suspiciously low unit price (7.6)
1130263141.0,Low Price,unit_price,Suspiciously low unit price (7.3)
2410000000000000.0,Low Price,unit_price,Suspiciously low unit price (5.4)
191000000000000.0,Low Price,unit_price,Suspiciously low unit price (10.8)
180000000000000.0,Low Price,unit_price,Suspiciously low unit price (26.1)
1044268154.0,Low Price,unit_price,Suspiciously low unit price (8.5)
9323667447.0,Low Price,unit_price,Suspiciously low unit price (5.6)
9323667448.0,Low Price,unit_price,Suspiciously low unit price (5.2)
2710000000000000.0,Low Price,unit_price,Suspiciously low unit price (8.1)
2710000000000000.0,Low Price,unit_price,Suspiciously low unit price (6.3)
1110000000000000.0,Low Price,unit_price,Suspiciously low unit price (2.1)
1110000000000000.0,Low Price,unit_price,Suspiciously low unit price (2.1)
1106223918.0,Low Price,unit_price,Suspiciously low unit price (27.6)
1060495238.0,Low Price,unit_price,Suspiciously low unit price (27.6)
1023520002.0,Low Price,unit_price,Suspiciously low unit price (37.9)
1091354632.0,Low Price,unit_price,Suspiciously low unit price (41.1)
1610000000000000.0,Low Price,unit_price,Suspiciously low unit price (7.5)
5604157413.0,Low Price,unit_price,Suspiciously low unit price (0.1)
5604102921.0,Low Price,unit_price,Suspiciously low unit price (0.1)
1153332866.0,Low Price,unit_price,Suspiciously low unit price (28.9)
6749873092.0,Low Price,unit_price,Suspiciously low unit price (5.7)
1200000000000000.0,Low Price,unit_price,Suspiciously low unit price (31.5)
2710000000000000.0,Low Price,unit_price,Suspiciously low unit price (6.1)
1073282192.0,Low Price,unit_price,Suspiciously low unit price (6.6)
310000000000000.0,Low Price,unit_price,Suspiciously low unit price (33.3)
90200000000000.0,Low Price,unit_price,Suspiciously low unit price (21.9)
90200000000000.0,Low Price,unit_price,Suspiciously low unit price (29.5)
250000000000000.0,Low Price,unit_price,Suspiciously low unit price (15.7)
250000000000000.0,Low Price,unit_price,Suspiciously low unit price (15.7)
250000000000000.0,Low Price,unit_price,Suspiciously low unit price (15.7)
40100000000000.0,Low Price,unit_price,Suspiciously low unit price (15.7)
1018773307.0,Low Price,unit_price,Suspiciously low unit price (37.4)
7854854644.0,Low Price,unit_price,Suspiciously low unit price (7.6)
1097744370.0,Low Price,unit_price,Suspiciously low unit price (48.0)
1126134223.0,Low Price,unit_price,Suspiciously low unit price (48.0)
8483801810.0,Low Price,unit_price,Suspiciously low unit price (42.4)
190000000000000.0,Low Price,unit_price,Suspiciously low unit price (4.0)
141000000000000.0,Low Price,unit_price,Suspiciously low unit price (4.2)
9326777059.0,Low Price,unit_price,Suspiciously low unit price (11.2)
9326777050.0,Low Price,unit_price,Suspiciously low unit price (18.6)
308000000000000.0,Low Price,unit_price,Suspiciously low unit price (3.7)
31000000000000.0,Low Price,unit_price,Suspiciously low unit price (15.1)
1032936423.0,Low Price,unit_price,Suspiciously low unit price (14.7)
1038372121.0,Low Price,unit_price,Suspiciously low unit price (13.8)
1066350313.0,Low Price,unit_price,Suspiciously low unit price (11.0)
1743113483.0,Low Price,unit_price,Suspiciously low unit price (26.9)
509000000000000.0,Low Price,unit_price,Suspiciously low unit price (3.9)
141000000000000.0,Low Price,unit_price,Suspiciously low unit price (4.0)
171000000000000.0,Low Price,unit_price,Suspiciously low unit price (4.0)
808000000000000.0,Low Price,unit_price,Suspiciously low unit price (4.1)
508000000000000.0,Low Price,unit_price,Suspiciously low unit price (4.0)
107000000000000.0,Low Price,unit_price,Suspiciously low unit price (4.1)
290000000000000.0,Low Price,unit_price,Suspiciously low unit price (4.3)
2010000000000000.0,Low Price,unit_price,Suspiciously low unit price (42.3)
1710000000000000.0,Low Price,unit_price,Suspiciously low unit price (4.0)
1710000000000000.0,Low Price,unit_price,Suspiciously low unit price (4.0)
1610000000000000.0,Low Price,unit_price,Suspiciously low unit price (9.6)
1510000000000000.0,Low Price,unit_price,Suspiciously low unit price (4.3)
1510000000000000.0,Low Price,unit_price,Suspiciously low unit price (4.3)
504000000000000.0,Low Price,unit_price,Suspiciously low unit price (4.4)
1310000000000000.0,Low Price,unit_price,Suspiciously low unit price (14.6)
1310000000000000.0,Low Price,unit_price,Suspiciously low unit price (13.8)
1310000000000000.0,Low Price,unit_price,Suspiciously low unit price (11.1)
151000000000000.0,Low Price,unit_price,Suspiciously low unit price (4.2)
798392180.0,Low Price,unit_price,Suspiciously low unit price (1.0)
2610000000000000.0,Low Price,unit_price,Suspiciously low unit price (44.0)
2610000000000000.0,Low Price,unit_price,Suspiciously low unit price (44.0)
2410000000000000.0,Low Price,unit_price,Suspiciously low unit price (41.0)
1144981307.0,Low Price,unit_price,Suspiciously low unit price (30.4)
1112916770.0,Low Price,unit_price,Suspiciously low unit price (24.3)
1133160950.0,Low Price,unit_price,Suspiciously low unit price (28.3)
1118016063.0,Low Price,unit_price,Suspiciously low unit price (25.5)
1013077490.0,Low Price,unit_price,Suspiciously low unit price (28.8)
1078657678.0,Low Price,unit_price,Suspiciously low unit price (22.6)
3000000000000000.0,Low Price,unit_price,Suspiciously low unit price (23.8)
3000000000000000.0,Low Price,unit_price,Suspiciously low unit price (18.5)
3000000000000000.0,Low Price,unit_price,Suspiciously low unit price (20.8)
806000000000000.0,Low Price,unit_price,Suspiciously low unit price (23.7)
250000000000000.0,Low Price,unit_price,Suspiciously low unit price (24.2)
250000000000000.0,Low Price,unit_price,Suspiciously low unit price (18.8)
250000000000000.0,Low Price,unit_price,Suspiciously low unit price (20.4)
3696849496.0,Low Price,unit_price,Suspiciously low unit price (9.6)
2810000000000000.0,Low Price,unit_price,Suspiciously low unit price (41.0)
2810000000000000.0,Low Price,unit_price,Suspiciously low unit price (41.0)
2410000000000000.0,Low Price,unit_price,Suspiciously low unit price (40.8)
5090000000000.0,Low Price,unit_price,Suspiciously low unit price (43.0)
1810000000000000.0,Low Price,unit_price,Suspiciously low unit price (12.1)
2900000000000000.0,Low Price,unit_price,Suspiciously low unit price (15.8)
7993248619.0,Low Price,unit_price,Suspiciously low unit price (46.8)
1113250879.0,Low Price,unit_price,Suspiciously low unit price (6.4)
2010000000000000.0,Low Price,unit_price,Suspiciously low unit price (12.5)
151000000000000.0,Low Price,unit_price,Suspiciously low unit price (37.9)
2710000000000000.0,Low Price,unit_price,Suspiciously low unit price (38.6)
805000000000000.0,Low Price,unit_price,Suspiciously low unit price (6.3)
211000000000000.0,Low Price,unit_price,Suspiciously low unit price (46.8)
3754737171.0,Low Price,unit_price,Suspiciously low unit price (18.2)
1036399407.0,Low Price,unit_price,Suspiciously low unit price (16.5)
1042938378.0,Low Price,unit_price,Suspiciously low unit price (15.5)
2110000000000000.0,Low Price,unit_price,Suspiciously low unit price (38.8)
191000000000000.0,Low Price,unit_price,Suspiciously low unit price (9.0)
807000000000000.0,Low Price,unit_price,Suspiciously low unit price (3.2)
13000000000000.0,Low Price,unit_price,Suspiciously low unit price (42.0)
160000000000000.0,Low Price,unit_price,Suspiciously low unit price (0.8)
3696956248.0,Low Price,unit_price,Suspiciously low unit price (32.8)
796836267.0,Low Price,unit_price,Suspiciously low unit price (31.8)
510000000000000.0,Low Price,unit_price,Suspiciously low unit price (2.5)
905000000000000.0,Low Price,unit_price,Suspiciously low unit price (34.4)
1364055441.0,Low Price,unit_price,Suspiciously low unit price (10.0)
20200000000000.0,Low Price,unit_price,Suspiciously low unit price (39.8)
20200000000000.0,Low Price,unit_price,Suspiciously low unit price (39.8)
7855901391.0,Low Price,unit_price,Suspiciously low unit price (16.4)
7855901390.0,Low Price,unit_price,Suspiciously low unit price (29.4)
1098627859.0,Low Price,unit_price,Suspiciously low unit price (9.3)
506000000000000.0,Low Price,unit_price,Suspiciously low unit price (11.8)
191000000000000.0,Low Price,unit_price,Suspiciously low unit price (4.8)
1549029460.0,Low Price,unit_price,Suspiciously low unit price (7.3)
1162775545.0,Low Price,unit_price,Suspiciously low unit price (32.1)
9326490992.0,Low Price,unit_price,Suspiciously low unit price (10.8)
9326490987.0,Low Price,unit_price,Suspiciously low unit price (20.3)
1351408560.0,Low Price,unit_price,Suspiciously low unit price (8.0)
1032836438.0,Low Price,unit_price,Suspiciously low unit price (28.2)
3110000000000000.0,Low Price,unit_price,Suspiciously low unit price (32.2)
3110000000000000.0,Low Price,unit_price,Suspiciously low unit price (32.2)
1610000000000000.0,Low Price,unit_price,Suspiciously low unit price (46.8)
2500000000000000.0,Low Price,unit_price,Suspiciously low unit price (27.7)
191000000000000.0,Low Price,unit_price,Suspiciously low unit price (0.2)
290000000000000.0,Low Price,unit_price,Suspiciously low unit price (27.2)
131000000000000.0,Low Price,unit_price,Suspiciously low unit price (6.4)
250000000000000.0,Low Price,unit_price,Suspiciously low unit price (10.0)
2610000000000000.0,Low Price,unit_price,Suspiciously low unit price (0.2)
1053277538.0,Low Price,unit_price,Suspiciously low unit price (0.1)
1011168976.0,Low Price,unit_price,Suspiciously low unit price (0.1)
1086792993.0,Low Price,unit_price,Suspiciously low unit price (0.1)
1324795454.0,Low Price,unit_price,Suspiciously low unit price (0.1)
1115181133.0,Low Price,unit_price,Suspiciously low unit price (0.1)
1172960243.0,Low Price,unit_price,Suspiciously low unit price (0.1)
1037904506.0,Low Price,unit_price,Suspiciously low unit price (0.1)
1104948668.0,Low Price,unit_price,Suspiciously low unit price (0.1)
1084949446.0,Low Price,unit_price,Suspiciously low unit price (0.1)
1071449453.0,Low Price,unit_price,Suspiciously low unit price (0.1)
1079566903.0,Low Price,unit_price,Suspiciously low unit price (0.1)
1355853920.0,Low Price,unit_price,Suspiciously low unit price (0.1)
1177866075.0,Low Price,unit_price,Suspiciously low unit price (0.1)
812000000000000.0,Low Price,unit_price,Suspiciously low unit price (0.1)
3010000000000000.0,Low Price,unit_price,Suspiciously low unit price (0.1)
3010000000000000.0,Low Price,unit_price,Suspiciously low unit price (0.1)
3010000000000000.0,Low Price,unit_price,Suspiciously low unit price (0.1)
110000000000000.0,Low Price,unit_price,Suspiciously low unit price (0.1)
1100000000000000.0,Low Price,unit_price,Suspiciously low unit price (0.1)
804000000000000.0,Low Price,unit_price,Suspiciously low unit price (0.1)
704000000000000.0,Low Price,unit_price,Suspiciously low unit price (0.1)
1700000000000000.0,Low Price,unit_price,Suspiciously low unit price (0.1)
503000000000000.0,Low Price,unit_price,Suspiciously low unit price (0.1)
170000000000000.0,Low Price,unit_price,Suspiciously low unit price (0.1)
120000000000000.0,Low Price,unit_price,Suspiciously low unit price (0.1)
300000000000000.0,Low Price,unit_price,Suspiciously low unit price (0.1)
280000000000000.0,Low Price,unit_price,Suspiciously low unit price (0.1)
250000000000000.0,Low Price,unit_price,Suspiciously low unit price (0.1)
210000000000000.0,Low Price,unit_price,Suspiciously low unit price (0.1)
280000000000000.0,Low Price,unit_price,Suspiciously low unit price (0.2)
280000000000000.0,Low Price,unit_price,Suspiciously low unit price (0.2)
270000000000000.0,Low Price,unit_price,Suspiciously low unit price (0.2)
110000000000000.0,Low Price,unit_price,Suspiciously low unit price (0.2)
161000000000000.0,Low Price,unit_price,Suspiciously low unit price (0.2)
1810000000000000.0,Low Price,unit_price,Suspiciously low unit price (0.2)
609000000000000.0,Low Price,unit_price,Suspiciously low unit price (0.2)
2010000000000000.0,Low Price,unit_price,Suspiciously low unit price (0.2)
1110000000000000.0,Low Price,unit_price,Suspiciously low unit price (0.2)
208000000000000.0,Low Price,unit_price,Suspiciously low unit price (0.2)
2310000000000000.0,Low Price,unit_price,Suspiciously low unit price (0.2)
3010000000000000.0,Low Price,unit_price,Suspiciously low unit price (0.0)
1100000000000000.0,Low Price,unit_price,Suspiciously low unit price (0.1)
290000000000000.0,Low Price,unit_price,Suspiciously low unit price (0.1)
447047482.0,Low Price,unit_price,Suspiciously low unit price (5.6)
23000000000000.0,Low Price,unit_price,Suspiciously low unit price (11.4)
100000000000000.0,Low Price,unit_price,Suspiciously low unit price (30.5)
1000000000000000.0,Low Price,unit_price,Suspiciously low unit price (30.5)
1144804959.0,Low Price,unit_price,Suspiciously low unit price (33.7)
1052112165.0,Low Price,unit_price,Suspiciously low unit price (35.9)
60300000000000.0,Low Price,unit_price,Suspiciously low unit price (30.9)
80200000000000.0,Low Price,unit_price,Suspiciously low unit price (4.4)
80200000000000.0,Low Price,unit_price,Suspiciously low unit price (4.4)
652162454.0,Low Price,unit_price,Suspiciously low unit price (28.8)
3698305608.0,Low Price,unit_price,Suspiciously low unit price (23.8)
8483340859.0,Low Price,unit_price,Suspiciously low unit price (17.6)
1181332644.0,Low Price,unit_price,Suspiciously low unit price (8.6)
270000000000000.0,Low Price,unit_price,Suspiciously low unit price (33.9)
903000000000000.0,Low Price,unit_price,Suspiciously low unit price (43.6)
2500000000000000.0,Low Price,unit_price,Suspiciously low unit price (1.3)
2500000000000000.0,Low Price,unit_price,Suspiciously low unit price (1.3)
2500000000000000.0,Low Price,unit_price,Suspiciously low unit price (1.3)
2500000000000000.0,Low Price,unit_price,Suspiciously low unit price (1.3)
2500000000000000.0,Low Price,unit_price,Suspiciously low unit price (9.1)
2500000000000000.0,Low Price,unit_price,Suspiciously low unit price (20.8)
271000000000000.0,Low Price,unit_price,Suspiciously low unit price (20.0)
290000000000000.0,Low Price,unit_price,Suspiciously low unit price (13.0)
8498546707.0,Low Price,unit_price,Suspiciously low unit price (31.0)
2010000000000000.0,Low Price,unit_price,Suspiciously low unit price (24.4)
300000000000000.0,Low Price,unit_price,Suspiciously low unit price (47.1)
30300000000000.0,Low Price,unit_price,Suspiciously low unit price (34.2)
50200000000000.0,Low Price,unit_price,Suspiciously low unit price (36.4)
190000000000000.0,Low Price,unit_price,Suspiciously low unit price (44.1)
2910000000000000.0,Low Price,unit_price,Suspiciously low unit price (34.3)
2910000000000000.0,Low Price,unit_price,Suspiciously low unit price (1.1)
1177434635.0,Low Price,unit_price,Suspiciously low unit price (19.5)
1519841639.0,Low Price,unit_price,Suspiciously low unit price (40.0)
108000000000000.0,Low Price,unit_price,Suspiciously low unit price (25.4)
1136631243.0,Low Price,unit_price,Suspiciously low unit price (32.5)
2410000000000000.0,Low Price,unit_price,Suspiciously low unit price (8.6)
210000000000000.0,Low Price,unit_price,Suspiciously low unit price (21.9)
210000000000000.0,Low Price,unit_price,Suspiciously low unit price (21.7)
220000000000000.0,Low Price,unit_price,Suspiciously low unit price (21.6)
220000000000000.0,Low Price,unit_price,Suspiciously low unit price (21.6)
9201418847.0,Low Price,unit_price,Suspiciously low unit price (4.4)
9201418848.0,Low Price,unit_price,Suspiciously low unit price (4.4)
1029978727.0,Low Price,unit_price,Suspiciously low unit price (46.5)
9325880673.0,Low Price,unit_price,Suspiciously low unit price (31.5)
281000000000000.0,Low Price,unit_price,Suspiciously low unit price (27.3)
300000000000000.0,Low Price,unit_price,Suspiciously low unit price (28.3)
2410000000000000.0,Low Price,unit_price,Suspiciously low unit price (0.0)
2410000000000000.0,Low Price,unit_price,Suspiciously low unit price (0.0)
2410000000000000.0,Low Price,unit_price,Suspiciously low unit price (0.0)
2410000000000000.0,Low Price,unit_price,Suspiciously low unit price (0.0)
285365329.0,Low Price,unit_price,Suspiciously low unit price (10.3)
1810000000000000.0,Low Price,unit_price,Suspiciously low unit price (8.3)
1010000000000000.0,Low Price,unit_price,Suspiciously low unit price (22.2)
1810000000000000.0,Low Price,unit_price,Suspiciously low unit price (22.7)
505000000000000.0,Low Price,unit_price,Suspiciously low unit price (20.5)
2300000000000000.0,Low Price,unit_price,Suspiciously low unit price (23.0)
230000000000000.0,Low Price,unit_price,Suspiciously low unit price (22.6)
230000000000000.0,Low Price,unit_price,Suspiciously low unit price (47.8)
612000000000000.0,Low Price,unit_price,Suspiciously low unit price (26.2)
301000000000000.0,Low Price,unit_price,Suspiciously low unit price (45.8)
301000000000000.0,Low Price,unit_price,Suspiciously low unit price (45.1)
1610000000000000.0,Low Price,unit_price,Suspiciously low unit price (22.6)
1610000000000000.0,Low Price,unit_price,Suspiciously low unit price (0.3)
1810000000000000.0,Low Price,unit_price,Suspiciously low unit price (22.5)
606000000000000.0,Low Price,unit_price,Suspiciously low unit price (45.6)
1610000000000000.0,Low Price,unit_price,Suspiciously low unit price (44.9)
905000000000000.0,Low Price,unit_price,Suspiciously low unit price (45.1)
405000000000000.0,Low Price,unit_price,Suspiciously low unit price (22.5)
290000000000000.0,Low Price,unit_price,Suspiciously low unit price (45.5)
221000000000000.0,Low Price,unit_price,Suspiciously low unit price (22.8)
151000000000000.0,Low Price,unit_price,Suspiciously low unit price (45.6)
141000000000000.0,Low Price,unit_price,Suspiciously low unit price (45.8)
51100000000000.0,Low Price,unit_price,Suspiciously low unit price (45.7)
2410000000000000.0,Low Price,unit_price,Suspiciously low unit price (20.1)
2710000000000000.0,Low Price,unit_price,Suspiciously low unit price (23.4)
2710000000000000.0,Low Price,unit_price,Suspiciously low unit price (23.4)
2510000000000000.0,Low Price,unit_price,Suspiciously low unit price (48.9)
1110000000000000.0,Low Price,unit_price,Suspiciously low unit price (47.8)
1510000000000000.0,Low Price,unit_price,Suspiciously low unit price (0.0)
1510000000000000.0,Low Price,unit_price,Suspiciously low unit price (0.0)
1210000000000000.0,Low Price,unit_price,Suspiciously low unit price (48.1)
1710000000000000.0,Low Price,unit_price,Suspiciously low unit price (23.9)
2100000000000000.0,Low Price,unit_price,Suspiciously low unit price (25.0)
508000000000000.0,Low Price,unit_price,Suspiciously low unit price (22.9)
508000000000000.0,Low Price,unit_price,Suspiciously low unit price (22.9)
2410000000000000.0,Low Price,unit_price,Suspiciously low unit price (23.2)
604000000000000.0,Low Price,unit_price,Suspiciously low unit price (23.3)
180000000000000.0,Low Price,unit_price,Suspiciously low unit price (23.0)
50100000000000.0,Low Price,unit_price,Suspiciously low unit price (22.4)
1710000000000000.0,Low Price,unit_price,Suspiciously low unit price (22.5)
2910000000000000.0,Low Price,unit_price,Suspiciously low unit price (22.5)
2510000000000000.0,Low Price,unit_price,Suspiciously low unit price (22.4)
2710000000000000.0,Low Price,unit_price,Suspiciously low unit price (22.5)
2310000000000000.0,Low Price,unit_price,Suspiciously low unit price (22.3)
90300000000000.0,Low Price,unit_price,Suspiciously low unit price (22.4)
90300000000000.0,Low Price,unit_price,Suspiciously low unit price (22.4)
190000000000000.0,Low Price,unit_price,Suspiciously low unit price (22.2)
190000000000000.0,Low Price,unit_price,Suspiciously low unit price (22.2)
190000000000000.0,Low Price,unit_price,Suspiciously low unit price (22.2)
80100000000000.0,Low Price,unit_price,Suspiciously low unit price (25.8)
109000000000000.0,Low Price,unit_price,Suspiciously low unit price (17.8)
109000000000000.0,Low Price,unit_price,Suspiciously low unit price (25.9)
221000000000000.0,Low Price,unit_price,Suspiciously low unit price (21.8)
250000000000000.0,Low Price,unit_price,Suspiciously low unit price (5.0)
111000000000000.0,Low Price,unit_price,Suspiciously low unit price (21.8)
160000000000000.0,Low Price,unit_price,Suspiciously low unit price (18.3)
160000000000000.0,Low Price,unit_price,Suspiciously low unit price (18.4)
27000000000000.0,Low Price,unit_price,Suspiciously low unit price (45.2)
27000000000000.0,Low Price,unit_price,Suspiciously low unit price (33.4)
27000000000000.0,Low Price,unit_price,Suspiciously low unit price (33.4)
28000000000000.0,Low Price,unit_price,Suspiciously low unit price (45.1)
28000000000000.0,Low Price,unit_price,Suspiciously low unit price (33.3)
28000000000000.0,Low Price,unit_price,Suspiciously low unit price (33.3)
796036618.0,Low Price,unit_price,Suspiciously low unit price (39.5)
129096667.0,Low Price,unit_price,Suspiciously low unit price (48.6)
8483596559.0,Low Price,unit_price,Suspiciously low unit price (45.4)
7854560080.0,Low Price,unit_price,Suspiciously low unit price (25.9)
3010000000000000.0,Low Price,unit_price,Suspiciously low unit price (38.4)
1080056239.0,Low Price,unit_price,Suspiciously low unit price (36.4)
105000000000000.0,Low Price,unit_price,Suspiciously low unit price (24.5)
693179211.0,Low Price,unit_price,Suspiciously low unit price (29.8)
693179210.0,Low Price,unit_price,Suspiciously low unit price (29.8)
9323564640.0,Low Price,unit_price,Suspiciously low unit price (31.9)
9323564642.0,Low Price,unit_price,Suspiciously low unit price (31.9)
9323564641.0,Low Price,unit_price,Suspiciously low unit price (21.3)
9323564643.0,Low Price,unit_price,Suspiciously low unit price (21.3)
1266000540.0,Low Price,unit_price,Suspiciously low unit price (16.8)
1208332819.0,Low Price,unit_price,Suspiciously low unit price (16.8)
8484591030.0,Low Price,unit_price,Suspiciously low unit price (38.8)
3697965668.0,Low Price,unit_price,Suspiciously low unit price (0.1)
2910000000000000.0,Low Price,unit_price,Suspiciously low unit price (4.9)
23100000000000.0,Low Price,unit_price,Suspiciously low unit price (9.3)
100000000000000.0,Low Price,unit_price,Suspiciously low unit price (22.3)
30200000000000.0,Low Price,unit_price,Suspiciously low unit price (47.2)
1710000000000000.0,Low Price,unit_price,Suspiciously low unit price (10.4)
9323569181.0,Low Price,unit_price,Suspiciously low unit price (23.7)
1510000000000000.0,Low Price,unit_price,Suspiciously low unit price (25.1)
8846866520.0,Low Price,unit_price,Suspiciously low unit price (30.0)
6979274031.0,Low Price,unit_price,Suspiciously low unit price (47.9)
3696821285.0,Low Price,unit_price,Suspiciously low unit price (49.3)
8849132006.0,Low Price,unit_price,Suspiciously low unit price (41.2)
5660526668.0,Low Price,unit_price,Suspiciously low unit price (40.5)
2710000000000000.0,Low Price,unit_price,Suspiciously low unit price (12.1)
653219102.0,Low Price,unit_price,Suspiciously low unit price (15.6)
653219103.0,Low Price,unit_price,Suspiciously low unit price (41.5)
1005991452.0,Low Price,unit_price,Suspiciously low unit price (25.4)
2710000000000000.0,Low Price,unit_price,Suspiciously low unit price (35.5)
1410000000000000.0,Low Price,unit_price,Suspiciously low unit price (8.5)
201000000000000.0,Low Price,unit_price,Suspiciously low unit price (1.7)
310000000000000.0,Low Price,unit_price,Suspiciously low unit price (3.6)
1003123961.0,Low Price,unit_price,Suspiciously low unit price (6.4)
1095200320.0,Low Price,unit_price,Suspiciously low unit price (6.1)
1010880777.0,Low Price,unit_price,Suspiciously low unit price (6.4)
1046250690.0,Low Price,unit_price,Suspiciously low unit price (6.6)
1497072634.0,Low Price,unit_price,Suspiciously low unit price (6.2)
1110542940.0,Low Price,unit_price,Suspiciously low unit price (6.3)
1810000000000000.0,Low Price,unit_price,Suspiciously low unit price (5.6)
712000000000000.0,Low Price,unit_price,Suspiciously low unit price (6.3)
411000000000000.0,Low Price,unit_price,Suspiciously low unit price (14.9)
908000000000000.0,Low Price,unit_price,Suspiciously low unit price (5.3)
2410000000000000.0,Low Price,unit_price,Suspiciously low unit price (6.3)
411000000000000.0,Low Price,unit_price,Suspiciously low unit price (7.7)
411000000000000.0,Low Price,unit_price,Suspiciously low unit price (5.1)
905000000000000.0,Low Price,unit_price,Suspiciously low unit price (5.6)
200000000000000.0,Low Price,unit_price,Suspiciously low unit price (7.1)
200000000000000.0,Low Price,unit_price,Suspiciously low unit price (18.9)
109000000000000.0,Low Price,unit_price,Suspiciously low unit price (40.8)
3010000000000000.0,Low Price,unit_price,Suspiciously low unit price (12.8)
507000000000000.0,Low Price,unit_price,Suspiciously low unit price (6.1)
280000000000000.0,Low Price,unit_price,Suspiciously low unit price (6.2)
9201315699.0,Low Price,unit_price,Suspiciously low unit price (40.5)
1494545875.0,Low Price,unit_price,Suspiciously low unit price (35.2)
1023501591.0,Low Price,unit_price,Suspiciously low unit price (26.4)
608000000000000.0,Low Price,unit_price,Suspiciously low unit price (33.0)
1128444433.0,Low Price,unit_price,Suspiciously low unit price (1.8)
2110000000000000.0,Low Price,unit_price,Suspiciously low unit price (25.3)
240000000000000.0,Low Price,unit_price,Suspiciously low unit price (37.6)
1172979698.0,Low Price,unit_price,Suspiciously low unit price (1.2)
7854669116.0,Low Price,unit_price,Suspiciously low unit price (24.0)
1494429341.0,Low Price,unit_price,Suspiciously low unit price (14.7)
612000000000000.0,Low Price,unit_price,Suspiciously low unit price (30.0)
653851380.0,Low Price,unit_price,Suspiciously low unit price (28.0)
1610000000000000.0,Low Price,unit_price,Suspiciously low unit price (2.3)
401000000000000.0,Low Price,unit_price,Suspiciously low unit price (3.1)
401000000000000.0,Low Price,unit_price,Suspiciously low unit price (24.6)
7010000000000.0,Low Price,unit_price,Suspiciously low unit price (2.8)
1251645440.0,Low Price,unit_price,Suspiciously low unit price (1.1)
1149707594.0,Low Price,unit_price,Suspiciously low unit price (1.2)
3700383295.0,Low Price,unit_price,Suspiciously low unit price (34.0)
1061958943.0,Low Price,unit_price,Suspiciously low unit price (19.1)
1217591459.0,Low Price,unit_price,Suspiciously low unit price (2.4)
1185872441.0,Low Price,unit_price,Suspiciously low unit price (19.1)
1041287010.0,Low Price,unit_price,Suspiciously low unit price (6.4)
1010000000000000.0,Low Price,unit_price,Suspiciously low unit price (6.4)
1610000000000000.0,Low Price,unit_price,Suspiciously low unit price (6.8)
30100000000000.0,Low Price,unit_price,Suspiciously low unit price (37.3)
30100000000000.0,Low Price,unit_price,Suspiciously low unit price (37.6)
1044765646.0,Low Price,unit_price,Suspiciously low unit price (24.0)
3699623774.0,Low Price,unit_price,Suspiciously low unit price (20.3)
1047156094.0,Low Price,unit_price,Suspiciously low unit price (21.4)
1417671559.0,Low Price,unit_price,Suspiciously low unit price (3.3)
1417671560.0,Low Price,unit_price,Suspiciously low unit price (3.3)
30000000000000.0,Low Price,unit_price,Suspiciously low unit price (11.2)
1150599417.0,Low Price,unit_price,Suspiciously low unit price (12.3)
1710000000000000.0,Low Price,unit_price,Suspiciously low unit price (37.0)
1910000000000000.0,Low Price,unit_price,Suspiciously low unit price (37.5)
1292207424.0,Low Price,unit_price,Suspiciously low unit price (31.6)
1045044527.0,Low Price,unit_price,Suspiciously low unit price (24.4)
2810000000000000.0,Low Price,unit_price,Suspiciously low unit price (36.6)
2810000000000000.0,Low Price,unit_price,Suspiciously low unit price (36.6)
180000000000000.0,Low Price,unit_price,Suspiciously low unit price (7.8)
2610000000000000.0,Low Price,unit_price,Suspiciously low unit price (37.1)
2610000000000000.0,Low Price,unit_price,Suspiciously low unit price (38.4)
1063253592.0,Low Price,unit_price,Suspiciously low unit price (18.9)
3701120826.0,Low Price,unit_price,Suspiciously low unit price (10.0)
9202585042.0,Low Price,unit_price,Suspiciously low unit price (7.5)
1900000000000000.0,Low Price,unit_price,Suspiciously low unit price (17.2)
1087252935.0,Low Price,unit_price,Suspiciously low unit price (12.5)
3699155126.0,Low Price,unit_price,Suspiciously low unit price (0.1)
3699155127.0,Low Price,unit_price,Suspiciously low unit price (0.1)
3698497816.0,Low Price,unit_price,Suspiciously low unit price (0.1)
3698049914.0,Low Price,unit_price,Suspiciously low unit price (0.1)
9326646170.0,Low Price,unit_price,Suspiciously low unit price (0.1)
9326357821.0,Low Price,unit_price,Suspiciously low unit price (0.1)
5661137893.0,Low Price,unit_price,Suspiciously low unit price (0.1)
5661085095.0,Low Price,unit_price,Suspiciously low unit price (0.1)
8484418458.0,Low Price,unit_price,Suspiciously low unit price (0.1)
8484307876.0,Low Price,unit_price,Suspiciously low unit price (0.1)
6751899133.0,Low Price,unit_price,Suspiciously low unit price (0.1)
9201057144.0,Low Price,unit_price,Suspiciously low unit price (0.1)
1323877755.0,Low Price,unit_price,Suspiciously low unit price (0.1)
1323808092.0,Low Price,unit_price,Suspiciously low unit price (0.1)
1323631839.0,Low Price,unit_price,Suspiciously low unit price (0.1)
285004019.0,Low Price,unit_price,Suspiciously low unit price (0.1)
285163936.0,Low Price,unit_price,Suspiciously low unit price (0.1)
285060107.0,Low Price,unit_price,Suspiciously low unit price (0.1)
1150395252.0,Low Price,unit_price,Suspiciously low unit price (0.1)
1129863876.0,Low Price,unit_price,Suspiciously low unit price (0.1)
1030010624.0,Low Price,unit_price,Suspiciously low unit price (0.1)
1027689835.0,Low Price,unit_price,Suspiciously low unit price (0.1)
1096173547.0,Low Price,unit_price,Suspiciously low unit price (0.1)
1635139846.0,Low Price,unit_price,Suspiciously low unit price (0.1)
1129815357.0,Low Price,unit_price,Suspiciously low unit price (0.1)
1355749551.0,Low Price,unit_price,Suspiciously low unit price (0.1)
1113521126.0,Low Price,unit_price,Suspiciously low unit price (0.1)
1086342249.0,Low Price,unit_price,Suspiciously low unit price (0.1)
1096750570.0,Low Price,unit_price,Suspiciously low unit price (0.1)
1038788424.0,Low Price,unit_price,Suspiciously low unit price (0.1)
3753776753.0,Low Price,unit_price,Suspiciously low unit price (8.1)
3753776754.0,Low Price,unit_price,Suspiciously low unit price (7.1)
1043331820.0,Low Price,unit_price,Suspiciously low unit price (41.9)
200000000000000.0,Low Price,unit_price,Suspiciously low unit price (28.3)
200000000000000.0,Low Price,unit_price,Suspiciously low unit price (28.3)
1053428528.0,Low Price,unit_price,Suspiciously low unit price (39.9)
1030942804.0,Low Price,unit_price,Suspiciously low unit price (27.3)
1022722570.0,Low Price,unit_price,Suspiciously low unit price (33.0)
1410000000000000.0,Low Price,unit_price,Suspiciously low unit price (3.2)
409000000000000.0,Low Price,unit_price,Suspiciously low unit price (3.1)
309000000000000.0,Low Price,unit_price,Suspiciously low unit price (6.5)
3110000000000000.0,Low Price,unit_price,Suspiciously low unit price (6.3)
2810000000000000.0,Low Price,unit_price,Suspiciously low unit price (3.1)
