shipment_id,issue_type,column,details
950527323,Duplicate,shipment_id,Appears multiple times
6005083323,Duplicate,shipment_id,Appears multiple times
6005305429,Duplicate,shipment_id,Appears multiple times
6005070115,Duplicate,shipment_id,Appears multiple times
6005216544,Duplicate,shipment_id,Appears multiple times
6005180977,Duplicate,shipment_id,Appears multiple times
6005256792,Duplicate,shipment_id,Appears multiple times
6005286869,Duplicate,shipment_id,Appears multiple times
6005267742,Duplicate,shipment_id,Appears multiple times
6005219391,Duplicate,shipment_id,Appears multiple times
6005170824,Duplicate,shipment_id,Appears multiple times
6005158646,Duplicate,shipment_id,Appears multiple times
6005145425,Duplicate,shipment_id,Appears multiple times
6005229409,Duplicate,shipment_id,Appears multiple times
6005119394,Duplicate,shipment_id,Appears multiple times
6005830369,Duplicate,shipment_id,Appears multiple times
6005943433,Duplicate,shipment_id,Appears multiple times
6005176292,Duplicate,shipment_id,Appears multiple times
6005959619,Duplicate,shipment_id,Appears multiple times
6005934411,Duplicate,shipment_id,Appears multiple times
6005292607,Duplicate,shipment_id,Appears multiple times
6005157760,Duplicate,shipment_id,Appears multiple times
6006187731,Duplicate,shipment_id,Appears multiple times
6005218439,Duplicate,shipment_id,Appears multiple times
6005174939,Duplicate,shipment_id,Appears multiple times
6005097528,Duplicate,shipment_id,Appears multiple times
6005892221,Duplicate,shipment_id,Appears multiple times
6005847171,Duplicate,shipment_id,Appears multiple times
6005923455,Duplicate,shipment_id,Appears multiple times
6005465900,Duplicate,shipment_id,Appears multiple times
6005801783,Duplicate,shipment_id,Appears multiple times
6005758837,Duplicate,shipment_id,Appears multiple times
6005894826,Duplicate,shipment_id,Appears multiple times
6005847620,Duplicate,shipment_id,Appears multiple times
6005755471,Duplicate,shipment_id,Appears multiple times
6005780086,Duplicate,shipment_id,Appears multiple times
6005161006,Duplicate,shipment_id,Appears multiple times
6005187389,Duplicate,shipment_id,Appears multiple times
3700339821,Duplicate,shipment_id,Appears multiple times
3700840333,Duplicate,shipment_id,Appears multiple times
5642185171,Duplicate,shipment_id,Appears multiple times
5642185170,Duplicate,shipment_id,Appears multiple times
5642199565,Duplicate,shipment_id,Appears multiple times
3700837032,Duplicate,shipment_id,Appears multiple times
3700837039,Duplicate,shipment_id,Appears multiple times
3700334533,Duplicate,shipment_id,Appears multiple times
3698992905,Duplicate,shipment_id,Appears multiple times
3700865007,Duplicate,shipment_id,Appears multiple times
3700865008,Duplicate,shipment_id,Appears multiple times
3698997486,Duplicate,shipment_id,Appears multiple times
5642087042,Duplicate,shipment_id,Appears multiple times
5642080111,Duplicate,shipment_id,Appears multiple times
3698991896,Duplicate,shipment_id,Appears multiple times
5642181069,Duplicate,shipment_id,Appears multiple times
3698993313,Duplicate,shipment_id,Appears multiple times
3700333718,Duplicate,shipment_id,Appears multiple times
3700333719,Duplicate,shipment_id,Appears multiple times
3700837506,Duplicate,shipment_id,Appears multiple times
3700837025,Duplicate,shipment_id,Appears multiple times
3700837027,Duplicate,shipment_id,Appears multiple times
3700838773,Duplicate,shipment_id,Appears multiple times
3700837043,Duplicate,shipment_id,Appears multiple times
5642176228,Duplicate,shipment_id,Appears multiple times
3700339818,Duplicate,shipment_id,Appears multiple times
3700339820,Duplicate,shipment_id,Appears multiple times
3700339819,Duplicate,shipment_id,Appears multiple times
3700837508,Duplicate,shipment_id,Appears multiple times
3700837069,Duplicate,shipment_id,Appears multiple times
3700973680,Duplicate,shipment_id,Appears multiple times
3700840327,Duplicate,shipment_id,Appears multiple times
3700339822,Duplicate,shipment_id,Appears multiple times
3700333722,Duplicate,shipment_id,Appears multiple times
3700333724,Duplicate,shipment_id,Appears multiple times
3700837510,Duplicate,shipment_id,Appears multiple times
3700837056,Duplicate,shipment_id,Appears multiple times
3700837058,Duplicate,shipment_id,Appears multiple times
3700837057,Duplicate,shipment_id,Appears multiple times
3700837054,Duplicate,shipment_id,Appears multiple times
3700837055,Duplicate,shipment_id,Appears multiple times
5642186428,Duplicate,shipment_id,Appears multiple times
3700334762,Duplicate,shipment_id,Appears multiple times
3700334537,Duplicate,shipment_id,Appears multiple times
3700334536,Duplicate,shipment_id,Appears multiple times
3700840907,Duplicate,shipment_id,Appears multiple times
3700840906,Duplicate,shipment_id,Appears multiple times
5642141291,Duplicate,shipment_id,Appears multiple times
5642152645,Duplicate,shipment_id,Appears multiple times
3700838795,Duplicate,shipment_id,Appears multiple times
3698992608,Duplicate,shipment_id,Appears multiple times
3698992901,Duplicate,shipment_id,Appears multiple times
3698992902,Duplicate,shipment_id,Appears multiple times
3698992903,Duplicate,shipment_id,Appears multiple times
3700837482,Duplicate,shipment_id,Appears multiple times
3698993331,Duplicate,shipment_id,Appears multiple times
3700578541,Duplicate,shipment_id,Appears multiple times
3700579004,Duplicate,shipment_id,Appears multiple times
3700578807,Duplicate,shipment_id,Appears multiple times
3700578506,Duplicate,shipment_id,Appears multiple times
3700578507,Duplicate,shipment_id,Appears multiple times
3700578838,Duplicate,shipment_id,Appears multiple times
3700578786,Duplicate,shipment_id,Appears multiple times
3700578518,Duplicate,shipment_id,Appears multiple times
3700578526,Duplicate,shipment_id,Appears multiple times
3700578805,Duplicate,shipment_id,Appears multiple times
3700578650,Duplicate,shipment_id,Appears multiple times
3700578649,Duplicate,shipment_id,Appears multiple times
3698400514,Duplicate,shipment_id,Appears multiple times
3697121849,Duplicate,shipment_id,Appears multiple times
3700578552,Duplicate,shipment_id,Appears multiple times
3699957265,Duplicate,shipment_id,Appears multiple times
3699947102,Duplicate,shipment_id,Appears multiple times
5642267226,Duplicate,shipment_id,Appears multiple times
5642264731,Duplicate,shipment_id,Appears multiple times
5642267270,Duplicate,shipment_id,Appears multiple times
5642267271,Duplicate,shipment_id,Appears multiple times
3700578534,Duplicate,shipment_id,Appears multiple times
3699947051,Duplicate,shipment_id,Appears multiple times
3698399987,Duplicate,shipment_id,Appears multiple times
5642183571,Duplicate,shipment_id,Appears multiple times
5642178615,Duplicate,shipment_id,Appears multiple times
3699957170,Duplicate,shipment_id,Appears multiple times
3699947094,Duplicate,shipment_id,Appears multiple times
3700578543,Duplicate,shipment_id,Appears multiple times
3700579006,Duplicate,shipment_id,Appears multiple times
3700585685,Duplicate,shipment_id,Appears multiple times
3699957194,Duplicate,shipment_id,Appears multiple times
3699957195,Duplicate,shipment_id,Appears multiple times
3699957193,Duplicate,shipment_id,Appears multiple times
3700578789,Duplicate,shipment_id,Appears multiple times
3698400532,Duplicate,shipment_id,Appears multiple times
3700578813,Duplicate,shipment_id,Appears multiple times
3700578539,Duplicate,shipment_id,Appears multiple times
3700578783,Duplicate,shipment_id,Appears multiple times
3700578520,Duplicate,shipment_id,Appears multiple times
3700578525,Duplicate,shipment_id,Appears multiple times
3700578528,Duplicate,shipment_id,Appears multiple times
3700578508,Duplicate,shipment_id,Appears multiple times
3700578510,Duplicate,shipment_id,Appears multiple times
3700578505,Duplicate,shipment_id,Appears multiple times
3700578529,Duplicate,shipment_id,Appears multiple times
3700579003,Duplicate,shipment_id,Appears multiple times
3700578834,Duplicate,shipment_id,Appears multiple times
3700578835,Duplicate,shipment_id,Appears multiple times
3700578836,Duplicate,shipment_id,Appears multiple times
3699957173,Duplicate,shipment_id,Appears multiple times
3699957174,Duplicate,shipment_id,Appears multiple times
3700578840,Duplicate,shipment_id,Appears multiple times
3698400522,Duplicate,shipment_id,Appears multiple times
3698400524,Duplicate,shipment_id,Appears multiple times
3698400525,Duplicate,shipment_id,Appears multiple times
3700578511,Duplicate,shipment_id,Appears multiple times
3699957266,Duplicate,shipment_id,Appears multiple times
3699614895,Duplicate,shipment_id,Appears multiple times
3699614896,Duplicate,shipment_id,Appears multiple times
3701093577,Duplicate,shipment_id,Appears multiple times
3701093552,Duplicate,shipment_id,Appears multiple times
3699613602,Duplicate,shipment_id,Appears multiple times
3701093621,Duplicate,shipment_id,Appears multiple times
3699613577,Duplicate,shipment_id,Appears multiple times
3699613576,Duplicate,shipment_id,Appears multiple times
3699613574,Duplicate,shipment_id,Appears multiple times
3699613575,Duplicate,shipment_id,Appears multiple times
5642257791,Duplicate,shipment_id,Appears multiple times
5642170879,Duplicate,shipment_id,Appears multiple times
3701093569,Duplicate,shipment_id,Appears multiple times
3701093549,Duplicate,shipment_id,Appears multiple times
3701100598,Duplicate,shipment_id,Appears multiple times
3701100599,Duplicate,shipment_id,Appears multiple times
3701093567,Duplicate,shipment_id,Appears multiple times
3701093568,Duplicate,shipment_id,Appears multiple times
3697945053,Duplicate,shipment_id,Appears multiple times
5642165803,Duplicate,shipment_id,Appears multiple times
5642165864,Duplicate,shipment_id,Appears multiple times
3699614897,Duplicate,shipment_id,Appears multiple times
3699614898,Duplicate,shipment_id,Appears multiple times
3701093614,Duplicate,shipment_id,Appears multiple times
3699612436,Duplicate,shipment_id,Appears multiple times
3699612437,Duplicate,shipment_id,Appears multiple times
5642264519,Duplicate,shipment_id,Appears multiple times
3699650590,Duplicate,shipment_id,Appears multiple times
3701100736,Duplicate,shipment_id,Appears multiple times
3701100735,Duplicate,shipment_id,Appears multiple times
3701100737,Duplicate,shipment_id,Appears multiple times
5642267206,Duplicate,shipment_id,Appears multiple times
5642248927,Duplicate,shipment_id,Appears multiple times
5642166195,Duplicate,shipment_id,Appears multiple times
3697944058,Duplicate,shipment_id,Appears multiple times
3697944880,Duplicate,shipment_id,Appears multiple times
3701093594,Duplicate,shipment_id,Appears multiple times
3697944088,Duplicate,shipment_id,Appears multiple times
5642257903,Duplicate,shipment_id,Appears multiple times
5642239100,Duplicate,shipment_id,Appears multiple times
5642243702,Duplicate,shipment_id,Appears multiple times
5642244533,Duplicate,shipment_id,Appears multiple times
5642163446,Duplicate,shipment_id,Appears multiple times
3701100740,Duplicate,shipment_id,Appears multiple times
3701093611,Duplicate,shipment_id,Appears multiple times
3697944087,Duplicate,shipment_id,Appears multiple times
3701093563,Duplicate,shipment_id,Appears multiple times
3701093564,Duplicate,shipment_id,Appears multiple times
3697943393,Duplicate,shipment_id,Appears multiple times
3699612684,Duplicate,shipment_id,Appears multiple times
3697945890,Duplicate,shipment_id,Appears multiple times
3697945891,Duplicate,shipment_id,Appears multiple times
3697945892,Duplicate,shipment_id,Appears multiple times
3697945893,Duplicate,shipment_id,Appears multiple times
3697945889,Duplicate,shipment_id,Appears multiple times
4703220871,Value Mismatch,valueusd,Calculated vs reported value differs by >10%
4703163804,Value Mismatch,valueusd,Calculated vs reported value differs by >10%
4703190531,Value Mismatch,valueusd,Calculated vs reported value differs by >10%
4703026144,Value Mismatch,valueusd,Calculated vs reported value differs by >10%
4703285001,Value Mismatch,valueusd,Calculated vs reported value differs by >10%
4703082117,Value Mismatch,valueusd,Calculated vs reported value differs by >10%
4703154966,Value Mismatch,valueusd,Calculated vs reported value differs by >10%
4703931205,Value Mismatch,valueusd,Calculated vs reported value differs by >10%
4704084650,Value Mismatch,valueusd,Calculated vs reported value differs by >10%
4704103933,Value Mismatch,valueusd,Calculated vs reported value differs by >10%
4704089954,Value Mismatch,valueusd,Calculated vs reported value differs by >10%
4703997155,Value Mismatch,valueusd,Calculated vs reported value differs by >10%
4703081752,Value Mismatch,valueusd,Calculated vs reported value differs by >10%
4046074616,Value Mismatch,valueusd,Calculated vs reported value differs by >10%
4046091097,Value Mismatch,valueusd,Calculated vs reported value differs by >10%
4046889351,Value Mismatch,valueusd,Calculated vs reported value differs by >10%
4047493489,Value Mismatch,valueusd,Calculated vs reported value differs by >10%
4046770885,Value Mismatch,valueusd,Calculated vs reported value differs by >10%
4046220449,Value Mismatch,valueusd,Calculated vs reported value differs by >10%
4046260305,Value Mismatch,valueusd,Calculated vs reported value differs by >10%
4046144386,Value Mismatch,valueusd,Calculated vs reported value differs by >10%
4046215630,Value Mismatch,valueusd,Calculated vs reported value differs by >10%
4046142214,Value Mismatch,valueusd,Calculated vs reported value differs by >10%
4046040332,Value Mismatch,valueusd,Calculated vs reported value differs by >10%
4047464218,Value Mismatch,valueusd,Calculated vs reported value differs by >10%
4047523500,Value Mismatch,valueusd,Calculated vs reported value differs by >10%
4047519803,Value Mismatch,valueusd,Calculated vs reported value differs by >10%
4047507879,Value Mismatch,valueusd,Calculated vs reported value differs by >10%
4047497571,Value Mismatch,valueusd,Calculated vs reported value differs by >10%
4047515241,Value Mismatch,valueusd,Calculated vs reported value differs by >10%
4047487872,Value Mismatch,valueusd,Calculated vs reported value differs by >10%
4047498142,Value Mismatch,valueusd,Calculated vs reported value differs by >10%
4047126089,Value Mismatch,valueusd,Calculated vs reported value differs by >10%
4046155443,Value Mismatch,valueusd,Calculated vs reported value differs by >10%
4047179013,Value Mismatch,valueusd,Calculated vs reported value differs by >10%
4047059837,Value Mismatch,valueusd,Calculated vs reported value differs by >10%
4047047622,Value Mismatch,valueusd,Calculated vs reported value differs by >10%
4046116780,Value Mismatch,valueusd,Calculated vs reported value differs by >10%
4047149899,Value Mismatch,valueusd,Calculated vs reported value differs by >10%
4047225432,Value Mismatch,valueusd,Calculated vs reported value differs by >10%
4047464757,Value Mismatch,valueusd,Calculated vs reported value differs by >10%
4047512091,Value Mismatch,valueusd,Calculated vs reported value differs by >10%
4047503474,Value Mismatch,valueusd,Calculated vs reported value differs by >10%
4046204137,Value Mismatch,valueusd,Calculated vs reported value differs by >10%
4046219885,Value Mismatch,valueusd,Calculated vs reported value differs by >10%
4046051019,Value Mismatch,valueusd,Calculated vs reported value differs by >10%
4046111044,Value Mismatch,valueusd,Calculated vs reported value differs by >10%
4046133162,Value Mismatch,valueusd,Calculated vs reported value differs by >10%
7678212464,Value Mismatch,valueusd,Calculated vs reported value differs by >10%
7678750617,Value Mismatch,valueusd,Calculated vs reported value differs by >10%
7678652089,Value Mismatch,valueusd,Calculated vs reported value differs by >10%
7677956978,Value Mismatch,valueusd,Calculated vs reported value differs by >10%
7677709441,Value Mismatch,valueusd,Calculated vs reported value differs by >10%
7677536867,Value Mismatch,valueusd,Calculated vs reported value differs by >10%
7677985529,Value Mismatch,valueusd,Calculated vs reported value differs by >10%
7677985528,Value Mismatch,valueusd,Calculated vs reported value differs by >10%
7677985524,Value Mismatch,valueusd,Calculated vs reported value differs by >10%
7677985523,Value Mismatch,valueusd,Calculated vs reported value differs by >10%
7677985522,Value Mismatch,valueusd,Calculated vs reported value differs by >10%
8058392769,Value Mismatch,valueusd,Calculated vs reported value differs by >10%
7677985521,Value Mismatch,valueusd,Calculated vs reported value differs by >10%
7677662928,Value Mismatch,valueusd,Calculated vs reported value differs by >10%
7678647449,Value Mismatch,valueusd,Calculated vs reported value differs by >10%
8058247019,Value Mismatch,valueusd,Calculated vs reported value differs by >10%
8058315525,Value Mismatch,valueusd,Calculated vs reported value differs by >10%
7678676225,Value Mismatch,valueusd,Calculated vs reported value differs by >10%
8058506820,Value Mismatch,valueusd,Calculated vs reported value differs by >10%
7676295491,Value Mismatch,valueusd,Calculated vs reported value differs by >10%
8058465704,Value Mismatch,valueusd,Calculated vs reported value differs by >10%
8058448692,Value Mismatch,valueusd,Calculated vs reported value differs by >10%
8058440978,Value Mismatch,valueusd,Calculated vs reported value differs by >10%
7678638052,Value Mismatch,valueusd,Calculated vs reported value differs by >10%
7678713845,Value Mismatch,valueusd,Calculated vs reported value differs by >10%
7678733200,Value Mismatch,valueusd,Calculated vs reported value differs by >10%
7678196225,Value Mismatch,valueusd,Calculated vs reported value differs by >10%
7678688137,Value Mismatch,valueusd,Calculated vs reported value differs by >10%
7678613737,Value Mismatch,valueusd,Calculated vs reported value differs by >10%
7678646493,Value Mismatch,valueusd,Calculated vs reported value differs by >10%
7678449030,Value Mismatch,valueusd,Calculated vs reported value differs by >10%
7678448662,Value Mismatch,valueusd,Calculated vs reported value differs by >10%
7678560179,Value Mismatch,valueusd,Calculated vs reported value differs by >10%
7678375838,Value Mismatch,valueusd,Calculated vs reported value differs by >10%
7678538298,Value Mismatch,valueusd,Calculated vs reported value differs by >10%
7678354330,Value Mismatch,valueusd,Calculated vs reported value differs by >10%
7678511411,Value Mismatch,valueusd,Calculated vs reported value differs by >10%
7676722765,Value Mismatch,valueusd,Calculated vs reported value differs by >10%
7676781536,Value Mismatch,valueusd,Calculated vs reported value differs by >10%
7678537547,Value Mismatch,valueusd,Calculated vs reported value differs by >10%
7678400076,Value Mismatch,valueusd,Calculated vs reported value differs by >10%
7677323927,Value Mismatch,valueusd,Calculated vs reported value differs by >10%
7678457537,Value Mismatch,valueusd,Calculated vs reported value differs by >10%
7678504920,Value Mismatch,valueusd,Calculated vs reported value differs by >10%
7677391366,Value Mismatch,valueusd,Calculated vs reported value differs by >10%
7677382475,Value Mismatch,valueusd,Calculated vs reported value differs by >10%
7676723427,Value Mismatch,valueusd,Calculated vs reported value differs by >10%
7677418471,Value Mismatch,valueusd,Calculated vs reported value differs by >10%
7677406368,Value Mismatch,valueusd,Calculated vs reported value differs by >10%
8058360921,Value Mismatch,valueusd,Calculated vs reported value differs by >10%
8058512693,Value Mismatch,valueusd,Calculated vs reported value differs by >10%
8058407172,Value Mismatch,valueusd,Calculated vs reported value differs by >10%
8058440127,Value Mismatch,valueusd,Calculated vs reported value differs by >10%
7676806974,Value Mismatch,valueusd,Calculated vs reported value differs by >10%
7676746986,Value Mismatch,valueusd,Calculated vs reported value differs by >10%
7676740633,Value Mismatch,valueusd,Calculated vs reported value differs by >10%
7676809701,Value Mismatch,valueusd,Calculated vs reported value differs by >10%
7676876562,Value Mismatch,valueusd,Calculated vs reported value differs by >10%
7676886354,Value Mismatch,valueusd,Calculated vs reported value differs by >10%
7676626326,Value Mismatch,valueusd,Calculated vs reported value differs by >10%
7677235534,Value Mismatch,valueusd,Calculated vs reported value differs by >10%
7677211120,Value Mismatch,valueusd,Calculated vs reported value differs by >10%
7677179237,Value Mismatch,valueusd,Calculated vs reported value differs by >10%
7676638470,Value Mismatch,valueusd,Calculated vs reported value differs by >10%
7676903653,Value Mismatch,valueusd,Calculated vs reported value differs by >10%
7676636940,Value Mismatch,valueusd,Calculated vs reported value differs by >10%
7677211227,Value Mismatch,valueusd,Calculated vs reported value differs by >10%
7676876666,Value Mismatch,valueusd,Calculated vs reported value differs by >10%
7678266558,Value Mismatch,valueusd,Calculated vs reported value differs by >10%
7678054473,Value Mismatch,valueusd,Calculated vs reported value differs by >10%
8058386701,Value Mismatch,valueusd,Calculated vs reported value differs by >10%
8058386696,Value Mismatch,valueusd,Calculated vs reported value differs by >10%
8058397841,Value Mismatch,valueusd,Calculated vs reported value differs by >10%
7677189834,Value Mismatch,valueusd,Calculated vs reported value differs by >10%
7677220134,Value Mismatch,valueusd,Calculated vs reported value differs by >10%
7677065556,Value Mismatch,valueusd,Calculated vs reported value differs by >10%
8058380143,Value Mismatch,valueusd,Calculated vs reported value differs by >10%
8058512004,Value Mismatch,valueusd,Calculated vs reported value differs by >10%
7675554985,Value Mismatch,valueusd,Calculated vs reported value differs by >10%
7676967447,Value Mismatch,valueusd,Calculated vs reported value differs by >10%
7676657308,Value Mismatch,valueusd,Calculated vs reported value differs by >10%
7678047439,Value Mismatch,valueusd,Calculated vs reported value differs by >10%
7678103266,Value Mismatch,valueusd,Calculated vs reported value differs by >10%
7675487894,Value Mismatch,valueusd,Calculated vs reported value differs by >10%
7675482054,Value Mismatch,valueusd,Calculated vs reported value differs by >10%
7678148373,Value Mismatch,valueusd,Calculated vs reported value differs by >10%
7678020396,Value Mismatch,valueusd,Calculated vs reported value differs by >10%
7678057599,Value Mismatch,valueusd,Calculated vs reported value differs by >10%
7678126476,Value Mismatch,valueusd,Calculated vs reported value differs by >10%
7678324878,Value Mismatch,valueusd,Calculated vs reported value differs by >10%
7678041788,Value Mismatch,valueusd,Calculated vs reported value differs by >10%
7678324769,Value Mismatch,valueusd,Calculated vs reported value differs by >10%
7678075779,Value Mismatch,valueusd,Calculated vs reported value differs by >10%
7678336448,Value Mismatch,valueusd,Calculated vs reported value differs by >10%
7678078182,Value Mismatch,valueusd,Calculated vs reported value differs by >10%
7678345023,Value Mismatch,valueusd,Calculated vs reported value differs by >10%
5317485293,Value Mismatch,valueusd,Calculated vs reported value differs by >10%
5315100686,Value Mismatch,valueusd,Calculated vs reported value differs by >10%
5315360783,Value Mismatch,valueusd,Calculated vs reported value differs by >10%
5313375335,Value Mismatch,valueusd,Calculated vs reported value differs by >10%
5314642994,Value Mismatch,valueusd,Calculated vs reported value differs by >10%
5315362591,Value Mismatch,valueusd,Calculated vs reported value differs by >10%
5317477716,Value Mismatch,valueusd,Calculated vs reported value differs by >10%
5313200817,Value Mismatch,valueusd,Calculated vs reported value differs by >10%
5313875054,Value Mismatch,valueusd,Calculated vs reported value differs by >10%
5315284078,Value Mismatch,valueusd,Calculated vs reported value differs by >10%
5313160066,Value Mismatch,valueusd,Calculated vs reported value differs by >10%
5316720102,Value Mismatch,valueusd,Calculated vs reported value differs by >10%
5316709599,Value Mismatch,valueusd,Calculated vs reported value differs by >10%
5316402013,Value Mismatch,valueusd,Calculated vs reported value differs by >10%
5313844710,Value Mismatch,valueusd,Calculated vs reported value differs by >10%
5315353090,Value Mismatch,valueusd,Calculated vs reported value differs by >10%
5315339175,Value Mismatch,valueusd,Calculated vs reported value differs by >10%
5317058949,Value Mismatch,valueusd,Calculated vs reported value differs by >10%
5317111333,Value Mismatch,valueusd,Calculated vs reported value differs by >10%
5315686683,Value Mismatch,valueusd,Calculated vs reported value differs by >10%
5315641742,Value Mismatch,valueusd,Calculated vs reported value differs by >10%
5317063280,Value Mismatch,valueusd,Calculated vs reported value differs by >10%
5315575055,Value Mismatch,valueusd,Calculated vs reported value differs by >10%
5315555802,Value Mismatch,valueusd,Calculated vs reported value differs by >10%
5315573640,Value Mismatch,valueusd,Calculated vs reported value differs by >10%
5315533874,Value Mismatch,valueusd,Calculated vs reported value differs by >10%
5315531017,Value Mismatch,valueusd,Calculated vs reported value differs by >10%
5315860683,Value Mismatch,valueusd,Calculated vs reported value differs by >10%
5315501535,Value Mismatch,valueusd,Calculated vs reported value differs by >10%
5315504695,Value Mismatch,valueusd,Calculated vs reported value differs by >10%
5315536989,Value Mismatch,valueusd,Calculated vs reported value differs by >10%
5314235525,Value Mismatch,valueusd,Calculated vs reported value differs by >10%
5315505324,Value Mismatch,valueusd,Calculated vs reported value differs by >10%
5314177849,Value Mismatch,valueusd,Calculated vs reported value differs by >10%
5313992573,Value Mismatch,valueusd,Calculated vs reported value differs by >10%
5317123059,Value Mismatch,valueusd,Calculated vs reported value differs by >10%
5317132451,Value Mismatch,valueusd,Calculated vs reported value differs by >10%
5316973180,Value Mismatch,valueusd,Calculated vs reported value differs by >10%
5317108737,Value Mismatch,valueusd,Calculated vs reported value differs by >10%
5317089780,Value Mismatch,valueusd,Calculated vs reported value differs by >10%
5315620782,Value Mismatch,valueusd,Calculated vs reported value differs by >10%
5315731346,Value Mismatch,valueusd,Calculated vs reported value differs by >10%
5315737760,Value Mismatch,valueusd,Calculated vs reported value differs by >10%
5317073404,Value Mismatch,valueusd,Calculated vs reported value differs by >10%
5317075051,Value Mismatch,valueusd,Calculated vs reported value differs by >10%
5317468946,Value Mismatch,valueusd,Calculated vs reported value differs by >10%
5317083878,Value Mismatch,valueusd,Calculated vs reported value differs by >10%
5317003191,Value Mismatch,valueusd,Calculated vs reported value differs by >10%
5317093870,Value Mismatch,valueusd,Calculated vs reported value differs by >10%
5317088353,Value Mismatch,valueusd,Calculated vs reported value differs by >10%
5312063433,Value Mismatch,valueusd,Calculated vs reported value differs by >10%
5317036353,Value Mismatch,valueusd,Calculated vs reported value differs by >10%
5314824764,Value Mismatch,valueusd,Calculated vs reported value differs by >10%
5314887597,Value Mismatch,valueusd,Calculated vs reported value differs by >10%
5314941688,Value Mismatch,valueusd,Calculated vs reported value differs by >10%
5313403389,Value Mismatch,valueusd,Calculated vs reported value differs by >10%
5313723575,Value Mismatch,valueusd,Calculated vs reported value differs by >10%
5317461992,Value Mismatch,valueusd,Calculated vs reported value differs by >10%
5317571485,Value Mismatch,valueusd,Calculated vs reported value differs by >10%
5314805291,Value Mismatch,valueusd,Calculated vs reported value differs by >10%
5313715535,Value Mismatch,valueusd,Calculated vs reported value differs by >10%
5316850219,Value Mismatch,valueusd,Calculated vs reported value differs by >10%
5314987778,Value Mismatch,valueusd,Calculated vs reported value differs by >10%
5314673749,Value Mismatch,valueusd,Calculated vs reported value differs by >10%
5317446527,Value Mismatch,valueusd,Calculated vs reported value differs by >10%
5317571426,Value Mismatch,valueusd,Calculated vs reported value differs by >10%
5313497776,Value Mismatch,valueusd,Calculated vs reported value differs by >10%
5314991786,Value Mismatch,valueusd,Calculated vs reported value differs by >10%
4233372295,Value Mismatch,valueusd,Calculated vs reported value differs by >10%
4233424838,Value Mismatch,valueusd,Calculated vs reported value differs by >10%
9475760952,Value Mismatch,valueusd,Calculated vs reported value differs by >10%
9475759951,Value Mismatch,valueusd,Calculated vs reported value differs by >10%
4233341658,Value Mismatch,valueusd,Calculated vs reported value differs by >10%
4234359386,Value Mismatch,valueusd,Calculated vs reported value differs by >10%
4234476703,Value Mismatch,valueusd,Calculated vs reported value differs by >10%
4235211188,Value Mismatch,valueusd,Calculated vs reported value differs by >10%
4235453010,Value Mismatch,valueusd,Calculated vs reported value differs by >10%
4235197097,Value Mismatch,valueusd,Calculated vs reported value differs by >10%
4235818202,Value Mismatch,valueusd,Calculated vs reported value differs by >10%
4235402758,Value Mismatch,valueusd,Calculated vs reported value differs by >10%
4235112660,Value Mismatch,valueusd,Calculated vs reported value differs by >10%
4236277932,Value Mismatch,valueusd,Calculated vs reported value differs by >10%
4235813975,Value Mismatch,valueusd,Calculated vs reported value differs by >10%
4233424015,Value Mismatch,valueusd,Calculated vs reported value differs by >10%
4233406425,Value Mismatch,valueusd,Calculated vs reported value differs by >10%
4235832546,Value Mismatch,valueusd,Calculated vs reported value differs by >10%
4235878164,Value Mismatch,valueusd,Calculated vs reported value differs by >10%
4235782516,Value Mismatch,valueusd,Calculated vs reported value differs by >10%
4235931508,Value Mismatch,valueusd,Calculated vs reported value differs by >10%
4235750424,Value Mismatch,valueusd,Calculated vs reported value differs by >10%
4236207843,Value Mismatch,valueusd,Calculated vs reported value differs by >10%
4236309615,Value Mismatch,valueusd,Calculated vs reported value differs by >10%
4236248759,Value Mismatch,valueusd,Calculated vs reported value differs by >10%
4235955126,Value Mismatch,valueusd,Calculated vs reported value differs by >10%
4235770925,Value Mismatch,valueusd,Calculated vs reported value differs by >10%
4236363608,Value Mismatch,valueusd,Calculated vs reported value differs by >10%
4235813693,Value Mismatch,valueusd,Calculated vs reported value differs by >10%
9475783076,Value Mismatch,valueusd,Calculated vs reported value differs by >10%
4235853796,Value Mismatch,valueusd,Calculated vs reported value differs by >10%
4233421397,Value Mismatch,valueusd,Calculated vs reported value differs by >10%
4233348314,Value Mismatch,valueusd,Calculated vs reported value differs by >10%
4233341935,Value Mismatch,valueusd,Calculated vs reported value differs by >10%
9475573832,Value Mismatch,valueusd,Calculated vs reported value differs by >10%
4235980716,Value Mismatch,valueusd,Calculated vs reported value differs by >10%
4235350756,Value Mismatch,valueusd,Calculated vs reported value differs by >10%
4235343032,Value Mismatch,valueusd,Calculated vs reported value differs by >10%
4235798843,Value Mismatch,valueusd,Calculated vs reported value differs by >10%
4236237774,Value Mismatch,valueusd,Calculated vs reported value differs by >10%
4234399108,Value Mismatch,valueusd,Calculated vs reported value differs by >10%
4235531311,Value Mismatch,valueusd,Calculated vs reported value differs by >10%
4235534907,Value Mismatch,valueusd,Calculated vs reported value differs by >10%
4235525628,Value Mismatch,valueusd,Calculated vs reported value differs by >10%
4235506192,Value Mismatch,valueusd,Calculated vs reported value differs by >10%
4235588012,Value Mismatch,valueusd,Calculated vs reported value differs by >10%
4235723124,Value Mismatch,valueusd,Calculated vs reported value differs by >10%
4235684372,Value Mismatch,valueusd,Calculated vs reported value differs by >10%
4235675916,Value Mismatch,valueusd,Calculated vs reported value differs by >10%
4235575553,Value Mismatch,valueusd,Calculated vs reported value differs by >10%
4234302261,Value Mismatch,valueusd,Calculated vs reported value differs by >10%
4235589026,Value Mismatch,valueusd,Calculated vs reported value differs by >10%
4235713235,Value Mismatch,valueusd,Calculated vs reported value differs by >10%
4235624944,Value Mismatch,valueusd,Calculated vs reported value differs by >10%
4235603495,Value Mismatch,valueusd,Calculated vs reported value differs by >10%
4235737948,Value Mismatch,valueusd,Calculated vs reported value differs by >10%
4232305990,Value Mismatch,valueusd,Calculated vs reported value differs by >10%
4234183374,Value Mismatch,valueusd,Calculated vs reported value differs by >10%
4232322976,Value Mismatch,valueusd,Calculated vs reported value differs by >10%
4232454551,Value Mismatch,valueusd,Calculated vs reported value differs by >10%
9475776209,Value Mismatch,valueusd,Calculated vs reported value differs by >10%
4235643026,Value Mismatch,valueusd,Calculated vs reported value differs by >10%
4235579915,Value Mismatch,valueusd,Calculated vs reported value differs by >10%
9475735219,Value Mismatch,valueusd,Calculated vs reported value differs by >10%
4235688490,Value Mismatch,valueusd,Calculated vs reported value differs by >10%
9475751644,Value Mismatch,valueusd,Calculated vs reported value differs by >10%
4235666884,Value Mismatch,valueusd,Calculated vs reported value differs by >10%
9475776210,Value Mismatch,valueusd,Calculated vs reported value differs by >10%
4233241656,Value Mismatch,valueusd,Calculated vs reported value differs by >10%
4233041711,Value Mismatch,valueusd,Calculated vs reported value differs by >10%
4233256345,Value Mismatch,valueusd,Calculated vs reported value differs by >10%
4236025378,Value Mismatch,valueusd,Calculated vs reported value differs by >10%
4236086798,Value Mismatch,valueusd,Calculated vs reported value differs by >10%
4235069066,Value Mismatch,valueusd,Calculated vs reported value differs by >10%
4233057023,Value Mismatch,valueusd,Calculated vs reported value differs by >10%
4236041826,Value Mismatch,valueusd,Calculated vs reported value differs by >10%
9475621405,Value Mismatch,valueusd,Calculated vs reported value differs by >10%
4236182981,Value Mismatch,valueusd,Calculated vs reported value differs by >10%
9475592271,Value Mismatch,valueusd,Calculated vs reported value differs by >10%
4233246477,Value Mismatch,valueusd,Calculated vs reported value differs by >10%
4233068695,Value Mismatch,valueusd,Calculated vs reported value differs by >10%
4233218235,Value Mismatch,valueusd,Calculated vs reported value differs by >10%
9475613584,Value Mismatch,valueusd,Calculated vs reported value differs by >10%
9475595472,Value Mismatch,valueusd,Calculated vs reported value differs by >10%
4236105742,Value Mismatch,valueusd,Calculated vs reported value differs by >10%
4236177552,Value Mismatch,valueusd,Calculated vs reported value differs by >10%
4236342100,Value Mismatch,valueusd,Calculated vs reported value differs by >10%
4233022993,Value Mismatch,valueusd,Calculated vs reported value differs by >10%
4233003507,Value Mismatch,valueusd,Calculated vs reported value differs by >10%
4235546675,Value Mismatch,valueusd,Calculated vs reported value differs by >10%
4236090837,Value Mismatch,valueusd,Calculated vs reported value differs by >10%
4236163701,Value Mismatch,valueusd,Calculated vs reported value differs by >10%
4236065632,Value Mismatch,valueusd,Calculated vs reported value differs by >10%
4236106229,Value Mismatch,valueusd,Calculated vs reported value differs by >10%
4231690967,Value Mismatch,valueusd,Calculated vs reported value differs by >10%
9475743751,Value Mismatch,valueusd,Calculated vs reported value differs by >10%
4232984479,Value Mismatch,valueusd,Calculated vs reported value differs by >10%
4233064286,Value Mismatch,valueusd,Calculated vs reported value differs by >10%
9475694179,Value Mismatch,valueusd,Calculated vs reported value differs by >10%
9475564683,Value Mismatch,valueusd,Calculated vs reported value differs by >10%
4234936604,Value Mismatch,valueusd,Calculated vs reported value differs by >10%
9475707615,Value Mismatch,valueusd,Calculated vs reported value differs by >10%
9475696617,Value Mismatch,valueusd,Calculated vs reported value differs by >10%
4234569483,Value Mismatch,valueusd,Calculated vs reported value differs by >10%
4234672841,Value Mismatch,valueusd,Calculated vs reported value differs by >10%
4236348469,Value Mismatch,valueusd,Calculated vs reported value differs by >10%
4235546608,Value Mismatch,valueusd,Calculated vs reported value differs by >10%
4236028983,Value Mismatch,valueusd,Calculated vs reported value differs by >10%
4236165450,Value Mismatch,valueusd,Calculated vs reported value differs by >10%
4233222653,Value Mismatch,valueusd,Calculated vs reported value differs by >10%
4233261455,Value Mismatch,valueusd,Calculated vs reported value differs by >10%
4233013830,Value Mismatch,valueusd,Calculated vs reported value differs by >10%
4232999507,Value Mismatch,valueusd,Calculated vs reported value differs by >10%
4233084861,Value Mismatch,valueusd,Calculated vs reported value differs by >10%
4232982817,Value Mismatch,valueusd,Calculated vs reported value differs by >10%
4234996689,Value Mismatch,valueusd,Calculated vs reported value differs by >10%
4234883892,Value Mismatch,valueusd,Calculated vs reported value differs by >10%
7209152928,Value Mismatch,valueusd,Calculated vs reported value differs by >10%
7209224029,Value Mismatch,valueusd,Calculated vs reported value differs by >10%
7209224022,Value Mismatch,valueusd,Calculated vs reported value differs by >10%
4584034295,Value Mismatch,valueusd,Calculated vs reported value differs by >10%
7209166929,Value Mismatch,valueusd,Calculated vs reported value differs by >10%
4585650727,Value Mismatch,valueusd,Calculated vs reported value differs by >10%
7209321013,Value Mismatch,valueusd,Calculated vs reported value differs by >10%
7209263537,Value Mismatch,valueusd,Calculated vs reported value differs by >10%
4585693960,Value Mismatch,valueusd,Calculated vs reported value differs by >10%
4585911351,Value Mismatch,valueusd,Calculated vs reported value differs by >10%
7209161757,Value Mismatch,valueusd,Calculated vs reported value differs by >10%
7209208128000000%,Value Mismatch,valueusd,Calculated vs reported value differs by >10%
4582978074,Value Mismatch,valueusd,Calculated vs reported value differs by >10%
7209163614,Value Mismatch,valueusd,Calculated vs reported value differs by >10%
7209320139,Value Mismatch,valueusd,Calculated vs reported value differs by >10%
7209239697,Value Mismatch,valueusd,Calculated vs reported value differs by >10%
7209235299,Value Mismatch,valueusd,Calculated vs reported value differs by >10%
7209178240,Value Mismatch,valueusd,Calculated vs reported value differs by >10%
7209155722,Value Mismatch,valueusd,Calculated vs reported value differs by >10%
7209235303,Value Mismatch,valueusd,Calculated vs reported value differs by >10%
7209235301,Value Mismatch,valueusd,Calculated vs reported value differs by >10%
7209319815,Value Mismatch,valueusd,Calculated vs reported value differs by >10%
7209178013,Value Mismatch,valueusd,Calculated vs reported value differs by >10%
7209155312,Value Mismatch,valueusd,Calculated vs reported value differs by >10%
7209181739,Value Mismatch,valueusd,Calculated vs reported value differs by >10%
4097865131,Value Mismatch,valueusd,Calculated vs reported value differs by >10%
4097857982,Value Mismatch,valueusd,Calculated vs reported value differs by >10%
4097805211,Value Mismatch,valueusd,Calculated vs reported value differs by >10%
4097832534,Value Mismatch,valueusd,Calculated vs reported value differs by >10%
4097450877,Value Mismatch,valueusd,Calculated vs reported value differs by >10%
4097394557,Value Mismatch,valueusd,Calculated vs reported value differs by >10%
4097415904,Value Mismatch,valueusd,Calculated vs reported value differs by >10%
4097816274,Value Mismatch,valueusd,Calculated vs reported value differs by >10%
4097826191,Value Mismatch,valueusd,Calculated vs reported value differs by >10%
4097842669,Value Mismatch,valueusd,Calculated vs reported value differs by >10%
4097862276,Value Mismatch,valueusd,Calculated vs reported value differs by >10%
4097798125,Value Mismatch,valueusd,Calculated vs reported value differs by >10%
4097798556,Value Mismatch,valueusd,Calculated vs reported value differs by >10%
4097809624,Value Mismatch,valueusd,Calculated vs reported value differs by >10%
4097837221,Value Mismatch,valueusd,Calculated vs reported value differs by >10%
4097794593,Value Mismatch,valueusd,Calculated vs reported value differs by >10%
4097809627,Value Mismatch,valueusd,Calculated vs reported value differs by >10%
4097832134,Value Mismatch,valueusd,Calculated vs reported value differs by >10%
4097914563,Value Mismatch,valueusd,Calculated vs reported value differs by >10%
4097881128,Value Mismatch,valueusd,Calculated vs reported value differs by >10%
950527323,Value Mismatch,valueusd,Calculated vs reported value differs by >10%
950527323,Value Mismatch,valueusd,Calculated vs reported value differs by >10%
950494918,Value Mismatch,valueusd,Calculated vs reported value differs by >10%
950595475,Value Mismatch,valueusd,Calculated vs reported value differs by >10%
950524638,Value Mismatch,valueusd,Calculated vs reported value differs by >10%
950493219,Value Mismatch,valueusd,Calculated vs reported value differs by >10%
950593585,Value Mismatch,valueusd,Calculated vs reported value differs by >10%
950582064,Value Mismatch,valueusd,Calculated vs reported value differs by >10%
950547766,Value Mismatch,valueusd,Calculated vs reported value differs by >10%
950526352,Value Mismatch,valueusd,Calculated vs reported value differs by >10%
950589231,Value Mismatch,valueusd,Calculated vs reported value differs by >10%
950514972,Value Mismatch,valueusd,Calculated vs reported value differs by >10%
950555598,Value Mismatch,valueusd,Calculated vs reported value differs by >10%
950589649,Value Mismatch,valueusd,Calculated vs reported value differs by >10%
950565545,Value Mismatch,valueusd,Calculated vs reported value differs by >10%
950514615,Value Mismatch,valueusd,Calculated vs reported value differs by >10%
950579971,Value Mismatch,valueusd,Calculated vs reported value differs by >10%
950541045,Value Mismatch,valueusd,Calculated vs reported value differs by >10%
950510234,Value Mismatch,valueusd,Calculated vs reported value differs by >10%
950510233,Value Mismatch,valueusd,Calculated vs reported value differs by >10%
950549916,Value Mismatch,valueusd,Calculated vs reported value differs by >10%
950494811,Value Mismatch,valueusd,Calculated vs reported value differs by >10%
950499348,Value Mismatch,valueusd,Calculated vs reported value differs by >10%
950606650,Value Mismatch,valueusd,Calculated vs reported value differs by >10%
950606425,Value Mismatch,valueusd,Calculated vs reported value differs by >10%
9436632975,Value Mismatch,valueusd,Calculated vs reported value differs by >10%
950527921,Value Mismatch,valueusd,Calculated vs reported value differs by >10%
950527922,Value Mismatch,valueusd,Calculated vs reported value differs by >10%
950581096,Value Mismatch,valueusd,Calculated vs reported value differs by >10%
2077684148,Value Mismatch,valueusd,Calculated vs reported value differs by >10%
2077453758,Value Mismatch,valueusd,Calculated vs reported value differs by >10%
2077420219,Value Mismatch,valueusd,Calculated vs reported value differs by >10%
2077410947,Value Mismatch,valueusd,Calculated vs reported value differs by >10%
2077501177,Value Mismatch,valueusd,Calculated vs reported value differs by >10%
2077489315,Value Mismatch,valueusd,Calculated vs reported value differs by >10%
2077473471,Value Mismatch,valueusd,Calculated vs reported value differs by >10%
2077681723,Value Mismatch,valueusd,Calculated vs reported value differs by >10%
2077468979,Value Mismatch,valueusd,Calculated vs reported value differs by >10%
2077551894,Value Mismatch,valueusd,Calculated vs reported value differs by >10%
2077549231,Value Mismatch,valueusd,Calculated vs reported value differs by >10%
2077491109,Value Mismatch,valueusd,Calculated vs reported value differs by >10%
2077524936,Value Mismatch,valueusd,Calculated vs reported value differs by >10%
2077524401,Value Mismatch,valueusd,Calculated vs reported value differs by >10%
2077571291,Value Mismatch,valueusd,Calculated vs reported value differs by >10%
2077438743,Value Mismatch,valueusd,Calculated vs reported value differs by >10%
2077413668,Value Mismatch,valueusd,Calculated vs reported value differs by >10%
2077607301,Value Mismatch,valueusd,Calculated vs reported value differs by >10%
2077476212,Value Mismatch,valueusd,Calculated vs reported value differs by >10%
2077468265,Value Mismatch,valueusd,Calculated vs reported value differs by >10%
2078381481,Value Mismatch,valueusd,Calculated vs reported value differs by >10%
2077483317,Value Mismatch,valueusd,Calculated vs reported value differs by >10%
2077562703,Value Mismatch,valueusd,Calculated vs reported value differs by >10%
2077411689,Value Mismatch,valueusd,Calculated vs reported value differs by >10%
2077470686,Value Mismatch,valueusd,Calculated vs reported value differs by >10%
2077488441,Value Mismatch,valueusd,Calculated vs reported value differs by >10%
2077523476,Value Mismatch,valueusd,Calculated vs reported value differs by >10%
2077845013,Value Mismatch,valueusd,Calculated vs reported value differs by >10%
2077475091,Value Mismatch,valueusd,Calculated vs reported value differs by >10%
2077480147,Value Mismatch,valueusd,Calculated vs reported value differs by >10%
2077559494,Value Mismatch,valueusd,Calculated vs reported value differs by >10%
2077554726,Value Mismatch,valueusd,Calculated vs reported value differs by >10%
2077582665,Value Mismatch,valueusd,Calculated vs reported value differs by >10%
2077571991,Value Mismatch,valueusd,Calculated vs reported value differs by >10%
2077618185,Value Mismatch,valueusd,Calculated vs reported value differs by >10%
2077432107,Value Mismatch,valueusd,Calculated vs reported value differs by >10%
2077649230,Value Mismatch,valueusd,Calculated vs reported value differs by >10%
2077517513,Value Mismatch,valueusd,Calculated vs reported value differs by >10%
2077516954,Value Mismatch,valueusd,Calculated vs reported value differs by >10%
2077578231,Value Mismatch,valueusd,Calculated vs reported value differs by >10%
2078200301,Value Mismatch,valueusd,Calculated vs reported value differs by >10%
2078181990,Value Mismatch,valueusd,Calculated vs reported value differs by >10%
2078042333,Value Mismatch,valueusd,Calculated vs reported value differs by >10%
2078218032,Value Mismatch,valueusd,Calculated vs reported value differs by >10%
2077440822,Value Mismatch,valueusd,Calculated vs reported value differs by >10%
2077439151,Value Mismatch,valueusd,Calculated vs reported value differs by >10%
2077420952,Value Mismatch,valueusd,Calculated vs reported value differs by >10%
2077474020,Value Mismatch,valueusd,Calculated vs reported value differs by >10%
2077465980,Value Mismatch,valueusd,Calculated vs reported value differs by >10%
2077464342,Value Mismatch,valueusd,Calculated vs reported value differs by >10%
2077413083,Value Mismatch,valueusd,Calculated vs reported value differs by >10%
2077585077,Value Mismatch,valueusd,Calculated vs reported value differs by >10%
2078444242,Value Mismatch,valueusd,Calculated vs reported value differs by >10%
2077424531,Value Mismatch,valueusd,Calculated vs reported value differs by >10%
2077566217,Value Mismatch,valueusd,Calculated vs reported value differs by >10%
2077605055,Value Mismatch,valueusd,Calculated vs reported value differs by >10%
2077677261,Value Mismatch,valueusd,Calculated vs reported value differs by >10%
2078550002,Value Mismatch,valueusd,Calculated vs reported value differs by >10%
2078585992,Value Mismatch,valueusd,Calculated vs reported value differs by >10%
2078574884,Value Mismatch,valueusd,Calculated vs reported value differs by >10%
2078515934,Value Mismatch,valueusd,Calculated vs reported value differs by >10%
2078569761,Value Mismatch,valueusd,Calculated vs reported value differs by >10%
2078512868,Value Mismatch,valueusd,Calculated vs reported value differs by >10%
2078360978,Value Mismatch,valueusd,Calculated vs reported value differs by >10%
2078465076,Value Mismatch,valueusd,Calculated vs reported value differs by >10%
2078882402,Value Mismatch,valueusd,Calculated vs reported value differs by >10%
2078895631,Value Mismatch,valueusd,Calculated vs reported value differs by >10%
2078876798,Value Mismatch,valueusd,Calculated vs reported value differs by >10%
2078585545,Value Mismatch,valueusd,Calculated vs reported value differs by >10%
2078479444,Value Mismatch,valueusd,Calculated vs reported value differs by >10%
2078342956,Value Mismatch,valueusd,Calculated vs reported value differs by >10%
2078340221,Value Mismatch,valueusd,Calculated vs reported value differs by >10%
2078336150,Value Mismatch,valueusd,Calculated vs reported value differs by >10%
2078335145,Value Mismatch,valueusd,Calculated vs reported value differs by >10%
2078323676,Value Mismatch,valueusd,Calculated vs reported value differs by >10%
2078457351,Value Mismatch,valueusd,Calculated vs reported value differs by >10%
2078559283,Value Mismatch,valueusd,Calculated vs reported value differs by >10%
2078417636,Value Mismatch,valueusd,Calculated vs reported value differs by >10%
2078398439,Value Mismatch,valueusd,Calculated vs reported value differs by >10%
2078385171,Value Mismatch,valueusd,Calculated vs reported value differs by >10%
2078471650,Value Mismatch,valueusd,Calculated vs reported value differs by >10%
2078375622,Value Mismatch,valueusd,Calculated vs reported value differs by >10%
2078469906,Value Mismatch,valueusd,Calculated vs reported value differs by >10%
2078406947,Value Mismatch,valueusd,Calculated vs reported value differs by >10%
2078527177,Value Mismatch,valueusd,Calculated vs reported value differs by >10%
2077586210,Value Mismatch,valueusd,Calculated vs reported value differs by >10%
2077584651,Value Mismatch,valueusd,Calculated vs reported value differs by >10%
2077576818,Value Mismatch,valueusd,Calculated vs reported value differs by >10%
2077525029,Value Mismatch,valueusd,Calculated vs reported value differs by >10%
2077474736,Value Mismatch,valueusd,Calculated vs reported value differs by >10%
2078494685,Value Mismatch,valueusd,Calculated vs reported value differs by >10%
2077505156,Value Mismatch,valueusd,Calculated vs reported value differs by >10%
2077450243,Value Mismatch,valueusd,Calculated vs reported value differs by >10%
2077425451,Value Mismatch,valueusd,Calculated vs reported value differs by >10%
2077497658,Value Mismatch,valueusd,Calculated vs reported value differs by >10%
2078133129,Value Mismatch,valueusd,Calculated vs reported value differs by >10%
2078178781,Value Mismatch,valueusd,Calculated vs reported value differs by >10%
2078166858,Value Mismatch,valueusd,Calculated vs reported value differs by >10%
2078331422,Value Mismatch,valueusd,Calculated vs reported value differs by >10%
2078326223,Value Mismatch,valueusd,Calculated vs reported value differs by >10%
2078540185,Value Mismatch,valueusd,Calculated vs reported value differs by >10%
2078470969,Value Mismatch,valueusd,Calculated vs reported value differs by >10%
2078342823,Value Mismatch,valueusd,Calculated vs reported value differs by >10%
2078325845,Value Mismatch,valueusd,Calculated vs reported value differs by >10%
2078321328,Value Mismatch,valueusd,Calculated vs reported value differs by >10%
2078458162,Value Mismatch,valueusd,Calculated vs reported value differs by >10%
2078450407,Value Mismatch,valueusd,Calculated vs reported value differs by >10%
2078444322,Value Mismatch,valueusd,Calculated vs reported value differs by >10%
2078441963,Value Mismatch,valueusd,Calculated vs reported value differs by >10%
2078359427,Value Mismatch,valueusd,Calculated vs reported value differs by >10%
2078359328,Value Mismatch,valueusd,Calculated vs reported value differs by >10%
2078537749,Value Mismatch,valueusd,Calculated vs reported value differs by >10%
2078534914,Value Mismatch,valueusd,Calculated vs reported value differs by >10%
2078586055,Value Mismatch,valueusd,Calculated vs reported value differs by >10%
2078422375,Value Mismatch,valueusd,Calculated vs reported value differs by >10%
2078417692,Value Mismatch,valueusd,Calculated vs reported value differs by >10%
2078507824,Value Mismatch,valueusd,Calculated vs reported value differs by >10%
2078502077,Value Mismatch,valueusd,Calculated vs reported value differs by >10%
2078528204,Value Mismatch,valueusd,Calculated vs reported value differs by >10%
2078574347,Value Mismatch,valueusd,Calculated vs reported value differs by >10%
2078402579,Value Mismatch,valueusd,Calculated vs reported value differs by >10%
2078497650,Value Mismatch,valueusd,Calculated vs reported value differs by >10%
2078486739,Value Mismatch,valueusd,Calculated vs reported value differs by >10%
2078388314,Value Mismatch,valueusd,Calculated vs reported value differs by >10%
2078387421,Value Mismatch,valueusd,Calculated vs reported value differs by >10%
2078386659,Value Mismatch,valueusd,Calculated vs reported value differs by >10%
2078379337,Value Mismatch,valueusd,Calculated vs reported value differs by >10%
2078467063,Value Mismatch,valueusd,Calculated vs reported value differs by >10%
2078465423,Value Mismatch,valueusd,Calculated vs reported value differs by >10%
2078461729,Value Mismatch,valueusd,Calculated vs reported value differs by >10%
2078406208,Value Mismatch,valueusd,Calculated vs reported value differs by >10%
2078457427,Value Mismatch,valueusd,Calculated vs reported value differs by >10%
2078558639,Value Mismatch,valueusd,Calculated vs reported value differs by >10%
2078506818,Value Mismatch,valueusd,Calculated vs reported value differs by >10%
2078525439,Value Mismatch,valueusd,Calculated vs reported value differs by >10%
2078489353,Value Mismatch,valueusd,Calculated vs reported value differs by >10%
2078485298,Value Mismatch,valueusd,Calculated vs reported value differs by >10%
2078407165,Value Mismatch,valueusd,Calculated vs reported value differs by >10%
2078429885,Value Mismatch,valueusd,Calculated vs reported value differs by >10%
2078518055,Value Mismatch,valueusd,Calculated vs reported value differs by >10%
2078523551,Value Mismatch,valueusd,Calculated vs reported value differs by >10%
2078385977,Value Mismatch,valueusd,Calculated vs reported value differs by >10%
2077673845,Value Mismatch,valueusd,Calculated vs reported value differs by >10%
2078444512,Value Mismatch,valueusd,Calculated vs reported value differs by >10%
2078559050,Value Mismatch,valueusd,Calculated vs reported value differs by >10%
2078521458,Value Mismatch,valueusd,Calculated vs reported value differs by >10%
2078488162,Value Mismatch,valueusd,Calculated vs reported value differs by >10%
2078487353,Value Mismatch,valueusd,Calculated vs reported value differs by >10%
2078381127,Value Mismatch,valueusd,Calculated vs reported value differs by >10%
2078363827,Value Mismatch,valueusd,Calculated vs reported value differs by >10%
2078488334,Value Mismatch,valueusd,Calculated vs reported value differs by >10%
2077636303,Value Mismatch,valueusd,Calculated vs reported value differs by >10%
2077452421,Value Mismatch,valueusd,Calculated vs reported value differs by >10%
2077468029,Value Mismatch,valueusd,Calculated vs reported value differs by >10%
2077569385,Value Mismatch,valueusd,Calculated vs reported value differs by >10%
2077479648,Value Mismatch,valueusd,Calculated vs reported value differs by >10%
2077555183,Value Mismatch,valueusd,Calculated vs reported value differs by >10%
2077569187,Value Mismatch,valueusd,Calculated vs reported value differs by >10%
2077640426,Value Mismatch,valueusd,Calculated vs reported value differs by >10%
2077695752,Value Mismatch,valueusd,Calculated vs reported value differs by >10%
2077629480,Value Mismatch,valueusd,Calculated vs reported value differs by >10%
2077596179,Value Mismatch,valueusd,Calculated vs reported value differs by >10%
2077584344,Value Mismatch,valueusd,Calculated vs reported value differs by >10%
2078742418,Value Mismatch,valueusd,Calculated vs reported value differs by >10%
2077451686,Value Mismatch,valueusd,Calculated vs reported value differs by >10%
2077427620,Value Mismatch,valueusd,Calculated vs reported value differs by >10%
2078646457,Value Mismatch,valueusd,Calculated vs reported value differs by >10%
2078645564,Value Mismatch,valueusd,Calculated vs reported value differs by >10%
2078660201,Value Mismatch,valueusd,Calculated vs reported value differs by >10%
2078660036,Value Mismatch,valueusd,Calculated vs reported value differs by >10%
2078659894,Value Mismatch,valueusd,Calculated vs reported value differs by >10%
2078642870,Value Mismatch,valueusd,Calculated vs reported value differs by >10%
2078642262,Value Mismatch,valueusd,Calculated vs reported value differs by >10%
2078658985,Value Mismatch,valueusd,Calculated vs reported value differs by >10%
2078658876,Value Mismatch,valueusd,Calculated vs reported value differs by >10%
2078657943,Value Mismatch,valueusd,Calculated vs reported value differs by >10%
2078657326,Value Mismatch,valueusd,Calculated vs reported value differs by >10%
2078655960,Value Mismatch,valueusd,Calculated vs reported value differs by >10%
2078652583,Value Mismatch,valueusd,Calculated vs reported value differs by >10%
2078651704,Value Mismatch,valueusd,Calculated vs reported value differs by >10%
2078638292,Value Mismatch,valueusd,Calculated vs reported value differs by >10%
2078581243,Value Mismatch,valueusd,Calculated vs reported value differs by >10%
2078635608,Value Mismatch,valueusd,Calculated vs reported value differs by >10%
2078634588,Value Mismatch,valueusd,Calculated vs reported value differs by >10%
2078633101,Value Mismatch,valueusd,Calculated vs reported value differs by >10%
2078631535,Value Mismatch,valueusd,Calculated vs reported value differs by >10%
2078631181,Value Mismatch,valueusd,Calculated vs reported value differs by >10%
2078650688,Value Mismatch,valueusd,Calculated vs reported value differs by >10%
2078628822,Value Mismatch,valueusd,Calculated vs reported value differs by >10%
2078627527,Value Mismatch,valueusd,Calculated vs reported value differs by >10%
2078623458,Value Mismatch,valueusd,Calculated vs reported value differs by >10%
2078621784,Value Mismatch,valueusd,Calculated vs reported value differs by >10%
2078766783,Value Mismatch,valueusd,Calculated vs reported value differs by >10%
2078611013,Value Mismatch,valueusd,Calculated vs reported value differs by >10%
2078763188,Value Mismatch,valueusd,Calculated vs reported value differs by >10%
2078761935,Value Mismatch,valueusd,Calculated vs reported value differs by >10%
2078607111,Value Mismatch,valueusd,Calculated vs reported value differs by >10%
2078604580,Value Mismatch,valueusd,Calculated vs reported value differs by >10%
2078603552,Value Mismatch,valueusd,Calculated vs reported value differs by >10%
2078602024,Value Mismatch,valueusd,Calculated vs reported value differs by >10%
2078601272,Value Mismatch,valueusd,Calculated vs reported value differs by >10%
2078599503,Value Mismatch,valueusd,Calculated vs reported value differs by >10%
2078597333,Value Mismatch,valueusd,Calculated vs reported value differs by >10%
2078596653,Value Mismatch,valueusd,Calculated vs reported value differs by >10%
2078595679,Value Mismatch,valueusd,Calculated vs reported value differs by >10%
2078593723,Value Mismatch,valueusd,Calculated vs reported value differs by >10%
2078592071,Value Mismatch,valueusd,Calculated vs reported value differs by >10%
2078591335,Value Mismatch,valueusd,Calculated vs reported value differs by >10%
2078590461,Value Mismatch,valueusd,Calculated vs reported value differs by >10%
2078586682,Value Mismatch,valueusd,Calculated vs reported value differs by >10%
2078668328,Value Mismatch,valueusd,Calculated vs reported value differs by >10%
2078667905,Value Mismatch,valueusd,Calculated vs reported value differs by >10%
2078665888,Value Mismatch,valueusd,Calculated vs reported value differs by >10%
2078664324,Value Mismatch,valueusd,Calculated vs reported value differs by >10%
2078710603,Value Mismatch,valueusd,Calculated vs reported value differs by >10%
2078709454,Value Mismatch,valueusd,Calculated vs reported value differs by >10%
2078706329,Value Mismatch,valueusd,Calculated vs reported value differs by >10%
2078582465,Value Mismatch,valueusd,Calculated vs reported value differs by >10%
2078580914,Value Mismatch,valueusd,Calculated vs reported value differs by >10%
2078578834,Value Mismatch,valueusd,Calculated vs reported value differs by >10%
2078610292,Value Mismatch,valueusd,Calculated vs reported value differs by >10%
2078714633,Value Mismatch,valueusd,Calculated vs reported value differs by >10%
2078712954,Value Mismatch,valueusd,Calculated vs reported value differs by >10%
2078712429,Value Mismatch,valueusd,Calculated vs reported value differs by >10%
2078754920,Value Mismatch,valueusd,Calculated vs reported value differs by >10%
2078754550,Value Mismatch,valueusd,Calculated vs reported value differs by >10%
2078753842,Value Mismatch,valueusd,Calculated vs reported value differs by >10%
2078750041,Value Mismatch,valueusd,Calculated vs reported value differs by >10%
2078698872,Value Mismatch,valueusd,Calculated vs reported value differs by >10%
2078696630,Value Mismatch,valueusd,Calculated vs reported value differs by >10%
2078695837,Value Mismatch,valueusd,Calculated vs reported value differs by >10%
2078694250,Value Mismatch,valueusd,Calculated vs reported value differs by >10%
2078693852,Value Mismatch,valueusd,Calculated vs reported value differs by >10%
2078688524,Value Mismatch,valueusd,Calculated vs reported value differs by >10%
2078685814,Value Mismatch,valueusd,Calculated vs reported value differs by >10%
2078685729,Value Mismatch,valueusd,Calculated vs reported value differs by >10%
2078682507,Value Mismatch,valueusd,Calculated vs reported value differs by >10%
2078681559,Value Mismatch,valueusd,Calculated vs reported value differs by >10%
2078680474,Value Mismatch,valueusd,Calculated vs reported value differs by >10%
2078679980,Value Mismatch,valueusd,Calculated vs reported value differs by >10%
2078679942,Value Mismatch,valueusd,Calculated vs reported value differs by >10%
2078679704,Value Mismatch,valueusd,Calculated vs reported value differs by >10%
2078743374,Value Mismatch,valueusd,Calculated vs reported value differs by >10%
2078741764,Value Mismatch,valueusd,Calculated vs reported value differs by >10%
2078740244,Value Mismatch,valueusd,Calculated vs reported value differs by >10%
2078736288,Value Mismatch,valueusd,Calculated vs reported value differs by >10%
2078677646,Value Mismatch,valueusd,Calculated vs reported value differs by >10%
2078728834,Value Mismatch,valueusd,Calculated vs reported value differs by >10%
2078728809,Value Mismatch,valueusd,Calculated vs reported value differs by >10%
2078727770,Value Mismatch,valueusd,Calculated vs reported value differs by >10%
2078727696,Value Mismatch,valueusd,Calculated vs reported value differs by >10%
2078726344,Value Mismatch,valueusd,Calculated vs reported value differs by >10%
2078724901,Value Mismatch,valueusd,Calculated vs reported value differs by >10%
2078723980,Value Mismatch,valueusd,Calculated vs reported value differs by >10%
2078675018,Value Mismatch,valueusd,Calculated vs reported value differs by >10%
2078723351,Value Mismatch,valueusd,Calculated vs reported value differs by >10%
2078722891,Value Mismatch,valueusd,Calculated vs reported value differs by >10%
2078722749,Value Mismatch,valueusd,Calculated vs reported value differs by >10%
2078721466,Value Mismatch,valueusd,Calculated vs reported value differs by >10%
2078721311,Value Mismatch,valueusd,Calculated vs reported value differs by >10%
2078719521,Value Mismatch,valueusd,Calculated vs reported value differs by >10%
2078719481,Value Mismatch,valueusd,Calculated vs reported value differs by >10%
2077484712,Value Mismatch,valueusd,Calculated vs reported value differs by >10%
2077423031,Value Mismatch,valueusd,Calculated vs reported value differs by >10%
2077571350,Value Mismatch,valueusd,Calculated vs reported value differs by >10%
2077563113,Value Mismatch,valueusd,Calculated vs reported value differs by >10%
2077413166,Value Mismatch,valueusd,Calculated vs reported value differs by >10%
2077489802,Value Mismatch,valueusd,Calculated vs reported value differs by >10%
2077464361,Value Mismatch,valueusd,Calculated vs reported value differs by >10%
2077461238,Value Mismatch,valueusd,Calculated vs reported value differs by >10%
2078644772,Value Mismatch,valueusd,Calculated vs reported value differs by >10%
2078658158,Value Mismatch,valueusd,Calculated vs reported value differs by >10%
2078656426,Value Mismatch,valueusd,Calculated vs reported value differs by >10%
2078654017,Value Mismatch,valueusd,Calculated vs reported value differs by >10%
2078653550,Value Mismatch,valueusd,Calculated vs reported value differs by >10%
2078647755,Value Mismatch,valueusd,Calculated vs reported value differs by >10%
2078629486,Value Mismatch,valueusd,Calculated vs reported value differs by >10%
2078621260,Value Mismatch,valueusd,Calculated vs reported value differs by >10%
2078739542,Value Mismatch,valueusd,Calculated vs reported value differs by >10%
2078765898,Value Mismatch,valueusd,Calculated vs reported value differs by >10%
2078605608,Value Mismatch,valueusd,Calculated vs reported value differs by >10%
2078604111,Value Mismatch,valueusd,Calculated vs reported value differs by >10%
2078590043,Value Mismatch,valueusd,Calculated vs reported value differs by >10%
2078666179,Value Mismatch,valueusd,Calculated vs reported value differs by >10%
2078662462,Value Mismatch,valueusd,Calculated vs reported value differs by >10%
2078583652,Value Mismatch,valueusd,Calculated vs reported value differs by >10%
2078572811,Value Mismatch,valueusd,Calculated vs reported value differs by >10%
2078715624,Value Mismatch,valueusd,Calculated vs reported value differs by >10%
2078711062,Value Mismatch,valueusd,Calculated vs reported value differs by >10%
2078694982,Value Mismatch,valueusd,Calculated vs reported value differs by >10%
2078683797,Value Mismatch,valueusd,Calculated vs reported value differs by >10%
2078680861,Value Mismatch,valueusd,Calculated vs reported value differs by >10%
2078748385,Value Mismatch,valueusd,Calculated vs reported value differs by >10%
2078735668,Value Mismatch,valueusd,Calculated vs reported value differs by >10%
2078722143,Value Mismatch,valueusd,Calculated vs reported value differs by >10%
2078353778,Value Mismatch,valueusd,Calculated vs reported value differs by >10%
2078352909,Value Mismatch,valueusd,Calculated vs reported value differs by >10%
2078345802,Value Mismatch,valueusd,Calculated vs reported value differs by >10%
2078338637,Value Mismatch,valueusd,Calculated vs reported value differs by >10%
2078329831,Value Mismatch,valueusd,Calculated vs reported value differs by >10%
2078458598,Value Mismatch,valueusd,Calculated vs reported value differs by >10%
2078450558,Value Mismatch,valueusd,Calculated vs reported value differs by >10%
2078448719,Value Mismatch,valueusd,Calculated vs reported value differs by >10%
2078448142,Value Mismatch,valueusd,Calculated vs reported value differs by >10%
2078443050,Value Mismatch,valueusd,Calculated vs reported value differs by >10%
2078358613,Value Mismatch,valueusd,Calculated vs reported value differs by >10%
2078355909,Value Mismatch,valueusd,Calculated vs reported value differs by >10%
2078442458,Value Mismatch,valueusd,Calculated vs reported value differs by >10%
2078354818,Value Mismatch,valueusd,Calculated vs reported value differs by >10%
2077420383,Value Mismatch,valueusd,Calculated vs reported value differs by >10%
2077605710,Value Mismatch,valueusd,Calculated vs reported value differs by >10%
2078484950,Value Mismatch,valueusd,Calculated vs reported value differs by >10%
2078436247,Value Mismatch,valueusd,Calculated vs reported value differs by >10%
2078435218,Value Mismatch,valueusd,Calculated vs reported value differs by >10%
2078554464,Value Mismatch,valueusd,Calculated vs reported value differs by >10%
2078551810,Value Mismatch,valueusd,Calculated vs reported value differs by >10%
2078548655,Value Mismatch,valueusd,Calculated vs reported value differs by >10%
2078543293,Value Mismatch,valueusd,Calculated vs reported value differs by >10%
2078539792,Value Mismatch,valueusd,Calculated vs reported value differs by >10%
2078536324,Value Mismatch,valueusd,Calculated vs reported value differs by >10%
2078535135,Value Mismatch,valueusd,Calculated vs reported value differs by >10%
2078533407,Value Mismatch,valueusd,Calculated vs reported value differs by >10%
2078426111,Value Mismatch,valueusd,Calculated vs reported value differs by >10%
2078422096,Value Mismatch,valueusd,Calculated vs reported value differs by >10%
2078412922,Value Mismatch,valueusd,Calculated vs reported value differs by >10%
2078411553,Value Mismatch,valueusd,Calculated vs reported value differs by >10%
2078507880,Value Mismatch,valueusd,Calculated vs reported value differs by >10%
2078584578,Value Mismatch,valueusd,Calculated vs reported value differs by >10%
2078579164,Value Mismatch,valueusd,Calculated vs reported value differs by >10%
2078518426,Value Mismatch,valueusd,Calculated vs reported value differs by >10%
2078513861,Value Mismatch,valueusd,Calculated vs reported value differs by >10%
2078571210,Value Mismatch,valueusd,Calculated vs reported value differs by >10%
2078513024,Value Mismatch,valueusd,Calculated vs reported value differs by >10%
2078511900,Value Mismatch,valueusd,Calculated vs reported value differs by >10%
2078566565,Value Mismatch,valueusd,Calculated vs reported value differs by >10%
2078562917,Value Mismatch,valueusd,Calculated vs reported value differs by >10%
2078558728,Value Mismatch,valueusd,Calculated vs reported value differs by >10%
2078406929,Value Mismatch,valueusd,Calculated vs reported value differs by >10%
2078404512,Value Mismatch,valueusd,Calculated vs reported value differs by >10%
2078361234,Value Mismatch,valueusd,Calculated vs reported value differs by >10%
2078494933,Value Mismatch,valueusd,Calculated vs reported value differs by >10%
2078493390,Value Mismatch,valueusd,Calculated vs reported value differs by >10%
2078491972,Value Mismatch,valueusd,Calculated vs reported value differs by >10%
2078491428,Value Mismatch,valueusd,Calculated vs reported value differs by >10%
2078489297,Value Mismatch,valueusd,Calculated vs reported value differs by >10%
2078484465,Value Mismatch,valueusd,Calculated vs reported value differs by >10%
2078484093,Value Mismatch,valueusd,Calculated vs reported value differs by >10%
2078475411,Value Mismatch,valueusd,Calculated vs reported value differs by >10%
2078393961,Value Mismatch,valueusd,Calculated vs reported value differs by >10%
2078386388,Value Mismatch,valueusd,Calculated vs reported value differs by >10%
2078374539,Value Mismatch,valueusd,Calculated vs reported value differs by >10%
2078368155,Value Mismatch,valueusd,Calculated vs reported value differs by >10%
2078465477,Value Mismatch,valueusd,Calculated vs reported value differs by >10%
2078463014,Value Mismatch,valueusd,Calculated vs reported value differs by >10%
2078408964,Value Mismatch,valueusd,Calculated vs reported value differs by >10%
2078585049,Value Mismatch,valueusd,Calculated vs reported value differs by >10%
2078373112,Value Mismatch,valueusd,Calculated vs reported value differs by >10%
2078862148,Value Mismatch,valueusd,Calculated vs reported value differs by >10%
2078844042,Value Mismatch,valueusd,Calculated vs reported value differs by >10%
2078380703,Value Mismatch,valueusd,Calculated vs reported value differs by >10%
2078497770,Value Mismatch,valueusd,Calculated vs reported value differs by >10%
2078344791,Value Mismatch,valueusd,Calculated vs reported value differs by >10%
2078530485,Value Mismatch,valueusd,Calculated vs reported value differs by >10%
2078421425,Value Mismatch,valueusd,Calculated vs reported value differs by >10%
2078570898,Value Mismatch,valueusd,Calculated vs reported value differs by >10%
2078413025,Value Mismatch,valueusd,Calculated vs reported value differs by >10%
2078346916,Value Mismatch,valueusd,Calculated vs reported value differs by >10%
2078345370,Value Mismatch,valueusd,Calculated vs reported value differs by >10%
2078334976,Value Mismatch,valueusd,Calculated vs reported value differs by >10%
2078331111,Value Mismatch,valueusd,Calculated vs reported value differs by >10%
2078320498,Value Mismatch,valueusd,Calculated vs reported value differs by >10%
2078459073,Value Mismatch,valueusd,Calculated vs reported value differs by >10%
2078456128,Value Mismatch,valueusd,Calculated vs reported value differs by >10%
2078453947,Value Mismatch,valueusd,Calculated vs reported value differs by >10%
2078450317,Value Mismatch,valueusd,Calculated vs reported value differs by >10%
2078353018,Value Mismatch,valueusd,Calculated vs reported value differs by >10%
2078557782,Value Mismatch,valueusd,Calculated vs reported value differs by >10%
2078555532,Value Mismatch,valueusd,Calculated vs reported value differs by >10%
2078589195,Value Mismatch,valueusd,Calculated vs reported value differs by >10%
2078538146,Value Mismatch,valueusd,Calculated vs reported value differs by >10%
2078532813,Value Mismatch,valueusd,Calculated vs reported value differs by >10%
2078433542,Value Mismatch,valueusd,Calculated vs reported value differs by >10%
2078472994,Value Mismatch,valueusd,Calculated vs reported value differs by >10%
2078427408,Value Mismatch,valueusd,Calculated vs reported value differs by >10%
2078425084,Value Mismatch,valueusd,Calculated vs reported value differs by >10%
2078422167,Value Mismatch,valueusd,Calculated vs reported value differs by >10%
2078421531,Value Mismatch,valueusd,Calculated vs reported value differs by >10%
2078459531,Value Mismatch,valueusd,Calculated vs reported value differs by >10%
2078504870,Value Mismatch,valueusd,Calculated vs reported value differs by >10%
2078527152,Value Mismatch,valueusd,Calculated vs reported value differs by >10%
2078525206,Value Mismatch,valueusd,Calculated vs reported value differs by >10%
2078522410,Value Mismatch,valueusd,Calculated vs reported value differs by >10%
2078574556,Value Mismatch,valueusd,Calculated vs reported value differs by >10%
2078511124,Value Mismatch,valueusd,Calculated vs reported value differs by >10%
2078385168,Value Mismatch,valueusd,Calculated vs reported value differs by >10%
2078470888,Value Mismatch,valueusd,Calculated vs reported value differs by >10%
2078406922,Value Mismatch,valueusd,Calculated vs reported value differs by >10%
2077577025,Value Mismatch,valueusd,Calculated vs reported value differs by >10%
2078860839,Value Mismatch,valueusd,Calculated vs reported value differs by >10%
2078840566,Value Mismatch,valueusd,Calculated vs reported value differs by >10%
2078714230,Value Mismatch,valueusd,Calculated vs reported value differs by >10%
2078752038,Value Mismatch,valueusd,Calculated vs reported value differs by >10%
2078749898,Value Mismatch,valueusd,Calculated vs reported value differs by >10%
2078641141,Value Mismatch,valueusd,Calculated vs reported value differs by >10%
2078649456,Value Mismatch,valueusd,Calculated vs reported value differs by >10%
2078625742,Value Mismatch,valueusd,Calculated vs reported value differs by >10%
2078762085,Value Mismatch,valueusd,Calculated vs reported value differs by >10%
2078596901,Value Mismatch,valueusd,Calculated vs reported value differs by >10%
2078661170,Value Mismatch,valueusd,Calculated vs reported value differs by >10%
2078331631,Value Mismatch,valueusd,Calculated vs reported value differs by >10%
2078319368,Value Mismatch,valueusd,Calculated vs reported value differs by >10%
2078378347,Value Mismatch,valueusd,Calculated vs reported value differs by >10%
2078552516,Value Mismatch,valueusd,Calculated vs reported value differs by >10%
2078460067,Value Mismatch,valueusd,Calculated vs reported value differs by >10%
2077477312,Value Mismatch,valueusd,Calculated vs reported value differs by >10%
2078838024,Value Mismatch,valueusd,Calculated vs reported value differs by >10%
2077603072,Value Mismatch,valueusd,Calculated vs reported value differs by >10%
2077550161,Value Mismatch,valueusd,Calculated vs reported value differs by >10%
2077713526,Value Mismatch,valueusd,Calculated vs reported value differs by >10%
2077980403,Value Mismatch,valueusd,Calculated vs reported value differs by >10%
2077636792,Value Mismatch,valueusd,Calculated vs reported value differs by >10%
2077613130,Value Mismatch,valueusd,Calculated vs reported value differs by >10%
2077903112,Value Mismatch,valueusd,Calculated vs reported value differs by >10%
2078016703,Value Mismatch,valueusd,Calculated vs reported value differs by >10%
2078061425,Value Mismatch,valueusd,Calculated vs reported value differs by >10%
2077858446,Value Mismatch,valueusd,Calculated vs reported value differs by >10%
2077704927,Value Mismatch,valueusd,Calculated vs reported value differs by >10%
2077856409,Value Mismatch,valueusd,Calculated vs reported value differs by >10%
2078051934,Value Mismatch,valueusd,Calculated vs reported value differs by >10%
2077851362,Value Mismatch,valueusd,Calculated vs reported value differs by >10%
2077802274,Value Mismatch,valueusd,Calculated vs reported value differs by >10%
2077798599,Value Mismatch,valueusd,Calculated vs reported value differs by >10%
2077869370,Value Mismatch,valueusd,Calculated vs reported value differs by >10%
2077861929,Value Mismatch,valueusd,Calculated vs reported value differs by >10%
2077697228,Value Mismatch,valueusd,Calculated vs reported value differs by >10%
2077844239,Value Mismatch,valueusd,Calculated vs reported value differs by >10%
2077687664,Value Mismatch,valueusd,Calculated vs reported value differs by >10%
2077947354,Value Mismatch,valueusd,Calculated vs reported value differs by >10%
2077431384,Value Mismatch,valueusd,Calculated vs reported value differs by >10%
2078020553,Value Mismatch,valueusd,Calculated vs reported value differs by >10%
2078458946,Value Mismatch,valueusd,Calculated vs reported value differs by >10%
2078448360,Value Mismatch,valueusd,Calculated vs reported value differs by >10%
2078444726,Value Mismatch,valueusd,Calculated vs reported value differs by >10%
2078441177,Value Mismatch,valueusd,Calculated vs reported value differs by >10%
2078539005,Value Mismatch,valueusd,Calculated vs reported value differs by >10%
2078426615,Value Mismatch,valueusd,Calculated vs reported value differs by >10%
2078580326,Value Mismatch,valueusd,Calculated vs reported value differs by >10%
2078576620,Value Mismatch,valueusd,Calculated vs reported value differs by >10%
2078513471,Value Mismatch,valueusd,Calculated vs reported value differs by >10%
2078393946,Value Mismatch,valueusd,Calculated vs reported value differs by >10%
2078378855,Value Mismatch,valueusd,Calculated vs reported value differs by >10%
2078378096,Value Mismatch,valueusd,Calculated vs reported value differs by >10%
2078376712,Value Mismatch,valueusd,Calculated vs reported value differs by >10%
2078468951,Value Mismatch,valueusd,Calculated vs reported value differs by >10%
2078450475,Value Mismatch,valueusd,Calculated vs reported value differs by >10%
2078525225,Value Mismatch,valueusd,Calculated vs reported value differs by >10%
2078347785,Value Mismatch,valueusd,Calculated vs reported value differs by >10%
2078342587,Value Mismatch,valueusd,Calculated vs reported value differs by >10%
2078429717,Value Mismatch,valueusd,Calculated vs reported value differs by >10%
2078415643,Value Mismatch,valueusd,Calculated vs reported value differs by >10%
2078527121,Value Mismatch,valueusd,Calculated vs reported value differs by >10%
2078518163,Value Mismatch,valueusd,Calculated vs reported value differs by >10%
2078567583,Value Mismatch,valueusd,Calculated vs reported value differs by >10%
2078401177,Value Mismatch,valueusd,Calculated vs reported value differs by >10%
6302660503,Value Mismatch,valueusd,Calculated vs reported value differs by >10%
6302657693,Value Mismatch,valueusd,Calculated vs reported value differs by >10%
6302657692,Value Mismatch,valueusd,Calculated vs reported value differs by >10%
6305505837,Value Mismatch,valueusd,Calculated vs reported value differs by >10%
6305505834,Value Mismatch,valueusd,Calculated vs reported value differs by >10%
6305501776,Value Mismatch,valueusd,Calculated vs reported value differs by >10%
6304225050,Value Mismatch,valueusd,Calculated vs reported value differs by >10%
6302660502,Value Mismatch,valueusd,Calculated vs reported value differs by >10%
6305188120,Value Mismatch,valueusd,Calculated vs reported value differs by >10%
6305188119,Value Mismatch,valueusd,Calculated vs reported value differs by >10%
6305188118,Value Mismatch,valueusd,Calculated vs reported value differs by >10%
6305188115,Value Mismatch,valueusd,Calculated vs reported value differs by >10%
6302581535,Value Mismatch,valueusd,Calculated vs reported value differs by >10%
6302581522,Value Mismatch,valueusd,Calculated vs reported value differs by >10%
6305501774,Value Mismatch,valueusd,Calculated vs reported value differs by >10%
6305501773,Value Mismatch,valueusd,Calculated vs reported value differs by >10%
6302661429,Value Mismatch,valueusd,Calculated vs reported value differs by >10%
6302661355,Value Mismatch,valueusd,Calculated vs reported value differs by >10%
6305497049,Value Mismatch,valueusd,Calculated vs reported value differs by >10%
6305497048,Value Mismatch,valueusd,Calculated vs reported value differs by >10%
6305501772,Value Mismatch,valueusd,Calculated vs reported value differs by >10%
6305187584,Value Mismatch,valueusd,Calculated vs reported value differs by >10%
6302661427,Value Mismatch,valueusd,Calculated vs reported value differs by >10%
6302661426,Value Mismatch,valueusd,Calculated vs reported value differs by >10%
6302661428,Value Mismatch,valueusd,Calculated vs reported value differs by >10%
6302661425,Value Mismatch,valueusd,Calculated vs reported value differs by >10%
6302661424,Value Mismatch,valueusd,Calculated vs reported value differs by >10%
6302661423,Value Mismatch,valueusd,Calculated vs reported value differs by >10%
6305187589,Value Mismatch,valueusd,Calculated vs reported value differs by >10%
6305501797,Value Mismatch,valueusd,Calculated vs reported value differs by >10%
6305501796,Value Mismatch,valueusd,Calculated vs reported value differs by >10%
6305497111,Value Mismatch,valueusd,Calculated vs reported value differs by >10%
6305497110,Value Mismatch,valueusd,Calculated vs reported value differs by >10%
6302660501,Value Mismatch,valueusd,Calculated vs reported value differs by >10%
6305501754,Value Mismatch,valueusd,Calculated vs reported value differs by >10%
6305497018,Value Mismatch,valueusd,Calculated vs reported value differs by >10%
6305497122,Value Mismatch,valueusd,Calculated vs reported value differs by >10%
6305505838,Value Mismatch,valueusd,Calculated vs reported value differs by >10%
6302657705,Value Mismatch,valueusd,Calculated vs reported value differs by >10%
6302657704,Value Mismatch,valueusd,Calculated vs reported value differs by >10%
6302657703,Value Mismatch,valueusd,Calculated vs reported value differs by >10%
6302657702,Value Mismatch,valueusd,Calculated vs reported value differs by >10%
6302657701,Value Mismatch,valueusd,Calculated vs reported value differs by >10%
6302657700,Value Mismatch,valueusd,Calculated vs reported value differs by >10%
6302657699,Value Mismatch,valueusd,Calculated vs reported value differs by >10%
6302657698,Value Mismatch,valueusd,Calculated vs reported value differs by >10%
6302657697,Value Mismatch,valueusd,Calculated vs reported value differs by >10%
6302661348,Value Mismatch,valueusd,Calculated vs reported value differs by >10%
6305501783,Value Mismatch,valueusd,Calculated vs reported value differs by >10%
6302661363,Value Mismatch,valueusd,Calculated vs reported value differs by >10%
6302657696,Value Mismatch,valueusd,Calculated vs reported value differs by >10%
1807946004,Value Mismatch,valueusd,Calculated vs reported value differs by >10%
6305205070,Value Mismatch,valueusd,Calculated vs reported value differs by >10%
6305205069,Value Mismatch,valueusd,Calculated vs reported value differs by >10%
6303890998,Value Mismatch,valueusd,Calculated vs reported value differs by >10%
6304029913,Value Mismatch,valueusd,Calculated vs reported value differs by >10%
6305501755,Value Mismatch,valueusd,Calculated vs reported value differs by >10%
6305501753,Value Mismatch,valueusd,Calculated vs reported value differs by >10%
6305501752,Value Mismatch,valueusd,Calculated vs reported value differs by >10%
6305187585,Value Mismatch,valueusd,Calculated vs reported value differs by >10%
6305497017,Value Mismatch,valueusd,Calculated vs reported value differs by >10%
6305501767,Value Mismatch,valueusd,Calculated vs reported value differs by >10%
6305501708,Value Mismatch,valueusd,Calculated vs reported value differs by >10%
6305069873,Value Mismatch,valueusd,Calculated vs reported value differs by >10%
6305069848,Value Mismatch,valueusd,Calculated vs reported value differs by >10%
6305069824,Value Mismatch,valueusd,Calculated vs reported value differs by >10%
6305497115,Value Mismatch,valueusd,Calculated vs reported value differs by >10%
6302610010,Value Mismatch,valueusd,Calculated vs reported value differs by >10%
6305501757,Value Mismatch,valueusd,Calculated vs reported value differs by >10%
6305187636,Value Mismatch,valueusd,Calculated vs reported value differs by >10%
6303988318,Value Mismatch,valueusd,Calculated vs reported value differs by >10%
6305187635,Value Mismatch,valueusd,Calculated vs reported value differs by >10%
6305187634,Value Mismatch,valueusd,Calculated vs reported value differs by >10%
6305187633,Value Mismatch,valueusd,Calculated vs reported value differs by >10%
6305185843,Value Mismatch,valueusd,Calculated vs reported value differs by >10%
6305184728,Value Mismatch,valueusd,Calculated vs reported value differs by >10%
6305178191,Value Mismatch,valueusd,Calculated vs reported value differs by >10%
6305178190,Value Mismatch,valueusd,Calculated vs reported value differs by >10%
6305297721,Value Mismatch,valueusd,Calculated vs reported value differs by >10%
6305499512,Value Mismatch,valueusd,Calculated vs reported value differs by >10%
6305499511,Value Mismatch,valueusd,Calculated vs reported value differs by >10%
6305499510,Value Mismatch,valueusd,Calculated vs reported value differs by >10%
6305499509,Value Mismatch,valueusd,Calculated vs reported value differs by >10%
6305499515,Value Mismatch,valueusd,Calculated vs reported value differs by >10%
6305499514,Value Mismatch,valueusd,Calculated vs reported value differs by >10%
6305499513,Value Mismatch,valueusd,Calculated vs reported value differs by >10%
6305499508,Value Mismatch,valueusd,Calculated vs reported value differs by >10%
6305499507,Value Mismatch,valueusd,Calculated vs reported value differs by >10%
6305499506,Value Mismatch,valueusd,Calculated vs reported value differs by >10%
6305499505,Value Mismatch,valueusd,Calculated vs reported value differs by >10%
6305499504,Value Mismatch,valueusd,Calculated vs reported value differs by >10%
6305499503,Value Mismatch,valueusd,Calculated vs reported value differs by >10%
6305499502,Value Mismatch,valueusd,Calculated vs reported value differs by >10%
6305216299,Value Mismatch,valueusd,Calculated vs reported value differs by >10%
6305204393,Value Mismatch,valueusd,Calculated vs reported value differs by >10%
6305195231,Value Mismatch,valueusd,Calculated vs reported value differs by >10%
6305195230,Value Mismatch,valueusd,Calculated vs reported value differs by >10%
6305195229,Value Mismatch,valueusd,Calculated vs reported value differs by >10%
6305195228,Value Mismatch,valueusd,Calculated vs reported value differs by >10%
6305195227,Value Mismatch,valueusd,Calculated vs reported value differs by >10%
6305195226,Value Mismatch,valueusd,Calculated vs reported value differs by >10%
6305195225,Value Mismatch,valueusd,Calculated vs reported value differs by >10%
6305195223,Value Mismatch,valueusd,Calculated vs reported value differs by >10%
6305194201,Value Mismatch,valueusd,Calculated vs reported value differs by >10%
6305194200,Value Mismatch,valueusd,Calculated vs reported value differs by >10%
6305194199,Value Mismatch,valueusd,Calculated vs reported value differs by >10%
6305194198,Value Mismatch,valueusd,Calculated vs reported value differs by >10%
6305194197,Value Mismatch,valueusd,Calculated vs reported value differs by >10%
6305194196,Value Mismatch,valueusd,Calculated vs reported value differs by >10%
6305191290,Value Mismatch,valueusd,Calculated vs reported value differs by >10%
6305191289,Value Mismatch,valueusd,Calculated vs reported value differs by >10%
6305191086,Value Mismatch,valueusd,Calculated vs reported value differs by >10%
6305072466,Value Mismatch,valueusd,Calculated vs reported value differs by >10%
6305072465,Value Mismatch,valueusd,Calculated vs reported value differs by >10%
6305497053,Value Mismatch,valueusd,Calculated vs reported value differs by >10%
6305205067,Value Mismatch,valueusd,Calculated vs reported value differs by >10%
6305205066,Value Mismatch,valueusd,Calculated vs reported value differs by >10%
6305205065,Value Mismatch,valueusd,Calculated vs reported value differs by >10%
6305070471,Value Mismatch,valueusd,Calculated vs reported value differs by >10%
6305070462,Value Mismatch,valueusd,Calculated vs reported value differs by >10%
6305183165,Value Mismatch,valueusd,Calculated vs reported value differs by >10%
6305069834,Value Mismatch,valueusd,Calculated vs reported value differs by >10%
6305070461,Value Mismatch,valueusd,Calculated vs reported value differs by >10%
6305070460,Value Mismatch,valueusd,Calculated vs reported value differs by >10%
6305070457,Value Mismatch,valueusd,Calculated vs reported value differs by >10%
6305070455,Value Mismatch,valueusd,Calculated vs reported value differs by >10%
6305069874,Value Mismatch,valueusd,Calculated vs reported value differs by >10%
6305069868,Value Mismatch,valueusd,Calculated vs reported value differs by >10%
6305069840,Value Mismatch,valueusd,Calculated vs reported value differs by >10%
6305069828,Value Mismatch,valueusd,Calculated vs reported value differs by >10%
6305069825,Value Mismatch,valueusd,Calculated vs reported value differs by >10%
6305069823,Value Mismatch,valueusd,Calculated vs reported value differs by >10%
6305069822,Value Mismatch,valueusd,Calculated vs reported value differs by >10%
6305069821,Value Mismatch,valueusd,Calculated vs reported value differs by >10%
6305070470,Value Mismatch,valueusd,Calculated vs reported value differs by >10%
6305070469,Value Mismatch,valueusd,Calculated vs reported value differs by >10%
6305070468,Value Mismatch,valueusd,Calculated vs reported value differs by >10%
6305070465,Value Mismatch,valueusd,Calculated vs reported value differs by >10%
6305070464,Value Mismatch,valueusd,Calculated vs reported value differs by >10%
6305070463,Value Mismatch,valueusd,Calculated vs reported value differs by >10%
6305070459,Value Mismatch,valueusd,Calculated vs reported value differs by >10%
6305070458,Value Mismatch,valueusd,Calculated vs reported value differs by >10%
6305070456,Value Mismatch,valueusd,Calculated vs reported value differs by >10%
6305070452,Value Mismatch,valueusd,Calculated vs reported value differs by >10%
6305070451,Value Mismatch,valueusd,Calculated vs reported value differs by >10%
6305070449,Value Mismatch,valueusd,Calculated vs reported value differs by >10%
6305070448,Value Mismatch,valueusd,Calculated vs reported value differs by >10%
6305069877,Value Mismatch,valueusd,Calculated vs reported value differs by >10%
6305069875,Value Mismatch,valueusd,Calculated vs reported value differs by >10%
6305069870,Value Mismatch,valueusd,Calculated vs reported value differs by >10%
6305069869,Value Mismatch,valueusd,Calculated vs reported value differs by >10%
6305069867,Value Mismatch,valueusd,Calculated vs reported value differs by >10%
6305069866,Value Mismatch,valueusd,Calculated vs reported value differs by >10%
6305069865,Value Mismatch,valueusd,Calculated vs reported value differs by >10%
6305069864,Value Mismatch,valueusd,Calculated vs reported value differs by >10%
6305069863,Value Mismatch,valueusd,Calculated vs reported value differs by >10%
6305069861,Value Mismatch,valueusd,Calculated vs reported value differs by >10%
6305069860,Value Mismatch,valueusd,Calculated vs reported value differs by >10%
6305069858,Value Mismatch,valueusd,Calculated vs reported value differs by >10%
6305069857,Value Mismatch,valueusd,Calculated vs reported value differs by >10%
6305069856,Value Mismatch,valueusd,Calculated vs reported value differs by >10%
6305069855,Value Mismatch,valueusd,Calculated vs reported value differs by >10%
6305069854,Value Mismatch,valueusd,Calculated vs reported value differs by >10%
6305069853,Value Mismatch,valueusd,Calculated vs reported value differs by >10%
6305069851,Value Mismatch,valueusd,Calculated vs reported value differs by >10%
6305069850,Value Mismatch,valueusd,Calculated vs reported value differs by >10%
6305069849,Value Mismatch,valueusd,Calculated vs reported value differs by >10%
6305069847,Value Mismatch,valueusd,Calculated vs reported value differs by >10%
6305069846,Value Mismatch,valueusd,Calculated vs reported value differs by >10%
6305069844,Value Mismatch,valueusd,Calculated vs reported value differs by >10%
6305069843,Value Mismatch,valueusd,Calculated vs reported value differs by >10%
6305069842,Value Mismatch,valueusd,Calculated vs reported value differs by >10%
6305069838,Value Mismatch,valueusd,Calculated vs reported value differs by >10%
6305069837,Value Mismatch,valueusd,Calculated vs reported value differs by >10%
6305069836,Value Mismatch,valueusd,Calculated vs reported value differs by >10%
6305069835,Value Mismatch,valueusd,Calculated vs reported value differs by >10%
6305069833,Value Mismatch,valueusd,Calculated vs reported value differs by >10%
6305069832,Value Mismatch,valueusd,Calculated vs reported value differs by >10%
6305069831,Value Mismatch,valueusd,Calculated vs reported value differs by >10%
6305069830,Value Mismatch,valueusd,Calculated vs reported value differs by >10%
6305069827,Value Mismatch,valueusd,Calculated vs reported value differs by >10%
6305069826,Value Mismatch,valueusd,Calculated vs reported value differs by >10%
6305069820,Value Mismatch,valueusd,Calculated vs reported value differs by >10%
6305069819,Value Mismatch,valueusd,Calculated vs reported value differs by >10%
6305069818,Value Mismatch,valueusd,Calculated vs reported value differs by >10%
6305069817,Value Mismatch,valueusd,Calculated vs reported value differs by >10%
6305069816,Value Mismatch,valueusd,Calculated vs reported value differs by >10%
6305069815,Value Mismatch,valueusd,Calculated vs reported value differs by >10%
6305069814,Value Mismatch,valueusd,Calculated vs reported value differs by >10%
6305069376,Value Mismatch,valueusd,Calculated vs reported value differs by >10%
6305069384,Value Mismatch,valueusd,Calculated vs reported value differs by >10%
6305069383,Value Mismatch,valueusd,Calculated vs reported value differs by >10%
6305069382,Value Mismatch,valueusd,Calculated vs reported value differs by >10%
6305069381,Value Mismatch,valueusd,Calculated vs reported value differs by >10%
6305069379,Value Mismatch,valueusd,Calculated vs reported value differs by >10%
6305069378,Value Mismatch,valueusd,Calculated vs reported value differs by >10%
6305069377,Value Mismatch,valueusd,Calculated vs reported value differs by >10%
6305069375,Value Mismatch,valueusd,Calculated vs reported value differs by >10%
6305069374,Value Mismatch,valueusd,Calculated vs reported value differs by >10%
6305069373,Value Mismatch,valueusd,Calculated vs reported value differs by >10%
6305069372,Value Mismatch,valueusd,Calculated vs reported value differs by >10%
6305069371,Value Mismatch,valueusd,Calculated vs reported value differs by >10%
6305069370,Value Mismatch,valueusd,Calculated vs reported value differs by >10%
6305069369,Value Mismatch,valueusd,Calculated vs reported value differs by >10%
6305069368,Value Mismatch,valueusd,Calculated vs reported value differs by >10%
6305069367,Value Mismatch,valueusd,Calculated vs reported value differs by >10%
6302660500,Value Mismatch,valueusd,Calculated vs reported value differs by >10%
6305188087,Value Mismatch,valueusd,Calculated vs reported value differs by >10%
6305188117,Value Mismatch,valueusd,Calculated vs reported value differs by >10%
6305188116,Value Mismatch,valueusd,Calculated vs reported value differs by >10%
6305501704,Value Mismatch,valueusd,Calculated vs reported value differs by >10%
6305501703,Value Mismatch,valueusd,Calculated vs reported value differs by >10%
6305501702,Value Mismatch,valueusd,Calculated vs reported value differs by >10%
6305505836,Value Mismatch,valueusd,Calculated vs reported value differs by >10%
6305505835,Value Mismatch,valueusd,Calculated vs reported value differs by >10%
6305505833,Value Mismatch,valueusd,Calculated vs reported value differs by >10%
6305505832,Value Mismatch,valueusd,Calculated vs reported value differs by >10%
6305505828,Value Mismatch,valueusd,Calculated vs reported value differs by >10%
6305505829,Value Mismatch,valueusd,Calculated vs reported value differs by >10%
6305174705,Value Mismatch,valueusd,Calculated vs reported value differs by >10%
6305174704,Value Mismatch,valueusd,Calculated vs reported value differs by >10%
6305211836,Value Mismatch,valueusd,Calculated vs reported value differs by >10%
6305211835,Value Mismatch,valueusd,Calculated vs reported value differs by >10%
6305211834,Value Mismatch,valueusd,Calculated vs reported value differs by >10%
6305211833,Value Mismatch,valueusd,Calculated vs reported value differs by >10%
6305211838,Value Mismatch,valueusd,Calculated vs reported value differs by >10%
6305211837,Value Mismatch,valueusd,Calculated vs reported value differs by >10%
6305501782,Value Mismatch,valueusd,Calculated vs reported value differs by >10%
6305501781,Value Mismatch,valueusd,Calculated vs reported value differs by >10%
6305501780,Value Mismatch,valueusd,Calculated vs reported value differs by >10%
6305501779,Value Mismatch,valueusd,Calculated vs reported value differs by >10%
6305501778,Value Mismatch,valueusd,Calculated vs reported value differs by >10%
6305505839,Value Mismatch,valueusd,Calculated vs reported value differs by >10%
6305501777,Value Mismatch,valueusd,Calculated vs reported value differs by >10%
6305501766,Value Mismatch,valueusd,Calculated vs reported value differs by >10%
6305501765,Value Mismatch,valueusd,Calculated vs reported value differs by >10%
6305501764,Value Mismatch,valueusd,Calculated vs reported value differs by >10%
6305505831,Value Mismatch,valueusd,Calculated vs reported value differs by >10%
6305505826,Value Mismatch,valueusd,Calculated vs reported value differs by >10%
6305505825,Value Mismatch,valueusd,Calculated vs reported value differs by >10%
6305505824,Value Mismatch,valueusd,Calculated vs reported value differs by >10%
6305501768,Value Mismatch,valueusd,Calculated vs reported value differs by >10%
6305803970,Value Mismatch,valueusd,Calculated vs reported value differs by >10%
6305804022,Value Mismatch,valueusd,Calculated vs reported value differs by >10%
6305804021,Value Mismatch,valueusd,Calculated vs reported value differs by >10%
6305804023,Value Mismatch,valueusd,Calculated vs reported value differs by >10%
6305803985,Value Mismatch,valueusd,Calculated vs reported value differs by >10%
6302507320,Value Mismatch,valueusd,Calculated vs reported value differs by >10%
6302507319,Value Mismatch,valueusd,Calculated vs reported value differs by >10%
6302060655,Value Mismatch,valueusd,Calculated vs reported value differs by >10%
6302060654,Value Mismatch,valueusd,Calculated vs reported value differs by >10%
6302265488,Value Mismatch,valueusd,Calculated vs reported value differs by >10%
6303675944,Value Mismatch,valueusd,Calculated vs reported value differs by >10%
6305804040,Value Mismatch,valueusd,Calculated vs reported value differs by >10%
6304870599,Value Mismatch,valueusd,Calculated vs reported value differs by >10%
6302060653,Value Mismatch,valueusd,Calculated vs reported value differs by >10%
6302060652,Value Mismatch,valueusd,Calculated vs reported value differs by >10%
6302060651,Value Mismatch,valueusd,Calculated vs reported value differs by >10%
6302090575,Value Mismatch,valueusd,Calculated vs reported value differs by >10%
6302083133,Value Mismatch,valueusd,Calculated vs reported value differs by >10%
6302050390,Value Mismatch,valueusd,Calculated vs reported value differs by >10%
6302174261,Value Mismatch,valueusd,Calculated vs reported value differs by >10%
6302265489,Value Mismatch,valueusd,Calculated vs reported value differs by >10%
6303464939,Value Mismatch,valueusd,Calculated vs reported value differs by >10%
6303322966,Value Mismatch,valueusd,Calculated vs reported value differs by >10%
6302503351,Value Mismatch,valueusd,Calculated vs reported value differs by >10%
6302503386,Value Mismatch,valueusd,Calculated vs reported value differs by >10%
6304853181,Value Mismatch,valueusd,Calculated vs reported value differs by >10%
6304853180,Value Mismatch,valueusd,Calculated vs reported value differs by >10%
6304848300,Value Mismatch,valueusd,Calculated vs reported value differs by >10%
6304845646,Value Mismatch,valueusd,Calculated vs reported value differs by >10%
6304845645,Value Mismatch,valueusd,Calculated vs reported value differs by >10%
6304733039,Value Mismatch,valueusd,Calculated vs reported value differs by >10%
6304733041,Value Mismatch,valueusd,Calculated vs reported value differs by >10%
6304733040,Value Mismatch,valueusd,Calculated vs reported value differs by >10%
6304940463,Value Mismatch,valueusd,Calculated vs reported value differs by >10%
6304940462,Value Mismatch,valueusd,Calculated vs reported value differs by >10%
6304940461,Value Mismatch,valueusd,Calculated vs reported value differs by >10%
6304676014,Value Mismatch,valueusd,Calculated vs reported value differs by >10%
6304676020,Value Mismatch,valueusd,Calculated vs reported value differs by >10%
6304676019,Value Mismatch,valueusd,Calculated vs reported value differs by >10%
6304676017,Value Mismatch,valueusd,Calculated vs reported value differs by >10%
6304676016,Value Mismatch,valueusd,Calculated vs reported value differs by >10%
6304676011,Value Mismatch,valueusd,Calculated vs reported value differs by >10%
6304676008,Value Mismatch,valueusd,Calculated vs reported value differs by >10%
6304675994,Value Mismatch,valueusd,Calculated vs reported value differs by >10%
6304675993,Value Mismatch,valueusd,Calculated vs reported value differs by >10%
6304675992,Value Mismatch,valueusd,Calculated vs reported value differs by >10%
6304675991,Value Mismatch,valueusd,Calculated vs reported value differs by >10%
6304675990,Value Mismatch,valueusd,Calculated vs reported value differs by >10%
6304676018,Value Mismatch,valueusd,Calculated vs reported value differs by >10%
6304676013,Value Mismatch,valueusd,Calculated vs reported value differs by >10%
6304676012,Value Mismatch,valueusd,Calculated vs reported value differs by >10%
6304676010,Value Mismatch,valueusd,Calculated vs reported value differs by >10%
6304676007,Value Mismatch,valueusd,Calculated vs reported value differs by >10%
6304676005,Value Mismatch,valueusd,Calculated vs reported value differs by >10%
6304676003,Value Mismatch,valueusd,Calculated vs reported value differs by >10%
6304676002,Value Mismatch,valueusd,Calculated vs reported value differs by >10%
6304676001,Value Mismatch,valueusd,Calculated vs reported value differs by >10%
6304676000,Value Mismatch,valueusd,Calculated vs reported value differs by >10%
6304675999,Value Mismatch,valueusd,Calculated vs reported value differs by >10%
6304675998,Value Mismatch,valueusd,Calculated vs reported value differs by >10%
6304675997,Value Mismatch,valueusd,Calculated vs reported value differs by >10%
6304675995,Value Mismatch,valueusd,Calculated vs reported value differs by >10%
6304675989,Value Mismatch,valueusd,Calculated vs reported value differs by >10%
6304675988,Value Mismatch,valueusd,Calculated vs reported value differs by >10%
6304675987,Value Mismatch,valueusd,Calculated vs reported value differs by >10%
6304675985,Value Mismatch,valueusd,Calculated vs reported value differs by >10%
6304874015,Value Mismatch,valueusd,Calculated vs reported value differs by >10%
6304874014,Value Mismatch,valueusd,Calculated vs reported value differs by >10%
6304874013,Value Mismatch,valueusd,Calculated vs reported value differs by >10%
6304874012,Value Mismatch,valueusd,Calculated vs reported value differs by >10%
6304874011,Value Mismatch,valueusd,Calculated vs reported value differs by >10%
6304874009,Value Mismatch,valueusd,Calculated vs reported value differs by >10%
6304874008,Value Mismatch,valueusd,Calculated vs reported value differs by >10%
6304874007,Value Mismatch,valueusd,Calculated vs reported value differs by >10%
6304874004,Value Mismatch,valueusd,Calculated vs reported value differs by >10%
6304874003,Value Mismatch,valueusd,Calculated vs reported value differs by >10%
6304873999,Value Mismatch,valueusd,Calculated vs reported value differs by >10%
6304873998,Value Mismatch,valueusd,Calculated vs reported value differs by >10%
6304873997,Value Mismatch,valueusd,Calculated vs reported value differs by >10%
6304873996,Value Mismatch,valueusd,Calculated vs reported value differs by >10%
6304873995,Value Mismatch,valueusd,Calculated vs reported value differs by >10%
6304873994,Value Mismatch,valueusd,Calculated vs reported value differs by >10%
6304873993,Value Mismatch,valueusd,Calculated vs reported value differs by >10%
6304873992,Value Mismatch,valueusd,Calculated vs reported value differs by >10%
6304873991,Value Mismatch,valueusd,Calculated vs reported value differs by >10%
6304873990,Value Mismatch,valueusd,Calculated vs reported value differs by >10%
6304873989,Value Mismatch,valueusd,Calculated vs reported value differs by >10%
6304873988,Value Mismatch,valueusd,Calculated vs reported value differs by >10%
6304873986,Value Mismatch,valueusd,Calculated vs reported value differs by >10%
6304873985,Value Mismatch,valueusd,Calculated vs reported value differs by >10%
6304873984,Value Mismatch,valueusd,Calculated vs reported value differs by >10%
6304873983,Value Mismatch,valueusd,Calculated vs reported value differs by >10%
6304873982,Value Mismatch,valueusd,Calculated vs reported value differs by >10%
6304873981,Value Mismatch,valueusd,Calculated vs reported value differs by >10%
6304873980,Value Mismatch,valueusd,Calculated vs reported value differs by >10%
6304873979,Value Mismatch,valueusd,Calculated vs reported value differs by >10%
6304873978,Value Mismatch,valueusd,Calculated vs reported value differs by >10%
6304873977,Value Mismatch,valueusd,Calculated vs reported value differs by >10%
6304873976,Value Mismatch,valueusd,Calculated vs reported value differs by >10%
6304873975,Value Mismatch,valueusd,Calculated vs reported value differs by >10%
6304874006,Value Mismatch,valueusd,Calculated vs reported value differs by >10%
6304874002,Value Mismatch,valueusd,Calculated vs reported value differs by >10%
6304874001,Value Mismatch,valueusd,Calculated vs reported value differs by >10%
6304874000,Value Mismatch,valueusd,Calculated vs reported value differs by >10%
6304873987,Value Mismatch,valueusd,Calculated vs reported value differs by >10%
6304873974,Value Mismatch,valueusd,Calculated vs reported value differs by >10%
6304958010,Value Mismatch,valueusd,Calculated vs reported value differs by >10%
6304958009,Value Mismatch,valueusd,Calculated vs reported value differs by >10%
6304958008,Value Mismatch,valueusd,Calculated vs reported value differs by >10%
6304958007,Value Mismatch,valueusd,Calculated vs reported value differs by >10%
6304958005,Value Mismatch,valueusd,Calculated vs reported value differs by >10%
6304958635,Value Mismatch,valueusd,Calculated vs reported value differs by >10%
6304958006,Value Mismatch,valueusd,Calculated vs reported value differs by >10%
6304874017,Value Mismatch,valueusd,Calculated vs reported value differs by >10%
6304874016,Value Mismatch,valueusd,Calculated vs reported value differs by >10%
6303475898,Value Mismatch,valueusd,Calculated vs reported value differs by >10%
6305804042,Value Mismatch,valueusd,Calculated vs reported value differs by >10%
6305804041,Value Mismatch,valueusd,Calculated vs reported value differs by >10%
6304873964,Value Mismatch,valueusd,Calculated vs reported value differs by >10%
6304873963,Value Mismatch,valueusd,Calculated vs reported value differs by >10%
6304870595,Value Mismatch,valueusd,Calculated vs reported value differs by >10%
6305794389,Value Mismatch,valueusd,Calculated vs reported value differs by >10%
6305786284,Value Mismatch,valueusd,Calculated vs reported value differs by >10%
6303457434,Value Mismatch,valueusd,Calculated vs reported value differs by >10%
6303448615,Value Mismatch,valueusd,Calculated vs reported value differs by >10%
6303468351,Value Mismatch,valueusd,Calculated vs reported value differs by >10%
6303468349,Value Mismatch,valueusd,Calculated vs reported value differs by >10%
6303675943,Value Mismatch,valueusd,Calculated vs reported value differs by >10%
6303675942,Value Mismatch,valueusd,Calculated vs reported value differs by >10%
6303675941,Value Mismatch,valueusd,Calculated vs reported value differs by >10%
6303397655,Value Mismatch,valueusd,Calculated vs reported value differs by >10%
6303334123,Value Mismatch,valueusd,Calculated vs reported value differs by >10%
6302060661,Value Mismatch,valueusd,Calculated vs reported value differs by >10%
6302060660,Value Mismatch,valueusd,Calculated vs reported value differs by >10%
6302060659,Value Mismatch,valueusd,Calculated vs reported value differs by >10%
6302060658,Value Mismatch,valueusd,Calculated vs reported value differs by >10%
6302060657,Value Mismatch,valueusd,Calculated vs reported value differs by >10%
6302060656,Value Mismatch,valueusd,Calculated vs reported value differs by >10%
6302060650,Value Mismatch,valueusd,Calculated vs reported value differs by >10%
6302060649,Value Mismatch,valueusd,Calculated vs reported value differs by >10%
6302060648,Value Mismatch,valueusd,Calculated vs reported value differs by >10%
6302060647,Value Mismatch,valueusd,Calculated vs reported value differs by >10%
6302109061,Value Mismatch,valueusd,Calculated vs reported value differs by >10%
6302097013,Value Mismatch,valueusd,Calculated vs reported value differs by >10%
6302086310,Value Mismatch,valueusd,Calculated vs reported value differs by >10%
6302086309,Value Mismatch,valueusd,Calculated vs reported value differs by >10%
6302086308,Value Mismatch,valueusd,Calculated vs reported value differs by >10%
6302050379,Value Mismatch,valueusd,Calculated vs reported value differs by >10%
6302048562,Value Mismatch,valueusd,Calculated vs reported value differs by >10%
6302048561,Value Mismatch,valueusd,Calculated vs reported value differs by >10%
6302048559,Value Mismatch,valueusd,Calculated vs reported value differs by >10%
6302048118,Value Mismatch,valueusd,Calculated vs reported value differs by >10%
6303675946,Value Mismatch,valueusd,Calculated vs reported value differs by >10%
6302194954,Value Mismatch,valueusd,Calculated vs reported value differs by >10%
6302174262,Value Mismatch,valueusd,Calculated vs reported value differs by >10%
6301875101,Value Mismatch,valueusd,Calculated vs reported value differs by >10%
6301875100,Value Mismatch,valueusd,Calculated vs reported value differs by >10%
6301875099,Value Mismatch,valueusd,Calculated vs reported value differs by >10%
6301875098,Value Mismatch,valueusd,Calculated vs reported value differs by >10%
6301875097,Value Mismatch,valueusd,Calculated vs reported value differs by >10%
6301875096,Value Mismatch,valueusd,Calculated vs reported value differs by >10%
6301872410,Value Mismatch,valueusd,Calculated vs reported value differs by >10%
6301872409,Value Mismatch,valueusd,Calculated vs reported value differs by >10%
6301872408,Value Mismatch,valueusd,Calculated vs reported value differs by >10%
6302078018,Value Mismatch,valueusd,Calculated vs reported value differs by >10%
6302076160,Value Mismatch,valueusd,Calculated vs reported value differs by >10%
6302076159,Value Mismatch,valueusd,Calculated vs reported value differs by >10%
6301851668,Value Mismatch,valueusd,Calculated vs reported value differs by >10%
6301835856,Value Mismatch,valueusd,Calculated vs reported value differs by >10%
6303802220,Value Mismatch,valueusd,Calculated vs reported value differs by >10%
6305794390,Value Mismatch,valueusd,Calculated vs reported value differs by >10%
6302489299,Value Mismatch,valueusd,Calculated vs reported value differs by >10%
6302489298,Value Mismatch,valueusd,Calculated vs reported value differs by >10%
6302489297,Value Mismatch,valueusd,Calculated vs reported value differs by >10%
6302489296,Value Mismatch,valueusd,Calculated vs reported value differs by >10%
6302489295,Value Mismatch,valueusd,Calculated vs reported value differs by >10%
6302489294,Value Mismatch,valueusd,Calculated vs reported value differs by >10%
6304873743,Value Mismatch,valueusd,Calculated vs reported value differs by >10%
6303746986,Value Mismatch,valueusd,Calculated vs reported value differs by >10%
6305804044,Value Mismatch,valueusd,Calculated vs reported value differs by >10%
6305804001,Value Mismatch,valueusd,Calculated vs reported value differs by >10%
6305804000,Value Mismatch,valueusd,Calculated vs reported value differs by >10%
6305803999,Value Mismatch,valueusd,Calculated vs reported value differs by >10%
6305803998,Value Mismatch,valueusd,Calculated vs reported value differs by >10%
6305803997,Value Mismatch,valueusd,Calculated vs reported value differs by >10%
6305803996,Value Mismatch,valueusd,Calculated vs reported value differs by >10%
6305803995,Value Mismatch,valueusd,Calculated vs reported value differs by >10%
6305803994,Value Mismatch,valueusd,Calculated vs reported value differs by >10%
6305803993,Value Mismatch,valueusd,Calculated vs reported value differs by >10%
6304870725,Value Mismatch,valueusd,Calculated vs reported value differs by >10%
6305794368,Value Mismatch,valueusd,Calculated vs reported value differs by >10%
6302507321,Value Mismatch,valueusd,Calculated vs reported value differs by >10%
6305804045,Value Mismatch,valueusd,Calculated vs reported value differs by >10%
6302537623,Value Mismatch,valueusd,Calculated vs reported value differs by >10%
6305804020,Value Mismatch,valueusd,Calculated vs reported value differs by >10%
6305804019,Value Mismatch,valueusd,Calculated vs reported value differs by >10%
6302289299,Value Mismatch,valueusd,Calculated vs reported value differs by >10%
6302289298,Value Mismatch,valueusd,Calculated vs reported value differs by >10%
6305803962,Value Mismatch,valueusd,Calculated vs reported value differs by >10%
6302081076,Value Mismatch,valueusd,Calculated vs reported value differs by >10%
6302034631,Value Mismatch,valueusd,Calculated vs reported value differs by >10%
6302125624,Value Mismatch,valueusd,Calculated vs reported value differs by >10%
6302507326,Value Mismatch,valueusd,Calculated vs reported value differs by >10%
6302507325,Value Mismatch,valueusd,Calculated vs reported value differs by >10%
6302507324,Value Mismatch,valueusd,Calculated vs reported value differs by >10%
6302507323,Value Mismatch,valueusd,Calculated vs reported value differs by >10%
6305804018,Value Mismatch,valueusd,Calculated vs reported value differs by >10%
6305804043,Value Mismatch,valueusd,Calculated vs reported value differs by >10%
6302050388,Value Mismatch,valueusd,Calculated vs reported value differs by >10%
6301872414,Value Mismatch,valueusd,Calculated vs reported value differs by >10%
6301872413,Value Mismatch,valueusd,Calculated vs reported value differs by >10%
6301872412,Value Mismatch,valueusd,Calculated vs reported value differs by >10%
6301872411,Value Mismatch,valueusd,Calculated vs reported value differs by >10%
6302061803,Value Mismatch,valueusd,Calculated vs reported value differs by >10%
6302050381,Value Mismatch,valueusd,Calculated vs reported value differs by >10%
6302090576,Value Mismatch,valueusd,Calculated vs reported value differs by >10%
6302056394,Value Mismatch,valueusd,Calculated vs reported value differs by >10%
6302050391,Value Mismatch,valueusd,Calculated vs reported value differs by >10%
6302050389,Value Mismatch,valueusd,Calculated vs reported value differs by >10%
6302050387,Value Mismatch,valueusd,Calculated vs reported value differs by >10%
6302050386,Value Mismatch,valueusd,Calculated vs reported value differs by >10%
6302050385,Value Mismatch,valueusd,Calculated vs reported value differs by >10%
6302050384,Value Mismatch,valueusd,Calculated vs reported value differs by >10%
6302050383,Value Mismatch,valueusd,Calculated vs reported value differs by >10%
6302050382,Value Mismatch,valueusd,Calculated vs reported value differs by >10%
6302050380,Value Mismatch,valueusd,Calculated vs reported value differs by >10%
6302050378,Value Mismatch,valueusd,Calculated vs reported value differs by >10%
6302050377,Value Mismatch,valueusd,Calculated vs reported value differs by >10%
6302048560,Value Mismatch,valueusd,Calculated vs reported value differs by >10%
6302174260,Value Mismatch,valueusd,Calculated vs reported value differs by >10%
6302174259,Value Mismatch,valueusd,Calculated vs reported value differs by >10%
6301875102,Value Mismatch,valueusd,Calculated vs reported value differs by >10%
6302271614,Value Mismatch,valueusd,Calculated vs reported value differs by >10%
6302067871,Value Mismatch,valueusd,Calculated vs reported value differs by >10%
6301835854,Value Mismatch,valueusd,Calculated vs reported value differs by >10%
6305810489,Value Mismatch,valueusd,Calculated vs reported value differs by >10%
6305901666,Value Mismatch,valueusd,Calculated vs reported value differs by >10%
6305794386,Value Mismatch,valueusd,Calculated vs reported value differs by >10%
6305804013,Value Mismatch,valueusd,Calculated vs reported value differs by >10%
6305794327,Value Mismatch,valueusd,Calculated vs reported value differs by >10%
6305803957,Value Mismatch,valueusd,Calculated vs reported value differs by >10%
6303423506,Value Mismatch,valueusd,Calculated vs reported value differs by >10%
6303456962,Value Mismatch,valueusd,Calculated vs reported value differs by >10%
6303448616,Value Mismatch,valueusd,Calculated vs reported value differs by >10%
6303662288,Value Mismatch,valueusd,Calculated vs reported value differs by >10%
6303603681,Value Mismatch,valueusd,Calculated vs reported value differs by >10%
6303597452,Value Mismatch,valueusd,Calculated vs reported value differs by >10%
6303597451,Value Mismatch,valueusd,Calculated vs reported value differs by >10%
6303319131,Value Mismatch,valueusd,Calculated vs reported value differs by >10%
6303319130,Value Mismatch,valueusd,Calculated vs reported value differs by >10%
6303311336,Value Mismatch,valueusd,Calculated vs reported value differs by >10%
6303311335,Value Mismatch,valueusd,Calculated vs reported value differs by >10%
6303652214,Value Mismatch,valueusd,Calculated vs reported value differs by >10%
6303629214,Value Mismatch,valueusd,Calculated vs reported value differs by >10%
6303629213,Value Mismatch,valueusd,Calculated vs reported value differs by >10%
6303628925,Value Mismatch,valueusd,Calculated vs reported value differs by >10%
6303628743,Value Mismatch,valueusd,Calculated vs reported value differs by >10%
6303635718,Value Mismatch,valueusd,Calculated vs reported value differs by >10%
6303635717,Value Mismatch,valueusd,Calculated vs reported value differs by >10%
6303294776,Value Mismatch,valueusd,Calculated vs reported value differs by >10%
6303779932,Value Mismatch,valueusd,Calculated vs reported value differs by >10%
6303334121,Value Mismatch,valueusd,Calculated vs reported value differs by >10%
6303549823,Value Mismatch,valueusd,Calculated vs reported value differs by >10%
6303548578,Value Mismatch,valueusd,Calculated vs reported value differs by >10%
6303544388,Value Mismatch,valueusd,Calculated vs reported value differs by >10%
6303541271,Value Mismatch,valueusd,Calculated vs reported value differs by >10%
6303728123,Value Mismatch,valueusd,Calculated vs reported value differs by >10%
6303722030,Value Mismatch,valueusd,Calculated vs reported value differs by >10%
6303468350,Value Mismatch,valueusd,Calculated vs reported value differs by >10%
6303675945,Value Mismatch,valueusd,Calculated vs reported value differs by >10%
6305803978,Value Mismatch,valueusd,Calculated vs reported value differs by >10%
6304870594,Value Mismatch,valueusd,Calculated vs reported value differs by >10%
6304870593,Value Mismatch,valueusd,Calculated vs reported value differs by >10%
6304870592,Value Mismatch,valueusd,Calculated vs reported value differs by >10%
6304870591,Value Mismatch,valueusd,Calculated vs reported value differs by >10%
6303559219,Value Mismatch,valueusd,Calculated vs reported value differs by >10%
6305803959,Value Mismatch,valueusd,Calculated vs reported value differs by >10%
6305803958,Value Mismatch,valueusd,Calculated vs reported value differs by >10%
6305803992,Value Mismatch,valueusd,Calculated vs reported value differs by >10%
6305803991,Value Mismatch,valueusd,Calculated vs reported value differs by >10%
6305803990,Value Mismatch,valueusd,Calculated vs reported value differs by >10%
6302507330,Value Mismatch,valueusd,Calculated vs reported value differs by >10%
6302507328,Value Mismatch,valueusd,Calculated vs reported value differs by >10%
6302507349,Value Mismatch,valueusd,Calculated vs reported value differs by >10%
6302507348,Value Mismatch,valueusd,Calculated vs reported value differs by >10%
6305804164,Value Mismatch,valueusd,Calculated vs reported value differs by >10%
6305804038,Value Mismatch,valueusd,Calculated vs reported value differs by >10%
6305803956,Value Mismatch,valueusd,Calculated vs reported value differs by >10%
6302507332,Value Mismatch,valueusd,Calculated vs reported value differs by >10%
6302507331,Value Mismatch,valueusd,Calculated vs reported value differs by >10%
6305803963,Value Mismatch,valueusd,Calculated vs reported value differs by >10%
6305803977,Value Mismatch,valueusd,Calculated vs reported value differs by >10%
6305804039,Value Mismatch,valueusd,Calculated vs reported value differs by >10%
6304867413,Value Mismatch,valueusd,Calculated vs reported value differs by >10%
6305794372,Value Mismatch,valueusd,Calculated vs reported value differs by >10%
6302098376,Value Mismatch,valueusd,Calculated vs reported value differs by >10%
6304873962,Value Mismatch,valueusd,Calculated vs reported value differs by >10%
6302509203,Value Mismatch,valueusd,Calculated vs reported value differs by >10%
6302509202,Value Mismatch,valueusd,Calculated vs reported value differs by >10%
6302507327,Value Mismatch,valueusd,Calculated vs reported value differs by >10%
6302507329,Value Mismatch,valueusd,Calculated vs reported value differs by >10%
6302507318,Value Mismatch,valueusd,Calculated vs reported value differs by >10%
6305803964,Value Mismatch,valueusd,Calculated vs reported value differs by >10%
6305804029,Value Mismatch,valueusd,Calculated vs reported value differs by >10%
6303483651,Value Mismatch,valueusd,Calculated vs reported value differs by >10%
6303483650,Value Mismatch,valueusd,Calculated vs reported value differs by >10%
6303483649,Value Mismatch,valueusd,Calculated vs reported value differs by >10%
6304232134,Value Mismatch,valueusd,Calculated vs reported value differs by >10%
6304232133,Value Mismatch,valueusd,Calculated vs reported value differs by >10%
6304232132,Value Mismatch,valueusd,Calculated vs reported value differs by >10%
1807909453,Value Mismatch,valueusd,Calculated vs reported value differs by >10%
6304505595,Value Mismatch,valueusd,Calculated vs reported value differs by >10%
6302378303,Value Mismatch,valueusd,Calculated vs reported value differs by >10%
6302831380,Value Mismatch,valueusd,Calculated vs reported value differs by >10%
6302831375,Value Mismatch,valueusd,Calculated vs reported value differs by >10%
6302831386,Value Mismatch,valueusd,Calculated vs reported value differs by >10%
6302831384,Value Mismatch,valueusd,Calculated vs reported value differs by >10%
6302831383,Value Mismatch,valueusd,Calculated vs reported value differs by >10%
6302831376,Value Mismatch,valueusd,Calculated vs reported value differs by >10%
6302831389,Value Mismatch,valueusd,Calculated vs reported value differs by >10%
6302831387,Value Mismatch,valueusd,Calculated vs reported value differs by >10%
6302831382,Value Mismatch,valueusd,Calculated vs reported value differs by >10%
6302831381,Value Mismatch,valueusd,Calculated vs reported value differs by >10%
6302831374,Value Mismatch,valueusd,Calculated vs reported value differs by >10%
6302831372,Value Mismatch,valueusd,Calculated vs reported value differs by >10%
6302831371,Value Mismatch,valueusd,Calculated vs reported value differs by >10%
6302831370,Value Mismatch,valueusd,Calculated vs reported value differs by >10%
6304241544,Value Mismatch,valueusd,Calculated vs reported value differs by >10%
6302364242,Value Mismatch,valueusd,Calculated vs reported value differs by >10%
6302364240,Value Mismatch,valueusd,Calculated vs reported value differs by >10%
6302364230,Value Mismatch,valueusd,Calculated vs reported value differs by >10%
6302364228,Value Mismatch,valueusd,Calculated vs reported value differs by >10%
6302364226,Value Mismatch,valueusd,Calculated vs reported value differs by >10%
6302364224,Value Mismatch,valueusd,Calculated vs reported value differs by >10%
6305369072,Value Mismatch,valueusd,Calculated vs reported value differs by >10%
6305367940,Value Mismatch,valueusd,Calculated vs reported value differs by >10%
6305367939,Value Mismatch,valueusd,Calculated vs reported value differs by >10%
6301481662,Value Mismatch,valueusd,Calculated vs reported value differs by >10%
6305608313,Value Mismatch,valueusd,Calculated vs reported value differs by >10%
6305375911,Value Mismatch,valueusd,Calculated vs reported value differs by >10%
6305375910,Value Mismatch,valueusd,Calculated vs reported value differs by >10%
6305375909,Value Mismatch,valueusd,Calculated vs reported value differs by >10%
6305600509,Value Mismatch,valueusd,Calculated vs reported value differs by >10%
6305672875,Value Mismatch,valueusd,Calculated vs reported value differs by >10%
6305413417,Value Mismatch,valueusd,Calculated vs reported value differs by >10%
6305344720,Value Mismatch,valueusd,Calculated vs reported value differs by >10%
6305344719,Value Mismatch,valueusd,Calculated vs reported value differs by >10%
6305366478,Value Mismatch,valueusd,Calculated vs reported value differs by >10%
6305366477,Value Mismatch,valueusd,Calculated vs reported value differs by >10%
6305366476,Value Mismatch,valueusd,Calculated vs reported value differs by >10%
6305366475,Value Mismatch,valueusd,Calculated vs reported value differs by >10%
6304505604,Value Mismatch,valueusd,Calculated vs reported value differs by >10%
6304232301,Value Mismatch,valueusd,Calculated vs reported value differs by >10%
6302374109,Value Mismatch,valueusd,Calculated vs reported value differs by >10%
6302374108,Value Mismatch,valueusd,Calculated vs reported value differs by >10%
6302374101,Value Mismatch,valueusd,Calculated vs reported value differs by >10%
6302374100,Value Mismatch,valueusd,Calculated vs reported value differs by >10%
6302374105,Value Mismatch,valueusd,Calculated vs reported value differs by >10%
6302374102,Value Mismatch,valueusd,Calculated vs reported value differs by >10%
6302374104,Value Mismatch,valueusd,Calculated vs reported value differs by >10%
6302374103,Value Mismatch,valueusd,Calculated vs reported value differs by >10%
6305366386,Value Mismatch,valueusd,Calculated vs reported value differs by >10%
6305366385,Value Mismatch,valueusd,Calculated vs reported value differs by >10%
6305367937,Value Mismatch,valueusd,Calculated vs reported value differs by >10%
6305367936,Value Mismatch,valueusd,Calculated vs reported value differs by >10%
6301208366,Value Mismatch,valueusd,Calculated vs reported value differs by >10%
6305366587,Value Mismatch,valueusd,Calculated vs reported value differs by >10%
6305366586,Value Mismatch,valueusd,Calculated vs reported value differs by >10%
6305366585,Value Mismatch,valueusd,Calculated vs reported value differs by >10%
6305366584,Value Mismatch,valueusd,Calculated vs reported value differs by >10%
6305366583,Value Mismatch,valueusd,Calculated vs reported value differs by >10%
6305366582,Value Mismatch,valueusd,Calculated vs reported value differs by >10%
6305366581,Value Mismatch,valueusd,Calculated vs reported value differs by >10%
6305366580,Value Mismatch,valueusd,Calculated vs reported value differs by >10%
6305366579,Value Mismatch,valueusd,Calculated vs reported value differs by >10%
6305366578,Value Mismatch,valueusd,Calculated vs reported value differs by >10%
6305366577,Value Mismatch,valueusd,Calculated vs reported value differs by >10%
6305366576,Value Mismatch,valueusd,Calculated vs reported value differs by >10%
6305366575,Value Mismatch,valueusd,Calculated vs reported value differs by >10%
6305366574,Value Mismatch,valueusd,Calculated vs reported value differs by >10%
6305366573,Value Mismatch,valueusd,Calculated vs reported value differs by >10%
6305366572,Value Mismatch,valueusd,Calculated vs reported value differs by >10%
6305366571,Value Mismatch,valueusd,Calculated vs reported value differs by >10%
6305366570,Value Mismatch,valueusd,Calculated vs reported value differs by >10%
6305366569,Value Mismatch,valueusd,Calculated vs reported value differs by >10%
6305366568,Value Mismatch,valueusd,Calculated vs reported value differs by >10%
6305366567,Value Mismatch,valueusd,Calculated vs reported value differs by >10%
6305366566,Value Mismatch,valueusd,Calculated vs reported value differs by >10%
6305366565,Value Mismatch,valueusd,Calculated vs reported value differs by >10%
6305366564,Value Mismatch,valueusd,Calculated vs reported value differs by >10%
6305366563,Value Mismatch,valueusd,Calculated vs reported value differs by >10%
6305366562,Value Mismatch,valueusd,Calculated vs reported value differs by >10%
6305366561,Value Mismatch,valueusd,Calculated vs reported value differs by >10%
6305366560,Value Mismatch,valueusd,Calculated vs reported value differs by >10%
6304494998,Value Mismatch,valueusd,Calculated vs reported value differs by >10%
6304494997,Value Mismatch,valueusd,Calculated vs reported value differs by >10%
6305367960,Value Mismatch,valueusd,Calculated vs reported value differs by >10%
6305367959,Value Mismatch,valueusd,Calculated vs reported value differs by >10%
6305367958,Value Mismatch,valueusd,Calculated vs reported value differs by >10%
6305367957,Value Mismatch,valueusd,Calculated vs reported value differs by >10%
6302374107,Value Mismatch,valueusd,Calculated vs reported value differs by >10%
6302374106,Value Mismatch,valueusd,Calculated vs reported value differs by >10%
6302374095,Value Mismatch,valueusd,Calculated vs reported value differs by >10%
6302374094,Value Mismatch,valueusd,Calculated vs reported value differs by >10%
6304232300,Value Mismatch,valueusd,Calculated vs reported value differs by >10%
6304232302,Value Mismatch,valueusd,Calculated vs reported value differs by >10%
6302906016,Value Mismatch,valueusd,Calculated vs reported value differs by >10%
6302993863,Value Mismatch,valueusd,Calculated vs reported value differs by >10%
6302885238,Value Mismatch,valueusd,Calculated vs reported value differs by >10%
6302878344,Value Mismatch,valueusd,Calculated vs reported value differs by >10%
6302899297,Value Mismatch,valueusd,Calculated vs reported value differs by >10%
6302899296,Value Mismatch,valueusd,Calculated vs reported value differs by >10%
6302766938,Value Mismatch,valueusd,Calculated vs reported value differs by >10%
6302766937,Value Mismatch,valueusd,Calculated vs reported value differs by >10%
6305367944,Value Mismatch,valueusd,Calculated vs reported value differs by >10%
6301284400,Value Mismatch,valueusd,Calculated vs reported value differs by >10%
6301284399,Value Mismatch,valueusd,Calculated vs reported value differs by >10%
6301284398,Value Mismatch,valueusd,Calculated vs reported value differs by >10%
6301284397,Value Mismatch,valueusd,Calculated vs reported value differs by >10%
6301284396,Value Mismatch,valueusd,Calculated vs reported value differs by >10%
6301284395,Value Mismatch,valueusd,Calculated vs reported value differs by >10%
6301284394,Value Mismatch,valueusd,Calculated vs reported value differs by >10%
6301284393,Value Mismatch,valueusd,Calculated vs reported value differs by >10%
6301284392,Value Mismatch,valueusd,Calculated vs reported value differs by >10%
6301284391,Value Mismatch,valueusd,Calculated vs reported value differs by >10%
6301284390,Value Mismatch,valueusd,Calculated vs reported value differs by >10%
6301284389,Value Mismatch,valueusd,Calculated vs reported value differs by >10%
6302897388,Value Mismatch,valueusd,Calculated vs reported value differs by >10%
6304314136,Value Mismatch,valueusd,Calculated vs reported value differs by >10%
6304444150,Value Mismatch,valueusd,Calculated vs reported value differs by >10%
6304444149,Value Mismatch,valueusd,Calculated vs reported value differs by >10%
6304429006,Value Mismatch,valueusd,Calculated vs reported value differs by >10%
6304429005,Value Mismatch,valueusd,Calculated vs reported value differs by >10%
6304314142,Value Mismatch,valueusd,Calculated vs reported value differs by >10%
6304314140,Value Mismatch,valueusd,Calculated vs reported value differs by >10%
6304314139,Value Mismatch,valueusd,Calculated vs reported value differs by >10%
6304314131,Value Mismatch,valueusd,Calculated vs reported value differs by >10%
6304314128,Value Mismatch,valueusd,Calculated vs reported value differs by >10%
6304314126,Value Mismatch,valueusd,Calculated vs reported value differs by >10%
6304314117,Value Mismatch,valueusd,Calculated vs reported value differs by >10%
6304314115,Value Mismatch,valueusd,Calculated vs reported value differs by >10%
6304314113,Value Mismatch,valueusd,Calculated vs reported value differs by >10%
6304314109,Value Mismatch,valueusd,Calculated vs reported value differs by >10%
6304314108,Value Mismatch,valueusd,Calculated vs reported value differs by >10%
6304314101,Value Mismatch,valueusd,Calculated vs reported value differs by >10%
6304314141,Value Mismatch,valueusd,Calculated vs reported value differs by >10%
6304314138,Value Mismatch,valueusd,Calculated vs reported value differs by >10%
6304314137,Value Mismatch,valueusd,Calculated vs reported value differs by >10%
6304314135,Value Mismatch,valueusd,Calculated vs reported value differs by >10%
6304314134,Value Mismatch,valueusd,Calculated vs reported value differs by >10%
6304314133,Value Mismatch,valueusd,Calculated vs reported value differs by >10%
6304314132,Value Mismatch,valueusd,Calculated vs reported value differs by >10%
6304314130,Value Mismatch,valueusd,Calculated vs reported value differs by >10%
6304314129,Value Mismatch,valueusd,Calculated vs reported value differs by >10%
6304314125,Value Mismatch,valueusd,Calculated vs reported value differs by >10%
6304314122,Value Mismatch,valueusd,Calculated vs reported value differs by >10%
6304314121,Value Mismatch,valueusd,Calculated vs reported value differs by >10%
6304314118,Value Mismatch,valueusd,Calculated vs reported value differs by >10%
6304314116,Value Mismatch,valueusd,Calculated vs reported value differs by >10%
6304314114,Value Mismatch,valueusd,Calculated vs reported value differs by >10%
6304314111,Value Mismatch,valueusd,Calculated vs reported value differs by >10%
6304314107,Value Mismatch,valueusd,Calculated vs reported value differs by >10%
6304314106,Value Mismatch,valueusd,Calculated vs reported value differs by >10%
6304314104,Value Mismatch,valueusd,Calculated vs reported value differs by >10%
6304314102,Value Mismatch,valueusd,Calculated vs reported value differs by >10%
6304314100,Value Mismatch,valueusd,Calculated vs reported value differs by >10%
6304314099,Value Mismatch,valueusd,Calculated vs reported value differs by >10%
6304314098,Value Mismatch,valueusd,Calculated vs reported value differs by >10%
6304314097,Value Mismatch,valueusd,Calculated vs reported value differs by >10%
6304314096,Value Mismatch,valueusd,Calculated vs reported value differs by >10%
6304334473,Value Mismatch,valueusd,Calculated vs reported value differs by >10%
6304334472,Value Mismatch,valueusd,Calculated vs reported value differs by >10%
6304505850,Value Mismatch,valueusd,Calculated vs reported value differs by >10%
6304505849,Value Mismatch,valueusd,Calculated vs reported value differs by >10%
6304317972,Value Mismatch,valueusd,Calculated vs reported value differs by >10%
6304317968,Value Mismatch,valueusd,Calculated vs reported value differs by >10%
6304317971,Value Mismatch,valueusd,Calculated vs reported value differs by >10%
6304317970,Value Mismatch,valueusd,Calculated vs reported value differs by >10%
6304317969,Value Mismatch,valueusd,Calculated vs reported value differs by >10%
6304317967,Value Mismatch,valueusd,Calculated vs reported value differs by >10%
6304590175,Value Mismatch,valueusd,Calculated vs reported value differs by >10%
6305367938,Value Mismatch,valueusd,Calculated vs reported value differs by >10%
6302821061,Value Mismatch,valueusd,Calculated vs reported value differs by >10%
6302821055,Value Mismatch,valueusd,Calculated vs reported value differs by >10%
6302839001,Value Mismatch,valueusd,Calculated vs reported value differs by >10%
6304483788,Value Mismatch,valueusd,Calculated vs reported value differs by >10%
6304483787,Value Mismatch,valueusd,Calculated vs reported value differs by >10%
6302364203,Value Mismatch,valueusd,Calculated vs reported value differs by >10%
6302364201,Value Mismatch,valueusd,Calculated vs reported value differs by >10%
6304232292,Value Mismatch,valueusd,Calculated vs reported value differs by >10%
6304232291,Value Mismatch,valueusd,Calculated vs reported value differs by >10%
6304514683,Value Mismatch,valueusd,Calculated vs reported value differs by >10%
6302839006,Value Mismatch,valueusd,Calculated vs reported value differs by >10%
6302896127,Value Mismatch,valueusd,Calculated vs reported value differs by >10%
6302893526,Value Mismatch,valueusd,Calculated vs reported value differs by >10%
6302830676,Value Mismatch,valueusd,Calculated vs reported value differs by >10%
6302830677,Value Mismatch,valueusd,Calculated vs reported value differs by >10%
6302767221,Value Mismatch,valueusd,Calculated vs reported value differs by >10%
6302705628,Value Mismatch,valueusd,Calculated vs reported value differs by >10%
6303077283,Value Mismatch,valueusd,Calculated vs reported value differs by >10%
6303077284,Value Mismatch,valueusd,Calculated vs reported value differs by >10%
6302769076,Value Mismatch,valueusd,Calculated vs reported value differs by >10%
6303069994,Value Mismatch,valueusd,Calculated vs reported value differs by >10%
6303069989,Value Mismatch,valueusd,Calculated vs reported value differs by >10%
6303069988,Value Mismatch,valueusd,Calculated vs reported value differs by >10%
6303069998,Value Mismatch,valueusd,Calculated vs reported value differs by >10%
6303069997,Value Mismatch,valueusd,Calculated vs reported value differs by >10%
6303069996,Value Mismatch,valueusd,Calculated vs reported value differs by >10%
6303069995,Value Mismatch,valueusd,Calculated vs reported value differs by >10%
6303069993,Value Mismatch,valueusd,Calculated vs reported value differs by >10%
6303069992,Value Mismatch,valueusd,Calculated vs reported value differs by >10%
6303069991,Value Mismatch,valueusd,Calculated vs reported value differs by >10%
6303069990,Value Mismatch,valueusd,Calculated vs reported value differs by >10%
6302810225,Value Mismatch,valueusd,Calculated vs reported value differs by >10%
6302810224,Value Mismatch,valueusd,Calculated vs reported value differs by >10%
6302767609,Value Mismatch,valueusd,Calculated vs reported value differs by >10%
6305367943,Value Mismatch,valueusd,Calculated vs reported value differs by >10%
6305367942,Value Mismatch,valueusd,Calculated vs reported value differs by >10%
6301495553,Value Mismatch,valueusd,Calculated vs reported value differs by >10%
6301183596,Value Mismatch,valueusd,Calculated vs reported value differs by >10%
6305366387,Value Mismatch,valueusd,Calculated vs reported value differs by >10%
6301289018,Value Mismatch,valueusd,Calculated vs reported value differs by >10%
6301289017,Value Mismatch,valueusd,Calculated vs reported value differs by >10%
6305366388,Value Mismatch,valueusd,Calculated vs reported value differs by >10%
6301495552,Value Mismatch,valueusd,Calculated vs reported value differs by >10%
6301246610,Value Mismatch,valueusd,Calculated vs reported value differs by >10%
6301468472,Value Mismatch,valueusd,Calculated vs reported value differs by >10%
6301468471,Value Mismatch,valueusd,Calculated vs reported value differs by >10%
6301468470,Value Mismatch,valueusd,Calculated vs reported value differs by >10%
6301505126,Value Mismatch,valueusd,Calculated vs reported value differs by >10%
6301505125,Value Mismatch,valueusd,Calculated vs reported value differs by >10%
6301505124,Value Mismatch,valueusd,Calculated vs reported value differs by >10%
6301505123,Value Mismatch,valueusd,Calculated vs reported value differs by >10%
6301276054,Value Mismatch,valueusd,Calculated vs reported value differs by >10%
6301068118,Value Mismatch,valueusd,Calculated vs reported value differs by >10%
6301012495,Value Mismatch,valueusd,Calculated vs reported value differs by >10%
6301012494,Value Mismatch,valueusd,Calculated vs reported value differs by >10%
6301012493,Value Mismatch,valueusd,Calculated vs reported value differs by >10%
6301775669,Value Mismatch,valueusd,Calculated vs reported value differs by >10%
6301056585,Value Mismatch,valueusd,Calculated vs reported value differs by >10%
6301056582,Value Mismatch,valueusd,Calculated vs reported value differs by >10%
6301056580,Value Mismatch,valueusd,Calculated vs reported value differs by >10%
6301286507,Value Mismatch,valueusd,Calculated vs reported value differs by >10%
6301486111,Value Mismatch,valueusd,Calculated vs reported value differs by >10%
6301486110,Value Mismatch,valueusd,Calculated vs reported value differs by >10%
6301112052,Value Mismatch,valueusd,Calculated vs reported value differs by >10%
6301386246,Value Mismatch,valueusd,Calculated vs reported value differs by >10%
6301381570,Value Mismatch,valueusd,Calculated vs reported value differs by >10%
6301251656,Value Mismatch,valueusd,Calculated vs reported value differs by >10%
6301249780,Value Mismatch,valueusd,Calculated vs reported value differs by >10%
6301468473,Value Mismatch,valueusd,Calculated vs reported value differs by >10%
6301740627,Value Mismatch,valueusd,Calculated vs reported value differs by >10%
6301734191,Value Mismatch,valueusd,Calculated vs reported value differs by >10%
6301743389,Value Mismatch,valueusd,Calculated vs reported value differs by >10%
6301728240,Value Mismatch,valueusd,Calculated vs reported value differs by >10%
6301237147,Value Mismatch,valueusd,Calculated vs reported value differs by >10%
6301068115,Value Mismatch,valueusd,Calculated vs reported value differs by >10%
6301013323,Value Mismatch,valueusd,Calculated vs reported value differs by >10%
6301309124,Value Mismatch,valueusd,Calculated vs reported value differs by >10%
6301289486,Value Mismatch,valueusd,Calculated vs reported value differs by >10%
6301289019,Value Mismatch,valueusd,Calculated vs reported value differs by >10%
6305367941,Value Mismatch,valueusd,Calculated vs reported value differs by >10%
6304491532,Value Mismatch,valueusd,Calculated vs reported value differs by >10%
6304491531,Value Mismatch,valueusd,Calculated vs reported value differs by >10%
6304491530,Value Mismatch,valueusd,Calculated vs reported value differs by >10%
6304491529,Value Mismatch,valueusd,Calculated vs reported value differs by >10%
6304491527,Value Mismatch,valueusd,Calculated vs reported value differs by >10%
6305367946,Value Mismatch,valueusd,Calculated vs reported value differs by >10%
6304232295,Value Mismatch,valueusd,Calculated vs reported value differs by >10%
6304232293,Value Mismatch,valueusd,Calculated vs reported value differs by >10%
6304488350,Value Mismatch,valueusd,Calculated vs reported value differs by >10%
6304488349,Value Mismatch,valueusd,Calculated vs reported value differs by >10%
6302364199,Value Mismatch,valueusd,Calculated vs reported value differs by >10%
6305367945,Value Mismatch,valueusd,Calculated vs reported value differs by >10%
6302364222,Value Mismatch,valueusd,Calculated vs reported value differs by >10%
6302364220,Value Mismatch,valueusd,Calculated vs reported value differs by >10%
6302364218,Value Mismatch,valueusd,Calculated vs reported value differs by >10%
6302364216,Value Mismatch,valueusd,Calculated vs reported value differs by >10%
6302364214,Value Mismatch,valueusd,Calculated vs reported value differs by >10%
6302364212,Value Mismatch,valueusd,Calculated vs reported value differs by >10%
6302364210,Value Mismatch,valueusd,Calculated vs reported value differs by >10%
6302364208,Value Mismatch,valueusd,Calculated vs reported value differs by >10%
6302364207,Value Mismatch,valueusd,Calculated vs reported value differs by >10%
6302364205,Value Mismatch,valueusd,Calculated vs reported value differs by >10%
6305367949,Value Mismatch,valueusd,Calculated vs reported value differs by >10%
6304505596,Value Mismatch,valueusd,Calculated vs reported value differs by >10%
6305366389,Value Mismatch,valueusd,Calculated vs reported value differs by >10%
6302374096,Value Mismatch,valueusd,Calculated vs reported value differs by >10%
6302374093,Value Mismatch,valueusd,Calculated vs reported value differs by >10%
6302374099,Value Mismatch,valueusd,Calculated vs reported value differs by >10%
6302391573,Value Mismatch,valueusd,Calculated vs reported value differs by >10%
650717073,Value Mismatch,valueusd,Calculated vs reported value differs by >10%
652864975,Value Mismatch,valueusd,Calculated vs reported value differs by >10%
650717078,Value Mismatch,valueusd,Calculated vs reported value differs by >10%
650717077,Value Mismatch,valueusd,Calculated vs reported value differs by >10%
650704097,Value Mismatch,valueusd,Calculated vs reported value differs by >10%
650704096,Value Mismatch,valueusd,Calculated vs reported value differs by >10%
650672328,Value Mismatch,valueusd,Calculated vs reported value differs by >10%
653838253,Value Mismatch,valueusd,Calculated vs reported value differs by >10%
653838200,Value Mismatch,valueusd,Calculated vs reported value differs by >10%
652864979,Value Mismatch,valueusd,Calculated vs reported value differs by >10%
652864978,Value Mismatch,valueusd,Calculated vs reported value differs by >10%
652864977,Value Mismatch,valueusd,Calculated vs reported value differs by >10%
652864976,Value Mismatch,valueusd,Calculated vs reported value differs by >10%
650696398,Value Mismatch,valueusd,Calculated vs reported value differs by >10%
652868670,Value Mismatch,valueusd,Calculated vs reported value differs by >10%
652868669,Value Mismatch,valueusd,Calculated vs reported value differs by >10%
652868668,Value Mismatch,valueusd,Calculated vs reported value differs by >10%
652868667,Value Mismatch,valueusd,Calculated vs reported value differs by >10%
652868666,Value Mismatch,valueusd,Calculated vs reported value differs by >10%
652868665,Value Mismatch,valueusd,Calculated vs reported value differs by >10%
652868664,Value Mismatch,valueusd,Calculated vs reported value differs by >10%
652868663,Value Mismatch,valueusd,Calculated vs reported value differs by >10%
652868662,Value Mismatch,valueusd,Calculated vs reported value differs by >10%
652868661,Value Mismatch,valueusd,Calculated vs reported value differs by >10%
652868660,Value Mismatch,valueusd,Calculated vs reported value differs by >10%
652868659,Value Mismatch,valueusd,Calculated vs reported value differs by >10%
652868658,Value Mismatch,valueusd,Calculated vs reported value differs by >10%
652868657,Value Mismatch,valueusd,Calculated vs reported value differs by >10%
652868656,Value Mismatch,valueusd,Calculated vs reported value differs by >10%
652868655,Value Mismatch,valueusd,Calculated vs reported value differs by >10%
652868654,Value Mismatch,valueusd,Calculated vs reported value differs by >10%
652868653,Value Mismatch,valueusd,Calculated vs reported value differs by >10%
652868652,Value Mismatch,valueusd,Calculated vs reported value differs by >10%
652868651,Value Mismatch,valueusd,Calculated vs reported value differs by >10%
652868650,Value Mismatch,valueusd,Calculated vs reported value differs by >10%
652868649,Value Mismatch,valueusd,Calculated vs reported value differs by >10%
652868648,Value Mismatch,valueusd,Calculated vs reported value differs by >10%
652868205,Value Mismatch,valueusd,Calculated vs reported value differs by >10%
652868204,Value Mismatch,valueusd,Calculated vs reported value differs by >10%
652868203,Value Mismatch,valueusd,Calculated vs reported value differs by >10%
652868202,Value Mismatch,valueusd,Calculated vs reported value differs by >10%
652868201,Value Mismatch,valueusd,Calculated vs reported value differs by >10%
652868200,Value Mismatch,valueusd,Calculated vs reported value differs by >10%
652868199,Value Mismatch,valueusd,Calculated vs reported value differs by >10%
652868198,Value Mismatch,valueusd,Calculated vs reported value differs by >10%
652868197,Value Mismatch,valueusd,Calculated vs reported value differs by >10%
652868196,Value Mismatch,valueusd,Calculated vs reported value differs by >10%
652868195,Value Mismatch,valueusd,Calculated vs reported value differs by >10%
652868194,Value Mismatch,valueusd,Calculated vs reported value differs by >10%
652868193,Value Mismatch,valueusd,Calculated vs reported value differs by >10%
652868192,Value Mismatch,valueusd,Calculated vs reported value differs by >10%
652868191,Value Mismatch,valueusd,Calculated vs reported value differs by >10%
652868190,Value Mismatch,valueusd,Calculated vs reported value differs by >10%
652868189,Value Mismatch,valueusd,Calculated vs reported value differs by >10%
652868188,Value Mismatch,valueusd,Calculated vs reported value differs by >10%
653837758,Value Mismatch,valueusd,Calculated vs reported value differs by >10%
653838252,Value Mismatch,valueusd,Calculated vs reported value differs by >10%
653838251,Value Mismatch,valueusd,Calculated vs reported value differs by >10%
653838250,Value Mismatch,valueusd,Calculated vs reported value differs by >10%
653838249,Value Mismatch,valueusd,Calculated vs reported value differs by >10%
653838248,Value Mismatch,valueusd,Calculated vs reported value differs by >10%
653838247,Value Mismatch,valueusd,Calculated vs reported value differs by >10%
653838246,Value Mismatch,valueusd,Calculated vs reported value differs by >10%
653838245,Value Mismatch,valueusd,Calculated vs reported value differs by >10%
653838244,Value Mismatch,valueusd,Calculated vs reported value differs by >10%
653838243,Value Mismatch,valueusd,Calculated vs reported value differs by >10%
653838242,Value Mismatch,valueusd,Calculated vs reported value differs by >10%
653838241,Value Mismatch,valueusd,Calculated vs reported value differs by >10%
653838240,Value Mismatch,valueusd,Calculated vs reported value differs by >10%
653838239,Value Mismatch,valueusd,Calculated vs reported value differs by >10%
653838238,Value Mismatch,valueusd,Calculated vs reported value differs by >10%
653838237,Value Mismatch,valueusd,Calculated vs reported value differs by >10%
653838236,Value Mismatch,valueusd,Calculated vs reported value differs by >10%
653838235,Value Mismatch,valueusd,Calculated vs reported value differs by >10%
653838234,Value Mismatch,valueusd,Calculated vs reported value differs by >10%
653838233,Value Mismatch,valueusd,Calculated vs reported value differs by >10%
653838232,Value Mismatch,valueusd,Calculated vs reported value differs by >10%
653838230,Value Mismatch,valueusd,Calculated vs reported value differs by >10%
653838228,Value Mismatch,valueusd,Calculated vs reported value differs by >10%
653838227,Value Mismatch,valueusd,Calculated vs reported value differs by >10%
653838226,Value Mismatch,valueusd,Calculated vs reported value differs by >10%
653838225,Value Mismatch,valueusd,Calculated vs reported value differs by >10%
653838224,Value Mismatch,valueusd,Calculated vs reported value differs by >10%
653838223,Value Mismatch,valueusd,Calculated vs reported value differs by >10%
653838221,Value Mismatch,valueusd,Calculated vs reported value differs by >10%
653838220,Value Mismatch,valueusd,Calculated vs reported value differs by >10%
653838219,Value Mismatch,valueusd,Calculated vs reported value differs by >10%
653838218,Value Mismatch,valueusd,Calculated vs reported value differs by >10%
653838217,Value Mismatch,valueusd,Calculated vs reported value differs by >10%
653838216,Value Mismatch,valueusd,Calculated vs reported value differs by >10%
653838215,Value Mismatch,valueusd,Calculated vs reported value differs by >10%
653838213,Value Mismatch,valueusd,Calculated vs reported value differs by >10%
653838212,Value Mismatch,valueusd,Calculated vs reported value differs by >10%
653838211,Value Mismatch,valueusd,Calculated vs reported value differs by >10%
653838210,Value Mismatch,valueusd,Calculated vs reported value differs by >10%
653838209,Value Mismatch,valueusd,Calculated vs reported value differs by >10%
653838208,Value Mismatch,valueusd,Calculated vs reported value differs by >10%
653838207,Value Mismatch,valueusd,Calculated vs reported value differs by >10%
653838206,Value Mismatch,valueusd,Calculated vs reported value differs by >10%
653838205,Value Mismatch,valueusd,Calculated vs reported value differs by >10%
653838203,Value Mismatch,valueusd,Calculated vs reported value differs by >10%
653838202,Value Mismatch,valueusd,Calculated vs reported value differs by >10%
653838201,Value Mismatch,valueusd,Calculated vs reported value differs by >10%
653838199,Value Mismatch,valueusd,Calculated vs reported value differs by >10%
653838196,Value Mismatch,valueusd,Calculated vs reported value differs by >10%
653838195,Value Mismatch,valueusd,Calculated vs reported value differs by >10%
653838194,Value Mismatch,valueusd,Calculated vs reported value differs by >10%
653838193,Value Mismatch,valueusd,Calculated vs reported value differs by >10%
653837767,Value Mismatch,valueusd,Calculated vs reported value differs by >10%
653837766,Value Mismatch,valueusd,Calculated vs reported value differs by >10%
653837765,Value Mismatch,valueusd,Calculated vs reported value differs by >10%
653837764,Value Mismatch,valueusd,Calculated vs reported value differs by >10%
653837763,Value Mismatch,valueusd,Calculated vs reported value differs by >10%
653837762,Value Mismatch,valueusd,Calculated vs reported value differs by >10%
653837761,Value Mismatch,valueusd,Calculated vs reported value differs by >10%
653837760,Value Mismatch,valueusd,Calculated vs reported value differs by >10%
653837759,Value Mismatch,valueusd,Calculated vs reported value differs by >10%
653837757,Value Mismatch,valueusd,Calculated vs reported value differs by >10%
653837756,Value Mismatch,valueusd,Calculated vs reported value differs by >10%
653837755,Value Mismatch,valueusd,Calculated vs reported value differs by >10%
653837754,Value Mismatch,valueusd,Calculated vs reported value differs by >10%
653837753,Value Mismatch,valueusd,Calculated vs reported value differs by >10%
653837752,Value Mismatch,valueusd,Calculated vs reported value differs by >10%
653837751,Value Mismatch,valueusd,Calculated vs reported value differs by >10%
653837750,Value Mismatch,valueusd,Calculated vs reported value differs by >10%
653837749,Value Mismatch,valueusd,Calculated vs reported value differs by >10%
653837748,Value Mismatch,valueusd,Calculated vs reported value differs by >10%
653837747,Value Mismatch,valueusd,Calculated vs reported value differs by >10%
653837746,Value Mismatch,valueusd,Calculated vs reported value differs by >10%
653837745,Value Mismatch,valueusd,Calculated vs reported value differs by >10%
653837744,Value Mismatch,valueusd,Calculated vs reported value differs by >10%
653837743,Value Mismatch,valueusd,Calculated vs reported value differs by >10%
653837742,Value Mismatch,valueusd,Calculated vs reported value differs by >10%
653837741,Value Mismatch,valueusd,Calculated vs reported value differs by >10%
653837740,Value Mismatch,valueusd,Calculated vs reported value differs by >10%
653837739,Value Mismatch,valueusd,Calculated vs reported value differs by >10%
653837738,Value Mismatch,valueusd,Calculated vs reported value differs by >10%
653837737,Value Mismatch,valueusd,Calculated vs reported value differs by >10%
653837736,Value Mismatch,valueusd,Calculated vs reported value differs by >10%
653837735,Value Mismatch,valueusd,Calculated vs reported value differs by >10%
653837734,Value Mismatch,valueusd,Calculated vs reported value differs by >10%
653837733,Value Mismatch,valueusd,Calculated vs reported value differs by >10%
653837732,Value Mismatch,valueusd,Calculated vs reported value differs by >10%
653837731,Value Mismatch,valueusd,Calculated vs reported value differs by >10%
653837730,Value Mismatch,valueusd,Calculated vs reported value differs by >10%
653837729,Value Mismatch,valueusd,Calculated vs reported value differs by >10%
653837728,Value Mismatch,valueusd,Calculated vs reported value differs by >10%
653837727,Value Mismatch,valueusd,Calculated vs reported value differs by >10%
653837726,Value Mismatch,valueusd,Calculated vs reported value differs by >10%
653837725,Value Mismatch,valueusd,Calculated vs reported value differs by >10%
653837724,Value Mismatch,valueusd,Calculated vs reported value differs by >10%
653837723,Value Mismatch,valueusd,Calculated vs reported value differs by >10%
653837722,Value Mismatch,valueusd,Calculated vs reported value differs by >10%
653837721,Value Mismatch,valueusd,Calculated vs reported value differs by >10%
653837720,Value Mismatch,valueusd,Calculated vs reported value differs by >10%
653837719,Value Mismatch,valueusd,Calculated vs reported value differs by >10%
653837718,Value Mismatch,valueusd,Calculated vs reported value differs by >10%
653837717,Value Mismatch,valueusd,Calculated vs reported value differs by >10%
653837716,Value Mismatch,valueusd,Calculated vs reported value differs by >10%
653837715,Value Mismatch,valueusd,Calculated vs reported value differs by >10%
653837712,Value Mismatch,valueusd,Calculated vs reported value differs by >10%
653837711,Value Mismatch,valueusd,Calculated vs reported value differs by >10%
653837710,Value Mismatch,valueusd,Calculated vs reported value differs by >10%
653837709,Value Mismatch,valueusd,Calculated vs reported value differs by >10%
653837708,Value Mismatch,valueusd,Calculated vs reported value differs by >10%
653837707,Value Mismatch,valueusd,Calculated vs reported value differs by >10%
653837706,Value Mismatch,valueusd,Calculated vs reported value differs by >10%
653832416,Value Mismatch,valueusd,Calculated vs reported value differs by >10%
653832415,Value Mismatch,valueusd,Calculated vs reported value differs by >10%
653832414,Value Mismatch,valueusd,Calculated vs reported value differs by >10%
653832413,Value Mismatch,valueusd,Calculated vs reported value differs by >10%
653832412,Value Mismatch,valueusd,Calculated vs reported value differs by >10%
653832411,Value Mismatch,valueusd,Calculated vs reported value differs by >10%
653832410,Value Mismatch,valueusd,Calculated vs reported value differs by >10%
653832409,Value Mismatch,valueusd,Calculated vs reported value differs by >10%
653832408,Value Mismatch,valueusd,Calculated vs reported value differs by >10%
653832407,Value Mismatch,valueusd,Calculated vs reported value differs by >10%
653832406,Value Mismatch,valueusd,Calculated vs reported value differs by >10%
653832405,Value Mismatch,valueusd,Calculated vs reported value differs by >10%
653832404,Value Mismatch,valueusd,Calculated vs reported value differs by >10%
653832403,Value Mismatch,valueusd,Calculated vs reported value differs by >10%
653832402,Value Mismatch,valueusd,Calculated vs reported value differs by >10%
653832401,Value Mismatch,valueusd,Calculated vs reported value differs by >10%
653832400,Value Mismatch,valueusd,Calculated vs reported value differs by >10%
653832399,Value Mismatch,valueusd,Calculated vs reported value differs by >10%
653832396,Value Mismatch,valueusd,Calculated vs reported value differs by >10%
653832395,Value Mismatch,valueusd,Calculated vs reported value differs by >10%
653832394,Value Mismatch,valueusd,Calculated vs reported value differs by >10%
653832393,Value Mismatch,valueusd,Calculated vs reported value differs by >10%
653832392,Value Mismatch,valueusd,Calculated vs reported value differs by >10%
653832391,Value Mismatch,valueusd,Calculated vs reported value differs by >10%
653832390,Value Mismatch,valueusd,Calculated vs reported value differs by >10%
653832389,Value Mismatch,valueusd,Calculated vs reported value differs by >10%
653832388,Value Mismatch,valueusd,Calculated vs reported value differs by >10%
653832387,Value Mismatch,valueusd,Calculated vs reported value differs by >10%
653832386,Value Mismatch,valueusd,Calculated vs reported value differs by >10%
653832385,Value Mismatch,valueusd,Calculated vs reported value differs by >10%
653832384,Value Mismatch,valueusd,Calculated vs reported value differs by >10%
653832383,Value Mismatch,valueusd,Calculated vs reported value differs by >10%
653832382,Value Mismatch,valueusd,Calculated vs reported value differs by >10%
653832381,Value Mismatch,valueusd,Calculated vs reported value differs by >10%
653832377,Value Mismatch,valueusd,Calculated vs reported value differs by >10%
653832376,Value Mismatch,valueusd,Calculated vs reported value differs by >10%
653832374,Value Mismatch,valueusd,Calculated vs reported value differs by >10%
653832373,Value Mismatch,valueusd,Calculated vs reported value differs by >10%
653832372,Value Mismatch,valueusd,Calculated vs reported value differs by >10%
653832371,Value Mismatch,valueusd,Calculated vs reported value differs by >10%
653832370,Value Mismatch,valueusd,Calculated vs reported value differs by >10%
653832369,Value Mismatch,valueusd,Calculated vs reported value differs by >10%
653832368,Value Mismatch,valueusd,Calculated vs reported value differs by >10%
653832367,Value Mismatch,valueusd,Calculated vs reported value differs by >10%
653832366,Value Mismatch,valueusd,Calculated vs reported value differs by >10%
653832365,Value Mismatch,valueusd,Calculated vs reported value differs by >10%
653832364,Value Mismatch,valueusd,Calculated vs reported value differs by >10%
653832363,Value Mismatch,valueusd,Calculated vs reported value differs by >10%
653832362,Value Mismatch,valueusd,Calculated vs reported value differs by >10%
653832361,Value Mismatch,valueusd,Calculated vs reported value differs by >10%
653832360,Value Mismatch,valueusd,Calculated vs reported value differs by >10%
653832359,Value Mismatch,valueusd,Calculated vs reported value differs by >10%
653832358,Value Mismatch,valueusd,Calculated vs reported value differs by >10%
653832357,Value Mismatch,valueusd,Calculated vs reported value differs by >10%
653832355,Value Mismatch,valueusd,Calculated vs reported value differs by >10%
653832354,Value Mismatch,valueusd,Calculated vs reported value differs by >10%
653832353,Value Mismatch,valueusd,Calculated vs reported value differs by >10%
653832352,Value Mismatch,valueusd,Calculated vs reported value differs by >10%
653832351,Value Mismatch,valueusd,Calculated vs reported value differs by >10%
653832350,Value Mismatch,valueusd,Calculated vs reported value differs by >10%
653832349,Value Mismatch,valueusd,Calculated vs reported value differs by >10%
653832348,Value Mismatch,valueusd,Calculated vs reported value differs by >10%
653832347,Value Mismatch,valueusd,Calculated vs reported value differs by >10%
653832346,Value Mismatch,valueusd,Calculated vs reported value differs by >10%
653832345,Value Mismatch,valueusd,Calculated vs reported value differs by >10%
653832344,Value Mismatch,valueusd,Calculated vs reported value differs by >10%
653832343,Value Mismatch,valueusd,Calculated vs reported value differs by >10%
653832342,Value Mismatch,valueusd,Calculated vs reported value differs by >10%
653832341,Value Mismatch,valueusd,Calculated vs reported value differs by >10%
653832340,Value Mismatch,valueusd,Calculated vs reported value differs by >10%
653832339,Value Mismatch,valueusd,Calculated vs reported value differs by >10%
653832338,Value Mismatch,valueusd,Calculated vs reported value differs by >10%
653832337,Value Mismatch,valueusd,Calculated vs reported value differs by >10%
653832336,Value Mismatch,valueusd,Calculated vs reported value differs by >10%
653832335,Value Mismatch,valueusd,Calculated vs reported value differs by >10%
653832334,Value Mismatch,valueusd,Calculated vs reported value differs by >10%
653832333,Value Mismatch,valueusd,Calculated vs reported value differs by >10%
653832332,Value Mismatch,valueusd,Calculated vs reported value differs by >10%
653832331,Value Mismatch,valueusd,Calculated vs reported value differs by >10%
653832330,Value Mismatch,valueusd,Calculated vs reported value differs by >10%
653832329,Value Mismatch,valueusd,Calculated vs reported value differs by >10%
653832328,Value Mismatch,valueusd,Calculated vs reported value differs by >10%
653832327,Value Mismatch,valueusd,Calculated vs reported value differs by >10%
653832326,Value Mismatch,valueusd,Calculated vs reported value differs by >10%
653832325,Value Mismatch,valueusd,Calculated vs reported value differs by >10%
653832324,Value Mismatch,valueusd,Calculated vs reported value differs by >10%
653832323,Value Mismatch,valueusd,Calculated vs reported value differs by >10%
653832322,Value Mismatch,valueusd,Calculated vs reported value differs by >10%
653832321,Value Mismatch,valueusd,Calculated vs reported value differs by >10%
653832320,Value Mismatch,valueusd,Calculated vs reported value differs by >10%
653830651,Value Mismatch,valueusd,Calculated vs reported value differs by >10%
653830650,Value Mismatch,valueusd,Calculated vs reported value differs by >10%
653830649,Value Mismatch,valueusd,Calculated vs reported value differs by >10%
653830648,Value Mismatch,valueusd,Calculated vs reported value differs by >10%
653829913,Value Mismatch,valueusd,Calculated vs reported value differs by >10%
653823823,Value Mismatch,valueusd,Calculated vs reported value differs by >10%
653902908,Value Mismatch,valueusd,Calculated vs reported value differs by >10%
653902907,Value Mismatch,valueusd,Calculated vs reported value differs by >10%
653902906,Value Mismatch,valueusd,Calculated vs reported value differs by >10%
653902905,Value Mismatch,valueusd,Calculated vs reported value differs by >10%
653902904,Value Mismatch,valueusd,Calculated vs reported value differs by >10%
653902903,Value Mismatch,valueusd,Calculated vs reported value differs by >10%
653902902,Value Mismatch,valueusd,Calculated vs reported value differs by >10%
653902901,Value Mismatch,valueusd,Calculated vs reported value differs by >10%
653902900,Value Mismatch,valueusd,Calculated vs reported value differs by >10%
653902899,Value Mismatch,valueusd,Calculated vs reported value differs by >10%
653902898,Value Mismatch,valueusd,Calculated vs reported value differs by >10%
653902897,Value Mismatch,valueusd,Calculated vs reported value differs by >10%
653902896,Value Mismatch,valueusd,Calculated vs reported value differs by >10%
653902895,Value Mismatch,valueusd,Calculated vs reported value differs by >10%
653902894,Value Mismatch,valueusd,Calculated vs reported value differs by >10%
653902893,Value Mismatch,valueusd,Calculated vs reported value differs by >10%
653902892,Value Mismatch,valueusd,Calculated vs reported value differs by >10%
653902891,Value Mismatch,valueusd,Calculated vs reported value differs by >10%
653902890,Value Mismatch,valueusd,Calculated vs reported value differs by >10%
653902889,Value Mismatch,valueusd,Calculated vs reported value differs by >10%
653902888,Value Mismatch,valueusd,Calculated vs reported value differs by >10%
653902887,Value Mismatch,valueusd,Calculated vs reported value differs by >10%
653749475,Value Mismatch,valueusd,Calculated vs reported value differs by >10%
653766900,Value Mismatch,valueusd,Calculated vs reported value differs by >10%
653765349,Value Mismatch,valueusd,Calculated vs reported value differs by >10%
653761122,Value Mismatch,valueusd,Calculated vs reported value differs by >10%
653761121,Value Mismatch,valueusd,Calculated vs reported value differs by >10%
653753523,Value Mismatch,valueusd,Calculated vs reported value differs by >10%
653753522,Value Mismatch,valueusd,Calculated vs reported value differs by >10%
653753521,Value Mismatch,valueusd,Calculated vs reported value differs by >10%
653753520,Value Mismatch,valueusd,Calculated vs reported value differs by >10%
653753519,Value Mismatch,valueusd,Calculated vs reported value differs by >10%
653877970,Value Mismatch,valueusd,Calculated vs reported value differs by >10%
653872784,Value Mismatch,valueusd,Calculated vs reported value differs by >10%
653872783,Value Mismatch,valueusd,Calculated vs reported value differs by >10%
653872782,Value Mismatch,valueusd,Calculated vs reported value differs by >10%
653872781,Value Mismatch,valueusd,Calculated vs reported value differs by >10%
653872780,Value Mismatch,valueusd,Calculated vs reported value differs by >10%
653872779,Value Mismatch,valueusd,Calculated vs reported value differs by >10%
653872778,Value Mismatch,valueusd,Calculated vs reported value differs by >10%
653872777,Value Mismatch,valueusd,Calculated vs reported value differs by >10%
653872776,Value Mismatch,valueusd,Calculated vs reported value differs by >10%
653872775,Value Mismatch,valueusd,Calculated vs reported value differs by >10%
653872774,Value Mismatch,valueusd,Calculated vs reported value differs by >10%
653869942,Value Mismatch,valueusd,Calculated vs reported value differs by >10%
653869941,Value Mismatch,valueusd,Calculated vs reported value differs by >10%
653869940,Value Mismatch,valueusd,Calculated vs reported value differs by >10%
653867289,Value Mismatch,valueusd,Calculated vs reported value differs by >10%
653832244,Value Mismatch,valueusd,Calculated vs reported value differs by >10%
653832230,Value Mismatch,valueusd,Calculated vs reported value differs by >10%
650717072,Value Mismatch,valueusd,Calculated vs reported value differs by >10%
651487265,Value Mismatch,valueusd,Calculated vs reported value differs by >10%
650722926,Value Mismatch,valueusd,Calculated vs reported value differs by >10%
650722925,Value Mismatch,valueusd,Calculated vs reported value differs by >10%
650707842,Value Mismatch,valueusd,Calculated vs reported value differs by >10%
650672435,Value Mismatch,valueusd,Calculated vs reported value differs by >10%
650672434,Value Mismatch,valueusd,Calculated vs reported value differs by >10%
650655236,Value Mismatch,valueusd,Calculated vs reported value differs by >10%
650655235,Value Mismatch,valueusd,Calculated vs reported value differs by >10%
650655234,Value Mismatch,valueusd,Calculated vs reported value differs by >10%
651514763,Value Mismatch,valueusd,Calculated vs reported value differs by >10%
650787888,Value Mismatch,valueusd,Calculated vs reported value differs by >10%
650787887,Value Mismatch,valueusd,Calculated vs reported value differs by >10%
650780429,Value Mismatch,valueusd,Calculated vs reported value differs by >10%
650777430,Value Mismatch,valueusd,Calculated vs reported value differs by >10%
650777429,Value Mismatch,valueusd,Calculated vs reported value differs by >10%
650776505,Value Mismatch,valueusd,Calculated vs reported value differs by >10%
650741841,Value Mismatch,valueusd,Calculated vs reported value differs by >10%
651551638,Value Mismatch,valueusd,Calculated vs reported value differs by >10%
651551356,Value Mismatch,valueusd,Calculated vs reported value differs by >10%
650761636,Value Mismatch,valueusd,Calculated vs reported value differs by >10%
650756613,Value Mismatch,valueusd,Calculated vs reported value differs by >10%
650754756,Value Mismatch,valueusd,Calculated vs reported value differs by >10%
650726875,Value Mismatch,valueusd,Calculated vs reported value differs by >10%
650749566,Value Mismatch,valueusd,Calculated vs reported value differs by >10%
650749565,Value Mismatch,valueusd,Calculated vs reported value differs by >10%
652865754,Value Mismatch,valueusd,Calculated vs reported value differs by >10%
652865753,Value Mismatch,valueusd,Calculated vs reported value differs by >10%
652865751,Value Mismatch,valueusd,Calculated vs reported value differs by >10%
652865314,Value Mismatch,valueusd,Calculated vs reported value differs by >10%
652865311,Value Mismatch,valueusd,Calculated vs reported value differs by >10%
652865310,Value Mismatch,valueusd,Calculated vs reported value differs by >10%
652865309,Value Mismatch,valueusd,Calculated vs reported value differs by >10%
650717139,Value Mismatch,valueusd,Calculated vs reported value differs by >10%
651513139,Value Mismatch,valueusd,Calculated vs reported value differs by >10%
651513138,Value Mismatch,valueusd,Calculated vs reported value differs by >10%
651513137,Value Mismatch,valueusd,Calculated vs reported value differs by >10%
651513136,Value Mismatch,valueusd,Calculated vs reported value differs by >10%
651513135,Value Mismatch,valueusd,Calculated vs reported value differs by >10%
651513134,Value Mismatch,valueusd,Calculated vs reported value differs by >10%
651513133,Value Mismatch,valueusd,Calculated vs reported value differs by >10%
650704095,Value Mismatch,valueusd,Calculated vs reported value differs by >10%
652886249,Value Mismatch,valueusd,Calculated vs reported value differs by >10%
652864655,Value Mismatch,valueusd,Calculated vs reported value differs by >10%
653915310,Value Mismatch,valueusd,Calculated vs reported value differs by >10%
653838675,Value Mismatch,valueusd,Calculated vs reported value differs by >10%
650704013,Value Mismatch,valueusd,Calculated vs reported value differs by >10%
650704012,Value Mismatch,valueusd,Calculated vs reported value differs by >10%
650704011,Value Mismatch,valueusd,Calculated vs reported value differs by >10%
653832157,Value Mismatch,valueusd,Calculated vs reported value differs by >10%
653832156,Value Mismatch,valueusd,Calculated vs reported value differs by >10%
653832155,Value Mismatch,valueusd,Calculated vs reported value differs by >10%
653832154,Value Mismatch,valueusd,Calculated vs reported value differs by >10%
653832153,Value Mismatch,valueusd,Calculated vs reported value differs by >10%
653832152,Value Mismatch,valueusd,Calculated vs reported value differs by >10%
653832151,Value Mismatch,valueusd,Calculated vs reported value differs by >10%
653832150,Value Mismatch,valueusd,Calculated vs reported value differs by >10%
653832149,Value Mismatch,valueusd,Calculated vs reported value differs by >10%
650703451,Value Mismatch,valueusd,Calculated vs reported value differs by >10%
652865784,Value Mismatch,valueusd,Calculated vs reported value differs by >10%
652865783,Value Mismatch,valueusd,Calculated vs reported value differs by >10%
652865307,Value Mismatch,valueusd,Calculated vs reported value differs by >10%
652865306,Value Mismatch,valueusd,Calculated vs reported value differs by >10%
653838658,Value Mismatch,valueusd,Calculated vs reported value differs by >10%
652865755,Value Mismatch,valueusd,Calculated vs reported value differs by >10%
652865752,Value Mismatch,valueusd,Calculated vs reported value differs by >10%
652865313,Value Mismatch,valueusd,Calculated vs reported value differs by >10%
652865312,Value Mismatch,valueusd,Calculated vs reported value differs by >10%
650704078,Value Mismatch,valueusd,Calculated vs reported value differs by >10%
652865305,Value Mismatch,valueusd,Calculated vs reported value differs by >10%
652865304,Value Mismatch,valueusd,Calculated vs reported value differs by >10%
652865303,Value Mismatch,valueusd,Calculated vs reported value differs by >10%
652865302,Value Mismatch,valueusd,Calculated vs reported value differs by >10%
652865301,Value Mismatch,valueusd,Calculated vs reported value differs by >10%
650717229,Value Mismatch,valueusd,Calculated vs reported value differs by >10%
650704070,Value Mismatch,valueusd,Calculated vs reported value differs by >10%
650704069,Value Mismatch,valueusd,Calculated vs reported value differs by >10%
650704068,Value Mismatch,valueusd,Calculated vs reported value differs by >10%
652861380,Value Mismatch,valueusd,Calculated vs reported value differs by >10%
652861379,Value Mismatch,valueusd,Calculated vs reported value differs by >10%
652861378,Value Mismatch,valueusd,Calculated vs reported value differs by >10%
652861377,Value Mismatch,valueusd,Calculated vs reported value differs by >10%
652861376,Value Mismatch,valueusd,Calculated vs reported value differs by >10%
650704063,Value Mismatch,valueusd,Calculated vs reported value differs by >10%
650704062,Value Mismatch,valueusd,Calculated vs reported value differs by >10%
652868503,Value Mismatch,valueusd,Calculated vs reported value differs by >10%
652868502,Value Mismatch,valueusd,Calculated vs reported value differs by >10%
652868501,Value Mismatch,valueusd,Calculated vs reported value differs by >10%
652868500,Value Mismatch,valueusd,Calculated vs reported value differs by >10%
652868499,Value Mismatch,valueusd,Calculated vs reported value differs by >10%
652868498,Value Mismatch,valueusd,Calculated vs reported value differs by >10%
653852339,Value Mismatch,valueusd,Calculated vs reported value differs by >10%
653852338,Value Mismatch,valueusd,Calculated vs reported value differs by >10%
653852337,Value Mismatch,valueusd,Calculated vs reported value differs by >10%
650704073,Value Mismatch,valueusd,Calculated vs reported value differs by >10%
650717076,Value Mismatch,valueusd,Calculated vs reported value differs by >10%
650717075,Value Mismatch,valueusd,Calculated vs reported value differs by >10%
653832158,Value Mismatch,valueusd,Calculated vs reported value differs by >10%
653838708,Value Mismatch,valueusd,Calculated vs reported value differs by >10%
653838707,Value Mismatch,valueusd,Calculated vs reported value differs by >10%
653838705,Value Mismatch,valueusd,Calculated vs reported value differs by >10%
653838703,Value Mismatch,valueusd,Calculated vs reported value differs by >10%
653838702,Value Mismatch,valueusd,Calculated vs reported value differs by >10%
653906499,Value Mismatch,valueusd,Calculated vs reported value differs by >10%
653819016,Value Mismatch,valueusd,Calculated vs reported value differs by >10%
653775342,Value Mismatch,valueusd,Calculated vs reported value differs by >10%
653862851,Value Mismatch,valueusd,Calculated vs reported value differs by >10%
652865785,Value Mismatch,valueusd,Calculated vs reported value differs by >10%
650672318,Value Mismatch,valueusd,Calculated vs reported value differs by >10%
650672321,Value Mismatch,valueusd,Calculated vs reported value differs by >10%
650672320,Value Mismatch,valueusd,Calculated vs reported value differs by >10%
650672319,Value Mismatch,valueusd,Calculated vs reported value differs by >10%
650672317,Value Mismatch,valueusd,Calculated vs reported value differs by >10%
653838695,Value Mismatch,valueusd,Calculated vs reported value differs by >10%
653838694,Value Mismatch,valueusd,Calculated vs reported value differs by >10%
653816672,Value Mismatch,valueusd,Calculated vs reported value differs by >10%
653816671,Value Mismatch,valueusd,Calculated vs reported value differs by >10%
653816670,Value Mismatch,valueusd,Calculated vs reported value differs by >10%
651119998,Value Mismatch,valueusd,Calculated vs reported value differs by >10%
651120049,Value Mismatch,valueusd,Calculated vs reported value differs by >10%
651132218,Value Mismatch,valueusd,Calculated vs reported value differs by >10%
651100795,Value Mismatch,valueusd,Calculated vs reported value differs by >10%
651119989,Value Mismatch,valueusd,Calculated vs reported value differs by >10%
651132217,Value Mismatch,valueusd,Calculated vs reported value differs by >10%
651132239,Value Mismatch,valueusd,Calculated vs reported value differs by >10%
651132238,Value Mismatch,valueusd,Calculated vs reported value differs by >10%
651132237,Value Mismatch,valueusd,Calculated vs reported value differs by >10%
651132236,Value Mismatch,valueusd,Calculated vs reported value differs by >10%
651132235,Value Mismatch,valueusd,Calculated vs reported value differs by >10%
651132234,Value Mismatch,valueusd,Calculated vs reported value differs by >10%
651132233,Value Mismatch,valueusd,Calculated vs reported value differs by >10%
651132232,Value Mismatch,valueusd,Calculated vs reported value differs by >10%
651132228,Value Mismatch,valueusd,Calculated vs reported value differs by >10%
651132227,Value Mismatch,valueusd,Calculated vs reported value differs by >10%
651132226,Value Mismatch,valueusd,Calculated vs reported value differs by >10%
652405701,Value Mismatch,valueusd,Calculated vs reported value differs by >10%
651572502,Value Mismatch,valueusd,Calculated vs reported value differs by >10%
652162393,Value Mismatch,valueusd,Calculated vs reported value differs by >10%
652162392,Value Mismatch,valueusd,Calculated vs reported value differs by >10%
652162391,Value Mismatch,valueusd,Calculated vs reported value differs by >10%
652162390,Value Mismatch,valueusd,Calculated vs reported value differs by >10%
652162389,Value Mismatch,valueusd,Calculated vs reported value differs by >10%
652162388,Value Mismatch,valueusd,Calculated vs reported value differs by >10%
652162387,Value Mismatch,valueusd,Calculated vs reported value differs by >10%
652162386,Value Mismatch,valueusd,Calculated vs reported value differs by >10%
652162385,Value Mismatch,valueusd,Calculated vs reported value differs by >10%
652162384,Value Mismatch,valueusd,Calculated vs reported value differs by >10%
652355298,Value Mismatch,valueusd,Calculated vs reported value differs by >10%
652355297,Value Mismatch,valueusd,Calculated vs reported value differs by >10%
652355296,Value Mismatch,valueusd,Calculated vs reported value differs by >10%
652355295,Value Mismatch,valueusd,Calculated vs reported value differs by >10%
652543315,Value Mismatch,valueusd,Calculated vs reported value differs by >10%
652500560,Value Mismatch,valueusd,Calculated vs reported value differs by >10%
652533037,Value Mismatch,valueusd,Calculated vs reported value differs by >10%
652584254,Value Mismatch,valueusd,Calculated vs reported value differs by >10%
652584253,Value Mismatch,valueusd,Calculated vs reported value differs by >10%
652408390,Value Mismatch,valueusd,Calculated vs reported value differs by >10%
652240195,Value Mismatch,valueusd,Calculated vs reported value differs by >10%
652229169,Value Mismatch,valueusd,Calculated vs reported value differs by >10%
652441740,Value Mismatch,valueusd,Calculated vs reported value differs by >10%
652326001,Value Mismatch,valueusd,Calculated vs reported value differs by >10%
652324840,Value Mismatch,valueusd,Calculated vs reported value differs by >10%
652324839,Value Mismatch,valueusd,Calculated vs reported value differs by >10%
652324838,Value Mismatch,valueusd,Calculated vs reported value differs by >10%
652324837,Value Mismatch,valueusd,Calculated vs reported value differs by >10%
652452844,Value Mismatch,valueusd,Calculated vs reported value differs by >10%
652296458,Value Mismatch,valueusd,Calculated vs reported value differs by >10%
652318084,Value Mismatch,valueusd,Calculated vs reported value differs by >10%
652638510,Value Mismatch,valueusd,Calculated vs reported value differs by >10%
652421436,Value Mismatch,valueusd,Calculated vs reported value differs by >10%
652421435,Value Mismatch,valueusd,Calculated vs reported value differs by >10%
653562446,Value Mismatch,valueusd,Calculated vs reported value differs by >10%
651119988,Value Mismatch,valueusd,Calculated vs reported value differs by >10%
651120015,Value Mismatch,valueusd,Calculated vs reported value differs by >10%
651132230,Value Mismatch,valueusd,Calculated vs reported value differs by >10%
651132229,Value Mismatch,valueusd,Calculated vs reported value differs by >10%
651132224,Value Mismatch,valueusd,Calculated vs reported value differs by >10%
653563197,Value Mismatch,valueusd,Calculated vs reported value differs by >10%
651094531,Value Mismatch,valueusd,Calculated vs reported value differs by >10%
652357865,Value Mismatch,valueusd,Calculated vs reported value differs by >10%
652357864,Value Mismatch,valueusd,Calculated vs reported value differs by >10%
651094568,Value Mismatch,valueusd,Calculated vs reported value differs by >10%
652357686,Value Mismatch,valueusd,Calculated vs reported value differs by >10%
652357685,Value Mismatch,valueusd,Calculated vs reported value differs by >10%
651119997,Value Mismatch,valueusd,Calculated vs reported value differs by >10%
651119996,Value Mismatch,valueusd,Calculated vs reported value differs by >10%
651119995,Value Mismatch,valueusd,Calculated vs reported value differs by >10%
651119994,Value Mismatch,valueusd,Calculated vs reported value differs by >10%
651119993,Value Mismatch,valueusd,Calculated vs reported value differs by >10%
651119992,Value Mismatch,valueusd,Calculated vs reported value differs by >10%
652357607,Value Mismatch,valueusd,Calculated vs reported value differs by >10%
652357863,Value Mismatch,valueusd,Calculated vs reported value differs by >10%
652357860,Value Mismatch,valueusd,Calculated vs reported value differs by >10%
8336623827,Value Mismatch,valueusd,Calculated vs reported value differs by >10%
652357583,Value Mismatch,valueusd,Calculated vs reported value differs by >10%
652358077,Value Mismatch,valueusd,Calculated vs reported value differs by >10%
652358074,Value Mismatch,valueusd,Calculated vs reported value differs by >10%
652358073,Value Mismatch,valueusd,Calculated vs reported value differs by >10%
652358072,Value Mismatch,valueusd,Calculated vs reported value differs by >10%
652358071,Value Mismatch,valueusd,Calculated vs reported value differs by >10%
652358070,Value Mismatch,valueusd,Calculated vs reported value differs by >10%
652358069,Value Mismatch,valueusd,Calculated vs reported value differs by >10%
652351411,Value Mismatch,valueusd,Calculated vs reported value differs by >10%
652418997,Value Mismatch,valueusd,Calculated vs reported value differs by >10%
652418996,Value Mismatch,valueusd,Calculated vs reported value differs by >10%
651120047,Value Mismatch,valueusd,Calculated vs reported value differs by >10%
652357688,Value Mismatch,valueusd,Calculated vs reported value differs by >10%
652357687,Value Mismatch,valueusd,Calculated vs reported value differs by >10%
652358076,Value Mismatch,valueusd,Calculated vs reported value differs by >10%
652528922,Value Mismatch,valueusd,Calculated vs reported value differs by >10%
652528921,Value Mismatch,valueusd,Calculated vs reported value differs by >10%
652528920,Value Mismatch,valueusd,Calculated vs reported value differs by >10%
652179399,Value Mismatch,valueusd,Calculated vs reported value differs by >10%
652179398,Value Mismatch,valueusd,Calculated vs reported value differs by >10%
652175408,Value Mismatch,valueusd,Calculated vs reported value differs by >10%
652175407,Value Mismatch,valueusd,Calculated vs reported value differs by >10%
652175406,Value Mismatch,valueusd,Calculated vs reported value differs by >10%
652355314,Value Mismatch,valueusd,Calculated vs reported value differs by >10%
652701719,Value Mismatch,valueusd,Calculated vs reported value differs by >10%
652139221,Value Mismatch,valueusd,Calculated vs reported value differs by >10%
652139220,Value Mismatch,valueusd,Calculated vs reported value differs by >10%
652528927,Value Mismatch,valueusd,Calculated vs reported value differs by >10%
652528926,Value Mismatch,valueusd,Calculated vs reported value differs by >10%
652528925,Value Mismatch,valueusd,Calculated vs reported value differs by >10%
652528924,Value Mismatch,valueusd,Calculated vs reported value differs by >10%
652528923,Value Mismatch,valueusd,Calculated vs reported value differs by >10%
652528919,Value Mismatch,valueusd,Calculated vs reported value differs by >10%
652587055,Value Mismatch,valueusd,Calculated vs reported value differs by >10%
652587053,Value Mismatch,valueusd,Calculated vs reported value differs by >10%
652439208,Value Mismatch,valueusd,Calculated vs reported value differs by >10%
652439207,Value Mismatch,valueusd,Calculated vs reported value differs by >10%
652214850,Value Mismatch,valueusd,Calculated vs reported value differs by >10%
652317644,Value Mismatch,valueusd,Calculated vs reported value differs by >10%
652425143,Value Mismatch,valueusd,Calculated vs reported value differs by >10%
652425142,Value Mismatch,valueusd,Calculated vs reported value differs by >10%
652425141,Value Mismatch,valueusd,Calculated vs reported value differs by >10%
652681622,Value Mismatch,valueusd,Calculated vs reported value differs by >10%
652310001,Value Mismatch,valueusd,Calculated vs reported value differs by >10%
652422227,Value Mismatch,valueusd,Calculated vs reported value differs by >10%
652677184,Value Mismatch,valueusd,Calculated vs reported value differs by >10%
652677183,Value Mismatch,valueusd,Calculated vs reported value differs by >10%
652594236,Value Mismatch,valueusd,Calculated vs reported value differs by >10%
652282568,Value Mismatch,valueusd,Calculated vs reported value differs by >10%
652355313,Value Mismatch,valueusd,Calculated vs reported value differs by >10%
652577029,Value Mismatch,valueusd,Calculated vs reported value differs by >10%
652630579,Value Mismatch,valueusd,Calculated vs reported value differs by >10%
652357962,Value Mismatch,valueusd,Calculated vs reported value differs by >10%
651100864,Value Mismatch,valueusd,Calculated vs reported value differs by >10%
652357874,Value Mismatch,valueusd,Calculated vs reported value differs by >10%
652357873,Value Mismatch,valueusd,Calculated vs reported value differs by >10%
652357872,Value Mismatch,valueusd,Calculated vs reported value differs by >10%
652357871,Value Mismatch,valueusd,Calculated vs reported value differs by >10%
652357870,Value Mismatch,valueusd,Calculated vs reported value differs by >10%
652357869,Value Mismatch,valueusd,Calculated vs reported value differs by >10%
652357868,Value Mismatch,valueusd,Calculated vs reported value differs by >10%
652357867,Value Mismatch,valueusd,Calculated vs reported value differs by >10%
651100837,Value Mismatch,valueusd,Calculated vs reported value differs by >10%
651100836,Value Mismatch,valueusd,Calculated vs reported value differs by >10%
653546926,Value Mismatch,valueusd,Calculated vs reported value differs by >10%
651119990,Value Mismatch,valueusd,Calculated vs reported value differs by >10%
652357839,Value Mismatch,valueusd,Calculated vs reported value differs by >10%
651119986,Value Mismatch,valueusd,Calculated vs reported value differs by >10%
651100868,Value Mismatch,valueusd,Calculated vs reported value differs by >10%
651132200,Value Mismatch,valueusd,Calculated vs reported value differs by >10%
653565895,Value Mismatch,valueusd,Calculated vs reported value differs by >10%
651100799,Value Mismatch,valueusd,Calculated vs reported value differs by >10%
653562254,Value Mismatch,valueusd,Calculated vs reported value differs by >10%
653562253,Value Mismatch,valueusd,Calculated vs reported value differs by >10%
653562252,Value Mismatch,valueusd,Calculated vs reported value differs by >10%
653562251,Value Mismatch,valueusd,Calculated vs reported value differs by >10%
653562250,Value Mismatch,valueusd,Calculated vs reported value differs by >10%
653562249,Value Mismatch,valueusd,Calculated vs reported value differs by >10%
653562248,Value Mismatch,valueusd,Calculated vs reported value differs by >10%
653561861,Value Mismatch,valueusd,Calculated vs reported value differs by >10%
653561860,Value Mismatch,valueusd,Calculated vs reported value differs by >10%
653561859,Value Mismatch,valueusd,Calculated vs reported value differs by >10%
653561858,Value Mismatch,valueusd,Calculated vs reported value differs by >10%
653561857,Value Mismatch,valueusd,Calculated vs reported value differs by >10%
653561856,Value Mismatch,valueusd,Calculated vs reported value differs by >10%
653561855,Value Mismatch,valueusd,Calculated vs reported value differs by >10%
653561854,Value Mismatch,valueusd,Calculated vs reported value differs by >10%
653561853,Value Mismatch,valueusd,Calculated vs reported value differs by >10%
653561852,Value Mismatch,valueusd,Calculated vs reported value differs by >10%
653561851,Value Mismatch,valueusd,Calculated vs reported value differs by >10%
651119968,Value Mismatch,valueusd,Calculated vs reported value differs by >10%
651120006,Value Mismatch,valueusd,Calculated vs reported value differs by >10%
651120005,Value Mismatch,valueusd,Calculated vs reported value differs by >10%
651120004,Value Mismatch,valueusd,Calculated vs reported value differs by >10%
651120003,Value Mismatch,valueusd,Calculated vs reported value differs by >10%
651120002,Value Mismatch,valueusd,Calculated vs reported value differs by >10%
651120001,Value Mismatch,valueusd,Calculated vs reported value differs by >10%
651119991,Value Mismatch,valueusd,Calculated vs reported value differs by >10%
651119987,Value Mismatch,valueusd,Calculated vs reported value differs by >10%
652357858,Value Mismatch,valueusd,Calculated vs reported value differs by >10%
652357856,Value Mismatch,valueusd,Calculated vs reported value differs by >10%
651132242,Value Mismatch,valueusd,Calculated vs reported value differs by >10%
651132241,Value Mismatch,valueusd,Calculated vs reported value differs by >10%
651132240,Value Mismatch,valueusd,Calculated vs reported value differs by >10%
652357850,Value Mismatch,valueusd,Calculated vs reported value differs by >10%
652357849,Value Mismatch,valueusd,Calculated vs reported value differs by >10%
652357848,Value Mismatch,valueusd,Calculated vs reported value differs by >10%
652357847,Value Mismatch,valueusd,Calculated vs reported value differs by >10%
653562332,Value Mismatch,valueusd,Calculated vs reported value differs by >10%
651118709,Value Mismatch,valueusd,Calculated vs reported value differs by >10%
651118708,Value Mismatch,valueusd,Calculated vs reported value differs by >10%
651118707,Value Mismatch,valueusd,Calculated vs reported value differs by >10%
651118706,Value Mismatch,valueusd,Calculated vs reported value differs by >10%
651132208,Value Mismatch,valueusd,Calculated vs reported value differs by >10%
651132207,Value Mismatch,valueusd,Calculated vs reported value differs by >10%
651132206,Value Mismatch,valueusd,Calculated vs reported value differs by >10%
651132205,Value Mismatch,valueusd,Calculated vs reported value differs by >10%
653405098,Value Mismatch,valueusd,Calculated vs reported value differs by >10%
653398345,Value Mismatch,valueusd,Calculated vs reported value differs by >10%
653563258,Value Mismatch,valueusd,Calculated vs reported value differs by >10%
653563257,Value Mismatch,valueusd,Calculated vs reported value differs by >10%
652587054,Value Mismatch,valueusd,Calculated vs reported value differs by >10%
652357862,Value Mismatch,valueusd,Calculated vs reported value differs by >10%
652357861,Value Mismatch,valueusd,Calculated vs reported value differs by >10%
652357859,Value Mismatch,valueusd,Calculated vs reported value differs by >10%
652357857,Value Mismatch,valueusd,Calculated vs reported value differs by >10%
652357855,Value Mismatch,valueusd,Calculated vs reported value differs by >10%
652357854,Value Mismatch,valueusd,Calculated vs reported value differs by >10%
652357853,Value Mismatch,valueusd,Calculated vs reported value differs by >10%
653562435,Value Mismatch,valueusd,Calculated vs reported value differs by >10%
652357920,Value Mismatch,valueusd,Calculated vs reported value differs by >10%
652357919,Value Mismatch,valueusd,Calculated vs reported value differs by >10%
652357918,Value Mismatch,valueusd,Calculated vs reported value differs by >10%
652357917,Value Mismatch,valueusd,Calculated vs reported value differs by >10%
651118736,Value Mismatch,valueusd,Calculated vs reported value differs by >10%
651118733,Value Mismatch,valueusd,Calculated vs reported value differs by >10%
651120068,Value Mismatch,valueusd,Calculated vs reported value differs by >10%
652357845,Value Mismatch,valueusd,Calculated vs reported value differs by >10%
8336696747,Value Mismatch,valueusd,Calculated vs reported value differs by >10%
652357852,Value Mismatch,valueusd,Calculated vs reported value differs by >10%
652357851,Value Mismatch,valueusd,Calculated vs reported value differs by >10%
652357846,Value Mismatch,valueusd,Calculated vs reported value differs by >10%
652378759,Value Mismatch,valueusd,Calculated vs reported value differs by >10%
652150837,Value Mismatch,valueusd,Calculated vs reported value differs by >10%
652147799,Value Mismatch,valueusd,Calculated vs reported value differs by >10%
652355182,Value Mismatch,valueusd,Calculated vs reported value differs by >10%
652355181,Value Mismatch,valueusd,Calculated vs reported value differs by >10%
652355179,Value Mismatch,valueusd,Calculated vs reported value differs by >10%
652355178,Value Mismatch,valueusd,Calculated vs reported value differs by >10%
652583785,Value Mismatch,valueusd,Calculated vs reported value differs by >10%
652583784,Value Mismatch,valueusd,Calculated vs reported value differs by >10%
652252571,Value Mismatch,valueusd,Calculated vs reported value differs by >10%
652250310,Value Mismatch,valueusd,Calculated vs reported value differs by >10%
652455102,Value Mismatch,valueusd,Calculated vs reported value differs by >10%
652291092,Value Mismatch,valueusd,Calculated vs reported value differs by >10%
651100763,Value Mismatch,valueusd,Calculated vs reported value differs by >10%
653563348,Value Mismatch,valueusd,Calculated vs reported value differs by >10%
653563347,Value Mismatch,valueusd,Calculated vs reported value differs by >10%
653563346,Value Mismatch,valueusd,Calculated vs reported value differs by >10%
653563350,Value Mismatch,valueusd,Calculated vs reported value differs by >10%
653563349,Value Mismatch,valueusd,Calculated vs reported value differs by >10%
653562071,Value Mismatch,valueusd,Calculated vs reported value differs by >10%
651100869,Value Mismatch,valueusd,Calculated vs reported value differs by >10%
8336694905,Value Mismatch,valueusd,Calculated vs reported value differs by >10%
653562434,Value Mismatch,valueusd,Calculated vs reported value differs by >10%
653562433,Value Mismatch,valueusd,Calculated vs reported value differs by >10%
653562432,Value Mismatch,valueusd,Calculated vs reported value differs by >10%
653562431,Value Mismatch,valueusd,Calculated vs reported value differs by >10%
653562430,Value Mismatch,valueusd,Calculated vs reported value differs by >10%
653562429,Value Mismatch,valueusd,Calculated vs reported value differs by >10%
651120022,Value Mismatch,valueusd,Calculated vs reported value differs by >10%
653518319,Value Mismatch,valueusd,Calculated vs reported value differs by >10%
653641360,Value Mismatch,valueusd,Calculated vs reported value differs by >10%
653641359,Value Mismatch,valueusd,Calculated vs reported value differs by >10%
653418278,Value Mismatch,valueusd,Calculated vs reported value differs by >10%
653564050,Value Mismatch,valueusd,Calculated vs reported value differs by >10%
653564049,Value Mismatch,valueusd,Calculated vs reported value differs by >10%
653564047,Value Mismatch,valueusd,Calculated vs reported value differs by >10%
653564046,Value Mismatch,valueusd,Calculated vs reported value differs by >10%
653564045,Value Mismatch,valueusd,Calculated vs reported value differs by >10%
653564044,Value Mismatch,valueusd,Calculated vs reported value differs by >10%
653564043,Value Mismatch,valueusd,Calculated vs reported value differs by >10%
653564042,Value Mismatch,valueusd,Calculated vs reported value differs by >10%
653564041,Value Mismatch,valueusd,Calculated vs reported value differs by >10%
653564040,Value Mismatch,valueusd,Calculated vs reported value differs by >10%
653564039,Value Mismatch,valueusd,Calculated vs reported value differs by >10%
653564038,Value Mismatch,valueusd,Calculated vs reported value differs by >10%
653564037,Value Mismatch,valueusd,Calculated vs reported value differs by >10%
653564036,Value Mismatch,valueusd,Calculated vs reported value differs by >10%
653564035,Value Mismatch,valueusd,Calculated vs reported value differs by >10%
653564034,Value Mismatch,valueusd,Calculated vs reported value differs by >10%
653564033,Value Mismatch,valueusd,Calculated vs reported value differs by >10%
653564032,Value Mismatch,valueusd,Calculated vs reported value differs by >10%
653564031,Value Mismatch,valueusd,Calculated vs reported value differs by >10%
653564030,Value Mismatch,valueusd,Calculated vs reported value differs by >10%
653564029,Value Mismatch,valueusd,Calculated vs reported value differs by >10%
653564028,Value Mismatch,valueusd,Calculated vs reported value differs by >10%
653564027,Value Mismatch,valueusd,Calculated vs reported value differs by >10%
653564026,Value Mismatch,valueusd,Calculated vs reported value differs by >10%
653564025,Value Mismatch,valueusd,Calculated vs reported value differs by >10%
653564024,Value Mismatch,valueusd,Calculated vs reported value differs by >10%
653564023,Value Mismatch,valueusd,Calculated vs reported value differs by >10%
653563666,Value Mismatch,valueusd,Calculated vs reported value differs by >10%
653563665,Value Mismatch,valueusd,Calculated vs reported value differs by >10%
653563664,Value Mismatch,valueusd,Calculated vs reported value differs by >10%
653563663,Value Mismatch,valueusd,Calculated vs reported value differs by >10%
653563662,Value Mismatch,valueusd,Calculated vs reported value differs by >10%
653563661,Value Mismatch,valueusd,Calculated vs reported value differs by >10%
653563660,Value Mismatch,valueusd,Calculated vs reported value differs by >10%
653563659,Value Mismatch,valueusd,Calculated vs reported value differs by >10%
653563658,Value Mismatch,valueusd,Calculated vs reported value differs by >10%
653563657,Value Mismatch,valueusd,Calculated vs reported value differs by >10%
653563656,Value Mismatch,valueusd,Calculated vs reported value differs by >10%
653563655,Value Mismatch,valueusd,Calculated vs reported value differs by >10%
653563654,Value Mismatch,valueusd,Calculated vs reported value differs by >10%
653563653,Value Mismatch,valueusd,Calculated vs reported value differs by >10%
653563652,Value Mismatch,valueusd,Calculated vs reported value differs by >10%
653563651,Value Mismatch,valueusd,Calculated vs reported value differs by >10%
653563650,Value Mismatch,valueusd,Calculated vs reported value differs by >10%
653563649,Value Mismatch,valueusd,Calculated vs reported value differs by >10%
653563648,Value Mismatch,valueusd,Calculated vs reported value differs by >10%
653563647,Value Mismatch,valueusd,Calculated vs reported value differs by >10%
653563646,Value Mismatch,valueusd,Calculated vs reported value differs by >10%
653563645,Value Mismatch,valueusd,Calculated vs reported value differs by >10%
653563644,Value Mismatch,valueusd,Calculated vs reported value differs by >10%
653563643,Value Mismatch,valueusd,Calculated vs reported value differs by >10%
653563642,Value Mismatch,valueusd,Calculated vs reported value differs by >10%
653563641,Value Mismatch,valueusd,Calculated vs reported value differs by >10%
653563640,Value Mismatch,valueusd,Calculated vs reported value differs by >10%
653563639,Value Mismatch,valueusd,Calculated vs reported value differs by >10%
653563638,Value Mismatch,valueusd,Calculated vs reported value differs by >10%
653563637,Value Mismatch,valueusd,Calculated vs reported value differs by >10%
653563636,Value Mismatch,valueusd,Calculated vs reported value differs by >10%
653563635,Value Mismatch,valueusd,Calculated vs reported value differs by >10%
653563634,Value Mismatch,valueusd,Calculated vs reported value differs by >10%
653563633,Value Mismatch,valueusd,Calculated vs reported value differs by >10%
653563632,Value Mismatch,valueusd,Calculated vs reported value differs by >10%
653563631,Value Mismatch,valueusd,Calculated vs reported value differs by >10%
653563630,Value Mismatch,valueusd,Calculated vs reported value differs by >10%
653563629,Value Mismatch,valueusd,Calculated vs reported value differs by >10%
653563628,Value Mismatch,valueusd,Calculated vs reported value differs by >10%
653563627,Value Mismatch,valueusd,Calculated vs reported value differs by >10%
653563626,Value Mismatch,valueusd,Calculated vs reported value differs by >10%
653563625,Value Mismatch,valueusd,Calculated vs reported value differs by >10%
653563624,Value Mismatch,valueusd,Calculated vs reported value differs by >10%
653563623,Value Mismatch,valueusd,Calculated vs reported value differs by >10%
653563622,Value Mismatch,valueusd,Calculated vs reported value differs by >10%
653563621,Value Mismatch,valueusd,Calculated vs reported value differs by >10%
653563620,Value Mismatch,valueusd,Calculated vs reported value differs by >10%
653563619,Value Mismatch,valueusd,Calculated vs reported value differs by >10%
653563618,Value Mismatch,valueusd,Calculated vs reported value differs by >10%
653541425,Value Mismatch,valueusd,Calculated vs reported value differs by >10%
653539845,Value Mismatch,valueusd,Calculated vs reported value differs by >10%
653549601,Value Mismatch,valueusd,Calculated vs reported value differs by >10%
653549039,Value Mismatch,valueusd,Calculated vs reported value differs by >10%
653518318,Value Mismatch,valueusd,Calculated vs reported value differs by >10%
653229210,Value Mismatch,valueusd,Calculated vs reported value differs by >10%
6005083323,Value Mismatch,valueusd,Calculated vs reported value differs by >10%
650320084,Value Mismatch,valueusd,Calculated vs reported value differs by >10%
650320083,Value Mismatch,valueusd,Calculated vs reported value differs by >10%
650320082,Value Mismatch,valueusd,Calculated vs reported value differs by >10%
650320030,Value Mismatch,valueusd,Calculated vs reported value differs by >10%
6005305429,Value Mismatch,valueusd,Calculated vs reported value differs by >10%
650320062,Value Mismatch,valueusd,Calculated vs reported value differs by >10%
650320022,Value Mismatch,valueusd,Calculated vs reported value differs by >10%
6005070115,Value Mismatch,valueusd,Calculated vs reported value differs by >10%
650320206,Value Mismatch,valueusd,Calculated vs reported value differs by >10%
650320080,Value Mismatch,valueusd,Calculated vs reported value differs by >10%
6005216544,Value Mismatch,valueusd,Calculated vs reported value differs by >10%
6005180977,Value Mismatch,valueusd,Calculated vs reported value differs by >10%
6005256792,Value Mismatch,valueusd,Calculated vs reported value differs by >10%
6005286869,Value Mismatch,valueusd,Calculated vs reported value differs by >10%
6005267742,Value Mismatch,valueusd,Calculated vs reported value differs by >10%
6005219391,Value Mismatch,valueusd,Calculated vs reported value differs by >10%
6005170824,Value Mismatch,valueusd,Calculated vs reported value differs by >10%
650320200,Value Mismatch,valueusd,Calculated vs reported value differs by >10%
650320199,Value Mismatch,valueusd,Calculated vs reported value differs by >10%
650320198,Value Mismatch,valueusd,Calculated vs reported value differs by >10%
650320197,Value Mismatch,valueusd,Calculated vs reported value differs by >10%
650320196,Value Mismatch,valueusd,Calculated vs reported value differs by >10%
650320195,Value Mismatch,valueusd,Calculated vs reported value differs by >10%
650320194,Value Mismatch,valueusd,Calculated vs reported value differs by >10%
650320193,Value Mismatch,valueusd,Calculated vs reported value differs by >10%
6005158646,Value Mismatch,valueusd,Calculated vs reported value differs by >10%
6005145425,Value Mismatch,valueusd,Calculated vs reported value differs by >10%
650359127,Value Mismatch,valueusd,Calculated vs reported value differs by >10%
6005145425,Value Mismatch,valueusd,Calculated vs reported value differs by >10%
6005158646,Value Mismatch,valueusd,Calculated vs reported value differs by >10%
6005171450,Value Mismatch,valueusd,Calculated vs reported value differs by >10%
6005085860,Value Mismatch,valueusd,Calculated vs reported value differs by >10%
6005216869,Value Mismatch,valueusd,Calculated vs reported value differs by >10%
6005163927,Value Mismatch,valueusd,Calculated vs reported value differs by >10%
6005305429,Value Mismatch,valueusd,Calculated vs reported value differs by >10%
6005219391,Value Mismatch,valueusd,Calculated vs reported value differs by >10%
6005267742,Value Mismatch,valueusd,Calculated vs reported value differs by >10%
6005229774,Value Mismatch,valueusd,Calculated vs reported value differs by >10%
6005092163,Value Mismatch,valueusd,Calculated vs reported value differs by >10%
6005286869,Value Mismatch,valueusd,Calculated vs reported value differs by >10%
6005256792,Value Mismatch,valueusd,Calculated vs reported value differs by >10%
6005171339,Value Mismatch,valueusd,Calculated vs reported value differs by >10%
6005216544,Value Mismatch,valueusd,Calculated vs reported value differs by >10%
6005170824,Value Mismatch,valueusd,Calculated vs reported value differs by >10%
6005070115,Value Mismatch,valueusd,Calculated vs reported value differs by >10%
6005246209,Value Mismatch,valueusd,Calculated vs reported value differs by >10%
6005180977,Value Mismatch,valueusd,Calculated vs reported value differs by >10%
6005083323,Value Mismatch,valueusd,Calculated vs reported value differs by >10%
650320175,Value Mismatch,valueusd,Calculated vs reported value differs by >10%
650320174,Value Mismatch,valueusd,Calculated vs reported value differs by >10%
650320028,Value Mismatch,valueusd,Calculated vs reported value differs by >10%
651870271,Value Mismatch,valueusd,Calculated vs reported value differs by >10%
651864736,Value Mismatch,valueusd,Calculated vs reported value differs by >10%
651858929,Value Mismatch,valueusd,Calculated vs reported value differs by >10%
651858928,Value Mismatch,valueusd,Calculated vs reported value differs by >10%
651853576,Value Mismatch,valueusd,Calculated vs reported value differs by >10%
651800345,Value Mismatch,valueusd,Calculated vs reported value differs by >10%
651800344,Value Mismatch,valueusd,Calculated vs reported value differs by >10%
651831161,Value Mismatch,valueusd,Calculated vs reported value differs by >10%
652004341,Value Mismatch,valueusd,Calculated vs reported value differs by >10%
651675073,Value Mismatch,valueusd,Calculated vs reported value differs by >10%
651664211,Value Mismatch,valueusd,Calculated vs reported value differs by >10%
651664210,Value Mismatch,valueusd,Calculated vs reported value differs by >10%
651664209,Value Mismatch,valueusd,Calculated vs reported value differs by >10%
651664208,Value Mismatch,valueusd,Calculated vs reported value differs by >10%
651664207,Value Mismatch,valueusd,Calculated vs reported value differs by >10%
651664206,Value Mismatch,valueusd,Calculated vs reported value differs by >10%
651664205,Value Mismatch,valueusd,Calculated vs reported value differs by >10%
651664204,Value Mismatch,valueusd,Calculated vs reported value differs by >10%
651664203,Value Mismatch,valueusd,Calculated vs reported value differs by >10%
651664202,Value Mismatch,valueusd,Calculated vs reported value differs by >10%
651664201,Value Mismatch,valueusd,Calculated vs reported value differs by >10%
651664200,Value Mismatch,valueusd,Calculated vs reported value differs by >10%
651664199,Value Mismatch,valueusd,Calculated vs reported value differs by >10%
6005087117,Value Mismatch,valueusd,Calculated vs reported value differs by >10%
6005229409,Value Mismatch,valueusd,Calculated vs reported value differs by >10%
650320060,Value Mismatch,valueusd,Calculated vs reported value differs by >10%
6005119394,Value Mismatch,valueusd,Calculated vs reported value differs by >10%
650359201,Value Mismatch,valueusd,Calculated vs reported value differs by >10%
650359193,Value Mismatch,valueusd,Calculated vs reported value differs by >10%
650359192,Value Mismatch,valueusd,Calculated vs reported value differs by >10%
650359191,Value Mismatch,valueusd,Calculated vs reported value differs by >10%
651803210,Value Mismatch,valueusd,Calculated vs reported value differs by >10%
6005830369,Value Mismatch,valueusd,Calculated vs reported value differs by >10%
651803211,Value Mismatch,valueusd,Calculated vs reported value differs by >10%
651803209,Value Mismatch,valueusd,Calculated vs reported value differs by >10%
6005229409,Value Mismatch,valueusd,Calculated vs reported value differs by >10%
6005830369,Value Mismatch,valueusd,Calculated vs reported value differs by >10%
6005857800,Value Mismatch,valueusd,Calculated vs reported value differs by >10%
6005900843,Value Mismatch,valueusd,Calculated vs reported value differs by >10%
6005119394,Value Mismatch,valueusd,Calculated vs reported value differs by >10%
8336761853,Value Mismatch,valueusd,Calculated vs reported value differs by >10%
650320182,Value Mismatch,valueusd,Calculated vs reported value differs by >10%
650320181,Value Mismatch,valueusd,Calculated vs reported value differs by >10%
650320180,Value Mismatch,valueusd,Calculated vs reported value differs by >10%
650320179,Value Mismatch,valueusd,Calculated vs reported value differs by >10%
650320178,Value Mismatch,valueusd,Calculated vs reported value differs by >10%
650320177,Value Mismatch,valueusd,Calculated vs reported value differs by >10%
650320176,Value Mismatch,valueusd,Calculated vs reported value differs by >10%
650359199,Value Mismatch,valueusd,Calculated vs reported value differs by >10%
651767166,Value Mismatch,valueusd,Calculated vs reported value differs by >10%
650320088,Value Mismatch,valueusd,Calculated vs reported value differs by >10%
653212337,Value Mismatch,valueusd,Calculated vs reported value differs by >10%
653212336,Value Mismatch,valueusd,Calculated vs reported value differs by >10%
650320168,Value Mismatch,valueusd,Calculated vs reported value differs by >10%
6005087372,Value Mismatch,valueusd,Calculated vs reported value differs by >10%
650450957,Value Mismatch,valueusd,Calculated vs reported value differs by >10%
650401803,Value Mismatch,valueusd,Calculated vs reported value differs by >10%
650343978,Value Mismatch,valueusd,Calculated vs reported value differs by >10%
650315844,Value Mismatch,valueusd,Calculated vs reported value differs by >10%
650315843,Value Mismatch,valueusd,Calculated vs reported value differs by >10%
650532231,Value Mismatch,valueusd,Calculated vs reported value differs by >10%
650525164,Value Mismatch,valueusd,Calculated vs reported value differs by >10%
650521343,Value Mismatch,valueusd,Calculated vs reported value differs by >10%
650289620,Value Mismatch,valueusd,Calculated vs reported value differs by >10%
650311075,Value Mismatch,valueusd,Calculated vs reported value differs by >10%
650309854,Value Mismatch,valueusd,Calculated vs reported value differs by >10%
650309853,Value Mismatch,valueusd,Calculated vs reported value differs by >10%
650107954,Value Mismatch,valueusd,Calculated vs reported value differs by >10%
650429319,Value Mismatch,valueusd,Calculated vs reported value differs by >10%
650429318,Value Mismatch,valueusd,Calculated vs reported value differs by >10%
650156252,Value Mismatch,valueusd,Calculated vs reported value differs by >10%
650156251,Value Mismatch,valueusd,Calculated vs reported value differs by >10%
650217179,Value Mismatch,valueusd,Calculated vs reported value differs by >10%
650140979,Value Mismatch,valueusd,Calculated vs reported value differs by >10%
650394394,Value Mismatch,valueusd,Calculated vs reported value differs by >10%
650487693,Value Mismatch,valueusd,Calculated vs reported value differs by >10%
650487692,Value Mismatch,valueusd,Calculated vs reported value differs by >10%
650384995,Value Mismatch,valueusd,Calculated vs reported value differs by >10%
650384994,Value Mismatch,valueusd,Calculated vs reported value differs by >10%
650384993,Value Mismatch,valueusd,Calculated vs reported value differs by >10%
650320024,Value Mismatch,valueusd,Calculated vs reported value differs by >10%
650320078,Value Mismatch,valueusd,Calculated vs reported value differs by >10%
650320076,Value Mismatch,valueusd,Calculated vs reported value differs by >10%
650320074,Value Mismatch,valueusd,Calculated vs reported value differs by >10%
6005943433,Value Mismatch,valueusd,Calculated vs reported value differs by >10%
653221129,Value Mismatch,valueusd,Calculated vs reported value differs by >10%
653221128,Value Mismatch,valueusd,Calculated vs reported value differs by >10%
6005953798,Value Mismatch,valueusd,Calculated vs reported value differs by >10%
6005943433,Value Mismatch,valueusd,Calculated vs reported value differs by >10%
6005268967,Value Mismatch,valueusd,Calculated vs reported value differs by >10%
6005084276,Value Mismatch,valueusd,Calculated vs reported value differs by >10%
653198682,Value Mismatch,valueusd,Calculated vs reported value differs by >10%
650320169,Value Mismatch,valueusd,Calculated vs reported value differs by >10%
653217400,Value Mismatch,valueusd,Calculated vs reported value differs by >10%
650320138,Value Mismatch,valueusd,Calculated vs reported value differs by >10%
6005176292,Value Mismatch,valueusd,Calculated vs reported value differs by >10%
650320202,Value Mismatch,valueusd,Calculated vs reported value differs by >10%
6006128922,Value Mismatch,valueusd,Calculated vs reported value differs by >10%
6005107659,Value Mismatch,valueusd,Calculated vs reported value differs by >10%
6005176292,Value Mismatch,valueusd,Calculated vs reported value differs by >10%
6005150141,Value Mismatch,valueusd,Calculated vs reported value differs by >10%
6005959619,Value Mismatch,valueusd,Calculated vs reported value differs by >10%
6005934411,Value Mismatch,valueusd,Calculated vs reported value differs by >10%
653221127,Value Mismatch,valueusd,Calculated vs reported value differs by >10%
653221126,Value Mismatch,valueusd,Calculated vs reported value differs by >10%
6005959619,Value Mismatch,valueusd,Calculated vs reported value differs by >10%
6005934411,Value Mismatch,valueusd,Calculated vs reported value differs by >10%
6005292607,Value Mismatch,valueusd,Calculated vs reported value differs by >10%
650359114,Value Mismatch,valueusd,Calculated vs reported value differs by >10%
6005292607,Value Mismatch,valueusd,Calculated vs reported value differs by >10%
8336705237,Value Mismatch,valueusd,Calculated vs reported value differs by >10%
6005157760,Value Mismatch,valueusd,Calculated vs reported value differs by >10%
650320026,Value Mismatch,valueusd,Calculated vs reported value differs by >10%
6006187731,Value Mismatch,valueusd,Calculated vs reported value differs by >10%
653217399,Value Mismatch,valueusd,Calculated vs reported value differs by >10%
651767167,Value Mismatch,valueusd,Calculated vs reported value differs by >10%
6006123200,Value Mismatch,valueusd,Calculated vs reported value differs by >10%
6005157760,Value Mismatch,valueusd,Calculated vs reported value differs by >10%
6006187731,Value Mismatch,valueusd,Calculated vs reported value differs by >10%
653221211,Value Mismatch,valueusd,Calculated vs reported value differs by >10%
6005218439,Value Mismatch,valueusd,Calculated vs reported value differs by >10%
6005174939,Value Mismatch,valueusd,Calculated vs reported value differs by >10%
6005097528,Value Mismatch,valueusd,Calculated vs reported value differs by >10%
650320058,Value Mismatch,valueusd,Calculated vs reported value differs by >10%
650320056,Value Mismatch,valueusd,Calculated vs reported value differs by >10%
650320054,Value Mismatch,valueusd,Calculated vs reported value differs by >10%
6005892221,Value Mismatch,valueusd,Calculated vs reported value differs by >10%
6005847171,Value Mismatch,valueusd,Calculated vs reported value differs by >10%
6005923455,Value Mismatch,valueusd,Calculated vs reported value differs by >10%
651803256,Value Mismatch,valueusd,Calculated vs reported value differs by >10%
651803255,Value Mismatch,valueusd,Calculated vs reported value differs by >10%
651803254,Value Mismatch,valueusd,Calculated vs reported value differs by >10%
651803253,Value Mismatch,valueusd,Calculated vs reported value differs by >10%
651803252,Value Mismatch,valueusd,Calculated vs reported value differs by >10%
653217430,Value Mismatch,valueusd,Calculated vs reported value differs by >10%
650320135,Value Mismatch,valueusd,Calculated vs reported value differs by >10%
6005465900,Value Mismatch,valueusd,Calculated vs reported value differs by >10%
6005801783,Value Mismatch,valueusd,Calculated vs reported value differs by >10%
6005758837,Value Mismatch,valueusd,Calculated vs reported value differs by >10%
6005097528,Value Mismatch,valueusd,Calculated vs reported value differs by >10%
6005894826,Value Mismatch,valueusd,Calculated vs reported value differs by >10%
6005174939,Value Mismatch,valueusd,Calculated vs reported value differs by >10%
6005164482,Value Mismatch,valueusd,Calculated vs reported value differs by >10%
6005847620,Value Mismatch,valueusd,Calculated vs reported value differs by >10%
6005218439,Value Mismatch,valueusd,Calculated vs reported value differs by >10%
6005755471,Value Mismatch,valueusd,Calculated vs reported value differs by >10%
6005780086,Value Mismatch,valueusd,Calculated vs reported value differs by >10%
6005840579,Value Mismatch,valueusd,Calculated vs reported value differs by >10%
6005892221,Value Mismatch,valueusd,Calculated vs reported value differs by >10%
6005847171,Value Mismatch,valueusd,Calculated vs reported value differs by >10%
6005756024,Value Mismatch,valueusd,Calculated vs reported value differs by >10%
6005923455,Value Mismatch,valueusd,Calculated vs reported value differs by >10%
6005465900,Value Mismatch,valueusd,Calculated vs reported value differs by >10%
6005780086,Value Mismatch,valueusd,Calculated vs reported value differs by >10%
6005755471,Value Mismatch,valueusd,Calculated vs reported value differs by >10%
6005847620,Value Mismatch,valueusd,Calculated vs reported value differs by >10%
6005894826,Value Mismatch,valueusd,Calculated vs reported value differs by >10%
6005801783,Value Mismatch,valueusd,Calculated vs reported value differs by >10%
6005758837,Value Mismatch,valueusd,Calculated vs reported value differs by >10%
651803205,Value Mismatch,valueusd,Calculated vs reported value differs by >10%
651803204,Value Mismatch,valueusd,Calculated vs reported value differs by >10%
651803203,Value Mismatch,valueusd,Calculated vs reported value differs by >10%
650336413,Value Mismatch,valueusd,Calculated vs reported value differs by >10%
650293457,Value Mismatch,valueusd,Calculated vs reported value differs by >10%
650306915,Value Mismatch,valueusd,Calculated vs reported value differs by >10%
650306914,Value Mismatch,valueusd,Calculated vs reported value differs by >10%
650306913,Value Mismatch,valueusd,Calculated vs reported value differs by >10%
650306912,Value Mismatch,valueusd,Calculated vs reported value differs by >10%
650306869,Value Mismatch,valueusd,Calculated vs reported value differs by >10%
650107951,Value Mismatch,valueusd,Calculated vs reported value differs by >10%
650156250,Value Mismatch,valueusd,Calculated vs reported value differs by >10%
650384992,Value Mismatch,valueusd,Calculated vs reported value differs by >10%
651803208,Value Mismatch,valueusd,Calculated vs reported value differs by >10%
653221195,Value Mismatch,valueusd,Calculated vs reported value differs by >10%
650320205,Value Mismatch,valueusd,Calculated vs reported value differs by >10%
6005161006,Value Mismatch,valueusd,Calculated vs reported value differs by >10%
650359175,Value Mismatch,valueusd,Calculated vs reported value differs by >10%
6005171403,Value Mismatch,valueusd,Calculated vs reported value differs by >10%
6005161006,Value Mismatch,valueusd,Calculated vs reported value differs by >10%
651870111,Value Mismatch,valueusd,Calculated vs reported value differs by >10%
652039069,Value Mismatch,valueusd,Calculated vs reported value differs by >10%
651838292,Value Mismatch,valueusd,Calculated vs reported value differs by >10%
651937554,Value Mismatch,valueusd,Calculated vs reported value differs by >10%
651787936,Value Mismatch,valueusd,Calculated vs reported value differs by >10%
651787935,Value Mismatch,valueusd,Calculated vs reported value differs by >10%
651992464,Value Mismatch,valueusd,Calculated vs reported value differs by >10%
651992461,Value Mismatch,valueusd,Calculated vs reported value differs by >10%
651870114,Value Mismatch,valueusd,Calculated vs reported value differs by >10%
651870113,Value Mismatch,valueusd,Calculated vs reported value differs by >10%
651870112,Value Mismatch,valueusd,Calculated vs reported value differs by >10%
651803794,Value Mismatch,valueusd,Calculated vs reported value differs by >10%
651803793,Value Mismatch,valueusd,Calculated vs reported value differs by >10%
651854079,Value Mismatch,valueusd,Calculated vs reported value differs by >10%
651850129,Value Mismatch,valueusd,Calculated vs reported value differs by >10%
651837822,Value Mismatch,valueusd,Calculated vs reported value differs by >10%
651837821,Value Mismatch,valueusd,Calculated vs reported value differs by >10%
651837820,Value Mismatch,valueusd,Calculated vs reported value differs by >10%
651874631,Value Mismatch,valueusd,Calculated vs reported value differs by >10%
651874630,Value Mismatch,valueusd,Calculated vs reported value differs by >10%
651937841,Value Mismatch,valueusd,Calculated vs reported value differs by >10%
651937840,Value Mismatch,valueusd,Calculated vs reported value differs by >10%
651937839,Value Mismatch,valueusd,Calculated vs reported value differs by >10%
651682088,Value Mismatch,valueusd,Calculated vs reported value differs by >10%
651682087,Value Mismatch,valueusd,Calculated vs reported value differs by >10%
651682086,Value Mismatch,valueusd,Calculated vs reported value differs by >10%
651787937,Value Mismatch,valueusd,Calculated vs reported value differs by >10%
651953295,Value Mismatch,valueusd,Calculated vs reported value differs by >10%
651953294,Value Mismatch,valueusd,Calculated vs reported value differs by >10%
651953293,Value Mismatch,valueusd,Calculated vs reported value differs by >10%
651992463,Value Mismatch,valueusd,Calculated vs reported value differs by >10%
651992462,Value Mismatch,valueusd,Calculated vs reported value differs by >10%
651992460,Value Mismatch,valueusd,Calculated vs reported value differs by >10%
651992459,Value Mismatch,valueusd,Calculated vs reported value differs by >10%
651990697,Value Mismatch,valueusd,Calculated vs reported value differs by >10%
651771720,Value Mismatch,valueusd,Calculated vs reported value differs by >10%
651771719,Value Mismatch,valueusd,Calculated vs reported value differs by >10%
651771718,Value Mismatch,valueusd,Calculated vs reported value differs by >10%
651771717,Value Mismatch,valueusd,Calculated vs reported value differs by >10%
651771716,Value Mismatch,valueusd,Calculated vs reported value differs by >10%
651771715,Value Mismatch,valueusd,Calculated vs reported value differs by >10%
651771714,Value Mismatch,valueusd,Calculated vs reported value differs by >10%
651771713,Value Mismatch,valueusd,Calculated vs reported value differs by >10%
651771712,Value Mismatch,valueusd,Calculated vs reported value differs by >10%
651771711,Value Mismatch,valueusd,Calculated vs reported value differs by >10%
651771710,Value Mismatch,valueusd,Calculated vs reported value differs by >10%
651771709,Value Mismatch,valueusd,Calculated vs reported value differs by >10%
651771708,Value Mismatch,valueusd,Calculated vs reported value differs by >10%
651771706,Value Mismatch,valueusd,Calculated vs reported value differs by >10%
651771705,Value Mismatch,valueusd,Calculated vs reported value differs by >10%
6005187389,Value Mismatch,valueusd,Calculated vs reported value differs by >10%
650359181,Value Mismatch,valueusd,Calculated vs reported value differs by >10%
650359180,Value Mismatch,valueusd,Calculated vs reported value differs by >10%
6005122801,Value Mismatch,valueusd,Calculated vs reported value differs by >10%
6005187389,Value Mismatch,valueusd,Calculated vs reported value differs by >10%
3697707838,Value Mismatch,valueusd,Calculated vs reported value differs by >10%
3697362433,Value Mismatch,valueusd,Calculated vs reported value differs by >10%
3697362431,Value Mismatch,valueusd,Calculated vs reported value differs by >10%
3697481590,Value Mismatch,valueusd,Calculated vs reported value differs by >10%
3697481589,Value Mismatch,valueusd,Calculated vs reported value differs by >10%
3697389621,Value Mismatch,valueusd,Calculated vs reported value differs by >10%
3697389620,Value Mismatch,valueusd,Calculated vs reported value differs by >10%
3697389619,Value Mismatch,valueusd,Calculated vs reported value differs by >10%
3697389618,Value Mismatch,valueusd,Calculated vs reported value differs by >10%
3697389617,Value Mismatch,valueusd,Calculated vs reported value differs by >10%
3697389616,Value Mismatch,valueusd,Calculated vs reported value differs by >10%
3697389615,Value Mismatch,valueusd,Calculated vs reported value differs by >10%
3697389614,Value Mismatch,valueusd,Calculated vs reported value differs by >10%
3697389613,Value Mismatch,valueusd,Calculated vs reported value differs by >10%
3697389612,Value Mismatch,valueusd,Calculated vs reported value differs by >10%
3697389611,Value Mismatch,valueusd,Calculated vs reported value differs by >10%
3697653774,Value Mismatch,valueusd,Calculated vs reported value differs by >10%
3697653773,Value Mismatch,valueusd,Calculated vs reported value differs by >10%
3697481591,Value Mismatch,valueusd,Calculated vs reported value differs by >10%
3697543909,Value Mismatch,valueusd,Calculated vs reported value differs by >10%
3697649899,Value Mismatch,valueusd,Calculated vs reported value differs by >10%
3700823491,Value Mismatch,valueusd,Calculated vs reported value differs by >10%
3700339821,Value Mismatch,valueusd,Calculated vs reported value differs by >10%
3700339821,Value Mismatch,valueusd,Calculated vs reported value differs by >10%
3699018435,Value Mismatch,valueusd,Calculated vs reported value differs by >10%
3699018434,Value Mismatch,valueusd,Calculated vs reported value differs by >10%
3699018433,Value Mismatch,valueusd,Calculated vs reported value differs by >10%
3699018432,Value Mismatch,valueusd,Calculated vs reported value differs by >10%
3699018431,Value Mismatch,valueusd,Calculated vs reported value differs by >10%
3699018430,Value Mismatch,valueusd,Calculated vs reported value differs by >10%
3699018429,Value Mismatch,valueusd,Calculated vs reported value differs by >10%
3699018428,Value Mismatch,valueusd,Calculated vs reported value differs by >10%
3699018427,Value Mismatch,valueusd,Calculated vs reported value differs by >10%
3699018426,Value Mismatch,valueusd,Calculated vs reported value differs by >10%
3699018425,Value Mismatch,valueusd,Calculated vs reported value differs by >10%
3699018424,Value Mismatch,valueusd,Calculated vs reported value differs by >10%
3699018423,Value Mismatch,valueusd,Calculated vs reported value differs by >10%
3699018422,Value Mismatch,valueusd,Calculated vs reported value differs by >10%
3699018421,Value Mismatch,valueusd,Calculated vs reported value differs by >10%
3699018420,Value Mismatch,valueusd,Calculated vs reported value differs by >10%
3699018419,Value Mismatch,valueusd,Calculated vs reported value differs by >10%
3699018418,Value Mismatch,valueusd,Calculated vs reported value differs by >10%
3699018417,Value Mismatch,valueusd,Calculated vs reported value differs by >10%
3699018416,Value Mismatch,valueusd,Calculated vs reported value differs by >10%
3699018415,Value Mismatch,valueusd,Calculated vs reported value differs by >10%
3699018414,Value Mismatch,valueusd,Calculated vs reported value differs by >10%
3699018413,Value Mismatch,valueusd,Calculated vs reported value differs by >10%
3699018412,Value Mismatch,valueusd,Calculated vs reported value differs by >10%
3699018411,Value Mismatch,valueusd,Calculated vs reported value differs by >10%
3699018410,Value Mismatch,valueusd,Calculated vs reported value differs by >10%
3699018409,Value Mismatch,valueusd,Calculated vs reported value differs by >10%
3699018408,Value Mismatch,valueusd,Calculated vs reported value differs by >10%
3699018407,Value Mismatch,valueusd,Calculated vs reported value differs by >10%
3699018406,Value Mismatch,valueusd,Calculated vs reported value differs by >10%
3699018405,Value Mismatch,valueusd,Calculated vs reported value differs by >10%
3700840333,Value Mismatch,valueusd,Calculated vs reported value differs by >10%
3700838769,Value Mismatch,valueusd,Calculated vs reported value differs by >10%
3700838768,Value Mismatch,valueusd,Calculated vs reported value differs by >10%
5642185171,Value Mismatch,valueusd,Calculated vs reported value differs by >10%
3700840333,Value Mismatch,valueusd,Calculated vs reported value differs by >10%
5642185170,Value Mismatch,valueusd,Calculated vs reported value differs by >10%
5642199565,Value Mismatch,valueusd,Calculated vs reported value differs by >10%
5642199565,Value Mismatch,valueusd,Calculated vs reported value differs by >10%
5642185170,Value Mismatch,valueusd,Calculated vs reported value differs by >10%
5642185171,Value Mismatch,valueusd,Calculated vs reported value differs by >10%
3697727562,Value Mismatch,valueusd,Calculated vs reported value differs by >10%
3698993321,Value Mismatch,valueusd,Calculated vs reported value differs by >10%
3700335503,Value Mismatch,valueusd,Calculated vs reported value differs by >10%
3700340166,Value Mismatch,valueusd,Calculated vs reported value differs by >10%
3700837032,Value Mismatch,valueusd,Calculated vs reported value differs by >10%
3700837039,Value Mismatch,valueusd,Calculated vs reported value differs by >10%
3700334533,Value Mismatch,valueusd,Calculated vs reported value differs by >10%
3698992905,Value Mismatch,valueusd,Calculated vs reported value differs by >10%
3700837033,Value Mismatch,valueusd,Calculated vs reported value differs by >10%
3698992905,Value Mismatch,valueusd,Calculated vs reported value differs by >10%
3700837032,Value Mismatch,valueusd,Calculated vs reported value differs by >10%
3700837053,Value Mismatch,valueusd,Calculated vs reported value differs by >10%
3700334533,Value Mismatch,valueusd,Calculated vs reported value differs by >10%
3700837034,Value Mismatch,valueusd,Calculated vs reported value differs by >10%
3700837035,Value Mismatch,valueusd,Calculated vs reported value differs by >10%
3700837038,Value Mismatch,valueusd,Calculated vs reported value differs by >10%
3700837039,Value Mismatch,valueusd,Calculated vs reported value differs by >10%
3700837040,Value Mismatch,valueusd,Calculated vs reported value differs by >10%
3700837041,Value Mismatch,valueusd,Calculated vs reported value differs by >10%
3700340787,Value Mismatch,valueusd,Calculated vs reported value differs by >10%
3700335323,Value Mismatch,valueusd,Calculated vs reported value differs by >10%
3700334691,Value Mismatch,valueusd,Calculated vs reported value differs by >10%
3700865007,Value Mismatch,valueusd,Calculated vs reported value differs by >10%
3700865008,Value Mismatch,valueusd,Calculated vs reported value differs by >10%
3700865008,Value Mismatch,valueusd,Calculated vs reported value differs by >10%
3700865007,Value Mismatch,valueusd,Calculated vs reported value differs by >10%
3700332768,Value Mismatch,valueusd,Calculated vs reported value differs by >10%
3700332757,Value Mismatch,valueusd,Calculated vs reported value differs by >10%
3698997486,Value Mismatch,valueusd,Calculated vs reported value differs by >10%
5642087042,Value Mismatch,valueusd,Calculated vs reported value differs by >10%
5642080111,Value Mismatch,valueusd,Calculated vs reported value differs by >10%
5642087042,Value Mismatch,valueusd,Calculated vs reported value differs by >10%
5642080111,Value Mismatch,valueusd,Calculated vs reported value differs by >10%
5642072342,Value Mismatch,valueusd,Calculated vs reported value differs by >10%
3700334657,Value Mismatch,valueusd,Calculated vs reported value differs by >10%
3700334655,Value Mismatch,valueusd,Calculated vs reported value differs by >10%
3700865008,Value Mismatch,valueusd,Calculated vs reported value differs by >10%
3700865007,Value Mismatch,valueusd,Calculated vs reported value differs by >10%
3698997486,Value Mismatch,valueusd,Calculated vs reported value differs by >10%
5642080111,Value Mismatch,valueusd,Calculated vs reported value differs by >10%
5642087042,Value Mismatch,valueusd,Calculated vs reported value differs by >10%
3700334654,Value Mismatch,valueusd,Calculated vs reported value differs by >10%
3700334653,Value Mismatch,valueusd,Calculated vs reported value differs by >10%
3700340974,Value Mismatch,valueusd,Calculated vs reported value differs by >10%
3700422344,Value Mismatch,valueusd,Calculated vs reported value differs by >10%
3700415717,Value Mismatch,valueusd,Calculated vs reported value differs by >10%
3700415716,Value Mismatch,valueusd,Calculated vs reported value differs by >10%
3700464245,Value Mismatch,valueusd,Calculated vs reported value differs by >10%
3700464244,Value Mismatch,valueusd,Calculated vs reported value differs by >10%
3700464243,Value Mismatch,valueusd,Calculated vs reported value differs by >10%
3700464242,Value Mismatch,valueusd,Calculated vs reported value differs by >10%
3700464241,Value Mismatch,valueusd,Calculated vs reported value differs by >10%
3700464240,Value Mismatch,valueusd,Calculated vs reported value differs by >10%
3700464239,Value Mismatch,valueusd,Calculated vs reported value differs by >10%
3700464238,Value Mismatch,valueusd,Calculated vs reported value differs by >10%
3700464237,Value Mismatch,valueusd,Calculated vs reported value differs by >10%
3700464236,Value Mismatch,valueusd,Calculated vs reported value differs by >10%
3700464235,Value Mismatch,valueusd,Calculated vs reported value differs by >10%
3700464234,Value Mismatch,valueusd,Calculated vs reported value differs by >10%
3700464233,Value Mismatch,valueusd,Calculated vs reported value differs by >10%
3700464232,Value Mismatch,valueusd,Calculated vs reported value differs by >10%
3700464231,Value Mismatch,valueusd,Calculated vs reported value differs by >10%
3700464230,Value Mismatch,valueusd,Calculated vs reported value differs by >10%
3700464229,Value Mismatch,valueusd,Calculated vs reported value differs by >10%
3700464228,Value Mismatch,valueusd,Calculated vs reported value differs by >10%
3700464227,Value Mismatch,valueusd,Calculated vs reported value differs by >10%
3700464226,Value Mismatch,valueusd,Calculated vs reported value differs by >10%
3700464225,Value Mismatch,valueusd,Calculated vs reported value differs by >10%
3700464224,Value Mismatch,valueusd,Calculated vs reported value differs by >10%
3700464223,Value Mismatch,valueusd,Calculated vs reported value differs by >10%
3700464222,Value Mismatch,valueusd,Calculated vs reported value differs by >10%
3700464221,Value Mismatch,valueusd,Calculated vs reported value differs by >10%
3700464220,Value Mismatch,valueusd,Calculated vs reported value differs by >10%
3700464219,Value Mismatch,valueusd,Calculated vs reported value differs by >10%
3700455115,Value Mismatch,valueusd,Calculated vs reported value differs by >10%
3700341373,Value Mismatch,valueusd,Calculated vs reported value differs by >10%
3700341372,Value Mismatch,valueusd,Calculated vs reported value differs by >10%
3700341371,Value Mismatch,valueusd,Calculated vs reported value differs by >10%
3700341370,Value Mismatch,valueusd,Calculated vs reported value differs by >10%
3700341369,Value Mismatch,valueusd,Calculated vs reported value differs by >10%
3700341368,Value Mismatch,valueusd,Calculated vs reported value differs by >10%
3700341367,Value Mismatch,valueusd,Calculated vs reported value differs by >10%
3700341366,Value Mismatch,valueusd,Calculated vs reported value differs by >10%
3700341365,Value Mismatch,valueusd,Calculated vs reported value differs by >10%
3700341364,Value Mismatch,valueusd,Calculated vs reported value differs by >10%
3700341363,Value Mismatch,valueusd,Calculated vs reported value differs by >10%
3700341362,Value Mismatch,valueusd,Calculated vs reported value differs by >10%
3700341361,Value Mismatch,valueusd,Calculated vs reported value differs by >10%
3700341360,Value Mismatch,valueusd,Calculated vs reported value differs by >10%
3700341359,Value Mismatch,valueusd,Calculated vs reported value differs by >10%
3700341358,Value Mismatch,valueusd,Calculated vs reported value differs by >10%
3700341357,Value Mismatch,valueusd,Calculated vs reported value differs by >10%
3700341356,Value Mismatch,valueusd,Calculated vs reported value differs by >10%
3700341355,Value Mismatch,valueusd,Calculated vs reported value differs by >10%
3700341354,Value Mismatch,valueusd,Calculated vs reported value differs by >10%
3700341353,Value Mismatch,valueusd,Calculated vs reported value differs by >10%
3700341352,Value Mismatch,valueusd,Calculated vs reported value differs by >10%
3700341351,Value Mismatch,valueusd,Calculated vs reported value differs by >10%
3700341350,Value Mismatch,valueusd,Calculated vs reported value differs by >10%
3700341349,Value Mismatch,valueusd,Calculated vs reported value differs by >10%
3700341224,Value Mismatch,valueusd,Calculated vs reported value differs by >10%
3700341223,Value Mismatch,valueusd,Calculated vs reported value differs by >10%
3700341222,Value Mismatch,valueusd,Calculated vs reported value differs by >10%
3700341221,Value Mismatch,valueusd,Calculated vs reported value differs by >10%
3700341220,Value Mismatch,valueusd,Calculated vs reported value differs by >10%
3700341219,Value Mismatch,valueusd,Calculated vs reported value differs by >10%
3700341218,Value Mismatch,valueusd,Calculated vs reported value differs by >10%
3700341217,Value Mismatch,valueusd,Calculated vs reported value differs by >10%
3700341216,Value Mismatch,valueusd,Calculated vs reported value differs by >10%
3700341215,Value Mismatch,valueusd,Calculated vs reported value differs by >10%
3700341214,Value Mismatch,valueusd,Calculated vs reported value differs by >10%
3700341213,Value Mismatch,valueusd,Calculated vs reported value differs by >10%
3700341212,Value Mismatch,valueusd,Calculated vs reported value differs by >10%
3700341211,Value Mismatch,valueusd,Calculated vs reported value differs by >10%
3700341210,Value Mismatch,valueusd,Calculated vs reported value differs by >10%
3700341209,Value Mismatch,valueusd,Calculated vs reported value differs by >10%
3700341208,Value Mismatch,valueusd,Calculated vs reported value differs by >10%
3700341207,Value Mismatch,valueusd,Calculated vs reported value differs by >10%
3700341206,Value Mismatch,valueusd,Calculated vs reported value differs by >10%
3700341205,Value Mismatch,valueusd,Calculated vs reported value differs by >10%
3700341204,Value Mismatch,valueusd,Calculated vs reported value differs by >10%
3700341201,Value Mismatch,valueusd,Calculated vs reported value differs by >10%
3700341196,Value Mismatch,valueusd,Calculated vs reported value differs by >10%
3700341195,Value Mismatch,valueusd,Calculated vs reported value differs by >10%
3700341194,Value Mismatch,valueusd,Calculated vs reported value differs by >10%
3700341192,Value Mismatch,valueusd,Calculated vs reported value differs by >10%
3700341191,Value Mismatch,valueusd,Calculated vs reported value differs by >10%
3700341190,Value Mismatch,valueusd,Calculated vs reported value differs by >10%
3700341189,Value Mismatch,valueusd,Calculated vs reported value differs by >10%
3700341188,Value Mismatch,valueusd,Calculated vs reported value differs by >10%
3700341187,Value Mismatch,valueusd,Calculated vs reported value differs by >10%
3700341186,Value Mismatch,valueusd,Calculated vs reported value differs by >10%
3700341185,Value Mismatch,valueusd,Calculated vs reported value differs by >10%
3700341184,Value Mismatch,valueusd,Calculated vs reported value differs by >10%
3700341183,Value Mismatch,valueusd,Calculated vs reported value differs by >10%
3700341182,Value Mismatch,valueusd,Calculated vs reported value differs by >10%
3700341181,Value Mismatch,valueusd,Calculated vs reported value differs by >10%
3700341180,Value Mismatch,valueusd,Calculated vs reported value differs by >10%
3700341179,Value Mismatch,valueusd,Calculated vs reported value differs by >10%
3700341178,Value Mismatch,valueusd,Calculated vs reported value differs by >10%
3700341177,Value Mismatch,valueusd,Calculated vs reported value differs by >10%
3700341176,Value Mismatch,valueusd,Calculated vs reported value differs by >10%
3700341175,Value Mismatch,valueusd,Calculated vs reported value differs by >10%
3700340985,Value Mismatch,valueusd,Calculated vs reported value differs by >10%
3700340984,Value Mismatch,valueusd,Calculated vs reported value differs by >10%
3700340983,Value Mismatch,valueusd,Calculated vs reported value differs by >10%
3700340982,Value Mismatch,valueusd,Calculated vs reported value differs by >10%
3700340981,Value Mismatch,valueusd,Calculated vs reported value differs by >10%
3700340980,Value Mismatch,valueusd,Calculated vs reported value differs by >10%
3700340979,Value Mismatch,valueusd,Calculated vs reported value differs by >10%
3700340978,Value Mismatch,valueusd,Calculated vs reported value differs by >10%
3700340976,Value Mismatch,valueusd,Calculated vs reported value differs by >10%
3700340975,Value Mismatch,valueusd,Calculated vs reported value differs by >10%
3700340973,Value Mismatch,valueusd,Calculated vs reported value differs by >10%
3700340972,Value Mismatch,valueusd,Calculated vs reported value differs by >10%
3700340970,Value Mismatch,valueusd,Calculated vs reported value differs by >10%
3700340969,Value Mismatch,valueusd,Calculated vs reported value differs by >10%
3700340968,Value Mismatch,valueusd,Calculated vs reported value differs by >10%
3700340967,Value Mismatch,valueusd,Calculated vs reported value differs by >10%
3700340966,Value Mismatch,valueusd,Calculated vs reported value differs by >10%
3700340965,Value Mismatch,valueusd,Calculated vs reported value differs by >10%
3700340964,Value Mismatch,valueusd,Calculated vs reported value differs by >10%
3700340963,Value Mismatch,valueusd,Calculated vs reported value differs by >10%
3700340962,Value Mismatch,valueusd,Calculated vs reported value differs by >10%
3700340961,Value Mismatch,valueusd,Calculated vs reported value differs by >10%
3700340960,Value Mismatch,valueusd,Calculated vs reported value differs by >10%
3700340959,Value Mismatch,valueusd,Calculated vs reported value differs by >10%
3700340958,Value Mismatch,valueusd,Calculated vs reported value differs by >10%
3700340957,Value Mismatch,valueusd,Calculated vs reported value differs by >10%
3700340955,Value Mismatch,valueusd,Calculated vs reported value differs by >10%
3700340954,Value Mismatch,valueusd,Calculated vs reported value differs by >10%
3700340953,Value Mismatch,valueusd,Calculated vs reported value differs by >10%
3700340952,Value Mismatch,valueusd,Calculated vs reported value differs by >10%
3700340951,Value Mismatch,valueusd,Calculated vs reported value differs by >10%
3700340950,Value Mismatch,valueusd,Calculated vs reported value differs by >10%
3700340949,Value Mismatch,valueusd,Calculated vs reported value differs by >10%
3700340948,Value Mismatch,valueusd,Calculated vs reported value differs by >10%
3700340947,Value Mismatch,valueusd,Calculated vs reported value differs by >10%
3700340946,Value Mismatch,valueusd,Calculated vs reported value differs by >10%
3700340945,Value Mismatch,valueusd,Calculated vs reported value differs by >10%
3700340944,Value Mismatch,valueusd,Calculated vs reported value differs by >10%
3700340943,Value Mismatch,valueusd,Calculated vs reported value differs by >10%
3700340942,Value Mismatch,valueusd,Calculated vs reported value differs by >10%
3700340941,Value Mismatch,valueusd,Calculated vs reported value differs by >10%
3700340940,Value Mismatch,valueusd,Calculated vs reported value differs by >10%
3700340939,Value Mismatch,valueusd,Calculated vs reported value differs by >10%
3700340937,Value Mismatch,valueusd,Calculated vs reported value differs by >10%
3700340936,Value Mismatch,valueusd,Calculated vs reported value differs by >10%
3700340798,Value Mismatch,valueusd,Calculated vs reported value differs by >10%
3700340796,Value Mismatch,valueusd,Calculated vs reported value differs by >10%
3700340795,Value Mismatch,valueusd,Calculated vs reported value differs by >10%
3700340794,Value Mismatch,valueusd,Calculated vs reported value differs by >10%
3700340793,Value Mismatch,valueusd,Calculated vs reported value differs by >10%
3700340792,Value Mismatch,valueusd,Calculated vs reported value differs by >10%
3700340791,Value Mismatch,valueusd,Calculated vs reported value differs by >10%
3700340790,Value Mismatch,valueusd,Calculated vs reported value differs by >10%
3700340789,Value Mismatch,valueusd,Calculated vs reported value differs by >10%
3700340788,Value Mismatch,valueusd,Calculated vs reported value differs by >10%
3700340786,Value Mismatch,valueusd,Calculated vs reported value differs by >10%
3700340785,Value Mismatch,valueusd,Calculated vs reported value differs by >10%
3700340783,Value Mismatch,valueusd,Calculated vs reported value differs by >10%
3700340782,Value Mismatch,valueusd,Calculated vs reported value differs by >10%
3700340781,Value Mismatch,valueusd,Calculated vs reported value differs by >10%
3700340780,Value Mismatch,valueusd,Calculated vs reported value differs by >10%
3700340779,Value Mismatch,valueusd,Calculated vs reported value differs by >10%
3700340778,Value Mismatch,valueusd,Calculated vs reported value differs by >10%
3700340777,Value Mismatch,valueusd,Calculated vs reported value differs by >10%
3700340776,Value Mismatch,valueusd,Calculated vs reported value differs by >10%
3700340775,Value Mismatch,valueusd,Calculated vs reported value differs by >10%
3700340774,Value Mismatch,valueusd,Calculated vs reported value differs by >10%
3700340773,Value Mismatch,valueusd,Calculated vs reported value differs by >10%
3700340772,Value Mismatch,valueusd,Calculated vs reported value differs by >10%
3700335336,Value Mismatch,valueusd,Calculated vs reported value differs by >10%
3700335335,Value Mismatch,valueusd,Calculated vs reported value differs by >10%
3700335334,Value Mismatch,valueusd,Calculated vs reported value differs by >10%
3700335333,Value Mismatch,valueusd,Calculated vs reported value differs by >10%
3700335332,Value Mismatch,valueusd,Calculated vs reported value differs by >10%
3700335331,Value Mismatch,valueusd,Calculated vs reported value differs by >10%
3700335330,Value Mismatch,valueusd,Calculated vs reported value differs by >10%
3700335329,Value Mismatch,valueusd,Calculated vs reported value differs by >10%
3700335328,Value Mismatch,valueusd,Calculated vs reported value differs by >10%
3700335327,Value Mismatch,valueusd,Calculated vs reported value differs by >10%
3700335326,Value Mismatch,valueusd,Calculated vs reported value differs by >10%
3700335325,Value Mismatch,valueusd,Calculated vs reported value differs by >10%
3700335324,Value Mismatch,valueusd,Calculated vs reported value differs by >10%
3700335322,Value Mismatch,valueusd,Calculated vs reported value differs by >10%
3700335321,Value Mismatch,valueusd,Calculated vs reported value differs by >10%
3700335320,Value Mismatch,valueusd,Calculated vs reported value differs by >10%
3700335319,Value Mismatch,valueusd,Calculated vs reported value differs by >10%
3700335318,Value Mismatch,valueusd,Calculated vs reported value differs by >10%
3700335317,Value Mismatch,valueusd,Calculated vs reported value differs by >10%
3700335315,Value Mismatch,valueusd,Calculated vs reported value differs by >10%
3700335314,Value Mismatch,valueusd,Calculated vs reported value differs by >10%
3700335313,Value Mismatch,valueusd,Calculated vs reported value differs by >10%
3700335312,Value Mismatch,valueusd,Calculated vs reported value differs by >10%
3700335311,Value Mismatch,valueusd,Calculated vs reported value differs by >10%
3700335310,Value Mismatch,valueusd,Calculated vs reported value differs by >10%
3700335309,Value Mismatch,valueusd,Calculated vs reported value differs by >10%
3700335308,Value Mismatch,valueusd,Calculated vs reported value differs by >10%
3700335307,Value Mismatch,valueusd,Calculated vs reported value differs by >10%
3700335306,Value Mismatch,valueusd,Calculated vs reported value differs by >10%
3700335305,Value Mismatch,valueusd,Calculated vs reported value differs by >10%
3700335304,Value Mismatch,valueusd,Calculated vs reported value differs by >10%
3700335303,Value Mismatch,valueusd,Calculated vs reported value differs by >10%
3700335302,Value Mismatch,valueusd,Calculated vs reported value differs by >10%
3700335301,Value Mismatch,valueusd,Calculated vs reported value differs by >10%
3700335300,Value Mismatch,valueusd,Calculated vs reported value differs by >10%
3700334858,Value Mismatch,valueusd,Calculated vs reported value differs by >10%
3700334857,Value Mismatch,valueusd,Calculated vs reported value differs by >10%
3700334856,Value Mismatch,valueusd,Calculated vs reported value differs by >10%
3700334855,Value Mismatch,valueusd,Calculated vs reported value differs by >10%
3700334854,Value Mismatch,valueusd,Calculated vs reported value differs by >10%
3700334853,Value Mismatch,valueusd,Calculated vs reported value differs by >10%
3700334852,Value Mismatch,valueusd,Calculated vs reported value differs by >10%
3700334851,Value Mismatch,valueusd,Calculated vs reported value differs by >10%
3700334850,Value Mismatch,valueusd,Calculated vs reported value differs by >10%
3700334849,Value Mismatch,valueusd,Calculated vs reported value differs by >10%
3700334848,Value Mismatch,valueusd,Calculated vs reported value differs by >10%
3700334847,Value Mismatch,valueusd,Calculated vs reported value differs by >10%
3700334846,Value Mismatch,valueusd,Calculated vs reported value differs by >10%
3700334845,Value Mismatch,valueusd,Calculated vs reported value differs by >10%
3700334844,Value Mismatch,valueusd,Calculated vs reported value differs by >10%
3700334843,Value Mismatch,valueusd,Calculated vs reported value differs by >10%
3700334842,Value Mismatch,valueusd,Calculated vs reported value differs by >10%
3700334841,Value Mismatch,valueusd,Calculated vs reported value differs by >10%
3700334840,Value Mismatch,valueusd,Calculated vs reported value differs by >10%
3700334839,Value Mismatch,valueusd,Calculated vs reported value differs by >10%
3700334838,Value Mismatch,valueusd,Calculated vs reported value differs by >10%
3700334837,Value Mismatch,valueusd,Calculated vs reported value differs by >10%
3700334836,Value Mismatch,valueusd,Calculated vs reported value differs by >10%
3700334835,Value Mismatch,valueusd,Calculated vs reported value differs by >10%
3700334834,Value Mismatch,valueusd,Calculated vs reported value differs by >10%
3700334833,Value Mismatch,valueusd,Calculated vs reported value differs by >10%
3700334827,Value Mismatch,valueusd,Calculated vs reported value differs by >10%
3700334826,Value Mismatch,valueusd,Calculated vs reported value differs by >10%
3700334825,Value Mismatch,valueusd,Calculated vs reported value differs by >10%
3700334824,Value Mismatch,valueusd,Calculated vs reported value differs by >10%
3700334823,Value Mismatch,valueusd,Calculated vs reported value differs by >10%
3700334822,Value Mismatch,valueusd,Calculated vs reported value differs by >10%
3700334821,Value Mismatch,valueusd,Calculated vs reported value differs by >10%
3700334820,Value Mismatch,valueusd,Calculated vs reported value differs by >10%
3700334819,Value Mismatch,valueusd,Calculated vs reported value differs by >10%
3700334818,Value Mismatch,valueusd,Calculated vs reported value differs by >10%
3700334817,Value Mismatch,valueusd,Calculated vs reported value differs by >10%
3700334816,Value Mismatch,valueusd,Calculated vs reported value differs by >10%
3700334815,Value Mismatch,valueusd,Calculated vs reported value differs by >10%
3700334814,Value Mismatch,valueusd,Calculated vs reported value differs by >10%
3700334813,Value Mismatch,valueusd,Calculated vs reported value differs by >10%
3700334692,Value Mismatch,valueusd,Calculated vs reported value differs by >10%
3700334690,Value Mismatch,valueusd,Calculated vs reported value differs by >10%
3700334689,Value Mismatch,valueusd,Calculated vs reported value differs by >10%
3700334688,Value Mismatch,valueusd,Calculated vs reported value differs by >10%
3700334687,Value Mismatch,valueusd,Calculated vs reported value differs by >10%
3700334685,Value Mismatch,valueusd,Calculated vs reported value differs by >10%
3700334683,Value Mismatch,valueusd,Calculated vs reported value differs by >10%
3700334682,Value Mismatch,valueusd,Calculated vs reported value differs by >10%
3700334681,Value Mismatch,valueusd,Calculated vs reported value differs by >10%
3700334680,Value Mismatch,valueusd,Calculated vs reported value differs by >10%
3700334679,Value Mismatch,valueusd,Calculated vs reported value differs by >10%
3700334678,Value Mismatch,valueusd,Calculated vs reported value differs by >10%
3700334677,Value Mismatch,valueusd,Calculated vs reported value differs by >10%
3700334676,Value Mismatch,valueusd,Calculated vs reported value differs by >10%
3700334675,Value Mismatch,valueusd,Calculated vs reported value differs by >10%
3700334674,Value Mismatch,valueusd,Calculated vs reported value differs by >10%
3700334673,Value Mismatch,valueusd,Calculated vs reported value differs by >10%
3700334672,Value Mismatch,valueusd,Calculated vs reported value differs by >10%
3700334671,Value Mismatch,valueusd,Calculated vs reported value differs by >10%
3700334670,Value Mismatch,valueusd,Calculated vs reported value differs by >10%
3700334669,Value Mismatch,valueusd,Calculated vs reported value differs by >10%
3700334668,Value Mismatch,valueusd,Calculated vs reported value differs by >10%
3700334667,Value Mismatch,valueusd,Calculated vs reported value differs by >10%
3700334666,Value Mismatch,valueusd,Calculated vs reported value differs by >10%
3700334665,Value Mismatch,valueusd,Calculated vs reported value differs by >10%
3700334664,Value Mismatch,valueusd,Calculated vs reported value differs by >10%
3700334663,Value Mismatch,valueusd,Calculated vs reported value differs by >10%
3700334662,Value Mismatch,valueusd,Calculated vs reported value differs by >10%
3700334661,Value Mismatch,valueusd,Calculated vs reported value differs by >10%
3700334660,Value Mismatch,valueusd,Calculated vs reported value differs by >10%
3700334652,Value Mismatch,valueusd,Calculated vs reported value differs by >10%
3700334651,Value Mismatch,valueusd,Calculated vs reported value differs by >10%
3700334650,Value Mismatch,valueusd,Calculated vs reported value differs by >10%
3700334647,Value Mismatch,valueusd,Calculated vs reported value differs by >10%
3700334646,Value Mismatch,valueusd,Calculated vs reported value differs by >10%
3700334645,Value Mismatch,valueusd,Calculated vs reported value differs by >10%
3700334643,Value Mismatch,valueusd,Calculated vs reported value differs by >10%
3700334642,Value Mismatch,valueusd,Calculated vs reported value differs by >10%
3700334640,Value Mismatch,valueusd,Calculated vs reported value differs by >10%
3700334639,Value Mismatch,valueusd,Calculated vs reported value differs by >10%
3700334638,Value Mismatch,valueusd,Calculated vs reported value differs by >10%
3700334637,Value Mismatch,valueusd,Calculated vs reported value differs by >10%
3700334636,Value Mismatch,valueusd,Calculated vs reported value differs by >10%
3700334635,Value Mismatch,valueusd,Calculated vs reported value differs by >10%
3700334001,Value Mismatch,valueusd,Calculated vs reported value differs by >10%
3700334000,Value Mismatch,valueusd,Calculated vs reported value differs by >10%
3700333999,Value Mismatch,valueusd,Calculated vs reported value differs by >10%
3700333998,Value Mismatch,valueusd,Calculated vs reported value differs by >10%
3700333997,Value Mismatch,valueusd,Calculated vs reported value differs by >10%
3700333996,Value Mismatch,valueusd,Calculated vs reported value differs by >10%
3700333995,Value Mismatch,valueusd,Calculated vs reported value differs by >10%
3700333994,Value Mismatch,valueusd,Calculated vs reported value differs by >10%
3700333993,Value Mismatch,valueusd,Calculated vs reported value differs by >10%
3700333992,Value Mismatch,valueusd,Calculated vs reported value differs by >10%
3700333990,Value Mismatch,valueusd,Calculated vs reported value differs by >10%
3700333989,Value Mismatch,valueusd,Calculated vs reported value differs by >10%
3700333988,Value Mismatch,valueusd,Calculated vs reported value differs by >10%
3700333987,Value Mismatch,valueusd,Calculated vs reported value differs by >10%
3700333986,Value Mismatch,valueusd,Calculated vs reported value differs by >10%
3700333985,Value Mismatch,valueusd,Calculated vs reported value differs by >10%
3700333984,Value Mismatch,valueusd,Calculated vs reported value differs by >10%
3700333983,Value Mismatch,valueusd,Calculated vs reported value differs by >10%
3700333981,Value Mismatch,valueusd,Calculated vs reported value differs by >10%
3700333980,Value Mismatch,valueusd,Calculated vs reported value differs by >10%
3700333979,Value Mismatch,valueusd,Calculated vs reported value differs by >10%
3700333978,Value Mismatch,valueusd,Calculated vs reported value differs by >10%
3700333977,Value Mismatch,valueusd,Calculated vs reported value differs by >10%
3700333976,Value Mismatch,valueusd,Calculated vs reported value differs by >10%
3700333975,Value Mismatch,valueusd,Calculated vs reported value differs by >10%
3700333973,Value Mismatch,valueusd,Calculated vs reported value differs by >10%
3700333972,Value Mismatch,valueusd,Calculated vs reported value differs by >10%
3700333971,Value Mismatch,valueusd,Calculated vs reported value differs by >10%
3700333970,Value Mismatch,valueusd,Calculated vs reported value differs by >10%
3700333969,Value Mismatch,valueusd,Calculated vs reported value differs by >10%
3700333968,Value Mismatch,valueusd,Calculated vs reported value differs by >10%
3700333967,Value Mismatch,valueusd,Calculated vs reported value differs by >10%
3700333966,Value Mismatch,valueusd,Calculated vs reported value differs by >10%
3700333965,Value Mismatch,valueusd,Calculated vs reported value differs by >10%
3700333964,Value Mismatch,valueusd,Calculated vs reported value differs by >10%
3700333963,Value Mismatch,valueusd,Calculated vs reported value differs by >10%
3700333962,Value Mismatch,valueusd,Calculated vs reported value differs by >10%
3700333961,Value Mismatch,valueusd,Calculated vs reported value differs by >10%
3700333960,Value Mismatch,valueusd,Calculated vs reported value differs by >10%
3700333959,Value Mismatch,valueusd,Calculated vs reported value differs by >10%
3700333958,Value Mismatch,valueusd,Calculated vs reported value differs by >10%
3700333956,Value Mismatch,valueusd,Calculated vs reported value differs by >10%
3700333955,Value Mismatch,valueusd,Calculated vs reported value differs by >10%
3700333954,Value Mismatch,valueusd,Calculated vs reported value differs by >10%
3700333953,Value Mismatch,valueusd,Calculated vs reported value differs by >10%
3700333952,Value Mismatch,valueusd,Calculated vs reported value differs by >10%
3700333951,Value Mismatch,valueusd,Calculated vs reported value differs by >10%
3700451535,Value Mismatch,valueusd,Calculated vs reported value differs by >10%
3700440944,Value Mismatch,valueusd,Calculated vs reported value differs by >10%
3700386650,Value Mismatch,valueusd,Calculated vs reported value differs by >10%
3700386649,Value Mismatch,valueusd,Calculated vs reported value differs by >10%
3700370570,Value Mismatch,valueusd,Calculated vs reported value differs by >10%
3700363246,Value Mismatch,valueusd,Calculated vs reported value differs by >10%
3700315216,Value Mismatch,valueusd,Calculated vs reported value differs by >10%
3700315215,Value Mismatch,valueusd,Calculated vs reported value differs by >10%
3700439448,Value Mismatch,valueusd,Calculated vs reported value differs by >10%
3700435946,Value Mismatch,valueusd,Calculated vs reported value differs by >10%
3700435945,Value Mismatch,valueusd,Calculated vs reported value differs by >10%
3700432140,Value Mismatch,valueusd,Calculated vs reported value differs by >10%
3700429596,Value Mismatch,valueusd,Calculated vs reported value differs by >10%
3700429595,Value Mismatch,valueusd,Calculated vs reported value differs by >10%
3700429594,Value Mismatch,valueusd,Calculated vs reported value differs by >10%
3700429593,Value Mismatch,valueusd,Calculated vs reported value differs by >10%
3700165915,Value Mismatch,valueusd,Calculated vs reported value differs by >10%
3700165914,Value Mismatch,valueusd,Calculated vs reported value differs by >10%
3700161882,Value Mismatch,valueusd,Calculated vs reported value differs by >10%
3700161881,Value Mismatch,valueusd,Calculated vs reported value differs by >10%
3700161880,Value Mismatch,valueusd,Calculated vs reported value differs by >10%
3700161879,Value Mismatch,valueusd,Calculated vs reported value differs by >10%
3700161878,Value Mismatch,valueusd,Calculated vs reported value differs by >10%
3700161877,Value Mismatch,valueusd,Calculated vs reported value differs by >10%
3700161876,Value Mismatch,valueusd,Calculated vs reported value differs by >10%
3700161875,Value Mismatch,valueusd,Calculated vs reported value differs by >10%
3700161874,Value Mismatch,valueusd,Calculated vs reported value differs by >10%
3700161344,Value Mismatch,valueusd,Calculated vs reported value differs by >10%
3700161343,Value Mismatch,valueusd,Calculated vs reported value differs by >10%
3700161342,Value Mismatch,valueusd,Calculated vs reported value differs by >10%
3700161341,Value Mismatch,valueusd,Calculated vs reported value differs by >10%
3698991896,Value Mismatch,valueusd,Calculated vs reported value differs by >10%
5642181069,Value Mismatch,valueusd,Calculated vs reported value differs by >10%
3698991896,Value Mismatch,valueusd,Calculated vs reported value differs by >10%
5642181069,Value Mismatch,valueusd,Calculated vs reported value differs by >10%
3698992907,Value Mismatch,valueusd,Calculated vs reported value differs by >10%
3700332769,Value Mismatch,valueusd,Calculated vs reported value differs by >10%
3698993313,Value Mismatch,valueusd,Calculated vs reported value differs by >10%
3698992953,Value Mismatch,valueusd,Calculated vs reported value differs by >10%
3700333718,Value Mismatch,valueusd,Calculated vs reported value differs by >10%
3700333719,Value Mismatch,valueusd,Calculated vs reported value differs by >10%
3698993313,Value Mismatch,valueusd,Calculated vs reported value differs by >10%
3698996103,Value Mismatch,valueusd,Calculated vs reported value differs by >10%
3698996102,Value Mismatch,valueusd,Calculated vs reported value differs by >10%
3698996101,Value Mismatch,valueusd,Calculated vs reported value differs by >10%
3698993643,Value Mismatch,valueusd,Calculated vs reported value differs by >10%
3698810861,Value Mismatch,valueusd,Calculated vs reported value differs by >10%
3699219347,Value Mismatch,valueusd,Calculated vs reported value differs by >10%
3699219346,Value Mismatch,valueusd,Calculated vs reported value differs by >10%
3699238402,Value Mismatch,valueusd,Calculated vs reported value differs by >10%
3700333718,Value Mismatch,valueusd,Calculated vs reported value differs by >10%
3700333719,Value Mismatch,valueusd,Calculated vs reported value differs by >10%
3700837506,Value Mismatch,valueusd,Calculated vs reported value differs by >10%
3700837507,Value Mismatch,valueusd,Calculated vs reported value differs by >10%
3700837504,Value Mismatch,valueusd,Calculated vs reported value differs by >10%
3700837505,Value Mismatch,valueusd,Calculated vs reported value differs by >10%
3700837506,Value Mismatch,valueusd,Calculated vs reported value differs by >10%
3700838236,Value Mismatch,valueusd,Calculated vs reported value differs by >10%
3700838235,Value Mismatch,valueusd,Calculated vs reported value differs by >10%
3698997332,Value Mismatch,valueusd,Calculated vs reported value differs by >10%
3698997331,Value Mismatch,valueusd,Calculated vs reported value differs by >10%
3700340153,Value Mismatch,valueusd,Calculated vs reported value differs by >10%
3699018867,Value Mismatch,valueusd,Calculated vs reported value differs by >10%
3699018866,Value Mismatch,valueusd,Calculated vs reported value differs by >10%
3699018865,Value Mismatch,valueusd,Calculated vs reported value differs by >10%
3699018864,Value Mismatch,valueusd,Calculated vs reported value differs by >10%
3699018436,Value Mismatch,valueusd,Calculated vs reported value differs by >10%
3699018404,Value Mismatch,valueusd,Calculated vs reported value differs by >10%
3699018402,Value Mismatch,valueusd,Calculated vs reported value differs by >10%
3699018400,Value Mismatch,valueusd,Calculated vs reported value differs by >10%
3699018399,Value Mismatch,valueusd,Calculated vs reported value differs by >10%
3699018398,Value Mismatch,valueusd,Calculated vs reported value differs by >10%
3699018397,Value Mismatch,valueusd,Calculated vs reported value differs by >10%
3699018396,Value Mismatch,valueusd,Calculated vs reported value differs by >10%
3699018393,Value Mismatch,valueusd,Calculated vs reported value differs by >10%
3699018392,Value Mismatch,valueusd,Calculated vs reported value differs by >10%
3699018391,Value Mismatch,valueusd,Calculated vs reported value differs by >10%
3699018390,Value Mismatch,valueusd,Calculated vs reported value differs by >10%
3699018389,Value Mismatch,valueusd,Calculated vs reported value differs by >10%
3699018387,Value Mismatch,valueusd,Calculated vs reported value differs by >10%
3700837025,Value Mismatch,valueusd,Calculated vs reported value differs by >10%
3700837027,Value Mismatch,valueusd,Calculated vs reported value differs by >10%
3700838773,Value Mismatch,valueusd,Calculated vs reported value differs by >10%
3700838771,Value Mismatch,valueusd,Calculated vs reported value differs by >10%
3700838772,Value Mismatch,valueusd,Calculated vs reported value differs by >10%
3700838770,Value Mismatch,valueusd,Calculated vs reported value differs by >10%
3700837043,Value Mismatch,valueusd,Calculated vs reported value differs by >10%
3700837042,Value Mismatch,valueusd,Calculated vs reported value differs by >10%
3700837025,Value Mismatch,valueusd,Calculated vs reported value differs by >10%
3700837065,Value Mismatch,valueusd,Calculated vs reported value differs by >10%
3700837026,Value Mismatch,valueusd,Calculated vs reported value differs by >10%
3700837064,Value Mismatch,valueusd,Calculated vs reported value differs by >10%
5642176228,Value Mismatch,valueusd,Calculated vs reported value differs by >10%
3700837027,Value Mismatch,valueusd,Calculated vs reported value differs by >10%
5642176228,Value Mismatch,valueusd,Calculated vs reported value differs by >10%
3700838773,Value Mismatch,valueusd,Calculated vs reported value differs by >10%
3700837043,Value Mismatch,valueusd,Calculated vs reported value differs by >10%
3700840918,Value Mismatch,valueusd,Calculated vs reported value differs by >10%
3700840917,Value Mismatch,valueusd,Calculated vs reported value differs by >10%
3700840916,Value Mismatch,valueusd,Calculated vs reported value differs by >10%
3700326811,Value Mismatch,valueusd,Calculated vs reported value differs by >10%
3700389501,Value Mismatch,valueusd,Calculated vs reported value differs by >10%
3700313795,Value Mismatch,valueusd,Calculated vs reported value differs by >10%
3700437665,Value Mismatch,valueusd,Calculated vs reported value differs by >10%
3700437664,Value Mismatch,valueusd,Calculated vs reported value differs by >10%
3700311785,Value Mismatch,valueusd,Calculated vs reported value differs by >10%
3700339818,Value Mismatch,valueusd,Calculated vs reported value differs by >10%
3700339820,Value Mismatch,valueusd,Calculated vs reported value differs by >10%
3700339819,Value Mismatch,valueusd,Calculated vs reported value differs by >10%
3698892668,Value Mismatch,valueusd,Calculated vs reported value differs by >10%
3698892667,Value Mismatch,valueusd,Calculated vs reported value differs by >10%
3698871389,Value Mismatch,valueusd,Calculated vs reported value differs by >10%
3698871388,Value Mismatch,valueusd,Calculated vs reported value differs by >10%
3698970940,Value Mismatch,valueusd,Calculated vs reported value differs by >10%
3699094801,Value Mismatch,valueusd,Calculated vs reported value differs by >10%
3699092753,Value Mismatch,valueusd,Calculated vs reported value differs by >10%
3699220233,Value Mismatch,valueusd,Calculated vs reported value differs by >10%
3700339820,Value Mismatch,valueusd,Calculated vs reported value differs by >10%
3700339818,Value Mismatch,valueusd,Calculated vs reported value differs by >10%
3700339819,Value Mismatch,valueusd,Calculated vs reported value differs by >10%
3700837492,Value Mismatch,valueusd,Calculated vs reported value differs by >10%
3700837493,Value Mismatch,valueusd,Calculated vs reported value differs by >10%
3700837508,Value Mismatch,valueusd,Calculated vs reported value differs by >10%
3700837508,Value Mismatch,valueusd,Calculated vs reported value differs by >10%
3700837069,Value Mismatch,valueusd,Calculated vs reported value differs by >10%
3700837066,Value Mismatch,valueusd,Calculated vs reported value differs by >10%
3700840298,Value Mismatch,valueusd,Calculated vs reported value differs by >10%
3700837068,Value Mismatch,valueusd,Calculated vs reported value differs by >10%
3700837069,Value Mismatch,valueusd,Calculated vs reported value differs by >10%
3700837508,Value Mismatch,valueusd,Calculated vs reported value differs by >10%
3700973680,Value Mismatch,valueusd,Calculated vs reported value differs by >10%
3700973680,Value Mismatch,valueusd,Calculated vs reported value differs by >10%
3699018023,Value Mismatch,valueusd,Calculated vs reported value differs by >10%
3699018022,Value Mismatch,valueusd,Calculated vs reported value differs by >10%
3699018021,Value Mismatch,valueusd,Calculated vs reported value differs by >10%
3699018020,Value Mismatch,valueusd,Calculated vs reported value differs by >10%
3699018019,Value Mismatch,valueusd,Calculated vs reported value differs by >10%
3699018018,Value Mismatch,valueusd,Calculated vs reported value differs by >10%
3699018017,Value Mismatch,valueusd,Calculated vs reported value differs by >10%
3699018014,Value Mismatch,valueusd,Calculated vs reported value differs by >10%
3699018013,Value Mismatch,valueusd,Calculated vs reported value differs by >10%
3699018012,Value Mismatch,valueusd,Calculated vs reported value differs by >10%
3699018011,Value Mismatch,valueusd,Calculated vs reported value differs by >10%
3699017697,Value Mismatch,valueusd,Calculated vs reported value differs by >10%
3699017696,Value Mismatch,valueusd,Calculated vs reported value differs by >10%
3699017695,Value Mismatch,valueusd,Calculated vs reported value differs by >10%
3699017693,Value Mismatch,valueusd,Calculated vs reported value differs by >10%
3699017692,Value Mismatch,valueusd,Calculated vs reported value differs by >10%
3699017691,Value Mismatch,valueusd,Calculated vs reported value differs by >10%
3699017690,Value Mismatch,valueusd,Calculated vs reported value differs by >10%
3699017689,Value Mismatch,valueusd,Calculated vs reported value differs by >10%
3700840327,Value Mismatch,valueusd,Calculated vs reported value differs by >10%
3700339822,Value Mismatch,valueusd,Calculated vs reported value differs by >10%
3700333722,Value Mismatch,valueusd,Calculated vs reported value differs by >10%
3700333724,Value Mismatch,valueusd,Calculated vs reported value differs by >10%
3700333721,Value Mismatch,valueusd,Calculated vs reported value differs by >10%
3700333720,Value Mismatch,valueusd,Calculated vs reported value differs by >10%
3700837510,Value Mismatch,valueusd,Calculated vs reported value differs by >10%
3700837509,Value Mismatch,valueusd,Calculated vs reported value differs by >10%
3700837510,Value Mismatch,valueusd,Calculated vs reported value differs by >10%
3700840327,Value Mismatch,valueusd,Calculated vs reported value differs by >10%
3700840330,Value Mismatch,valueusd,Calculated vs reported value differs by >10%
3700339822,Value Mismatch,valueusd,Calculated vs reported value differs by >10%
3700333722,Value Mismatch,valueusd,Calculated vs reported value differs by >10%
3700333723,Value Mismatch,valueusd,Calculated vs reported value differs by >10%
3700333724,Value Mismatch,valueusd,Calculated vs reported value differs by >10%
3700840714,Value Mismatch,valueusd,Calculated vs reported value differs by >10%
3700837056,Value Mismatch,valueusd,Calculated vs reported value differs by >10%
3700837058,Value Mismatch,valueusd,Calculated vs reported value differs by >10%
3700837057,Value Mismatch,valueusd,Calculated vs reported value differs by >10%
3700837054,Value Mismatch,valueusd,Calculated vs reported value differs by >10%
3700837055,Value Mismatch,valueusd,Calculated vs reported value differs by >10%
3700837058,Value Mismatch,valueusd,Calculated vs reported value differs by >10%
3700837057,Value Mismatch,valueusd,Calculated vs reported value differs by >10%
3700837056,Value Mismatch,valueusd,Calculated vs reported value differs by >10%
3700837054,Value Mismatch,valueusd,Calculated vs reported value differs by >10%
3700837055,Value Mismatch,valueusd,Calculated vs reported value differs by >10%
3700387210,Value Mismatch,valueusd,Calculated vs reported value differs by >10%
3700387209,Value Mismatch,valueusd,Calculated vs reported value differs by >10%
5642186428,Value Mismatch,valueusd,Calculated vs reported value differs by >10%
5642186428,Value Mismatch,valueusd,Calculated vs reported value differs by >10%
3700334762,Value Mismatch,valueusd,Calculated vs reported value differs by >10%
3700334763,Value Mismatch,valueusd,Calculated vs reported value differs by >10%
3700334537,Value Mismatch,valueusd,Calculated vs reported value differs by >10%
3700334536,Value Mismatch,valueusd,Calculated vs reported value differs by >10%
3700334535,Value Mismatch,valueusd,Calculated vs reported value differs by >10%
3700311042,Value Mismatch,valueusd,Calculated vs reported value differs by >10%
3700311041,Value Mismatch,valueusd,Calculated vs reported value differs by >10%
3698789996,Value Mismatch,valueusd,Calculated vs reported value differs by >10%
3699300713,Value Mismatch,valueusd,Calculated vs reported value differs by >10%
3698760925,Value Mismatch,valueusd,Calculated vs reported value differs by >10%
3699217150,Value Mismatch,valueusd,Calculated vs reported value differs by >10%
3699212652,Value Mismatch,valueusd,Calculated vs reported value differs by >10%
3699212651,Value Mismatch,valueusd,Calculated vs reported value differs by >10%
3699212650,Value Mismatch,valueusd,Calculated vs reported value differs by >10%
3699201169,Value Mismatch,valueusd,Calculated vs reported value differs by >10%
3699003703,Value Mismatch,valueusd,Calculated vs reported value differs by >10%
3700840907,Value Mismatch,valueusd,Calculated vs reported value differs by >10%
3700840906,Value Mismatch,valueusd,Calculated vs reported value differs by >10%
5642141291,Value Mismatch,valueusd,Calculated vs reported value differs by >10%
5642152645,Value Mismatch,valueusd,Calculated vs reported value differs by >10%
5642152645,Value Mismatch,valueusd,Calculated vs reported value differs by >10%
5642144423,Value Mismatch,valueusd,Calculated vs reported value differs by >10%
5642141291,Value Mismatch,valueusd,Calculated vs reported value differs by >10%
3700334536,Value Mismatch,valueusd,Calculated vs reported value differs by >10%
3700840906,Value Mismatch,valueusd,Calculated vs reported value differs by >10%
3700334537,Value Mismatch,valueusd,Calculated vs reported value differs by >10%
3700334538,Value Mismatch,valueusd,Calculated vs reported value differs by >10%
3700840907,Value Mismatch,valueusd,Calculated vs reported value differs by >10%
5642152645,Value Mismatch,valueusd,Calculated vs reported value differs by >10%
5642141291,Value Mismatch,valueusd,Calculated vs reported value differs by >10%
3700334762,Value Mismatch,valueusd,Calculated vs reported value differs by >10%
3700838795,Value Mismatch,valueusd,Calculated vs reported value differs by >10%
3700838795,Value Mismatch,valueusd,Calculated vs reported value differs by >10%
3698993324,Value Mismatch,valueusd,Calculated vs reported value differs by >10%
3698993323,Value Mismatch,valueusd,Calculated vs reported value differs by >10%
3698992608,Value Mismatch,valueusd,Calculated vs reported value differs by >10%
3698992901,Value Mismatch,valueusd,Calculated vs reported value differs by >10%
3698992902,Value Mismatch,valueusd,Calculated vs reported value differs by >10%
3700838795,Value Mismatch,valueusd,Calculated vs reported value differs by >10%
3698992903,Value Mismatch,valueusd,Calculated vs reported value differs by >10%
3698992903,Value Mismatch,valueusd,Calculated vs reported value differs by >10%
3698992901,Value Mismatch,valueusd,Calculated vs reported value differs by >10%
3698992608,Value Mismatch,valueusd,Calculated vs reported value differs by >10%
3698992902,Value Mismatch,valueusd,Calculated vs reported value differs by >10%
3700838214,Value Mismatch,valueusd,Calculated vs reported value differs by >10%
3700838213,Value Mismatch,valueusd,Calculated vs reported value differs by >10%
3700838212,Value Mismatch,valueusd,Calculated vs reported value differs by >10%
3700838211,Value Mismatch,valueusd,Calculated vs reported value differs by >10%
3700838210,Value Mismatch,valueusd,Calculated vs reported value differs by >10%
3700838209,Value Mismatch,valueusd,Calculated vs reported value differs by >10%
3700838208,Value Mismatch,valueusd,Calculated vs reported value differs by >10%
3698992598,Value Mismatch,valueusd,Calculated vs reported value differs by >10%
3700837482,Value Mismatch,valueusd,Calculated vs reported value differs by >10%
3697524269,Value Mismatch,valueusd,Calculated vs reported value differs by >10%
3697569428,Value Mismatch,valueusd,Calculated vs reported value differs by >10%
3697352683,Value Mismatch,valueusd,Calculated vs reported value differs by >10%
3697473936,Value Mismatch,valueusd,Calculated vs reported value differs by >10%
3697544140,Value Mismatch,valueusd,Calculated vs reported value differs by >10%
3697665490,Value Mismatch,valueusd,Calculated vs reported value differs by >10%
3697665489,Value Mismatch,valueusd,Calculated vs reported value differs by >10%
3697665488,Value Mismatch,valueusd,Calculated vs reported value differs by >10%
3697653775,Value Mismatch,valueusd,Calculated vs reported value differs by >10%
3697653771,Value Mismatch,valueusd,Calculated vs reported value differs by >10%
3697322114,Value Mismatch,valueusd,Calculated vs reported value differs by >10%
3697480716,Value Mismatch,valueusd,Calculated vs reported value differs by >10%
3697391044,Value Mismatch,valueusd,Calculated vs reported value differs by >10%
3700837037,Value Mismatch,valueusd,Calculated vs reported value differs by >10%
3700837466,Value Mismatch,valueusd,Calculated vs reported value differs by >10%
3700837481,Value Mismatch,valueusd,Calculated vs reported value differs by >10%
3700837482,Value Mismatch,valueusd,Calculated vs reported value differs by >10%
3697541559,Value Mismatch,valueusd,Calculated vs reported value differs by >10%
3697665487,Value Mismatch,valueusd,Calculated vs reported value differs by >10%
3698993331,Value Mismatch,valueusd,Calculated vs reported value differs by >10%
3700342192,Value Mismatch,valueusd,Calculated vs reported value differs by >10%
3700392385,Value Mismatch,valueusd,Calculated vs reported value differs by >10%
3700335065,Value Mismatch,valueusd,Calculated vs reported value differs by >10%
3700389500,Value Mismatch,valueusd,Calculated vs reported value differs by >10%
3700388378,Value Mismatch,valueusd,Calculated vs reported value differs by >10%
3700388377,Value Mismatch,valueusd,Calculated vs reported value differs by >10%
3700388376,Value Mismatch,valueusd,Calculated vs reported value differs by >10%
3700388375,Value Mismatch,valueusd,Calculated vs reported value differs by >10%
3700439857,Value Mismatch,valueusd,Calculated vs reported value differs by >10%
3700435448,Value Mismatch,valueusd,Calculated vs reported value differs by >10%
3698997452,Value Mismatch,valueusd,Calculated vs reported value differs by >10%
3698993331,Value Mismatch,valueusd,Calculated vs reported value differs by >10%
3700578541,Value Mismatch,valueusd,Calculated vs reported value differs by >10%
3700579004,Value Mismatch,valueusd,Calculated vs reported value differs by >10%
3700578807,Value Mismatch,valueusd,Calculated vs reported value differs by >10%
3696944341,Value Mismatch,valueusd,Calculated vs reported value differs by >10%
3700578506,Value Mismatch,valueusd,Calculated vs reported value differs by >10%
3700578507,Value Mismatch,valueusd,Calculated vs reported value differs by >10%
3696944337,Value Mismatch,valueusd,Calculated vs reported value differs by >10%
3696944336,Value Mismatch,valueusd,Calculated vs reported value differs by >10%
3700578838,Value Mismatch,valueusd,Calculated vs reported value differs by >10%
3696944335,Value Mismatch,valueusd,Calculated vs reported value differs by >10%
3700578786,Value Mismatch,valueusd,Calculated vs reported value differs by >10%
3696944334,Value Mismatch,valueusd,Calculated vs reported value differs by >10%
3700578518,Value Mismatch,valueusd,Calculated vs reported value differs by >10%
3696944325,Value Mismatch,valueusd,Calculated vs reported value differs by >10%
3696944324,Value Mismatch,valueusd,Calculated vs reported value differs by >10%
3696944323,Value Mismatch,valueusd,Calculated vs reported value differs by >10%
3696944321,Value Mismatch,valueusd,Calculated vs reported value differs by >10%
3696944315,Value Mismatch,valueusd,Calculated vs reported value differs by >10%
3700578541,Value Mismatch,valueusd,Calculated vs reported value differs by >10%
3700578839,Value Mismatch,valueusd,Calculated vs reported value differs by >10%
3700578838,Value Mismatch,valueusd,Calculated vs reported value differs by >10%
3700578518,Value Mismatch,valueusd,Calculated vs reported value differs by >10%
3700578519,Value Mismatch,valueusd,Calculated vs reported value differs by >10%
3700578507,Value Mismatch,valueusd,Calculated vs reported value differs by >10%
3700578506,Value Mismatch,valueusd,Calculated vs reported value differs by >10%
3700578531,Value Mismatch,valueusd,Calculated vs reported value differs by >10%
3700578837,Value Mismatch,valueusd,Calculated vs reported value differs by >10%
3700578807,Value Mismatch,valueusd,Calculated vs reported value differs by >10%
3700579004,Value Mismatch,valueusd,Calculated vs reported value differs by >10%
3700578786,Value Mismatch,valueusd,Calculated vs reported value differs by >10%
3696944358,Value Mismatch,valueusd,Calculated vs reported value differs by >10%
3696944356,Value Mismatch,valueusd,Calculated vs reported value differs by >10%
3696944355,Value Mismatch,valueusd,Calculated vs reported value differs by >10%
3696944352,Value Mismatch,valueusd,Calculated vs reported value differs by >10%
3696944349,Value Mismatch,valueusd,Calculated vs reported value differs by >10%
3696944347,Value Mismatch,valueusd,Calculated vs reported value differs by >10%
3696944340,Value Mismatch,valueusd,Calculated vs reported value differs by >10%
3696944338,Value Mismatch,valueusd,Calculated vs reported value differs by >10%
3696944333,Value Mismatch,valueusd,Calculated vs reported value differs by >10%
3696944332,Value Mismatch,valueusd,Calculated vs reported value differs by >10%
3696944331,Value Mismatch,valueusd,Calculated vs reported value differs by >10%
3696944328,Value Mismatch,valueusd,Calculated vs reported value differs by >10%
3697138915,Value Mismatch,valueusd,Calculated vs reported value differs by >10%
3696944351,Value Mismatch,valueusd,Calculated vs reported value differs by >10%
3696944350,Value Mismatch,valueusd,Calculated vs reported value differs by >10%
3696944348,Value Mismatch,valueusd,Calculated vs reported value differs by >10%
3696944346,Value Mismatch,valueusd,Calculated vs reported value differs by >10%
3696944344,Value Mismatch,valueusd,Calculated vs reported value differs by >10%
3696944343,Value Mismatch,valueusd,Calculated vs reported value differs by >10%
3696944342,Value Mismatch,valueusd,Calculated vs reported value differs by >10%
3698400518,Value Mismatch,valueusd,Calculated vs reported value differs by >10%
3698400517,Value Mismatch,valueusd,Calculated vs reported value differs by >10%
3698431044,Value Mismatch,valueusd,Calculated vs reported value differs by >10%
3698397034,Value Mismatch,valueusd,Calculated vs reported value differs by >10%
3698389929,Value Mismatch,valueusd,Calculated vs reported value differs by >10%
3698389928,Value Mismatch,valueusd,Calculated vs reported value differs by >10%
3698389927,Value Mismatch,valueusd,Calculated vs reported value differs by >10%
3698411640,Value Mismatch,valueusd,Calculated vs reported value differs by >10%
3698387201,Value Mismatch,valueusd,Calculated vs reported value differs by >10%
3698386636,Value Mismatch,valueusd,Calculated vs reported value differs by >10%
3698384998,Value Mismatch,valueusd,Calculated vs reported value differs by >10%
3698405895,Value Mismatch,valueusd,Calculated vs reported value differs by >10%
3698294617,Value Mismatch,valueusd,Calculated vs reported value differs by >10%
3698294616,Value Mismatch,valueusd,Calculated vs reported value differs by >10%
3698294615,Value Mismatch,valueusd,Calculated vs reported value differs by >10%
3698294614,Value Mismatch,valueusd,Calculated vs reported value differs by >10%
3698294613,Value Mismatch,valueusd,Calculated vs reported value differs by >10%
3698294481,Value Mismatch,valueusd,Calculated vs reported value differs by >10%
3698610900,Value Mismatch,valueusd,Calculated vs reported value differs by >10%
3698610899,Value Mismatch,valueusd,Calculated vs reported value differs by >10%
3698610898,Value Mismatch,valueusd,Calculated vs reported value differs by >10%
3698610897,Value Mismatch,valueusd,Calculated vs reported value differs by >10%
3698610896,Value Mismatch,valueusd,Calculated vs reported value differs by >10%
3698610895,Value Mismatch,valueusd,Calculated vs reported value differs by >10%
3698610894,Value Mismatch,valueusd,Calculated vs reported value differs by >10%
3698610893,Value Mismatch,valueusd,Calculated vs reported value differs by >10%
3698610892,Value Mismatch,valueusd,Calculated vs reported value differs by >10%
3698610891,Value Mismatch,valueusd,Calculated vs reported value differs by >10%
3698610890,Value Mismatch,valueusd,Calculated vs reported value differs by >10%
3698610889,Value Mismatch,valueusd,Calculated vs reported value differs by >10%
3698610888,Value Mismatch,valueusd,Calculated vs reported value differs by >10%
3698610887,Value Mismatch,valueusd,Calculated vs reported value differs by >10%
3698610886,Value Mismatch,valueusd,Calculated vs reported value differs by >10%
3698610885,Value Mismatch,valueusd,Calculated vs reported value differs by >10%
3698610884,Value Mismatch,valueusd,Calculated vs reported value differs by >10%
3698610883,Value Mismatch,valueusd,Calculated vs reported value differs by >10%
3698610882,Value Mismatch,valueusd,Calculated vs reported value differs by >10%
3698610881,Value Mismatch,valueusd,Calculated vs reported value differs by >10%
3698610880,Value Mismatch,valueusd,Calculated vs reported value differs by >10%
3698605858,Value Mismatch,valueusd,Calculated vs reported value differs by >10%
3698605857,Value Mismatch,valueusd,Calculated vs reported value differs by >10%
3698605856,Value Mismatch,valueusd,Calculated vs reported value differs by >10%
3698604790,Value Mismatch,valueusd,Calculated vs reported value differs by >10%
3698481046,Value Mismatch,valueusd,Calculated vs reported value differs by >10%
3698600279,Value Mismatch,valueusd,Calculated vs reported value differs by >10%
3698595936,Value Mismatch,valueusd,Calculated vs reported value differs by >10%
3698451540,Value Mismatch,valueusd,Calculated vs reported value differs by >10%
3700578526,Value Mismatch,valueusd,Calculated vs reported value differs by >10%
3700578805,Value Mismatch,valueusd,Calculated vs reported value differs by >10%
3700578650,Value Mismatch,valueusd,Calculated vs reported value differs by >10%
3700578649,Value Mismatch,valueusd,Calculated vs reported value differs by >10%
3698400514,Value Mismatch,valueusd,Calculated vs reported value differs by >10%
3700578530,Value Mismatch,valueusd,Calculated vs reported value differs by >10%
3700578805,Value Mismatch,valueusd,Calculated vs reported value differs by >10%
3700578649,Value Mismatch,valueusd,Calculated vs reported value differs by >10%
3700578650,Value Mismatch,valueusd,Calculated vs reported value differs by >10%
3698400514,Value Mismatch,valueusd,Calculated vs reported value differs by >10%
3700578527,Value Mismatch,valueusd,Calculated vs reported value differs by >10%
3700578526,Value Mismatch,valueusd,Calculated vs reported value differs by >10%
3697116347,Value Mismatch,valueusd,Calculated vs reported value differs by >10%
3697115103,Value Mismatch,valueusd,Calculated vs reported value differs by >10%
3697115102,Value Mismatch,valueusd,Calculated vs reported value differs by >10%
3696945274,Value Mismatch,valueusd,Calculated vs reported value differs by >10%
3696945272,Value Mismatch,valueusd,Calculated vs reported value differs by >10%
3696945270,Value Mismatch,valueusd,Calculated vs reported value differs by >10%
3696945268,Value Mismatch,valueusd,Calculated vs reported value differs by >10%
3696945266,Value Mismatch,valueusd,Calculated vs reported value differs by >10%
3696945264,Value Mismatch,valueusd,Calculated vs reported value differs by >10%
3696945263,Value Mismatch,valueusd,Calculated vs reported value differs by >10%
3696945262,Value Mismatch,valueusd,Calculated vs reported value differs by >10%
3696944357,Value Mismatch,valueusd,Calculated vs reported value differs by >10%
3696944354,Value Mismatch,valueusd,Calculated vs reported value differs by >10%
3696944353,Value Mismatch,valueusd,Calculated vs reported value differs by >10%
3696944345,Value Mismatch,valueusd,Calculated vs reported value differs by >10%
3696944339,Value Mismatch,valueusd,Calculated vs reported value differs by >10%
3696944330,Value Mismatch,valueusd,Calculated vs reported value differs by >10%
3696944329,Value Mismatch,valueusd,Calculated vs reported value differs by >10%
3696944327,Value Mismatch,valueusd,Calculated vs reported value differs by >10%
3696944326,Value Mismatch,valueusd,Calculated vs reported value differs by >10%
3696944322,Value Mismatch,valueusd,Calculated vs reported value differs by >10%
3696944320,Value Mismatch,valueusd,Calculated vs reported value differs by >10%
3696944319,Value Mismatch,valueusd,Calculated vs reported value differs by >10%
3696944316,Value Mismatch,valueusd,Calculated vs reported value differs by >10%
3696944314,Value Mismatch,valueusd,Calculated vs reported value differs by >10%
3697146826,Value Mismatch,valueusd,Calculated vs reported value differs by >10%
3697138914,Value Mismatch,valueusd,Calculated vs reported value differs by >10%
3696960105,Value Mismatch,valueusd,Calculated vs reported value differs by >10%
3696960104,Value Mismatch,valueusd,Calculated vs reported value differs by >10%
3697135423,Value Mismatch,valueusd,Calculated vs reported value differs by >10%
3697135422,Value Mismatch,valueusd,Calculated vs reported value differs by >10%
3697135421,Value Mismatch,valueusd,Calculated vs reported value differs by >10%
3697135420,Value Mismatch,valueusd,Calculated vs reported value differs by >10%
3697134829,Value Mismatch,valueusd,Calculated vs reported value differs by >10%
3697172347,Value Mismatch,valueusd,Calculated vs reported value differs by >10%
3697121849,Value Mismatch,valueusd,Calculated vs reported value differs by >10%
3697121849,Value Mismatch,valueusd,Calculated vs reported value differs by >10%
3699947100,Value Mismatch,valueusd,Calculated vs reported value differs by >10%
3697121849,Value Mismatch,valueusd,Calculated vs reported value differs by >10%
3700578552,Value Mismatch,valueusd,Calculated vs reported value differs by >10%
3699957265,Value Mismatch,valueusd,Calculated vs reported value differs by >10%
3699957265,Value Mismatch,valueusd,Calculated vs reported value differs by >10%
3699947102,Value Mismatch,valueusd,Calculated vs reported value differs by >10%
5642267226,Value Mismatch,valueusd,Calculated vs reported value differs by >10%
3699957265,Value Mismatch,valueusd,Calculated vs reported value differs by >10%
5642264731,Value Mismatch,valueusd,Calculated vs reported value differs by >10%
3700578552,Value Mismatch,valueusd,Calculated vs reported value differs by >10%
3700578551,Value Mismatch,valueusd,Calculated vs reported value differs by >10%
5642267270,Value Mismatch,valueusd,Calculated vs reported value differs by >10%
3699947102,Value Mismatch,valueusd,Calculated vs reported value differs by >10%
3699947101,Value Mismatch,valueusd,Calculated vs reported value differs by >10%
5642267271,Value Mismatch,valueusd,Calculated vs reported value differs by >10%
5642267271,Value Mismatch,valueusd,Calculated vs reported value differs by >10%
5642267270,Value Mismatch,valueusd,Calculated vs reported value differs by >10%
5642264731,Value Mismatch,valueusd,Calculated vs reported value differs by >10%
5642267226,Value Mismatch,valueusd,Calculated vs reported value differs by >10%
5642264731,Value Mismatch,valueusd,Calculated vs reported value differs by >10%
5642267271,Value Mismatch,valueusd,Calculated vs reported value differs by >10%
3700578824,Value Mismatch,valueusd,Calculated vs reported value differs by >10%
3700578823,Value Mismatch,valueusd,Calculated vs reported value differs by >10%
3700578816,Value Mismatch,valueusd,Calculated vs reported value differs by >10%
3700578534,Value Mismatch,valueusd,Calculated vs reported value differs by >10%
3699947051,Value Mismatch,valueusd,Calculated vs reported value differs by >10%
3698533340,Value Mismatch,valueusd,Calculated vs reported value differs by >10%
3698430459,Value Mismatch,valueusd,Calculated vs reported value differs by >10%
3698419753,Value Mismatch,valueusd,Calculated vs reported value differs by >10%
3698399075,Value Mismatch,valueusd,Calculated vs reported value differs by >10%
3698399074,Value Mismatch,valueusd,Calculated vs reported value differs by >10%
3698398174,Value Mismatch,valueusd,Calculated vs reported value differs by >10%
3698398173,Value Mismatch,valueusd,Calculated vs reported value differs by >10%
3698398172,Value Mismatch,valueusd,Calculated vs reported value differs by >10%
3698394435,Value Mismatch,valueusd,Calculated vs reported value differs by >10%
3698394434,Value Mismatch,valueusd,Calculated vs reported value differs by >10%
3698416572,Value Mismatch,valueusd,Calculated vs reported value differs by >10%
3698390300,Value Mismatch,valueusd,Calculated vs reported value differs by >10%
3698413452,Value Mismatch,valueusd,Calculated vs reported value differs by >10%
3698402465,Value Mismatch,valueusd,Calculated vs reported value differs by >10%
3698402464,Value Mismatch,valueusd,Calculated vs reported value differs by >10%
3698299433,Value Mismatch,valueusd,Calculated vs reported value differs by >10%
3698280605,Value Mismatch,valueusd,Calculated vs reported value differs by >10%
3698280604,Value Mismatch,valueusd,Calculated vs reported value differs by >10%
3698495980,Value Mismatch,valueusd,Calculated vs reported value differs by >10%
3698365939,Value Mismatch,valueusd,Calculated vs reported value differs by >10%
3698621363,Value Mismatch,valueusd,Calculated vs reported value differs by >10%
3698616606,Value Mismatch,valueusd,Calculated vs reported value differs by >10%
3698604506,Value Mismatch,valueusd,Calculated vs reported value differs by >10%
3698604505,Value Mismatch,valueusd,Calculated vs reported value differs by >10%
3698345979,Value Mismatch,valueusd,Calculated vs reported value differs by >10%
3698345978,Value Mismatch,valueusd,Calculated vs reported value differs by >10%
3698345977,Value Mismatch,valueusd,Calculated vs reported value differs by >10%
3698591916,Value Mismatch,valueusd,Calculated vs reported value differs by >10%
3698474197,Value Mismatch,valueusd,Calculated vs reported value differs by >10%
3698474196,Value Mismatch,valueusd,Calculated vs reported value differs by >10%
3698474195,Value Mismatch,valueusd,Calculated vs reported value differs by >10%
3698474194,Value Mismatch,valueusd,Calculated vs reported value differs by >10%
3698474193,Value Mismatch,valueusd,Calculated vs reported value differs by >10%
3698466405,Value Mismatch,valueusd,Calculated vs reported value differs by >10%
3698453566,Value Mismatch,valueusd,Calculated vs reported value differs by >10%
3698453565,Value Mismatch,valueusd,Calculated vs reported value differs by >10%
3698453564,Value Mismatch,valueusd,Calculated vs reported value differs by >10%
3698451143,Value Mismatch,valueusd,Calculated vs reported value differs by >10%
3698451142,Value Mismatch,valueusd,Calculated vs reported value differs by >10%
3698553913,Value Mismatch,valueusd,Calculated vs reported value differs by >10%
3698553912,Value Mismatch,valueusd,Calculated vs reported value differs by >10%
3698553911,Value Mismatch,valueusd,Calculated vs reported value differs by >10%
3699947051,Value Mismatch,valueusd,Calculated vs reported value differs by >10%
3700578534,Value Mismatch,valueusd,Calculated vs reported value differs by >10%
3700578535,Value Mismatch,valueusd,Calculated vs reported value differs by >10%
3698399987,Value Mismatch,valueusd,Calculated vs reported value differs by >10%
5642183571,Value Mismatch,valueusd,Calculated vs reported value differs by >10%
5642178615,Value Mismatch,valueusd,Calculated vs reported value differs by >10%
3698399987,Value Mismatch,valueusd,Calculated vs reported value differs by >10%
3698399988,Value Mismatch,valueusd,Calculated vs reported value differs by >10%
5642178615,Value Mismatch,valueusd,Calculated vs reported value differs by >10%
5642183571,Value Mismatch,valueusd,Calculated vs reported value differs by >10%
3699948624,Value Mismatch,valueusd,Calculated vs reported value differs by >10%
3700585746,Value Mismatch,valueusd,Calculated vs reported value differs by >10%
3700585745,Value Mismatch,valueusd,Calculated vs reported value differs by >10%
3700601717,Value Mismatch,valueusd,Calculated vs reported value differs by >10%
3699957170,Value Mismatch,valueusd,Calculated vs reported value differs by >10%
3699957172,Value Mismatch,valueusd,Calculated vs reported value differs by >10%
3699957171,Value Mismatch,valueusd,Calculated vs reported value differs by >10%
3699947094,Value Mismatch,valueusd,Calculated vs reported value differs by >10%
3699957169,Value Mismatch,valueusd,Calculated vs reported value differs by >10%
3699957170,Value Mismatch,valueusd,Calculated vs reported value differs by >10%
3699975973,Value Mismatch,valueusd,Calculated vs reported value differs by >10%
3699974685,Value Mismatch,valueusd,Calculated vs reported value differs by >10%
3699948685,Value Mismatch,valueusd,Calculated vs reported value differs by >10%
3699948623,Value Mismatch,valueusd,Calculated vs reported value differs by >10%
3699948622,Value Mismatch,valueusd,Calculated vs reported value differs by >10%
3699948621,Value Mismatch,valueusd,Calculated vs reported value differs by >10%
3699948620,Value Mismatch,valueusd,Calculated vs reported value differs by >10%
3699948619,Value Mismatch,valueusd,Calculated vs reported value differs by >10%
3699948618,Value Mismatch,valueusd,Calculated vs reported value differs by >10%
3699948617,Value Mismatch,valueusd,Calculated vs reported value differs by >10%
3699948616,Value Mismatch,valueusd,Calculated vs reported value differs by >10%
3699948615,Value Mismatch,valueusd,Calculated vs reported value differs by >10%
3699948614,Value Mismatch,valueusd,Calculated vs reported value differs by >10%
3699948613,Value Mismatch,valueusd,Calculated vs reported value differs by >10%
3699948612,Value Mismatch,valueusd,Calculated vs reported value differs by >10%
3699948611,Value Mismatch,valueusd,Calculated vs reported value differs by >10%
3699948610,Value Mismatch,valueusd,Calculated vs reported value differs by >10%
3699948609,Value Mismatch,valueusd,Calculated vs reported value differs by >10%
3699948608,Value Mismatch,valueusd,Calculated vs reported value differs by >10%
3699948607,Value Mismatch,valueusd,Calculated vs reported value differs by >10%
3699948606,Value Mismatch,valueusd,Calculated vs reported value differs by >10%
3699948605,Value Mismatch,valueusd,Calculated vs reported value differs by >10%
3699948604,Value Mismatch,valueusd,Calculated vs reported value differs by >10%
3699948603,Value Mismatch,valueusd,Calculated vs reported value differs by >10%
3699948602,Value Mismatch,valueusd,Calculated vs reported value differs by >10%
3699948601,Value Mismatch,valueusd,Calculated vs reported value differs by >10%
3699948600,Value Mismatch,valueusd,Calculated vs reported value differs by >10%
3699948599,Value Mismatch,valueusd,Calculated vs reported value differs by >10%
3699948598,Value Mismatch,valueusd,Calculated vs reported value differs by >10%
3699948596,Value Mismatch,valueusd,Calculated vs reported value differs by >10%
3699948595,Value Mismatch,valueusd,Calculated vs reported value differs by >10%
3699948594,Value Mismatch,valueusd,Calculated vs reported value differs by >10%
3699948593,Value Mismatch,valueusd,Calculated vs reported value differs by >10%
3699948428,Value Mismatch,valueusd,Calculated vs reported value differs by >10%
3699948591,Value Mismatch,valueusd,Calculated vs reported value differs by >10%
3699948590,Value Mismatch,valueusd,Calculated vs reported value differs by >10%
3699948589,Value Mismatch,valueusd,Calculated vs reported value differs by >10%
3699948588,Value Mismatch,valueusd,Calculated vs reported value differs by >10%
3699948587,Value Mismatch,valueusd,Calculated vs reported value differs by >10%
3699948586,Value Mismatch,valueusd,Calculated vs reported value differs by >10%
3699948585,Value Mismatch,valueusd,Calculated vs reported value differs by >10%
3699948584,Value Mismatch,valueusd,Calculated vs reported value differs by >10%
3699948583,Value Mismatch,valueusd,Calculated vs reported value differs by >10%
3699948582,Value Mismatch,valueusd,Calculated vs reported value differs by >10%
3699948581,Value Mismatch,valueusd,Calculated vs reported value differs by >10%
3699948580,Value Mismatch,valueusd,Calculated vs reported value differs by >10%
3699948579,Value Mismatch,valueusd,Calculated vs reported value differs by >10%
3699948578,Value Mismatch,valueusd,Calculated vs reported value differs by >10%
3699948577,Value Mismatch,valueusd,Calculated vs reported value differs by >10%
3699948576,Value Mismatch,valueusd,Calculated vs reported value differs by >10%
3699948575,Value Mismatch,valueusd,Calculated vs reported value differs by >10%
3699948574,Value Mismatch,valueusd,Calculated vs reported value differs by >10%
3699948572,Value Mismatch,valueusd,Calculated vs reported value differs by >10%
3699948570,Value Mismatch,valueusd,Calculated vs reported value differs by >10%
3699948569,Value Mismatch,valueusd,Calculated vs reported value differs by >10%
3699948568,Value Mismatch,valueusd,Calculated vs reported value differs by >10%
3699948567,Value Mismatch,valueusd,Calculated vs reported value differs by >10%
3699948566,Value Mismatch,valueusd,Calculated vs reported value differs by >10%
3699948565,Value Mismatch,valueusd,Calculated vs reported value differs by >10%
3699948564,Value Mismatch,valueusd,Calculated vs reported value differs by >10%
3699948563,Value Mismatch,valueusd,Calculated vs reported value differs by >10%
3699948562,Value Mismatch,valueusd,Calculated vs reported value differs by >10%
3699948441,Value Mismatch,valueusd,Calculated vs reported value differs by >10%
3699948440,Value Mismatch,valueusd,Calculated vs reported value differs by >10%
3699948439,Value Mismatch,valueusd,Calculated vs reported value differs by >10%
3699948438,Value Mismatch,valueusd,Calculated vs reported value differs by >10%
3699948437,Value Mismatch,valueusd,Calculated vs reported value differs by >10%
3699948434,Value Mismatch,valueusd,Calculated vs reported value differs by >10%
3699948433,Value Mismatch,valueusd,Calculated vs reported value differs by >10%
3699948432,Value Mismatch,valueusd,Calculated vs reported value differs by >10%
3699948431,Value Mismatch,valueusd,Calculated vs reported value differs by >10%
3699948430,Value Mismatch,valueusd,Calculated vs reported value differs by >10%
3699948429,Value Mismatch,valueusd,Calculated vs reported value differs by >10%
3699948427,Value Mismatch,valueusd,Calculated vs reported value differs by >10%
3699948426,Value Mismatch,valueusd,Calculated vs reported value differs by >10%
3699948425,Value Mismatch,valueusd,Calculated vs reported value differs by >10%
3699948424,Value Mismatch,valueusd,Calculated vs reported value differs by >10%
3699948423,Value Mismatch,valueusd,Calculated vs reported value differs by >10%
3699948422,Value Mismatch,valueusd,Calculated vs reported value differs by >10%
3699948421,Value Mismatch,valueusd,Calculated vs reported value differs by >10%
3699948420,Value Mismatch,valueusd,Calculated vs reported value differs by >10%
3699948419,Value Mismatch,valueusd,Calculated vs reported value differs by >10%
3699948417,Value Mismatch,valueusd,Calculated vs reported value differs by >10%
3699948416,Value Mismatch,valueusd,Calculated vs reported value differs by >10%
3699948414,Value Mismatch,valueusd,Calculated vs reported value differs by >10%
3699948413,Value Mismatch,valueusd,Calculated vs reported value differs by >10%
3699948412,Value Mismatch,valueusd,Calculated vs reported value differs by >10%
3699948411,Value Mismatch,valueusd,Calculated vs reported value differs by >10%
3699948410,Value Mismatch,valueusd,Calculated vs reported value differs by >10%
3699948409,Value Mismatch,valueusd,Calculated vs reported value differs by >10%
3699948408,Value Mismatch,valueusd,Calculated vs reported value differs by >10%
3699948407,Value Mismatch,valueusd,Calculated vs reported value differs by >10%
3699936440,Value Mismatch,valueusd,Calculated vs reported value differs by >10%
3699936439,Value Mismatch,valueusd,Calculated vs reported value differs by >10%
3699934040,Value Mismatch,valueusd,Calculated vs reported value differs by >10%
3699932696,Value Mismatch,valueusd,Calculated vs reported value differs by >10%
3699932695,Value Mismatch,valueusd,Calculated vs reported value differs by >10%
3699835887,Value Mismatch,valueusd,Calculated vs reported value differs by >10%
3699835687,Value Mismatch,valueusd,Calculated vs reported value differs by >10%
3699835686,Value Mismatch,valueusd,Calculated vs reported value differs by >10%
3699835685,Value Mismatch,valueusd,Calculated vs reported value differs by >10%
3699854856,Value Mismatch,valueusd,Calculated vs reported value differs by >10%
3699854855,Value Mismatch,valueusd,Calculated vs reported value differs by >10%
3699947094,Value Mismatch,valueusd,Calculated vs reported value differs by >10%
3699947093,Value Mismatch,valueusd,Calculated vs reported value differs by >10%
3699947096,Value Mismatch,valueusd,Calculated vs reported value differs by >10%
3699947095,Value Mismatch,valueusd,Calculated vs reported value differs by >10%
3699947092,Value Mismatch,valueusd,Calculated vs reported value differs by >10%
3699947091,Value Mismatch,valueusd,Calculated vs reported value differs by >10%
3699947090,Value Mismatch,valueusd,Calculated vs reported value differs by >10%
3699947089,Value Mismatch,valueusd,Calculated vs reported value differs by >10%
3700578543,Value Mismatch,valueusd,Calculated vs reported value differs by >10%
3700579006,Value Mismatch,valueusd,Calculated vs reported value differs by >10%
3700585685,Value Mismatch,valueusd,Calculated vs reported value differs by >10%
3700585685,Value Mismatch,valueusd,Calculated vs reported value differs by >10%
3700579005,Value Mismatch,valueusd,Calculated vs reported value differs by >10%
3700579006,Value Mismatch,valueusd,Calculated vs reported value differs by >10%
3700578543,Value Mismatch,valueusd,Calculated vs reported value differs by >10%
3700578544,Value Mismatch,valueusd,Calculated vs reported value differs by >10%
3700578542,Value Mismatch,valueusd,Calculated vs reported value differs by >10%
3700578545,Value Mismatch,valueusd,Calculated vs reported value differs by >10%
3697282043,Value Mismatch,valueusd,Calculated vs reported value differs by >10%
3697262619,Value Mismatch,valueusd,Calculated vs reported value differs by >10%
3697119342,Value Mismatch,valueusd,Calculated vs reported value differs by >10%
3696945260,Value Mismatch,valueusd,Calculated vs reported value differs by >10%
3696945258,Value Mismatch,valueusd,Calculated vs reported value differs by >10%
3696944318,Value Mismatch,valueusd,Calculated vs reported value differs by >10%
3696944317,Value Mismatch,valueusd,Calculated vs reported value differs by >10%
3696938642,Value Mismatch,valueusd,Calculated vs reported value differs by >10%
3696937773,Value Mismatch,valueusd,Calculated vs reported value differs by >10%
3697137372,Value Mismatch,valueusd,Calculated vs reported value differs by >10%
3697134830,Value Mismatch,valueusd,Calculated vs reported value differs by >10%
3696937774,Value Mismatch,valueusd,Calculated vs reported value differs by >10%
3697132370,Value Mismatch,valueusd,Calculated vs reported value differs by >10%
3699957194,Value Mismatch,valueusd,Calculated vs reported value differs by >10%
3699957195,Value Mismatch,valueusd,Calculated vs reported value differs by >10%
3699957195,Value Mismatch,valueusd,Calculated vs reported value differs by >10%
3699957194,Value Mismatch,valueusd,Calculated vs reported value differs by >10%
3699957193,Value Mismatch,valueusd,Calculated vs reported value differs by >10%
3699957192,Value Mismatch,valueusd,Calculated vs reported value differs by >10%
3700578789,Value Mismatch,valueusd,Calculated vs reported value differs by >10%
3700578793,Value Mismatch,valueusd,Calculated vs reported value differs by >10%
3700578792,Value Mismatch,valueusd,Calculated vs reported value differs by >10%
3700578791,Value Mismatch,valueusd,Calculated vs reported value differs by >10%
3700578790,Value Mismatch,valueusd,Calculated vs reported value differs by >10%
3700578788,Value Mismatch,valueusd,Calculated vs reported value differs by >10%
3699957195,Value Mismatch,valueusd,Calculated vs reported value differs by >10%
3699957194,Value Mismatch,valueusd,Calculated vs reported value differs by >10%
3699957193,Value Mismatch,valueusd,Calculated vs reported value differs by >10%
3700578789,Value Mismatch,valueusd,Calculated vs reported value differs by >10%
3698538662,Value Mismatch,valueusd,Calculated vs reported value differs by >10%
3698538661,Value Mismatch,valueusd,Calculated vs reported value differs by >10%
3698548234,Value Mismatch,valueusd,Calculated vs reported value differs by >10%
3698548233,Value Mismatch,valueusd,Calculated vs reported value differs by >10%
3698548232,Value Mismatch,valueusd,Calculated vs reported value differs by >10%
3698541595,Value Mismatch,valueusd,Calculated vs reported value differs by >10%
3698538666,Value Mismatch,valueusd,Calculated vs reported value differs by >10%
3698538665,Value Mismatch,valueusd,Calculated vs reported value differs by >10%
3698538664,Value Mismatch,valueusd,Calculated vs reported value differs by >10%
3698538663,Value Mismatch,valueusd,Calculated vs reported value differs by >10%
3698536521,Value Mismatch,valueusd,Calculated vs reported value differs by >10%
3698528629,Value Mismatch,valueusd,Calculated vs reported value differs by >10%
3698400580,Value Mismatch,valueusd,Calculated vs reported value differs by >10%
3698395287,Value Mismatch,valueusd,Calculated vs reported value differs by >10%
3698402466,Value Mismatch,valueusd,Calculated vs reported value differs by >10%
3698295983,Value Mismatch,valueusd,Calculated vs reported value differs by >10%
3698295873,Value Mismatch,valueusd,Calculated vs reported value differs by >10%
3698271258,Value Mismatch,valueusd,Calculated vs reported value differs by >10%
3698371301,Value Mismatch,valueusd,Calculated vs reported value differs by >10%
3698364762,Value Mismatch,valueusd,Calculated vs reported value differs by >10%
3698364761,Value Mismatch,valueusd,Calculated vs reported value differs by >10%
3698607756,Value Mismatch,valueusd,Calculated vs reported value differs by >10%
3698311051,Value Mismatch,valueusd,Calculated vs reported value differs by >10%
3698473113,Value Mismatch,valueusd,Calculated vs reported value differs by >10%
3698466010,Value Mismatch,valueusd,Calculated vs reported value differs by >10%
3698461454,Value Mismatch,valueusd,Calculated vs reported value differs by >10%
3698562210,Value Mismatch,valueusd,Calculated vs reported value differs by >10%
3700578808,Value Mismatch,valueusd,Calculated vs reported value differs by >10%
3700585859,Value Mismatch,valueusd,Calculated vs reported value differs by >10%
3700585860,Value Mismatch,valueusd,Calculated vs reported value differs by >10%
3698551461,Value Mismatch,valueusd,Calculated vs reported value differs by >10%
3698551460,Value Mismatch,valueusd,Calculated vs reported value differs by >10%
3698551459,Value Mismatch,valueusd,Calculated vs reported value differs by >10%
3698400532,Value Mismatch,valueusd,Calculated vs reported value differs by >10%
3698400532,Value Mismatch,valueusd,Calculated vs reported value differs by >10%
3698399098,Value Mismatch,valueusd,Calculated vs reported value differs by >10%
3698409449,Value Mismatch,valueusd,Calculated vs reported value differs by >10%
3698409448,Value Mismatch,valueusd,Calculated vs reported value differs by >10%
3698409447,Value Mismatch,valueusd,Calculated vs reported value differs by >10%
3698409446,Value Mismatch,valueusd,Calculated vs reported value differs by >10%
3699957243,Value Mismatch,valueusd,Calculated vs reported value differs by >10%
3698400532,Value Mismatch,valueusd,Calculated vs reported value differs by >10%
3700585858,Value Mismatch,valueusd,Calculated vs reported value differs by >10%
3700578813,Value Mismatch,valueusd,Calculated vs reported value differs by >10%
3700578539,Value Mismatch,valueusd,Calculated vs reported value differs by >10%
3700578783,Value Mismatch,valueusd,Calculated vs reported value differs by >10%
3700578520,Value Mismatch,valueusd,Calculated vs reported value differs by >10%
3700578525,Value Mismatch,valueusd,Calculated vs reported value differs by >10%
3700578528,Value Mismatch,valueusd,Calculated vs reported value differs by >10%
3700578508,Value Mismatch,valueusd,Calculated vs reported value differs by >10%
3700578510,Value Mismatch,valueusd,Calculated vs reported value differs by >10%
3700578505,Value Mismatch,valueusd,Calculated vs reported value differs by >10%
3700578529,Value Mismatch,valueusd,Calculated vs reported value differs by >10%
3700579003,Value Mismatch,valueusd,Calculated vs reported value differs by >10%
3700578834,Value Mismatch,valueusd,Calculated vs reported value differs by >10%
3700578835,Value Mismatch,valueusd,Calculated vs reported value differs by >10%
3700578836,Value Mismatch,valueusd,Calculated vs reported value differs by >10%
3699957173,Value Mismatch,valueusd,Calculated vs reported value differs by >10%
3699957174,Value Mismatch,valueusd,Calculated vs reported value differs by >10%
3700578840,Value Mismatch,valueusd,Calculated vs reported value differs by >10%
3700578528,Value Mismatch,valueusd,Calculated vs reported value differs by >10%
3700578835,Value Mismatch,valueusd,Calculated vs reported value differs by >10%
3700578834,Value Mismatch,valueusd,Calculated vs reported value differs by >10%
3700578520,Value Mismatch,valueusd,Calculated vs reported value differs by >10%
3700578806,Value Mismatch,valueusd,Calculated vs reported value differs by >10%
3700578505,Value Mismatch,valueusd,Calculated vs reported value differs by >10%
3700578529,Value Mismatch,valueusd,Calculated vs reported value differs by >10%
3700578540,Value Mismatch,valueusd,Calculated vs reported value differs by >10%
3700578539,Value Mismatch,valueusd,Calculated vs reported value differs by >10%
3700578509,Value Mismatch,valueusd,Calculated vs reported value differs by >10%
3700578508,Value Mismatch,valueusd,Calculated vs reported value differs by >10%
3700578546,Value Mismatch,valueusd,Calculated vs reported value differs by >10%
3700578841,Value Mismatch,valueusd,Calculated vs reported value differs by >10%
3700579001,Value Mismatch,valueusd,Calculated vs reported value differs by >10%
3700578840,Value Mismatch,valueusd,Calculated vs reported value differs by >10%
3700578814,Value Mismatch,valueusd,Calculated vs reported value differs by >10%
3700578813,Value Mismatch,valueusd,Calculated vs reported value differs by >10%
3700578513,Value Mismatch,valueusd,Calculated vs reported value differs by >10%
3700578538,Value Mismatch,valueusd,Calculated vs reported value differs by >10%
3700578525,Value Mismatch,valueusd,Calculated vs reported value differs by >10%
3699957175,Value Mismatch,valueusd,Calculated vs reported value differs by >10%
3699957174,Value Mismatch,valueusd,Calculated vs reported value differs by >10%
3699957173,Value Mismatch,valueusd,Calculated vs reported value differs by >10%
3700579002,Value Mismatch,valueusd,Calculated vs reported value differs by >10%
3700579003,Value Mismatch,valueusd,Calculated vs reported value differs by >10%
3700578782,Value Mismatch,valueusd,Calculated vs reported value differs by >10%
3700578783,Value Mismatch,valueusd,Calculated vs reported value differs by >10%
3700578510,Value Mismatch,valueusd,Calculated vs reported value differs by >10%
3700578836,Value Mismatch,valueusd,Calculated vs reported value differs by >10%
3698399436,Value Mismatch,valueusd,Calculated vs reported value differs by >10%
3698400522,Value Mismatch,valueusd,Calculated vs reported value differs by >10%
3698400524,Value Mismatch,valueusd,Calculated vs reported value differs by >10%
3698400525,Value Mismatch,valueusd,Calculated vs reported value differs by >10%
3700578511,Value Mismatch,valueusd,Calculated vs reported value differs by >10%
3698544711,Value Mismatch,valueusd,Calculated vs reported value differs by >10%
3699955794,Value Mismatch,valueusd,Calculated vs reported value differs by >10%
3699954877,Value Mismatch,valueusd,Calculated vs reported value differs by >10%
3699954433,Value Mismatch,valueusd,Calculated vs reported value differs by >10%
3698392193,Value Mismatch,valueusd,Calculated vs reported value differs by >10%
3698391596,Value Mismatch,valueusd,Calculated vs reported value differs by >10%
3699942660,Value Mismatch,valueusd,Calculated vs reported value differs by >10%
3700009859,Value Mismatch,valueusd,Calculated vs reported value differs by >10%
3699841139,Value Mismatch,valueusd,Calculated vs reported value differs by >10%
3699836507,Value Mismatch,valueusd,Calculated vs reported value differs by >10%
3698464530,Value Mismatch,valueusd,Calculated vs reported value differs by >10%
3698457092,Value Mismatch,valueusd,Calculated vs reported value differs by >10%
3700000152,Value Mismatch,valueusd,Calculated vs reported value differs by >10%
3698561749,Value Mismatch,valueusd,Calculated vs reported value differs by >10%
3699983378,Value Mismatch,valueusd,Calculated vs reported value differs by >10%
3700585747,Value Mismatch,valueusd,Calculated vs reported value differs by >10%
3699957266,Value Mismatch,valueusd,Calculated vs reported value differs by >10%
3698400525,Value Mismatch,valueusd,Calculated vs reported value differs by >10%
3700578511,Value Mismatch,valueusd,Calculated vs reported value differs by >10%
3698400524,Value Mismatch,valueusd,Calculated vs reported value differs by >10%
3698400522,Value Mismatch,valueusd,Calculated vs reported value differs by >10%
3698400523,Value Mismatch,valueusd,Calculated vs reported value differs by >10%
3698420105,Value Mismatch,valueusd,Calculated vs reported value differs by >10%
3699957266,Value Mismatch,valueusd,Calculated vs reported value differs by >10%
3699614895,Value Mismatch,valueusd,Calculated vs reported value differs by >10%
3699614896,Value Mismatch,valueusd,Calculated vs reported value differs by >10%
3701100614,Value Mismatch,valueusd,Calculated vs reported value differs by >10%
3701100613,Value Mismatch,valueusd,Calculated vs reported value differs by >10%
3701093577,Value Mismatch,valueusd,Calculated vs reported value differs by >10%
3701093552,Value Mismatch,valueusd,Calculated vs reported value differs by >10%
3699613602,Value Mismatch,valueusd,Calculated vs reported value differs by >10%
3701093621,Value Mismatch,valueusd,Calculated vs reported value differs by >10%
3699613577,Value Mismatch,valueusd,Calculated vs reported value differs by >10%
3699613576,Value Mismatch,valueusd,Calculated vs reported value differs by >10%
3699613574,Value Mismatch,valueusd,Calculated vs reported value differs by >10%
3699613575,Value Mismatch,valueusd,Calculated vs reported value differs by >10%
3699613575,Value Mismatch,valueusd,Calculated vs reported value differs by >10%
5642257791,Value Mismatch,valueusd,Calculated vs reported value differs by >10%
3701093566,Value Mismatch,valueusd,Calculated vs reported value differs by >10%
3701093577,Value Mismatch,valueusd,Calculated vs reported value differs by >10%
3701093552,Value Mismatch,valueusd,Calculated vs reported value differs by >10%
3699614895,Value Mismatch,valueusd,Calculated vs reported value differs by >10%
3699614896,Value Mismatch,valueusd,Calculated vs reported value differs by >10%
3701093621,Value Mismatch,valueusd,Calculated vs reported value differs by >10%
5642170879,Value Mismatch,valueusd,Calculated vs reported value differs by >10%
3699613602,Value Mismatch,valueusd,Calculated vs reported value differs by >10%
3699613603,Value Mismatch,valueusd,Calculated vs reported value differs by >10%
3701093620,Value Mismatch,valueusd,Calculated vs reported value differs by >10%
5642170879,Value Mismatch,valueusd,Calculated vs reported value differs by >10%
5642257791,Value Mismatch,valueusd,Calculated vs reported value differs by >10%
3699613575,Value Mismatch,valueusd,Calculated vs reported value differs by >10%
3699613577,Value Mismatch,valueusd,Calculated vs reported value differs by >10%
3699613576,Value Mismatch,valueusd,Calculated vs reported value differs by >10%
3698175331,Value Mismatch,valueusd,Calculated vs reported value differs by >10%
3697949521,Value Mismatch,valueusd,Calculated vs reported value differs by >10%
3699613574,Value Mismatch,valueusd,Calculated vs reported value differs by >10%
3701093569,Value Mismatch,valueusd,Calculated vs reported value differs by >10%
3699611044,Value Mismatch,valueusd,Calculated vs reported value differs by >10%
3699611042,Value Mismatch,valueusd,Calculated vs reported value differs by >10%
3699611034,Value Mismatch,valueusd,Calculated vs reported value differs by >10%
3701093549,Value Mismatch,valueusd,Calculated vs reported value differs by >10%
3701100598,Value Mismatch,valueusd,Calculated vs reported value differs by >10%
3701100599,Value Mismatch,valueusd,Calculated vs reported value differs by >10%
3701100599,Value Mismatch,valueusd,Calculated vs reported value differs by >10%
3701100598,Value Mismatch,valueusd,Calculated vs reported value differs by >10%
3701100598,Value Mismatch,valueusd,Calculated vs reported value differs by >10%
3701100599,Value Mismatch,valueusd,Calculated vs reported value differs by >10%
3701093569,Value Mismatch,valueusd,Calculated vs reported value differs by >10%
3701084103,Value Mismatch,valueusd,Calculated vs reported value differs by >10%
3701093549,Value Mismatch,valueusd,Calculated vs reported value differs by >10%
3701084102,Value Mismatch,valueusd,Calculated vs reported value differs by >10%
3701135462,Value Mismatch,valueusd,Calculated vs reported value differs by >10%
3701132386,Value Mismatch,valueusd,Calculated vs reported value differs by >10%
3701132149,Value Mismatch,valueusd,Calculated vs reported value differs by >10%
3701123001,Value Mismatch,valueusd,Calculated vs reported value differs by >10%
3701123000,Value Mismatch,valueusd,Calculated vs reported value differs by >10%
3701122999,Value Mismatch,valueusd,Calculated vs reported value differs by >10%
3701122998,Value Mismatch,valueusd,Calculated vs reported value differs by >10%
3701122011,Value Mismatch,valueusd,Calculated vs reported value differs by >10%
3701104890,Value Mismatch,valueusd,Calculated vs reported value differs by >10%
3701104889,Value Mismatch,valueusd,Calculated vs reported value differs by >10%
3701104888,Value Mismatch,valueusd,Calculated vs reported value differs by >10%
3701104887,Value Mismatch,valueusd,Calculated vs reported value differs by >10%
3701104886,Value Mismatch,valueusd,Calculated vs reported value differs by >10%
3701104885,Value Mismatch,valueusd,Calculated vs reported value differs by >10%
3701042937,Value Mismatch,valueusd,Calculated vs reported value differs by >10%
3701035602,Value Mismatch,valueusd,Calculated vs reported value differs by >10%
3701096740,Value Mismatch,valueusd,Calculated vs reported value differs by >10%
3701086272,Value Mismatch,valueusd,Calculated vs reported value differs by >10%
3701086271,Value Mismatch,valueusd,Calculated vs reported value differs by >10%
3701084104,Value Mismatch,valueusd,Calculated vs reported value differs by >10%
3701077283,Value Mismatch,valueusd,Calculated vs reported value differs by >10%
3701077282,Value Mismatch,valueusd,Calculated vs reported value differs by >10%
3701077281,Value Mismatch,valueusd,Calculated vs reported value differs by >10%
3701077280,Value Mismatch,valueusd,Calculated vs reported value differs by >10%
3701077279,Value Mismatch,valueusd,Calculated vs reported value differs by >10%
3701077278,Value Mismatch,valueusd,Calculated vs reported value differs by >10%
3701077277,Value Mismatch,valueusd,Calculated vs reported value differs by >10%
3701077276,Value Mismatch,valueusd,Calculated vs reported value differs by >10%
3701077275,Value Mismatch,valueusd,Calculated vs reported value differs by >10%
3701077274,Value Mismatch,valueusd,Calculated vs reported value differs by >10%
3701077273,Value Mismatch,valueusd,Calculated vs reported value differs by >10%
3701077272,Value Mismatch,valueusd,Calculated vs reported value differs by >10%
3701077271,Value Mismatch,valueusd,Calculated vs reported value differs by >10%
3701077270,Value Mismatch,valueusd,Calculated vs reported value differs by >10%
3701077269,Value Mismatch,valueusd,Calculated vs reported value differs by >10%
3701077268,Value Mismatch,valueusd,Calculated vs reported value differs by >10%
3701077267,Value Mismatch,valueusd,Calculated vs reported value differs by >10%
3701077266,Value Mismatch,valueusd,Calculated vs reported value differs by >10%
3701077265,Value Mismatch,valueusd,Calculated vs reported value differs by >10%
3701056713,Value Mismatch,valueusd,Calculated vs reported value differs by >10%
3701168738,Value Mismatch,valueusd,Calculated vs reported value differs by >10%
3701168737,Value Mismatch,valueusd,Calculated vs reported value differs by >10%
3701168736,Value Mismatch,valueusd,Calculated vs reported value differs by >10%
3701156958,Value Mismatch,valueusd,Calculated vs reported value differs by >10%
3701156957,Value Mismatch,valueusd,Calculated vs reported value differs by >10%
3701156956,Value Mismatch,valueusd,Calculated vs reported value differs by >10%
3701156955,Value Mismatch,valueusd,Calculated vs reported value differs by >10%
3700998089,Value Mismatch,valueusd,Calculated vs reported value differs by >10%
3701093567,Value Mismatch,valueusd,Calculated vs reported value differs by >10%
3701093568,Value Mismatch,valueusd,Calculated vs reported value differs by >10%
3701093567,Value Mismatch,valueusd,Calculated vs reported value differs by >10%
3701093568,Value Mismatch,valueusd,Calculated vs reported value differs by >10%
3697945053,Value Mismatch,valueusd,Calculated vs reported value differs by >10%
5642165803,Value Mismatch,valueusd,Calculated vs reported value differs by >10%
5642165864,Value Mismatch,valueusd,Calculated vs reported value differs by >10%
3701100562,Value Mismatch,valueusd,Calculated vs reported value differs by >10%
3697945053,Value Mismatch,valueusd,Calculated vs reported value differs by >10%
5642165864,Value Mismatch,valueusd,Calculated vs reported value differs by >10%
5642165803,Value Mismatch,valueusd,Calculated vs reported value differs by >10%
3699614897,Value Mismatch,valueusd,Calculated vs reported value differs by >10%
3699614898,Value Mismatch,valueusd,Calculated vs reported value differs by >10%
3699611045,Value Mismatch,valueusd,Calculated vs reported value differs by >10%
3699611043,Value Mismatch,valueusd,Calculated vs reported value differs by >10%
3699611041,Value Mismatch,valueusd,Calculated vs reported value differs by >10%
3699611033,Value Mismatch,valueusd,Calculated vs reported value differs by >10%
3701093614,Value Mismatch,valueusd,Calculated vs reported value differs by >10%
3699614897,Value Mismatch,valueusd,Calculated vs reported value differs by >10%
3699614898,Value Mismatch,valueusd,Calculated vs reported value differs by >10%
3701093614,Value Mismatch,valueusd,Calculated vs reported value differs by >10%
3699612436,Value Mismatch,valueusd,Calculated vs reported value differs by >10%
3699612437,Value Mismatch,valueusd,Calculated vs reported value differs by >10%
5642264519,Value Mismatch,valueusd,Calculated vs reported value differs by >10%
3699612437,Value Mismatch,valueusd,Calculated vs reported value differs by >10%
3699612436,Value Mismatch,valueusd,Calculated vs reported value differs by >10%
5642264519,Value Mismatch,valueusd,Calculated vs reported value differs by >10%
3697930442,Value Mismatch,valueusd,Calculated vs reported value differs by >10%
3699650590,Value Mismatch,valueusd,Calculated vs reported value differs by >10%
3699650591,Value Mismatch,valueusd,Calculated vs reported value differs by >10%
3699612676,Value Mismatch,valueusd,Calculated vs reported value differs by >10%
3699650590,Value Mismatch,valueusd,Calculated vs reported value differs by >10%
3701100736,Value Mismatch,valueusd,Calculated vs reported value differs by >10%
3701100735,Value Mismatch,valueusd,Calculated vs reported value differs by >10%
3701100737,Value Mismatch,valueusd,Calculated vs reported value differs by >10%
3701100737,Value Mismatch,valueusd,Calculated vs reported value differs by >10%
3701100736,Value Mismatch,valueusd,Calculated vs reported value differs by >10%
3701100735,Value Mismatch,valueusd,Calculated vs reported value differs by >10%
3697938015,Value Mismatch,valueusd,Calculated vs reported value differs by >10%
3697944059,Value Mismatch,valueusd,Calculated vs reported value differs by >10%
3697944055,Value Mismatch,valueusd,Calculated vs reported value differs by >10%
3697944052,Value Mismatch,valueusd,Calculated vs reported value differs by >10%
5642267206,Value Mismatch,valueusd,Calculated vs reported value differs by >10%
5642248927,Value Mismatch,valueusd,Calculated vs reported value differs by >10%
5642166195,Value Mismatch,valueusd,Calculated vs reported value differs by >10%
3701093615,Value Mismatch,valueusd,Calculated vs reported value differs by >10%
3697944058,Value Mismatch,valueusd,Calculated vs reported value differs by >10%
3697944058,Value Mismatch,valueusd,Calculated vs reported value differs by >10%
5642166195,Value Mismatch,valueusd,Calculated vs reported value differs by >10%
5642248927,Value Mismatch,valueusd,Calculated vs reported value differs by >10%
5642267206,Value Mismatch,valueusd,Calculated vs reported value differs by >10%
3697944057,Value Mismatch,valueusd,Calculated vs reported value differs by >10%
3697930445,Value Mismatch,valueusd,Calculated vs reported value differs by >10%
3697930444,Value Mismatch,valueusd,Calculated vs reported value differs by >10%
3697930443,Value Mismatch,valueusd,Calculated vs reported value differs by >10%
3697944880,Value Mismatch,valueusd,Calculated vs reported value differs by >10%
3697944054,Value Mismatch,valueusd,Calculated vs reported value differs by >10%
3701100575,Value Mismatch,valueusd,Calculated vs reported value differs by >10%
3697944053,Value Mismatch,valueusd,Calculated vs reported value differs by >10%
3701093609,Value Mismatch,valueusd,Calculated vs reported value differs by >10%
3701093610,Value Mismatch,valueusd,Calculated vs reported value differs by >10%
3697944880,Value Mismatch,valueusd,Calculated vs reported value differs by >10%
3697944881,Value Mismatch,valueusd,Calculated vs reported value differs by >10%
3701093594,Value Mismatch,valueusd,Calculated vs reported value differs by >10%
3701093594,Value Mismatch,valueusd,Calculated vs reported value differs by >10%
3697944088,Value Mismatch,valueusd,Calculated vs reported value differs by >10%
3701100560,Value Mismatch,valueusd,Calculated vs reported value differs by >10%
5642257903,Value Mismatch,valueusd,Calculated vs reported value differs by >10%
5642239100,Value Mismatch,valueusd,Calculated vs reported value differs by >10%
3701100561,Value Mismatch,valueusd,Calculated vs reported value differs by >10%
5642243702,Value Mismatch,valueusd,Calculated vs reported value differs by >10%
5642244533,Value Mismatch,valueusd,Calculated vs reported value differs by >10%
3697944088,Value Mismatch,valueusd,Calculated vs reported value differs by >10%
3697944387,Value Mismatch,valueusd,Calculated vs reported value differs by >10%
5642163446,Value Mismatch,valueusd,Calculated vs reported value differs by >10%
5642163446,Value Mismatch,valueusd,Calculated vs reported value differs by >10%
5642244533,Value Mismatch,valueusd,Calculated vs reported value differs by >10%
5642243702,Value Mismatch,valueusd,Calculated vs reported value differs by >10%
5642239100,Value Mismatch,valueusd,Calculated vs reported value differs by >10%
5642257903,Value Mismatch,valueusd,Calculated vs reported value differs by >10%
3701100740,Value Mismatch,valueusd,Calculated vs reported value differs by >10%
3701093611,Value Mismatch,valueusd,Calculated vs reported value differs by >10%
3701093611,Value Mismatch,valueusd,Calculated vs reported value differs by >10%
3701100740,Value Mismatch,valueusd,Calculated vs reported value differs by >10%
3697944087,Value Mismatch,valueusd,Calculated vs reported value differs by >10%
3697944086,Value Mismatch,valueusd,Calculated vs reported value differs by >10%
3697944085,Value Mismatch,valueusd,Calculated vs reported value differs by >10%
3697944084,Value Mismatch,valueusd,Calculated vs reported value differs by >10%
3697812575,Value Mismatch,valueusd,Calculated vs reported value differs by >10%
3697810075,Value Mismatch,valueusd,Calculated vs reported value differs by >10%
3697984876,Value Mismatch,valueusd,Calculated vs reported value differs by >10%
3697981516,Value Mismatch,valueusd,Calculated vs reported value differs by >10%
3697975955,Value Mismatch,valueusd,Calculated vs reported value differs by >10%
3697886002,Value Mismatch,valueusd,Calculated vs reported value differs by >10%
3697949518,Value Mismatch,valueusd,Calculated vs reported value differs by >10%
3697949517,Value Mismatch,valueusd,Calculated vs reported value differs by >10%
3697949516,Value Mismatch,valueusd,Calculated vs reported value differs by >10%
3698154675,Value Mismatch,valueusd,Calculated vs reported value differs by >10%
3697940428,Value Mismatch,valueusd,Calculated vs reported value differs by >10%
3697863465,Value Mismatch,valueusd,Calculated vs reported value differs by >10%
3701093563,Value Mismatch,valueusd,Calculated vs reported value differs by >10%
3701093564,Value Mismatch,valueusd,Calculated vs reported value differs by >10%
3701093562,Value Mismatch,valueusd,Calculated vs reported value differs by >10%
3701093563,Value Mismatch,valueusd,Calculated vs reported value differs by >10%
3697943393,Value Mismatch,valueusd,Calculated vs reported value differs by >10%
3697943393,Value Mismatch,valueusd,Calculated vs reported value differs by >10%
3699611063,Value Mismatch,valueusd,Calculated vs reported value differs by >10%
3701093564,Value Mismatch,valueusd,Calculated vs reported value differs by >10%
3699613599,Value Mismatch,valueusd,Calculated vs reported value differs by >10%
3697944087,Value Mismatch,valueusd,Calculated vs reported value differs by >10%
3701093563,Value Mismatch,valueusd,Calculated vs reported value differs by >10%
3697943393,Value Mismatch,valueusd,Calculated vs reported value differs by >10%
3699612684,Value Mismatch,valueusd,Calculated vs reported value differs by >10%
3699612684,Value Mismatch,valueusd,Calculated vs reported value differs by >10%
3697945890,Value Mismatch,valueusd,Calculated vs reported value differs by >10%
3697945891,Value Mismatch,valueusd,Calculated vs reported value differs by >10%
3697945892,Value Mismatch,valueusd,Calculated vs reported value differs by >10%
3697945893,Value Mismatch,valueusd,Calculated vs reported value differs by >10%
3697945889,Value Mismatch,valueusd,Calculated vs reported value differs by >10%
3697945893,Value Mismatch,valueusd,Calculated vs reported value differs by >10%
3697945892,Value Mismatch,valueusd,Calculated vs reported value differs by >10%
3697945891,Value Mismatch,valueusd,Calculated vs reported value differs by >10%
3697945890,Value Mismatch,valueusd,Calculated vs reported value differs by >10%
3697945889,Value Mismatch,valueusd,Calculated vs reported value differs by >10%
3699621902,Value Mismatch,valueusd,Calculated vs reported value differs by >10%
3699612684,Value Mismatch,valueusd,Calculated vs reported value differs by >10%
2078200301,Low Price,unit_price,Suspiciously low unit price (46.0)
2078585992,Low Price,unit_price,Suspiciously low unit price (31.0)
2078574884,Low Price,unit_price,Suspiciously low unit price (11.0)
2078360978,Low Price,unit_price,Suspiciously low unit price (12.0)
2078342956,Low Price,unit_price,Suspiciously low unit price (33.0)
2078336150,Low Price,unit_price,Suspiciously low unit price (36.0)
2078335145,Low Price,unit_price,Suspiciously low unit price (40.0)
2078417636,Low Price,unit_price,Suspiciously low unit price (41.0)
2078375622,Low Price,unit_price,Suspiciously low unit price (35.0)
2078133129,Low Price,unit_price,Suspiciously low unit price (21.0)
2078325845,Low Price,unit_price,Suspiciously low unit price (8.0)
2078458162,Low Price,unit_price,Suspiciously low unit price (3.0)
2078450407,Low Price,unit_price,Suspiciously low unit price (31.0)
2078441963,Low Price,unit_price,Suspiciously low unit price (46.0)
2078359427,Low Price,unit_price,Suspiciously low unit price (43.0)
2078537749,Low Price,unit_price,Suspiciously low unit price (18.0)
2078507824,Low Price,unit_price,Suspiciously low unit price (10.0)
2078502077,Low Price,unit_price,Suspiciously low unit price (15.0)
2078574347,Low Price,unit_price,Suspiciously low unit price (18.0)
2078402579,Low Price,unit_price,Suspiciously low unit price (32.0)
2078497650,Low Price,unit_price,Suspiciously low unit price (26.0)
2078379337,Low Price,unit_price,Suspiciously low unit price (12.0)
2078465423,Low Price,unit_price,Suspiciously low unit price (25.0)
2078506818,Low Price,unit_price,Suspiciously low unit price (31.0)
2078525439,Low Price,unit_price,Suspiciously low unit price (48.0)
2078489353,Low Price,unit_price,Suspiciously low unit price (16.0)
2078521458,Low Price,unit_price,Suspiciously low unit price (14.0)
2078742418,Low Price,unit_price,Suspiciously low unit price (2.0)
2078645564,Low Price,unit_price,Suspiciously low unit price (3.0)
2078660201,Low Price,unit_price,Suspiciously low unit price (17.0)
2078660036,Low Price,unit_price,Suspiciously low unit price (2.0)
2078659894,Low Price,unit_price,Suspiciously low unit price (0.0)
2078642870,Low Price,unit_price,Suspiciously low unit price (18.0)
2078642262,Low Price,unit_price,Suspiciously low unit price (2.0)
2078658985,Low Price,unit_price,Suspiciously low unit price (37.0)
2078657943,Low Price,unit_price,Suspiciously low unit price (18.0)
2078657326,Low Price,unit_price,Suspiciously low unit price (0.0)
2078655960,Low Price,unit_price,Suspiciously low unit price (26.0)
2078651704,Low Price,unit_price,Suspiciously low unit price (0.0)
2078638292,Low Price,unit_price,Suspiciously low unit price (0.0)
2078581243,Low Price,unit_price,Suspiciously low unit price (0.0)
2078635608,Low Price,unit_price,Suspiciously low unit price (38.0)
2078634588,Low Price,unit_price,Suspiciously low unit price (0.0)
2078633101,Low Price,unit_price,Suspiciously low unit price (15.0)
2078631181,Low Price,unit_price,Suspiciously low unit price (25.0)
2078650688,Low Price,unit_price,Suspiciously low unit price (43.0)
2078628822,Low Price,unit_price,Suspiciously low unit price (0.0)
2078627527,Low Price,unit_price,Suspiciously low unit price (44.0)
2078623458,Low Price,unit_price,Suspiciously low unit price (2.0)
2078621784,Low Price,unit_price,Suspiciously low unit price (43.0)
2078766783,Low Price,unit_price,Suspiciously low unit price (9.0)
2078611013,Low Price,unit_price,Suspiciously low unit price (0.0)
2078763188,Low Price,unit_price,Suspiciously low unit price (0.0)
2078761935,Low Price,unit_price,Suspiciously low unit price (0.0)
2078603552,Low Price,unit_price,Suspiciously low unit price (40.0)
2078602024,Low Price,unit_price,Suspiciously low unit price (7.0)
2078601272,Low Price,unit_price,Suspiciously low unit price (3.0)
2078599503,Low Price,unit_price,Suspiciously low unit price (1.0)
2078597333,Low Price,unit_price,Suspiciously low unit price (3.0)
2078596653,Low Price,unit_price,Suspiciously low unit price (4.0)
2078595679,Low Price,unit_price,Suspiciously low unit price (0.0)
2078593723,Low Price,unit_price,Suspiciously low unit price (5.0)
2078592071,Low Price,unit_price,Suspiciously low unit price (9.0)
2078591335,Low Price,unit_price,Suspiciously low unit price (15.0)
2078586682,Low Price,unit_price,Suspiciously low unit price (4.0)
2078668328,Low Price,unit_price,Suspiciously low unit price (7.0)
2078667905,Low Price,unit_price,Suspiciously low unit price (26.0)
2078665888,Low Price,unit_price,Suspiciously low unit price (12.0)
2078709454,Low Price,unit_price,Suspiciously low unit price (0.0)
2078582465,Low Price,unit_price,Suspiciously low unit price (0.0)
2078580914,Low Price,unit_price,Suspiciously low unit price (1.0)
2078714633,Low Price,unit_price,Suspiciously low unit price (0.0)
2078712954,Low Price,unit_price,Suspiciously low unit price (0.0)
2078712429,Low Price,unit_price,Suspiciously low unit price (10.0)
2078754920,Low Price,unit_price,Suspiciously low unit price (24.0)
2078754550,Low Price,unit_price,Suspiciously low unit price (0.0)
2078753842,Low Price,unit_price,Suspiciously low unit price (0.0)
2078698872,Low Price,unit_price,Suspiciously low unit price (25.0)
2078695837,Low Price,unit_price,Suspiciously low unit price (0.0)
2078694250,Low Price,unit_price,Suspiciously low unit price (0.0)
2078693852,Low Price,unit_price,Suspiciously low unit price (0.0)
2078685814,Low Price,unit_price,Suspiciously low unit price (0.0)
2078685729,Low Price,unit_price,Suspiciously low unit price (2.0)
2078682507,Low Price,unit_price,Suspiciously low unit price (0.0)
2078681559,Low Price,unit_price,Suspiciously low unit price (2.0)
2078680474,Low Price,unit_price,Suspiciously low unit price (0.0)
2078679980,Low Price,unit_price,Suspiciously low unit price (2.0)
2078679942,Low Price,unit_price,Suspiciously low unit price (0.0)
2078679704,Low Price,unit_price,Suspiciously low unit price (43.0)
2078743374,Low Price,unit_price,Suspiciously low unit price (0.0)
2078741764,Low Price,unit_price,Suspiciously low unit price (9.0)
2078740244,Low Price,unit_price,Suspiciously low unit price (0.0)
2078736288,Low Price,unit_price,Suspiciously low unit price (43.0)
2078728809,Low Price,unit_price,Suspiciously low unit price (5.0)
2078727770,Low Price,unit_price,Suspiciously low unit price (24.0)
2078727696,Low Price,unit_price,Suspiciously low unit price (1.0)
2078723980,Low Price,unit_price,Suspiciously low unit price (0.0)
2078675018,Low Price,unit_price,Suspiciously low unit price (12.0)
2078723351,Low Price,unit_price,Suspiciously low unit price (8.0)
2078722891,Low Price,unit_price,Suspiciously low unit price (1.0)
2078721466,Low Price,unit_price,Suspiciously low unit price (40.0)
2078721311,Low Price,unit_price,Suspiciously low unit price (0.0)
2078719481,Low Price,unit_price,Suspiciously low unit price (0.0)
2078654017,Low Price,unit_price,Suspiciously low unit price (39.0)
2078739542,Low Price,unit_price,Suspiciously low unit price (47.0)
2078604111,Low Price,unit_price,Suspiciously low unit price (39.0)
2078590043,Low Price,unit_price,Suspiciously low unit price (47.0)
2078583652,Low Price,unit_price,Suspiciously low unit price (39.0)
2078748385,Low Price,unit_price,Suspiciously low unit price (39.0)
2078338637,Low Price,unit_price,Suspiciously low unit price (47.0)
2078329831,Low Price,unit_price,Suspiciously low unit price (39.0)
2078448719,Low Price,unit_price,Suspiciously low unit price (2.0)
2078448142,Low Price,unit_price,Suspiciously low unit price (15.0)
2078358613,Low Price,unit_price,Suspiciously low unit price (2.0)
2078354818,Low Price,unit_price,Suspiciously low unit price (48.0)
2078484950,Low Price,unit_price,Suspiciously low unit price (9.0)
2078435218,Low Price,unit_price,Suspiciously low unit price (15.0)
2078548655,Low Price,unit_price,Suspiciously low unit price (40.0)
2078543293,Low Price,unit_price,Suspiciously low unit price (41.0)
2078539792,Low Price,unit_price,Suspiciously low unit price (18.0)
2078535135,Low Price,unit_price,Suspiciously low unit price (28.0)
2078533407,Low Price,unit_price,Suspiciously low unit price (3.0)
2078426111,Low Price,unit_price,Suspiciously low unit price (36.0)
2078422096,Low Price,unit_price,Suspiciously low unit price (30.0)
2078412922,Low Price,unit_price,Suspiciously low unit price (23.0)
2078411553,Low Price,unit_price,Suspiciously low unit price (14.0)
2078507880,Low Price,unit_price,Suspiciously low unit price (4.0)
2078579164,Low Price,unit_price,Suspiciously low unit price (3.0)
2078518426,Low Price,unit_price,Suspiciously low unit price (21.0)
2078513861,Low Price,unit_price,Suspiciously low unit price (23.0)
2078571210,Low Price,unit_price,Suspiciously low unit price (25.0)
2078513024,Low Price,unit_price,Suspiciously low unit price (17.0)
2078511900,Low Price,unit_price,Suspiciously low unit price (25.0)
2078566565,Low Price,unit_price,Suspiciously low unit price (34.0)
2078562917,Low Price,unit_price,Suspiciously low unit price (16.0)
2078406929,Low Price,unit_price,Suspiciously low unit price (49.0)
2078404512,Low Price,unit_price,Suspiciously low unit price (48.0)
2078361234,Low Price,unit_price,Suspiciously low unit price (34.0)
2078494933,Low Price,unit_price,Suspiciously low unit price (18.0)
2078493390,Low Price,unit_price,Suspiciously low unit price (4.0)
2078489297,Low Price,unit_price,Suspiciously low unit price (37.0)
2078484465,Low Price,unit_price,Suspiciously low unit price (18.0)
2078484093,Low Price,unit_price,Suspiciously low unit price (1.0)
2078475411,Low Price,unit_price,Suspiciously low unit price (38.0)
2078393961,Low Price,unit_price,Suspiciously low unit price (18.0)
2078368155,Low Price,unit_price,Suspiciously low unit price (25.0)
2078465477,Low Price,unit_price,Suspiciously low unit price (20.0)
2078380703,Low Price,unit_price,Suspiciously low unit price (11.0)
2078346916,Low Price,unit_price,Suspiciously low unit price (40.0)
2078345370,Low Price,unit_price,Suspiciously low unit price (34.0)
2078459073,Low Price,unit_price,Suspiciously low unit price (20.0)
2078456128,Low Price,unit_price,Suspiciously low unit price (17.0)
2078450317,Low Price,unit_price,Suspiciously low unit price (34.0)
2078557782,Low Price,unit_price,Suspiciously low unit price (26.0)
2078555532,Low Price,unit_price,Suspiciously low unit price (23.0)
2078538146,Low Price,unit_price,Suspiciously low unit price (14.0)
2078532813,Low Price,unit_price,Suspiciously low unit price (28.0)
2078433542,Low Price,unit_price,Suspiciously low unit price (9.0)
2078472994,Low Price,unit_price,Suspiciously low unit price (34.0)
2078425084,Low Price,unit_price,Suspiciously low unit price (9.0)
2078459531,Low Price,unit_price,Suspiciously low unit price (2.0)
2078527152,Low Price,unit_price,Suspiciously low unit price (9.0)
2078525206,Low Price,unit_price,Suspiciously low unit price (9.0)
2078574556,Low Price,unit_price,Suspiciously low unit price (34.0)
2078511124,Low Price,unit_price,Suspiciously low unit price (13.0)
2078470888,Low Price,unit_price,Suspiciously low unit price (11.0)
2078406922,Low Price,unit_price,Suspiciously low unit price (9.0)
2078752038,Low Price,unit_price,Suspiciously low unit price (41.0)
2078749898,Low Price,unit_price,Suspiciously low unit price (41.0)
2078625742,Low Price,unit_price,Suspiciously low unit price (42.0)
2078762085,Low Price,unit_price,Suspiciously low unit price (41.0)
2078596901,Low Price,unit_price,Suspiciously low unit price (42.0)
2078661170,Low Price,unit_price,Suspiciously low unit price (42.0)
2077713526,Low Price,unit_price,Suspiciously low unit price (1.0)
2077636792,Low Price,unit_price,Suspiciously low unit price (1.0)
2077613130,Low Price,unit_price,Suspiciously low unit price (1.0)
2077903112,Low Price,unit_price,Suspiciously low unit price (2.0)
2078016703,Low Price,unit_price,Suspiciously low unit price (1.0)
2078061425,Low Price,unit_price,Suspiciously low unit price (1.0)
2077858446,Low Price,unit_price,Suspiciously low unit price (1.0)
2077704927,Low Price,unit_price,Suspiciously low unit price (42.0)
2077869370,Low Price,unit_price,Suspiciously low unit price (10.0)
2077861929,Low Price,unit_price,Suspiciously low unit price (2.0)
2077844239,Low Price,unit_price,Suspiciously low unit price (1.0)
2077947354,Low Price,unit_price,Suspiciously low unit price (43.0)
2078020553,Low Price,unit_price,Suspiciously low unit price (1.0)
2078444726,Low Price,unit_price,Suspiciously low unit price (1.0)
2078441177,Low Price,unit_price,Suspiciously low unit price (37.0)
2078539005,Low Price,unit_price,Suspiciously low unit price (9.0)
2078580326,Low Price,unit_price,Suspiciously low unit price (4.0)
2078576620,Low Price,unit_price,Suspiciously low unit price (25.0)
2078513471,Low Price,unit_price,Suspiciously low unit price (1.0)
2078393946,Low Price,unit_price,Suspiciously low unit price (33.0)
2078378855,Low Price,unit_price,Suspiciously low unit price (10.0)
2078376712,Low Price,unit_price,Suspiciously low unit price (11.0)
2078468951,Low Price,unit_price,Suspiciously low unit price (17.0)
2078415643,Low Price,unit_price,Suspiciously low unit price (1.0)
2078527121,Low Price,unit_price,Suspiciously low unit price (0.0)
6302661424,Low Price,unit_price,Suspiciously low unit price (27.0)
6302661423,Low Price,unit_price,Suspiciously low unit price (29.0)
6303967099,Low Price,unit_price,Suspiciously low unit price (11.0)
6303967098,Low Price,unit_price,Suspiciously low unit price (3.0)
6303967097,Low Price,unit_price,Suspiciously low unit price (1.0)
6303967094,Low Price,unit_price,Suspiciously low unit price (2.0)
6303967093,Low Price,unit_price,Suspiciously low unit price (2.0)
6303967092,Low Price,unit_price,Suspiciously low unit price (5.0)
6303967091,Low Price,unit_price,Suspiciously low unit price (0.0)
6303994118,Low Price,unit_price,Suspiciously low unit price (7.0)
6303994115,Low Price,unit_price,Suspiciously low unit price (13.0)
6303994113,Low Price,unit_price,Suspiciously low unit price (22.0)
6305069873,Low Price,unit_price,Suspiciously low unit price (3.0)
6305069848,Low Price,unit_price,Suspiciously low unit price (2.0)
6305069824,Low Price,unit_price,Suspiciously low unit price (3.0)
6305185843,Low Price,unit_price,Suspiciously low unit price (8.0)
6305184728,Low Price,unit_price,Suspiciously low unit price (1.0)
6305178191,Low Price,unit_price,Suspiciously low unit price (4.0)
6305178190,Low Price,unit_price,Suspiciously low unit price (4.0)
6305297721,Low Price,unit_price,Suspiciously low unit price (1.0)
6305499515,Low Price,unit_price,Suspiciously low unit price (48.0)
6305499508,Low Price,unit_price,Suspiciously low unit price (3.0)
6305499507,Low Price,unit_price,Suspiciously low unit price (48.0)
6305499506,Low Price,unit_price,Suspiciously low unit price (38.0)
6305499505,Low Price,unit_price,Suspiciously low unit price (38.0)
6305499504,Low Price,unit_price,Suspiciously low unit price (38.0)
6305499502,Low Price,unit_price,Suspiciously low unit price (4.0)
6305216299,Low Price,unit_price,Suspiciously low unit price (1.0)
6305204393,Low Price,unit_price,Suspiciously low unit price (1.0)
6305195231,Low Price,unit_price,Suspiciously low unit price (7.0)
6305195230,Low Price,unit_price,Suspiciously low unit price (2.0)
6305195229,Low Price,unit_price,Suspiciously low unit price (5.0)
6305195228,Low Price,unit_price,Suspiciously low unit price (0.0)
6305195227,Low Price,unit_price,Suspiciously low unit price (2.0)
6305195226,Low Price,unit_price,Suspiciously low unit price (8.0)
6305195225,Low Price,unit_price,Suspiciously low unit price (7.0)
6305195224,Low Price,unit_price,Suspiciously low unit price (0.0)
6305195223,Low Price,unit_price,Suspiciously low unit price (5.0)
6305194201,Low Price,unit_price,Suspiciously low unit price (1.0)
6305194200,Low Price,unit_price,Suspiciously low unit price (5.0)
6305194199,Low Price,unit_price,Suspiciously low unit price (5.0)
6305194198,Low Price,unit_price,Suspiciously low unit price (2.0)
6305194197,Low Price,unit_price,Suspiciously low unit price (8.0)
6305194196,Low Price,unit_price,Suspiciously low unit price (8.0)
6305191290,Low Price,unit_price,Suspiciously low unit price (1.0)
6305191289,Low Price,unit_price,Suspiciously low unit price (8.0)
6305191086,Low Price,unit_price,Suspiciously low unit price (1.0)
6305072466,Low Price,unit_price,Suspiciously low unit price (2.0)
6305072465,Low Price,unit_price,Suspiciously low unit price (2.0)
6305070471,Low Price,unit_price,Suspiciously low unit price (0.0)
6305070462,Low Price,unit_price,Suspiciously low unit price (0.0)
6305183165,Low Price,unit_price,Suspiciously low unit price (0.0)
6305069834,Low Price,unit_price,Suspiciously low unit price (1.0)
6305070461,Low Price,unit_price,Suspiciously low unit price (0.0)
6305070460,Low Price,unit_price,Suspiciously low unit price (0.0)
6305070457,Low Price,unit_price,Suspiciously low unit price (0.0)
6305070455,Low Price,unit_price,Suspiciously low unit price (0.0)
6305069874,Low Price,unit_price,Suspiciously low unit price (1.0)
6305069868,Low Price,unit_price,Suspiciously low unit price (0.0)
6305069840,Low Price,unit_price,Suspiciously low unit price (0.0)
6305069828,Low Price,unit_price,Suspiciously low unit price (0.0)
6305069825,Low Price,unit_price,Suspiciously low unit price (0.0)
6305069823,Low Price,unit_price,Suspiciously low unit price (0.0)
6305069822,Low Price,unit_price,Suspiciously low unit price (0.0)
6305069821,Low Price,unit_price,Suspiciously low unit price (0.0)
6305070470,Low Price,unit_price,Suspiciously low unit price (0.0)
6305070469,Low Price,unit_price,Suspiciously low unit price (0.0)
6305070468,Low Price,unit_price,Suspiciously low unit price (0.0)
6305070465,Low Price,unit_price,Suspiciously low unit price (0.0)
6305070464,Low Price,unit_price,Suspiciously low unit price (1.0)
6305070463,Low Price,unit_price,Suspiciously low unit price (0.0)
6305070459,Low Price,unit_price,Suspiciously low unit price (0.0)
6305070458,Low Price,unit_price,Suspiciously low unit price (0.0)
6305070456,Low Price,unit_price,Suspiciously low unit price (0.0)
6305070452,Low Price,unit_price,Suspiciously low unit price (0.0)
6305070451,Low Price,unit_price,Suspiciously low unit price (0.0)
6305070449,Low Price,unit_price,Suspiciously low unit price (1.0)
6305070448,Low Price,unit_price,Suspiciously low unit price (1.0)
6305069877,Low Price,unit_price,Suspiciously low unit price (0.0)
6305069875,Low Price,unit_price,Suspiciously low unit price (0.0)
6305069870,Low Price,unit_price,Suspiciously low unit price (0.0)
6305069869,Low Price,unit_price,Suspiciously low unit price (0.0)
6305069867,Low Price,unit_price,Suspiciously low unit price (0.0)
6305069866,Low Price,unit_price,Suspiciously low unit price (0.0)
6305069865,Low Price,unit_price,Suspiciously low unit price (0.0)
6305069864,Low Price,unit_price,Suspiciously low unit price (0.0)
6305069863,Low Price,unit_price,Suspiciously low unit price (0.0)
6305069861,Low Price,unit_price,Suspiciously low unit price (0.0)
6305069860,Low Price,unit_price,Suspiciously low unit price (0.0)
6305069858,Low Price,unit_price,Suspiciously low unit price (0.0)
6305069857,Low Price,unit_price,Suspiciously low unit price (0.0)
6305069856,Low Price,unit_price,Suspiciously low unit price (0.0)
6305069855,Low Price,unit_price,Suspiciously low unit price (0.0)
6305069854,Low Price,unit_price,Suspiciously low unit price (0.0)
6305069853,Low Price,unit_price,Suspiciously low unit price (0.0)
6305069851,Low Price,unit_price,Suspiciously low unit price (0.0)
6305069850,Low Price,unit_price,Suspiciously low unit price (0.0)
6305069849,Low Price,unit_price,Suspiciously low unit price (0.0)
6305069847,Low Price,unit_price,Suspiciously low unit price (0.0)
6305069846,Low Price,unit_price,Suspiciously low unit price (0.0)
6305069844,Low Price,unit_price,Suspiciously low unit price (0.0)
6305069843,Low Price,unit_price,Suspiciously low unit price (0.0)
6305069842,Low Price,unit_price,Suspiciously low unit price (0.0)
6305069838,Low Price,unit_price,Suspiciously low unit price (1.0)
6305069837,Low Price,unit_price,Suspiciously low unit price (0.0)
6305069836,Low Price,unit_price,Suspiciously low unit price (0.0)
6305069835,Low Price,unit_price,Suspiciously low unit price (0.0)
6305069833,Low Price,unit_price,Suspiciously low unit price (0.0)
6305069832,Low Price,unit_price,Suspiciously low unit price (0.0)
6305069831,Low Price,unit_price,Suspiciously low unit price (1.0)
6305069830,Low Price,unit_price,Suspiciously low unit price (1.0)
6305069827,Low Price,unit_price,Suspiciously low unit price (0.0)
6305069826,Low Price,unit_price,Suspiciously low unit price (1.0)
6305069820,Low Price,unit_price,Suspiciously low unit price (2.0)
6305069819,Low Price,unit_price,Suspiciously low unit price (0.0)
6305069818,Low Price,unit_price,Suspiciously low unit price (0.0)
6305069817,Low Price,unit_price,Suspiciously low unit price (0.0)
6305069816,Low Price,unit_price,Suspiciously low unit price (0.0)
6305069815,Low Price,unit_price,Suspiciously low unit price (0.0)
6305069814,Low Price,unit_price,Suspiciously low unit price (0.0)
6305069376,Low Price,unit_price,Suspiciously low unit price (0.0)
6305069384,Low Price,unit_price,Suspiciously low unit price (0.0)
6305069383,Low Price,unit_price,Suspiciously low unit price (0.0)
6305069382,Low Price,unit_price,Suspiciously low unit price (0.0)
6305069381,Low Price,unit_price,Suspiciously low unit price (0.0)
6305069379,Low Price,unit_price,Suspiciously low unit price (0.0)
6305069378,Low Price,unit_price,Suspiciously low unit price (0.0)
6305069377,Low Price,unit_price,Suspiciously low unit price (1.0)
6305069375,Low Price,unit_price,Suspiciously low unit price (0.0)
6305069374,Low Price,unit_price,Suspiciously low unit price (0.0)
6305069373,Low Price,unit_price,Suspiciously low unit price (0.0)
6305069372,Low Price,unit_price,Suspiciously low unit price (0.0)
6305069371,Low Price,unit_price,Suspiciously low unit price (0.0)
6305069370,Low Price,unit_price,Suspiciously low unit price (1.0)
6305069369,Low Price,unit_price,Suspiciously low unit price (0.0)
6305069368,Low Price,unit_price,Suspiciously low unit price (0.0)
6305069367,Low Price,unit_price,Suspiciously low unit price (0.0)
6302090575,Low Price,unit_price,Suspiciously low unit price (7.0)
6302050390,Low Price,unit_price,Suspiciously low unit price (28.0)
6302174261,Low Price,unit_price,Suspiciously low unit price (28.0)
6302265489,Low Price,unit_price,Suspiciously low unit price (13.0)
6303464939,Low Price,unit_price,Suspiciously low unit price (45.0)
6304848300,Low Price,unit_price,Suspiciously low unit price (5.0)
6304845646,Low Price,unit_price,Suspiciously low unit price (1.0)
6304845645,Low Price,unit_price,Suspiciously low unit price (1.0)
6304733039,Low Price,unit_price,Suspiciously low unit price (4.0)
6304733041,Low Price,unit_price,Suspiciously low unit price (2.0)
6304733040,Low Price,unit_price,Suspiciously low unit price (4.0)
6304940463,Low Price,unit_price,Suspiciously low unit price (12.0)
6304940462,Low Price,unit_price,Suspiciously low unit price (14.0)
6304940461,Low Price,unit_price,Suspiciously low unit price (11.0)
6304676014,Low Price,unit_price,Suspiciously low unit price (1.0)
6304676020,Low Price,unit_price,Suspiciously low unit price (0.0)
6304676019,Low Price,unit_price,Suspiciously low unit price (0.0)
6304676017,Low Price,unit_price,Suspiciously low unit price (0.0)
6304676016,Low Price,unit_price,Suspiciously low unit price (0.0)
6304676011,Low Price,unit_price,Suspiciously low unit price (1.0)
6304676008,Low Price,unit_price,Suspiciously low unit price (0.0)
6304675994,Low Price,unit_price,Suspiciously low unit price (0.0)
6304675993,Low Price,unit_price,Suspiciously low unit price (0.0)
6304675992,Low Price,unit_price,Suspiciously low unit price (0.0)
6304675991,Low Price,unit_price,Suspiciously low unit price (1.0)
6304675990,Low Price,unit_price,Suspiciously low unit price (0.0)
6304676018,Low Price,unit_price,Suspiciously low unit price (0.0)
6304676013,Low Price,unit_price,Suspiciously low unit price (1.0)
6304676012,Low Price,unit_price,Suspiciously low unit price (1.0)
6304676010,Low Price,unit_price,Suspiciously low unit price (0.0)
6304676007,Low Price,unit_price,Suspiciously low unit price (0.0)
6304676005,Low Price,unit_price,Suspiciously low unit price (0.0)
6304676003,Low Price,unit_price,Suspiciously low unit price (0.0)
6304676002,Low Price,unit_price,Suspiciously low unit price (0.0)
6304676001,Low Price,unit_price,Suspiciously low unit price (0.0)
6304676000,Low Price,unit_price,Suspiciously low unit price (0.0)
6304675999,Low Price,unit_price,Suspiciously low unit price (0.0)
6304675998,Low Price,unit_price,Suspiciously low unit price (0.0)
6304675997,Low Price,unit_price,Suspiciously low unit price (0.0)
6304675995,Low Price,unit_price,Suspiciously low unit price (0.0)
6304675989,Low Price,unit_price,Suspiciously low unit price (0.0)
6304675988,Low Price,unit_price,Suspiciously low unit price (0.0)
6304675987,Low Price,unit_price,Suspiciously low unit price (0.0)
6304675985,Low Price,unit_price,Suspiciously low unit price (1.0)
6304874015,Low Price,unit_price,Suspiciously low unit price (19.0)
6304874014,Low Price,unit_price,Suspiciously low unit price (7.0)
6304874013,Low Price,unit_price,Suspiciously low unit price (6.0)
6304874012,Low Price,unit_price,Suspiciously low unit price (6.0)
6304874009,Low Price,unit_price,Suspiciously low unit price (38.0)
6304874008,Low Price,unit_price,Suspiciously low unit price (39.0)
6304874007,Low Price,unit_price,Suspiciously low unit price (9.0)
6304873991,Low Price,unit_price,Suspiciously low unit price (44.0)
6304873990,Low Price,unit_price,Suspiciously low unit price (42.0)
6304873975,Low Price,unit_price,Suspiciously low unit price (4.0)
6304873987,Low Price,unit_price,Suspiciously low unit price (12.0)
6304873974,Low Price,unit_price,Suspiciously low unit price (0.0)
6304958010,Low Price,unit_price,Suspiciously low unit price (46.0)
6304958009,Low Price,unit_price,Suspiciously low unit price (14.0)
6304958007,Low Price,unit_price,Suspiciously low unit price (3.0)
6304958005,Low Price,unit_price,Suspiciously low unit price (5.0)
6304958635,Low Price,unit_price,Suspiciously low unit price (27.0)
6304958006,Low Price,unit_price,Suspiciously low unit price (2.0)
6303457434,Low Price,unit_price,Suspiciously low unit price (27.0)
6303448615,Low Price,unit_price,Suspiciously low unit price (22.0)
6303468351,Low Price,unit_price,Suspiciously low unit price (14.0)
6303397655,Low Price,unit_price,Suspiciously low unit price (12.0)
6303334123,Low Price,unit_price,Suspiciously low unit price (14.0)
6302060661,Low Price,unit_price,Suspiciously low unit price (8.0)
6302060660,Low Price,unit_price,Suspiciously low unit price (9.0)
6302060659,Low Price,unit_price,Suspiciously low unit price (2.0)
6302060658,Low Price,unit_price,Suspiciously low unit price (11.0)
6302060657,Low Price,unit_price,Suspiciously low unit price (3.0)
6302060656,Low Price,unit_price,Suspiciously low unit price (4.0)
6302060650,Low Price,unit_price,Suspiciously low unit price (18.0)
6302060649,Low Price,unit_price,Suspiciously low unit price (10.0)
6302097013,Low Price,unit_price,Suspiciously low unit price (18.0)
6302086310,Low Price,unit_price,Suspiciously low unit price (6.0)
6302048562,Low Price,unit_price,Suspiciously low unit price (2.0)
6302048561,Low Price,unit_price,Suspiciously low unit price (1.0)
6302048559,Low Price,unit_price,Suspiciously low unit price (1.0)
6302048118,Low Price,unit_price,Suspiciously low unit price (3.0)
6301872409,Low Price,unit_price,Suspiciously low unit price (17.0)
6301872408,Low Price,unit_price,Suspiciously low unit price (39.0)
6302078018,Low Price,unit_price,Suspiciously low unit price (16.0)
6302076160,Low Price,unit_price,Suspiciously low unit price (6.0)
6302076159,Low Price,unit_price,Suspiciously low unit price (4.0)
6301851668,Low Price,unit_price,Suspiciously low unit price (4.0)
6301835856,Low Price,unit_price,Suspiciously low unit price (16.0)
6302289299,Low Price,unit_price,Suspiciously low unit price (38.0)
6302289298,Low Price,unit_price,Suspiciously low unit price (38.0)
6301872414,Low Price,unit_price,Suspiciously low unit price (49.0)
6302050381,Low Price,unit_price,Suspiciously low unit price (32.0)
6302090576,Low Price,unit_price,Suspiciously low unit price (27.0)
6302050389,Low Price,unit_price,Suspiciously low unit price (16.0)
6302050385,Low Price,unit_price,Suspiciously low unit price (35.0)
6302050384,Low Price,unit_price,Suspiciously low unit price (28.0)
6302050383,Low Price,unit_price,Suspiciously low unit price (9.0)
6302050382,Low Price,unit_price,Suspiciously low unit price (29.0)
6302050380,Low Price,unit_price,Suspiciously low unit price (29.0)
6302050377,Low Price,unit_price,Suspiciously low unit price (34.0)
6302048560,Low Price,unit_price,Suspiciously low unit price (12.0)
6302271614,Low Price,unit_price,Suspiciously low unit price (23.0)
6302067871,Low Price,unit_price,Suspiciously low unit price (14.0)
6301835854,Low Price,unit_price,Suspiciously low unit price (2.0)
6305901666,Low Price,unit_price,Suspiciously low unit price (16.0)
6303423506,Low Price,unit_price,Suspiciously low unit price (4.0)
6303662288,Low Price,unit_price,Suspiciously low unit price (40.0)
6303319131,Low Price,unit_price,Suspiciously low unit price (18.0)
6303319130,Low Price,unit_price,Suspiciously low unit price (2.0)
6303311335,Low Price,unit_price,Suspiciously low unit price (6.0)
6303652214,Low Price,unit_price,Suspiciously low unit price (9.0)
6303629214,Low Price,unit_price,Suspiciously low unit price (27.0)
6303629213,Low Price,unit_price,Suspiciously low unit price (7.0)
6303628925,Low Price,unit_price,Suspiciously low unit price (5.0)
6303635718,Low Price,unit_price,Suspiciously low unit price (26.0)
6303294776,Low Price,unit_price,Suspiciously low unit price (19.0)
6303779932,Low Price,unit_price,Suspiciously low unit price (19.0)
6303334121,Low Price,unit_price,Suspiciously low unit price (2.0)
6303549823,Low Price,unit_price,Suspiciously low unit price (31.0)
6303544388,Low Price,unit_price,Suspiciously low unit price (2.0)
6302098376,Low Price,unit_price,Suspiciously low unit price (1.0)
6302509203,Low Price,unit_price,Suspiciously low unit price (9.0)
6302509202,Low Price,unit_price,Suspiciously low unit price (9.0)
6302831375,Low Price,unit_price,Suspiciously low unit price (32.0)
6302831386,Low Price,unit_price,Suspiciously low unit price (34.0)
6302831384,Low Price,unit_price,Suspiciously low unit price (16.0)
6302831376,Low Price,unit_price,Suspiciously low unit price (7.0)
6302831389,Low Price,unit_price,Suspiciously low unit price (14.0)
6302831387,Low Price,unit_price,Suspiciously low unit price (14.0)
6301481662,Low Price,unit_price,Suspiciously low unit price (12.0)
6305608313,Low Price,unit_price,Suspiciously low unit price (1.0)
6305375909,Low Price,unit_price,Suspiciously low unit price (4.0)
6305600509,Low Price,unit_price,Suspiciously low unit price (20.0)
6305413417,Low Price,unit_price,Suspiciously low unit price (1.0)
6305344720,Low Price,unit_price,Suspiciously low unit price (3.0)
6305344719,Low Price,unit_price,Suspiciously low unit price (16.0)
6302766938,Low Price,unit_price,Suspiciously low unit price (4.0)
6302766937,Low Price,unit_price,Suspiciously low unit price (4.0)
6301284400,Low Price,unit_price,Suspiciously low unit price (1.0)
6301284399,Low Price,unit_price,Suspiciously low unit price (2.0)
6301284398,Low Price,unit_price,Suspiciously low unit price (4.0)
6301284397,Low Price,unit_price,Suspiciously low unit price (2.0)
6301284396,Low Price,unit_price,Suspiciously low unit price (1.0)
6301284395,Low Price,unit_price,Suspiciously low unit price (3.0)
6301284394,Low Price,unit_price,Suspiciously low unit price (2.0)
6301284393,Low Price,unit_price,Suspiciously low unit price (3.0)
6301284392,Low Price,unit_price,Suspiciously low unit price (2.0)
6301284391,Low Price,unit_price,Suspiciously low unit price (2.0)
6301284390,Low Price,unit_price,Suspiciously low unit price (3.0)
6301284389,Low Price,unit_price,Suspiciously low unit price (1.0)
6304314136,Low Price,unit_price,Suspiciously low unit price (0.0)
6304444150,Low Price,unit_price,Suspiciously low unit price (0.0)
6304444149,Low Price,unit_price,Suspiciously low unit price (0.0)
6304429006,Low Price,unit_price,Suspiciously low unit price (0.0)
6304429005,Low Price,unit_price,Suspiciously low unit price (0.0)
6304314142,Low Price,unit_price,Suspiciously low unit price (1.0)
6304314140,Low Price,unit_price,Suspiciously low unit price (0.0)
6304314139,Low Price,unit_price,Suspiciously low unit price (0.0)
6304314131,Low Price,unit_price,Suspiciously low unit price (1.0)
6304314128,Low Price,unit_price,Suspiciously low unit price (0.0)
6304314126,Low Price,unit_price,Suspiciously low unit price (0.0)
6304314117,Low Price,unit_price,Suspiciously low unit price (0.0)
6304314115,Low Price,unit_price,Suspiciously low unit price (1.0)
6304314113,Low Price,unit_price,Suspiciously low unit price (0.0)
6304314109,Low Price,unit_price,Suspiciously low unit price (0.0)
6304314108,Low Price,unit_price,Suspiciously low unit price (0.0)
6304314101,Low Price,unit_price,Suspiciously low unit price (1.0)
6304314141,Low Price,unit_price,Suspiciously low unit price (0.0)
6304314138,Low Price,unit_price,Suspiciously low unit price (0.0)
6304314137,Low Price,unit_price,Suspiciously low unit price (0.0)
6304314135,Low Price,unit_price,Suspiciously low unit price (0.0)
6304314134,Low Price,unit_price,Suspiciously low unit price (1.0)
6304314133,Low Price,unit_price,Suspiciously low unit price (1.0)
6304314132,Low Price,unit_price,Suspiciously low unit price (0.0)
6304314130,Low Price,unit_price,Suspiciously low unit price (0.0)
6304314129,Low Price,unit_price,Suspiciously low unit price (0.0)
6304314125,Low Price,unit_price,Suspiciously low unit price (0.0)
6304314122,Low Price,unit_price,Suspiciously low unit price (0.0)
6304314121,Low Price,unit_price,Suspiciously low unit price (0.0)
6304314118,Low Price,unit_price,Suspiciously low unit price (0.0)
6304314116,Low Price,unit_price,Suspiciously low unit price (1.0)
6304314114,Low Price,unit_price,Suspiciously low unit price (1.0)
6304314111,Low Price,unit_price,Suspiciously low unit price (1.0)
6304314107,Low Price,unit_price,Suspiciously low unit price (0.0)
6304314106,Low Price,unit_price,Suspiciously low unit price (0.0)
6304314104,Low Price,unit_price,Suspiciously low unit price (0.0)
6304314102,Low Price,unit_price,Suspiciously low unit price (0.0)
6304314100,Low Price,unit_price,Suspiciously low unit price (0.0)
6304314099,Low Price,unit_price,Suspiciously low unit price (0.0)
6304314098,Low Price,unit_price,Suspiciously low unit price (0.0)
6304314097,Low Price,unit_price,Suspiciously low unit price (0.0)
6304314096,Low Price,unit_price,Suspiciously low unit price (1.0)
6304334473,Low Price,unit_price,Suspiciously low unit price (1.0)
6304334472,Low Price,unit_price,Suspiciously low unit price (1.0)
6304505850,Low Price,unit_price,Suspiciously low unit price (11.0)
6304505849,Low Price,unit_price,Suspiciously low unit price (3.0)
6304317972,Low Price,unit_price,Suspiciously low unit price (2.0)
6304317968,Low Price,unit_price,Suspiciously low unit price (5.0)
6304317971,Low Price,unit_price,Suspiciously low unit price (5.0)
6304317970,Low Price,unit_price,Suspiciously low unit price (6.0)
6304317969,Low Price,unit_price,Suspiciously low unit price (6.0)
6304317967,Low Price,unit_price,Suspiciously low unit price (0.0)
6304590175,Low Price,unit_price,Suspiciously low unit price (16.0)
6302896127,Low Price,unit_price,Suspiciously low unit price (8.0)
6302830676,Low Price,unit_price,Suspiciously low unit price (4.0)
6302830677,Low Price,unit_price,Suspiciously low unit price (12.0)
6302767221,Low Price,unit_price,Suspiciously low unit price (1.0)
6302705628,Low Price,unit_price,Suspiciously low unit price (3.0)
6303077283,Low Price,unit_price,Suspiciously low unit price (17.0)
6302769076,Low Price,unit_price,Suspiciously low unit price (7.0)
6303069994,Low Price,unit_price,Suspiciously low unit price (13.0)
6303069989,Low Price,unit_price,Suspiciously low unit price (39.0)
6303069988,Low Price,unit_price,Suspiciously low unit price (37.0)
6303069997,Low Price,unit_price,Suspiciously low unit price (2.0)
6303069995,Low Price,unit_price,Suspiciously low unit price (31.0)
6303069993,Low Price,unit_price,Suspiciously low unit price (2.0)
6303069992,Low Price,unit_price,Suspiciously low unit price (26.0)
6303069991,Low Price,unit_price,Suspiciously low unit price (2.0)
6303069990,Low Price,unit_price,Suspiciously low unit price (1.0)
6302810225,Low Price,unit_price,Suspiciously low unit price (38.0)
6302767609,Low Price,unit_price,Suspiciously low unit price (1.0)
6301183596,Low Price,unit_price,Suspiciously low unit price (2.0)
6301505126,Low Price,unit_price,Suspiciously low unit price (1.0)
6301505125,Low Price,unit_price,Suspiciously low unit price (1.0)
6301505124,Low Price,unit_price,Suspiciously low unit price (1.0)
6301505123,Low Price,unit_price,Suspiciously low unit price (11.0)
6301012495,Low Price,unit_price,Suspiciously low unit price (34.0)
6301775669,Low Price,unit_price,Suspiciously low unit price (19.0)
6301056585,Low Price,unit_price,Suspiciously low unit price (45.0)
6301286507,Low Price,unit_price,Suspiciously low unit price (5.0)
6301486111,Low Price,unit_price,Suspiciously low unit price (23.0)
6301251656,Low Price,unit_price,Suspiciously low unit price (22.0)
6301249780,Low Price,unit_price,Suspiciously low unit price (10.0)
6301468473,Low Price,unit_price,Suspiciously low unit price (9.0)
6301734191,Low Price,unit_price,Suspiciously low unit price (7.0)
6301743389,Low Price,unit_price,Suspiciously low unit price (2.0)
6301728240,Low Price,unit_price,Suspiciously low unit price (10.0)
6301237147,Low Price,unit_price,Suspiciously low unit price (1.0)
6301068115,Low Price,unit_price,Suspiciously low unit price (14.0)
6301309124,Low Price,unit_price,Suspiciously low unit price (14.0)
653838253,Low Price,unit_price,Suspiciously low unit price (0.0)
653838200,Low Price,unit_price,Suspiciously low unit price (2.0)
652868670,Low Price,unit_price,Suspiciously low unit price (14.0)
652868669,Low Price,unit_price,Suspiciously low unit price (43.0)
652868667,Low Price,unit_price,Suspiciously low unit price (10.0)
652868666,Low Price,unit_price,Suspiciously low unit price (21.0)
652868665,Low Price,unit_price,Suspiciously low unit price (17.0)
652868663,Low Price,unit_price,Suspiciously low unit price (20.0)
652868662,Low Price,unit_price,Suspiciously low unit price (31.0)
652868661,Low Price,unit_price,Suspiciously low unit price (15.0)
652868660,Low Price,unit_price,Suspiciously low unit price (7.0)
652868659,Low Price,unit_price,Suspiciously low unit price (43.0)
652868658,Low Price,unit_price,Suspiciously low unit price (19.0)
652868655,Low Price,unit_price,Suspiciously low unit price (8.0)
652868654,Low Price,unit_price,Suspiciously low unit price (22.0)
652868650,Low Price,unit_price,Suspiciously low unit price (8.0)
652868648,Low Price,unit_price,Suspiciously low unit price (4.0)
652868205,Low Price,unit_price,Suspiciously low unit price (22.0)
652868204,Low Price,unit_price,Suspiciously low unit price (18.0)
652868203,Low Price,unit_price,Suspiciously low unit price (21.0)
652868202,Low Price,unit_price,Suspiciously low unit price (9.0)
652868195,Low Price,unit_price,Suspiciously low unit price (32.0)
652868194,Low Price,unit_price,Suspiciously low unit price (32.0)
652868193,Low Price,unit_price,Suspiciously low unit price (20.0)
652868192,Low Price,unit_price,Suspiciously low unit price (4.0)
653837758,Low Price,unit_price,Suspiciously low unit price (44.0)
653838252,Low Price,unit_price,Suspiciously low unit price (1.0)
653838251,Low Price,unit_price,Suspiciously low unit price (0.0)
653838250,Low Price,unit_price,Suspiciously low unit price (1.0)
653838249,Low Price,unit_price,Suspiciously low unit price (7.0)
653838248,Low Price,unit_price,Suspiciously low unit price (0.0)
653838247,Low Price,unit_price,Suspiciously low unit price (1.0)
653838246,Low Price,unit_price,Suspiciously low unit price (0.0)
653838245,Low Price,unit_price,Suspiciously low unit price (0.0)
653838244,Low Price,unit_price,Suspiciously low unit price (0.0)
653838243,Low Price,unit_price,Suspiciously low unit price (0.0)
653838242,Low Price,unit_price,Suspiciously low unit price (0.0)
653838241,Low Price,unit_price,Suspiciously low unit price (0.0)
653838240,Low Price,unit_price,Suspiciously low unit price (0.0)
653838239,Low Price,unit_price,Suspiciously low unit price (0.0)
653838238,Low Price,unit_price,Suspiciously low unit price (0.0)
653838237,Low Price,unit_price,Suspiciously low unit price (0.0)
653838236,Low Price,unit_price,Suspiciously low unit price (0.0)
653838235,Low Price,unit_price,Suspiciously low unit price (0.0)
653838234,Low Price,unit_price,Suspiciously low unit price (8.0)
653838233,Low Price,unit_price,Suspiciously low unit price (8.0)
653838232,Low Price,unit_price,Suspiciously low unit price (0.0)
653838230,Low Price,unit_price,Suspiciously low unit price (45.0)
653838228,Low Price,unit_price,Suspiciously low unit price (0.0)
653838223,Low Price,unit_price,Suspiciously low unit price (1.0)
653838221,Low Price,unit_price,Suspiciously low unit price (0.0)
653838220,Low Price,unit_price,Suspiciously low unit price (0.0)
653838216,Low Price,unit_price,Suspiciously low unit price (0.0)
653838215,Low Price,unit_price,Suspiciously low unit price (0.0)
653838213,Low Price,unit_price,Suspiciously low unit price (0.0)
653838212,Low Price,unit_price,Suspiciously low unit price (0.0)
653838211,Low Price,unit_price,Suspiciously low unit price (0.0)
653838210,Low Price,unit_price,Suspiciously low unit price (0.0)
653838209,Low Price,unit_price,Suspiciously low unit price (0.0)
653838208,Low Price,unit_price,Suspiciously low unit price (0.0)
653838207,Low Price,unit_price,Suspiciously low unit price (0.0)
653838206,Low Price,unit_price,Suspiciously low unit price (0.0)
653838205,Low Price,unit_price,Suspiciously low unit price (0.0)
653838203,Low Price,unit_price,Suspiciously low unit price (2.0)
653838202,Low Price,unit_price,Suspiciously low unit price (2.0)
653838201,Low Price,unit_price,Suspiciously low unit price (2.0)
653838199,Low Price,unit_price,Suspiciously low unit price (0.0)
653838196,Low Price,unit_price,Suspiciously low unit price (36.0)
653838195,Low Price,unit_price,Suspiciously low unit price (36.0)
653838194,Low Price,unit_price,Suspiciously low unit price (37.0)
653838193,Low Price,unit_price,Suspiciously low unit price (37.0)
653837767,Low Price,unit_price,Suspiciously low unit price (19.0)
653837765,Low Price,unit_price,Suspiciously low unit price (7.0)
653837764,Low Price,unit_price,Suspiciously low unit price (7.0)
653837763,Low Price,unit_price,Suspiciously low unit price (7.0)
653837762,Low Price,unit_price,Suspiciously low unit price (0.0)
653837761,Low Price,unit_price,Suspiciously low unit price (1.0)
653837760,Low Price,unit_price,Suspiciously low unit price (44.0)
653837759,Low Price,unit_price,Suspiciously low unit price (44.0)
653837757,Low Price,unit_price,Suspiciously low unit price (44.0)
653837756,Low Price,unit_price,Suspiciously low unit price (42.0)
653837755,Low Price,unit_price,Suspiciously low unit price (21.0)
653837730,Low Price,unit_price,Suspiciously low unit price (49.0)
653837721,Low Price,unit_price,Suspiciously low unit price (27.0)
653837720,Low Price,unit_price,Suspiciously low unit price (27.0)
653837716,Low Price,unit_price,Suspiciously low unit price (22.0)
653837715,Low Price,unit_price,Suspiciously low unit price (22.0)
653837712,Low Price,unit_price,Suspiciously low unit price (0.0)
653837711,Low Price,unit_price,Suspiciously low unit price (1.0)
653837710,Low Price,unit_price,Suspiciously low unit price (14.0)
653837709,Low Price,unit_price,Suspiciously low unit price (15.0)
653837708,Low Price,unit_price,Suspiciously low unit price (0.0)
653837707,Low Price,unit_price,Suspiciously low unit price (6.0)
653837706,Low Price,unit_price,Suspiciously low unit price (7.0)
653832412,Low Price,unit_price,Suspiciously low unit price (1.0)
653832411,Low Price,unit_price,Suspiciously low unit price (0.0)
653832410,Low Price,unit_price,Suspiciously low unit price (0.0)
653832409,Low Price,unit_price,Suspiciously low unit price (0.0)
653832408,Low Price,unit_price,Suspiciously low unit price (0.0)
653832407,Low Price,unit_price,Suspiciously low unit price (0.0)
653832404,Low Price,unit_price,Suspiciously low unit price (12.0)
653832403,Low Price,unit_price,Suspiciously low unit price (8.0)
653832402,Low Price,unit_price,Suspiciously low unit price (0.0)
653832401,Low Price,unit_price,Suspiciously low unit price (1.0)
653832400,Low Price,unit_price,Suspiciously low unit price (0.0)
653832399,Low Price,unit_price,Suspiciously low unit price (0.0)
653832396,Low Price,unit_price,Suspiciously low unit price (2.0)
653832389,Low Price,unit_price,Suspiciously low unit price (0.0)
653832388,Low Price,unit_price,Suspiciously low unit price (0.0)
653832387,Low Price,unit_price,Suspiciously low unit price (0.0)
653832386,Low Price,unit_price,Suspiciously low unit price (0.0)
653832385,Low Price,unit_price,Suspiciously low unit price (0.0)
653832384,Low Price,unit_price,Suspiciously low unit price (0.0)
653832383,Low Price,unit_price,Suspiciously low unit price (17.0)
653832382,Low Price,unit_price,Suspiciously low unit price (17.0)
653832381,Low Price,unit_price,Suspiciously low unit price (2.0)
653832377,Low Price,unit_price,Suspiciously low unit price (0.0)
653832376,Low Price,unit_price,Suspiciously low unit price (0.0)
653832369,Low Price,unit_price,Suspiciously low unit price (7.0)
653832368,Low Price,unit_price,Suspiciously low unit price (5.0)
653832367,Low Price,unit_price,Suspiciously low unit price (3.0)
653832366,Low Price,unit_price,Suspiciously low unit price (7.0)
653832365,Low Price,unit_price,Suspiciously low unit price (18.0)
653832364,Low Price,unit_price,Suspiciously low unit price (7.0)
653832363,Low Price,unit_price,Suspiciously low unit price (6.0)
653832362,Low Price,unit_price,Suspiciously low unit price (10.0)
653832361,Low Price,unit_price,Suspiciously low unit price (10.0)
653832355,Low Price,unit_price,Suspiciously low unit price (7.0)
653832354,Low Price,unit_price,Suspiciously low unit price (6.0)
653832345,Low Price,unit_price,Suspiciously low unit price (8.0)
653832344,Low Price,unit_price,Suspiciously low unit price (10.0)
653832343,Low Price,unit_price,Suspiciously low unit price (42.0)
653832342,Low Price,unit_price,Suspiciously low unit price (40.0)
653832338,Low Price,unit_price,Suspiciously low unit price (41.0)
653832328,Low Price,unit_price,Suspiciously low unit price (0.0)
653832327,Low Price,unit_price,Suspiciously low unit price (0.0)
653832326,Low Price,unit_price,Suspiciously low unit price (0.0)
653832325,Low Price,unit_price,Suspiciously low unit price (2.0)
653832324,Low Price,unit_price,Suspiciously low unit price (12.0)
653832323,Low Price,unit_price,Suspiciously low unit price (2.0)
653832322,Low Price,unit_price,Suspiciously low unit price (1.0)
653832321,Low Price,unit_price,Suspiciously low unit price (1.0)
653832320,Low Price,unit_price,Suspiciously low unit price (1.0)
653829913,Low Price,unit_price,Suspiciously low unit price (2.0)
653902908,Low Price,unit_price,Suspiciously low unit price (7.0)
653902907,Low Price,unit_price,Suspiciously low unit price (26.0)
653902906,Low Price,unit_price,Suspiciously low unit price (42.0)
653902905,Low Price,unit_price,Suspiciously low unit price (44.0)
653902904,Low Price,unit_price,Suspiciously low unit price (11.0)
653902903,Low Price,unit_price,Suspiciously low unit price (13.0)
653902902,Low Price,unit_price,Suspiciously low unit price (45.0)
653902901,Low Price,unit_price,Suspiciously low unit price (15.0)
653902900,Low Price,unit_price,Suspiciously low unit price (10.0)
653902898,Low Price,unit_price,Suspiciously low unit price (26.0)
653902895,Low Price,unit_price,Suspiciously low unit price (18.0)
653902894,Low Price,unit_price,Suspiciously low unit price (7.0)
653902891,Low Price,unit_price,Suspiciously low unit price (40.0)
653902889,Low Price,unit_price,Suspiciously low unit price (25.0)
653902888,Low Price,unit_price,Suspiciously low unit price (11.0)
653902887,Low Price,unit_price,Suspiciously low unit price (5.0)
653749475,Low Price,unit_price,Suspiciously low unit price (0.0)
653766900,Low Price,unit_price,Suspiciously low unit price (1.0)
653765349,Low Price,unit_price,Suspiciously low unit price (0.0)
653761122,Low Price,unit_price,Suspiciously low unit price (0.0)
653761121,Low Price,unit_price,Suspiciously low unit price (0.0)
653753523,Low Price,unit_price,Suspiciously low unit price (1.0)
653753522,Low Price,unit_price,Suspiciously low unit price (0.0)
653753521,Low Price,unit_price,Suspiciously low unit price (0.0)
653753520,Low Price,unit_price,Suspiciously low unit price (0.0)
653753519,Low Price,unit_price,Suspiciously low unit price (1.0)
653877970,Low Price,unit_price,Suspiciously low unit price (2.0)
653872784,Low Price,unit_price,Suspiciously low unit price (7.0)
653872783,Low Price,unit_price,Suspiciously low unit price (6.0)
653872782,Low Price,unit_price,Suspiciously low unit price (10.0)
653872781,Low Price,unit_price,Suspiciously low unit price (7.0)
653872780,Low Price,unit_price,Suspiciously low unit price (24.0)
653872779,Low Price,unit_price,Suspiciously low unit price (10.0)
653872778,Low Price,unit_price,Suspiciously low unit price (10.0)
653872777,Low Price,unit_price,Suspiciously low unit price (26.0)
653872776,Low Price,unit_price,Suspiciously low unit price (5.0)
653872775,Low Price,unit_price,Suspiciously low unit price (5.0)
653872774,Low Price,unit_price,Suspiciously low unit price (5.0)
653869942,Low Price,unit_price,Suspiciously low unit price (11.0)
653869941,Low Price,unit_price,Suspiciously low unit price (13.0)
653869940,Low Price,unit_price,Suspiciously low unit price (10.0)
653867289,Low Price,unit_price,Suspiciously low unit price (8.0)
651487265,Low Price,unit_price,Suspiciously low unit price (5.0)
650722926,Low Price,unit_price,Suspiciously low unit price (13.0)
650722925,Low Price,unit_price,Suspiciously low unit price (6.0)
650707842,Low Price,unit_price,Suspiciously low unit price (9.0)
650672434,Low Price,unit_price,Suspiciously low unit price (5.0)
650655236,Low Price,unit_price,Suspiciously low unit price (21.0)
650655235,Low Price,unit_price,Suspiciously low unit price (25.0)
650655234,Low Price,unit_price,Suspiciously low unit price (21.0)
651514763,Low Price,unit_price,Suspiciously low unit price (12.0)
650777429,Low Price,unit_price,Suspiciously low unit price (6.0)
650776505,Low Price,unit_price,Suspiciously low unit price (17.0)
650741841,Low Price,unit_price,Suspiciously low unit price (20.0)
651551638,Low Price,unit_price,Suspiciously low unit price (1.0)
650761636,Low Price,unit_price,Suspiciously low unit price (7.0)
650756613,Low Price,unit_price,Suspiciously low unit price (5.0)
650749566,Low Price,unit_price,Suspiciously low unit price (15.0)
650749565,Low Price,unit_price,Suspiciously low unit price (8.0)
651513136,Low Price,unit_price,Suspiciously low unit price (24.0)
653838707,Low Price,unit_price,Suspiciously low unit price (13.0)
653819016,Low Price,unit_price,Suspiciously low unit price (5.0)
653775342,Low Price,unit_price,Suspiciously low unit price (3.0)
651572502,Low Price,unit_price,Suspiciously low unit price (4.0)
652162393,Low Price,unit_price,Suspiciously low unit price (37.0)
652355298,Low Price,unit_price,Suspiciously low unit price (25.0)
652543315,Low Price,unit_price,Suspiciously low unit price (35.0)
652500560,Low Price,unit_price,Suspiciously low unit price (49.0)
652533037,Low Price,unit_price,Suspiciously low unit price (18.0)
652584253,Low Price,unit_price,Suspiciously low unit price (6.0)
652240195,Low Price,unit_price,Suspiciously low unit price (1.0)
652229169,Low Price,unit_price,Suspiciously low unit price (9.0)
652441740,Low Price,unit_price,Suspiciously low unit price (36.0)
652324839,Low Price,unit_price,Suspiciously low unit price (13.0)
652324838,Low Price,unit_price,Suspiciously low unit price (31.0)
652324837,Low Price,unit_price,Suspiciously low unit price (15.0)
652296458,Low Price,unit_price,Suspiciously low unit price (1.0)
652638510,Low Price,unit_price,Suspiciously low unit price (12.0)
652421435,Low Price,unit_price,Suspiciously low unit price (7.0)
652246316,Low Price,unit_price,Suspiciously low unit price (0.0)
652358074,Low Price,unit_price,Suspiciously low unit price (11.0)
652358073,Low Price,unit_price,Suspiciously low unit price (3.0)
652358070,Low Price,unit_price,Suspiciously low unit price (4.0)
652358069,Low Price,unit_price,Suspiciously low unit price (11.0)
652418997,Low Price,unit_price,Suspiciously low unit price (6.0)
652418996,Low Price,unit_price,Suspiciously low unit price (22.0)
652358076,Low Price,unit_price,Suspiciously low unit price (44.0)
652528922,Low Price,unit_price,Suspiciously low unit price (9.0)
652528921,Low Price,unit_price,Suspiciously low unit price (27.0)
652528920,Low Price,unit_price,Suspiciously low unit price (5.0)
652179399,Low Price,unit_price,Suspiciously low unit price (33.0)
652179398,Low Price,unit_price,Suspiciously low unit price (2.0)
652175408,Low Price,unit_price,Suspiciously low unit price (1.0)
652175407,Low Price,unit_price,Suspiciously low unit price (1.0)
652175406,Low Price,unit_price,Suspiciously low unit price (20.0)
652701719,Low Price,unit_price,Suspiciously low unit price (19.0)
652139221,Low Price,unit_price,Suspiciously low unit price (1.0)
652139220,Low Price,unit_price,Suspiciously low unit price (1.0)
652528927,Low Price,unit_price,Suspiciously low unit price (1.0)
652528926,Low Price,unit_price,Suspiciously low unit price (28.0)
652528925,Low Price,unit_price,Suspiciously low unit price (25.0)
652528924,Low Price,unit_price,Suspiciously low unit price (34.0)
652528923,Low Price,unit_price,Suspiciously low unit price (16.0)
652214850,Low Price,unit_price,Suspiciously low unit price (1.0)
652425143,Low Price,unit_price,Suspiciously low unit price (15.0)
652425142,Low Price,unit_price,Suspiciously low unit price (14.0)
652425141,Low Price,unit_price,Suspiciously low unit price (2.0)
652310001,Low Price,unit_price,Suspiciously low unit price (15.0)
652594236,Low Price,unit_price,Suspiciously low unit price (26.0)
652282568,Low Price,unit_price,Suspiciously low unit price (2.0)
653563257,Low Price,unit_price,Suspiciously low unit price (44.0)
652357920,Low Price,unit_price,Suspiciously low unit price (47.0)
652147799,Low Price,unit_price,Suspiciously low unit price (28.0)
652355182,Low Price,unit_price,Suspiciously low unit price (11.0)
652355181,Low Price,unit_price,Suspiciously low unit price (14.0)
652355178,Low Price,unit_price,Suspiciously low unit price (28.0)
652262348,Low Price,unit_price,Suspiciously low unit price (0.0)
652262347,Low Price,unit_price,Suspiciously low unit price (0.0)
652252571,Low Price,unit_price,Suspiciously low unit price (8.0)
652250310,Low Price,unit_price,Suspiciously low unit price (9.0)
652291092,Low Price,unit_price,Suspiciously low unit price (4.0)
653518319,Low Price,unit_price,Suspiciously low unit price (1.0)
653641360,Low Price,unit_price,Suspiciously low unit price (2.0)
653641359,Low Price,unit_price,Suspiciously low unit price (5.0)
653418278,Low Price,unit_price,Suspiciously low unit price (1.0)
653564050,Low Price,unit_price,Suspiciously low unit price (22.0)
653564049,Low Price,unit_price,Suspiciously low unit price (0.0)
653564047,Low Price,unit_price,Suspiciously low unit price (0.0)
653564046,Low Price,unit_price,Suspiciously low unit price (4.0)
653564045,Low Price,unit_price,Suspiciously low unit price (0.0)
653564044,Low Price,unit_price,Suspiciously low unit price (0.0)
653564043,Low Price,unit_price,Suspiciously low unit price (0.0)
653564042,Low Price,unit_price,Suspiciously low unit price (1.0)
653564041,Low Price,unit_price,Suspiciously low unit price (3.0)
653564040,Low Price,unit_price,Suspiciously low unit price (1.0)
653564039,Low Price,unit_price,Suspiciously low unit price (1.0)
653564038,Low Price,unit_price,Suspiciously low unit price (4.0)
653564037,Low Price,unit_price,Suspiciously low unit price (2.0)
653564036,Low Price,unit_price,Suspiciously low unit price (17.0)
653564035,Low Price,unit_price,Suspiciously low unit price (17.0)
653564034,Low Price,unit_price,Suspiciously low unit price (1.0)
653564033,Low Price,unit_price,Suspiciously low unit price (2.0)
653564032,Low Price,unit_price,Suspiciously low unit price (1.0)
653564031,Low Price,unit_price,Suspiciously low unit price (6.0)
653564030,Low Price,unit_price,Suspiciously low unit price (5.0)
653564029,Low Price,unit_price,Suspiciously low unit price (5.0)
653564028,Low Price,unit_price,Suspiciously low unit price (1.0)
653564027,Low Price,unit_price,Suspiciously low unit price (3.0)
653564026,Low Price,unit_price,Suspiciously low unit price (10.0)
653564025,Low Price,unit_price,Suspiciously low unit price (10.0)
653564024,Low Price,unit_price,Suspiciously low unit price (0.0)
653564023,Low Price,unit_price,Suspiciously low unit price (0.0)
653563666,Low Price,unit_price,Suspiciously low unit price (1.0)
653563665,Low Price,unit_price,Suspiciously low unit price (1.0)
653563663,Low Price,unit_price,Suspiciously low unit price (2.0)
653563662,Low Price,unit_price,Suspiciously low unit price (2.0)
653563661,Low Price,unit_price,Suspiciously low unit price (2.0)
653563660,Low Price,unit_price,Suspiciously low unit price (3.0)
653563659,Low Price,unit_price,Suspiciously low unit price (3.0)
653563658,Low Price,unit_price,Suspiciously low unit price (34.0)
653563657,Low Price,unit_price,Suspiciously low unit price (34.0)
653563656,Low Price,unit_price,Suspiciously low unit price (35.0)
653563655,Low Price,unit_price,Suspiciously low unit price (35.0)
653563654,Low Price,unit_price,Suspiciously low unit price (18.0)
653563653,Low Price,unit_price,Suspiciously low unit price (2.0)
653563652,Low Price,unit_price,Suspiciously low unit price (2.0)
653563651,Low Price,unit_price,Suspiciously low unit price (1.0)
653563650,Low Price,unit_price,Suspiciously low unit price (1.0)
653563649,Low Price,unit_price,Suspiciously low unit price (3.0)
653563648,Low Price,unit_price,Suspiciously low unit price (22.0)
653563647,Low Price,unit_price,Suspiciously low unit price (40.0)
653563646,Low Price,unit_price,Suspiciously low unit price (3.0)
653563643,Low Price,unit_price,Suspiciously low unit price (3.0)
653563642,Low Price,unit_price,Suspiciously low unit price (20.0)
653563641,Low Price,unit_price,Suspiciously low unit price (20.0)
653563640,Low Price,unit_price,Suspiciously low unit price (1.0)
653563639,Low Price,unit_price,Suspiciously low unit price (3.0)
653563638,Low Price,unit_price,Suspiciously low unit price (5.0)
653563637,Low Price,unit_price,Suspiciously low unit price (5.0)
653563636,Low Price,unit_price,Suspiciously low unit price (3.0)
653563635,Low Price,unit_price,Suspiciously low unit price (4.0)
653563634,Low Price,unit_price,Suspiciously low unit price (3.0)
653563633,Low Price,unit_price,Suspiciously low unit price (6.0)
653563632,Low Price,unit_price,Suspiciously low unit price (3.0)
653563631,Low Price,unit_price,Suspiciously low unit price (8.0)
653563630,Low Price,unit_price,Suspiciously low unit price (4.0)
653563629,Low Price,unit_price,Suspiciously low unit price (5.0)
653563628,Low Price,unit_price,Suspiciously low unit price (2.0)
653563627,Low Price,unit_price,Suspiciously low unit price (37.0)
653563626,Low Price,unit_price,Suspiciously low unit price (21.0)
653563625,Low Price,unit_price,Suspiciously low unit price (20.0)
653563624,Low Price,unit_price,Suspiciously low unit price (48.0)
653563623,Low Price,unit_price,Suspiciously low unit price (11.0)
653563622,Low Price,unit_price,Suspiciously low unit price (11.0)
653563621,Low Price,unit_price,Suspiciously low unit price (11.0)
653563620,Low Price,unit_price,Suspiciously low unit price (4.0)
653563619,Low Price,unit_price,Suspiciously low unit price (4.0)
653563618,Low Price,unit_price,Suspiciously low unit price (0.0)
653541425,Low Price,unit_price,Suspiciously low unit price (0.0)
653539845,Low Price,unit_price,Suspiciously low unit price (4.0)
653549039,Low Price,unit_price,Suspiciously low unit price (4.0)
653518318,Low Price,unit_price,Suspiciously low unit price (1.0)
651858929,Low Price,unit_price,Suspiciously low unit price (31.0)
651800345,Low Price,unit_price,Suspiciously low unit price (22.0)
651800344,Low Price,unit_price,Suspiciously low unit price (16.0)
652004341,Low Price,unit_price,Suspiciously low unit price (36.0)
651675073,Low Price,unit_price,Suspiciously low unit price (43.0)
651664211,Low Price,unit_price,Suspiciously low unit price (38.0)
651664209,Low Price,unit_price,Suspiciously low unit price (37.0)
651664205,Low Price,unit_price,Suspiciously low unit price (38.0)
651664201,Low Price,unit_price,Suspiciously low unit price (43.0)
651664200,Low Price,unit_price,Suspiciously low unit price (48.0)
651664199,Low Price,unit_price,Suspiciously low unit price (30.0)
650450957,Low Price,unit_price,Suspiciously low unit price (24.0)
650315844,Low Price,unit_price,Suspiciously low unit price (26.0)
650315843,Low Price,unit_price,Suspiciously low unit price (23.0)
650289620,Low Price,unit_price,Suspiciously low unit price (5.0)
650311075,Low Price,unit_price,Suspiciously low unit price (45.0)
650309854,Low Price,unit_price,Suspiciously low unit price (12.0)
650309853,Low Price,unit_price,Suspiciously low unit price (28.0)
650429319,Low Price,unit_price,Suspiciously low unit price (24.0)
650156251,Low Price,unit_price,Suspiciously low unit price (2.0)
650217179,Low Price,unit_price,Suspiciously low unit price (3.0)
650140979,Low Price,unit_price,Suspiciously low unit price (12.0)
650394394,Low Price,unit_price,Suspiciously low unit price (17.0)
650487693,Low Price,unit_price,Suspiciously low unit price (24.0)
650487692,Low Price,unit_price,Suspiciously low unit price (3.0)
650293457,Low Price,unit_price,Suspiciously low unit price (10.0)
650306915,Low Price,unit_price,Suspiciously low unit price (39.0)
650306914,Low Price,unit_price,Suspiciously low unit price (22.0)
650306913,Low Price,unit_price,Suspiciously low unit price (17.0)
650306912,Low Price,unit_price,Suspiciously low unit price (13.0)
650306869,Low Price,unit_price,Suspiciously low unit price (6.0)
650107951,Low Price,unit_price,Suspiciously low unit price (39.0)
651937554,Low Price,unit_price,Suspiciously low unit price (7.0)
651787935,Low Price,unit_price,Suspiciously low unit price (35.0)
651870114,Low Price,unit_price,Suspiciously low unit price (35.0)
651874631,Low Price,unit_price,Suspiciously low unit price (36.0)
651937841,Low Price,unit_price,Suspiciously low unit price (1.0)
651937839,Low Price,unit_price,Suspiciously low unit price (9.0)
651682088,Low Price,unit_price,Suspiciously low unit price (33.0)
651682086,Low Price,unit_price,Suspiciously low unit price (48.0)
651771718,Low Price,unit_price,Suspiciously low unit price (3.0)
651771715,Low Price,unit_price,Suspiciously low unit price (11.0)
651771711,Low Price,unit_price,Suspiciously low unit price (49.0)
651771706,Low Price,unit_price,Suspiciously low unit price (29.0)
3697707838,Low Price,unit_price,Suspiciously low unit price (14.0)
3697389621,Low Price,unit_price,Suspiciously low unit price (22.0)
3697389619,Low Price,unit_price,Suspiciously low unit price (36.0)
3697389618,Low Price,unit_price,Suspiciously low unit price (46.0)
3697389617,Low Price,unit_price,Suspiciously low unit price (34.0)
3697389616,Low Price,unit_price,Suspiciously low unit price (23.0)
3697389615,Low Price,unit_price,Suspiciously low unit price (35.0)
3697389613,Low Price,unit_price,Suspiciously low unit price (44.0)
3697389612,Low Price,unit_price,Suspiciously low unit price (35.0)
3697389611,Low Price,unit_price,Suspiciously low unit price (32.0)
3697481591,Low Price,unit_price,Suspiciously low unit price (28.0)
3699018432,Low Price,unit_price,Suspiciously low unit price (21.0)
3699018427,Low Price,unit_price,Suspiciously low unit price (32.0)
3699018426,Low Price,unit_price,Suspiciously low unit price (17.0)
3699018425,Low Price,unit_price,Suspiciously low unit price (24.0)
3699018424,Low Price,unit_price,Suspiciously low unit price (24.0)
3699018423,Low Price,unit_price,Suspiciously low unit price (21.0)
3699018422,Low Price,unit_price,Suspiciously low unit price (25.0)
3699018420,Low Price,unit_price,Suspiciously low unit price (39.0)
3699018419,Low Price,unit_price,Suspiciously low unit price (23.0)
3699018418,Low Price,unit_price,Suspiciously low unit price (34.0)
3699018417,Low Price,unit_price,Suspiciously low unit price (39.0)
3699018416,Low Price,unit_price,Suspiciously low unit price (34.0)
3699018414,Low Price,unit_price,Suspiciously low unit price (40.0)
3699018413,Low Price,unit_price,Suspiciously low unit price (46.0)
3697727562,Low Price,unit_price,Suspiciously low unit price (34.0)
3700335503,Low Price,unit_price,Suspiciously low unit price (3.0)
3700340787,Low Price,unit_price,Suspiciously low unit price (3.0)
3700335323,Low Price,unit_price,Suspiciously low unit price (2.0)
3700334691,Low Price,unit_price,Suspiciously low unit price (3.0)
3700334657,Low Price,unit_price,Suspiciously low unit price (0.0)
3700334655,Low Price,unit_price,Suspiciously low unit price (0.0)
3700334654,Low Price,unit_price,Suspiciously low unit price (0.0)
3700334653,Low Price,unit_price,Suspiciously low unit price (0.0)
3700340974,Low Price,unit_price,Suspiciously low unit price (1.0)
3700422344,Low Price,unit_price,Suspiciously low unit price (2.0)
3700415717,Low Price,unit_price,Suspiciously low unit price (11.0)
3700415716,Low Price,unit_price,Suspiciously low unit price (4.0)
3700464245,Low Price,unit_price,Suspiciously low unit price (34.0)
3700464244,Low Price,unit_price,Suspiciously low unit price (34.0)
3700464243,Low Price,unit_price,Suspiciously low unit price (47.0)
3700464242,Low Price,unit_price,Suspiciously low unit price (47.0)
3700464239,Low Price,unit_price,Suspiciously low unit price (8.0)
3700464238,Low Price,unit_price,Suspiciously low unit price (8.0)
3700464237,Low Price,unit_price,Suspiciously low unit price (13.0)
3700464236,Low Price,unit_price,Suspiciously low unit price (13.0)
3700464235,Low Price,unit_price,Suspiciously low unit price (15.0)
3700464234,Low Price,unit_price,Suspiciously low unit price (15.0)
3700464233,Low Price,unit_price,Suspiciously low unit price (18.0)
3700464232,Low Price,unit_price,Suspiciously low unit price (18.0)
3700464229,Low Price,unit_price,Suspiciously low unit price (4.0)
3700464228,Low Price,unit_price,Suspiciously low unit price (4.0)
3700464227,Low Price,unit_price,Suspiciously low unit price (4.0)
3700464226,Low Price,unit_price,Suspiciously low unit price (4.0)
3700464225,Low Price,unit_price,Suspiciously low unit price (5.0)
3700464224,Low Price,unit_price,Suspiciously low unit price (5.0)
3700464223,Low Price,unit_price,Suspiciously low unit price (3.0)
3700464222,Low Price,unit_price,Suspiciously low unit price (3.0)
3700464221,Low Price,unit_price,Suspiciously low unit price (5.0)
3700464220,Low Price,unit_price,Suspiciously low unit price (5.0)
3700464219,Low Price,unit_price,Suspiciously low unit price (10.0)
3700455115,Low Price,unit_price,Suspiciously low unit price (1.0)
3700341373,Low Price,unit_price,Suspiciously low unit price (2.0)
3700341372,Low Price,unit_price,Suspiciously low unit price (0.0)
3700341371,Low Price,unit_price,Suspiciously low unit price (1.0)
3700341370,Low Price,unit_price,Suspiciously low unit price (0.0)
3700341369,Low Price,unit_price,Suspiciously low unit price (0.0)
3700341368,Low Price,unit_price,Suspiciously low unit price (0.0)
3700341367,Low Price,unit_price,Suspiciously low unit price (0.0)
3700341366,Low Price,unit_price,Suspiciously low unit price (0.0)
3700341365,Low Price,unit_price,Suspiciously low unit price (1.0)
3700341364,Low Price,unit_price,Suspiciously low unit price (5.0)
3700341363,Low Price,unit_price,Suspiciously low unit price (0.0)
3700341362,Low Price,unit_price,Suspiciously low unit price (0.0)
3700341361,Low Price,unit_price,Suspiciously low unit price (0.0)
3700341360,Low Price,unit_price,Suspiciously low unit price (0.0)
3700341359,Low Price,unit_price,Suspiciously low unit price (0.0)
3700341358,Low Price,unit_price,Suspiciously low unit price (0.0)
3700341357,Low Price,unit_price,Suspiciously low unit price (1.0)
3700341356,Low Price,unit_price,Suspiciously low unit price (0.0)
3700341355,Low Price,unit_price,Suspiciously low unit price (0.0)
3700341354,Low Price,unit_price,Suspiciously low unit price (0.0)
3700341353,Low Price,unit_price,Suspiciously low unit price (0.0)
3700341352,Low Price,unit_price,Suspiciously low unit price (0.0)
3700341351,Low Price,unit_price,Suspiciously low unit price (1.0)
3700341350,Low Price,unit_price,Suspiciously low unit price (1.0)
3700341349,Low Price,unit_price,Suspiciously low unit price (2.0)
3700341224,Low Price,unit_price,Suspiciously low unit price (2.0)
3700341223,Low Price,unit_price,Suspiciously low unit price (0.0)
3700341222,Low Price,unit_price,Suspiciously low unit price (0.0)
3700341221,Low Price,unit_price,Suspiciously low unit price (0.0)
3700341220,Low Price,unit_price,Suspiciously low unit price (0.0)
3700341219,Low Price,unit_price,Suspiciously low unit price (0.0)
3700341218,Low Price,unit_price,Suspiciously low unit price (0.0)
3700341217,Low Price,unit_price,Suspiciously low unit price (0.0)
3700341216,Low Price,unit_price,Suspiciously low unit price (0.0)
3700341215,Low Price,unit_price,Suspiciously low unit price (0.0)
3700341214,Low Price,unit_price,Suspiciously low unit price (0.0)
3700341213,Low Price,unit_price,Suspiciously low unit price (0.0)
3700341212,Low Price,unit_price,Suspiciously low unit price (0.0)
3700341211,Low Price,unit_price,Suspiciously low unit price (0.0)
3700341210,Low Price,unit_price,Suspiciously low unit price (0.0)
3700341209,Low Price,unit_price,Suspiciously low unit price (0.0)
3700341208,Low Price,unit_price,Suspiciously low unit price (0.0)
3700341207,Low Price,unit_price,Suspiciously low unit price (0.0)
3700341206,Low Price,unit_price,Suspiciously low unit price (0.0)
3700341205,Low Price,unit_price,Suspiciously low unit price (0.0)
3700341204,Low Price,unit_price,Suspiciously low unit price (0.0)
3700341201,Low Price,unit_price,Suspiciously low unit price (0.0)
3700341196,Low Price,unit_price,Suspiciously low unit price (0.0)
3700341195,Low Price,unit_price,Suspiciously low unit price (0.0)
3700341194,Low Price,unit_price,Suspiciously low unit price (0.0)
3700341192,Low Price,unit_price,Suspiciously low unit price (0.0)
3700341191,Low Price,unit_price,Suspiciously low unit price (0.0)
3700341190,Low Price,unit_price,Suspiciously low unit price (0.0)
3700341189,Low Price,unit_price,Suspiciously low unit price (0.0)
3700341188,Low Price,unit_price,Suspiciously low unit price (0.0)
3700341187,Low Price,unit_price,Suspiciously low unit price (0.0)
3700341186,Low Price,unit_price,Suspiciously low unit price (0.0)
3700341185,Low Price,unit_price,Suspiciously low unit price (0.0)
3700341184,Low Price,unit_price,Suspiciously low unit price (1.0)
3700341183,Low Price,unit_price,Suspiciously low unit price (0.0)
3700341182,Low Price,unit_price,Suspiciously low unit price (0.0)
3700341181,Low Price,unit_price,Suspiciously low unit price (0.0)
3700341180,Low Price,unit_price,Suspiciously low unit price (0.0)
3700341179,Low Price,unit_price,Suspiciously low unit price (0.0)
3700341178,Low Price,unit_price,Suspiciously low unit price (1.0)
3700341177,Low Price,unit_price,Suspiciously low unit price (0.0)
3700341176,Low Price,unit_price,Suspiciously low unit price (0.0)
3700341175,Low Price,unit_price,Suspiciously low unit price (0.0)
3700340985,Low Price,unit_price,Suspiciously low unit price (1.0)
3700340984,Low Price,unit_price,Suspiciously low unit price (1.0)
3700340983,Low Price,unit_price,Suspiciously low unit price (0.0)
3700340982,Low Price,unit_price,Suspiciously low unit price (0.0)
3700340981,Low Price,unit_price,Suspiciously low unit price (3.0)
3700340980,Low Price,unit_price,Suspiciously low unit price (1.0)
3700340979,Low Price,unit_price,Suspiciously low unit price (0.0)
3700340978,Low Price,unit_price,Suspiciously low unit price (0.0)
3700340976,Low Price,unit_price,Suspiciously low unit price (0.0)
3700340975,Low Price,unit_price,Suspiciously low unit price (0.0)
3700340973,Low Price,unit_price,Suspiciously low unit price (1.0)
3700340972,Low Price,unit_price,Suspiciously low unit price (1.0)
3700340970,Low Price,unit_price,Suspiciously low unit price (1.0)
3700340969,Low Price,unit_price,Suspiciously low unit price (0.0)
3700340968,Low Price,unit_price,Suspiciously low unit price (0.0)
3700340967,Low Price,unit_price,Suspiciously low unit price (0.0)
3700340966,Low Price,unit_price,Suspiciously low unit price (0.0)
3700340965,Low Price,unit_price,Suspiciously low unit price (0.0)
3700340964,Low Price,unit_price,Suspiciously low unit price (0.0)
3700340963,Low Price,unit_price,Suspiciously low unit price (0.0)
3700340962,Low Price,unit_price,Suspiciously low unit price (0.0)
3700340961,Low Price,unit_price,Suspiciously low unit price (0.0)
3700340960,Low Price,unit_price,Suspiciously low unit price (3.0)
3700340959,Low Price,unit_price,Suspiciously low unit price (3.0)
3700340958,Low Price,unit_price,Suspiciously low unit price (0.0)
3700340957,Low Price,unit_price,Suspiciously low unit price (0.0)
3700340955,Low Price,unit_price,Suspiciously low unit price (0.0)
3700340954,Low Price,unit_price,Suspiciously low unit price (0.0)
3700340953,Low Price,unit_price,Suspiciously low unit price (1.0)
3700340952,Low Price,unit_price,Suspiciously low unit price (17.0)
3700340951,Low Price,unit_price,Suspiciously low unit price (35.0)
3700340950,Low Price,unit_price,Suspiciously low unit price (44.0)
3700340949,Low Price,unit_price,Suspiciously low unit price (44.0)
3700340948,Low Price,unit_price,Suspiciously low unit price (44.0)
3700340947,Low Price,unit_price,Suspiciously low unit price (1.0)
3700340946,Low Price,unit_price,Suspiciously low unit price (1.0)
3700340945,Low Price,unit_price,Suspiciously low unit price (1.0)
3700340944,Low Price,unit_price,Suspiciously low unit price (2.0)
3700340943,Low Price,unit_price,Suspiciously low unit price (11.0)
3700340942,Low Price,unit_price,Suspiciously low unit price (11.0)
3700340941,Low Price,unit_price,Suspiciously low unit price (0.0)
3700340940,Low Price,unit_price,Suspiciously low unit price (1.0)
3700340939,Low Price,unit_price,Suspiciously low unit price (1.0)
3700340937,Low Price,unit_price,Suspiciously low unit price (0.0)
3700340936,Low Price,unit_price,Suspiciously low unit price (1.0)
3700340798,Low Price,unit_price,Suspiciously low unit price (1.0)
3700340796,Low Price,unit_price,Suspiciously low unit price (0.0)
3700340794,Low Price,unit_price,Suspiciously low unit price (1.0)
3700340793,Low Price,unit_price,Suspiciously low unit price (1.0)
3700340792,Low Price,unit_price,Suspiciously low unit price (2.0)
3700340791,Low Price,unit_price,Suspiciously low unit price (2.0)
3700340790,Low Price,unit_price,Suspiciously low unit price (2.0)
3700340789,Low Price,unit_price,Suspiciously low unit price (3.0)
3700340788,Low Price,unit_price,Suspiciously low unit price (0.0)
3700340786,Low Price,unit_price,Suspiciously low unit price (2.0)
3700340785,Low Price,unit_price,Suspiciously low unit price (2.0)
3700340783,Low Price,unit_price,Suspiciously low unit price (0.0)
3700340782,Low Price,unit_price,Suspiciously low unit price (0.0)
3700340781,Low Price,unit_price,Suspiciously low unit price (0.0)
3700340780,Low Price,unit_price,Suspiciously low unit price (0.0)
3700340779,Low Price,unit_price,Suspiciously low unit price (0.0)
3700340778,Low Price,unit_price,Suspiciously low unit price (0.0)
3700340777,Low Price,unit_price,Suspiciously low unit price (0.0)
3700340776,Low Price,unit_price,Suspiciously low unit price (0.0)
3700340775,Low Price,unit_price,Suspiciously low unit price (0.0)
3700340774,Low Price,unit_price,Suspiciously low unit price (0.0)
3700340773,Low Price,unit_price,Suspiciously low unit price (0.0)
3700340772,Low Price,unit_price,Suspiciously low unit price (0.0)
3700335336,Low Price,unit_price,Suspiciously low unit price (3.0)
3700335335,Low Price,unit_price,Suspiciously low unit price (2.0)
3700335334,Low Price,unit_price,Suspiciously low unit price (2.0)
3700335333,Low Price,unit_price,Suspiciously low unit price (4.0)
3700335332,Low Price,unit_price,Suspiciously low unit price (4.0)
3700335331,Low Price,unit_price,Suspiciously low unit price (2.0)
3700335327,Low Price,unit_price,Suspiciously low unit price (2.0)
3700335326,Low Price,unit_price,Suspiciously low unit price (0.0)
3700335325,Low Price,unit_price,Suspiciously low unit price (3.0)
3700335324,Low Price,unit_price,Suspiciously low unit price (3.0)
3700335322,Low Price,unit_price,Suspiciously low unit price (0.0)
3700335321,Low Price,unit_price,Suspiciously low unit price (0.0)
3700335320,Low Price,unit_price,Suspiciously low unit price (0.0)
3700335319,Low Price,unit_price,Suspiciously low unit price (0.0)
3700335318,Low Price,unit_price,Suspiciously low unit price (0.0)
3700335317,Low Price,unit_price,Suspiciously low unit price (0.0)
3700335315,Low Price,unit_price,Suspiciously low unit price (1.0)
3700335314,Low Price,unit_price,Suspiciously low unit price (2.0)
3700335313,Low Price,unit_price,Suspiciously low unit price (35.0)
3700335312,Low Price,unit_price,Suspiciously low unit price (35.0)
3700335311,Low Price,unit_price,Suspiciously low unit price (35.0)
3700335310,Low Price,unit_price,Suspiciously low unit price (35.0)
3700335306,Low Price,unit_price,Suspiciously low unit price (7.0)
3700335305,Low Price,unit_price,Suspiciously low unit price (7.0)
3700335304,Low Price,unit_price,Suspiciously low unit price (2.0)
3700335303,Low Price,unit_price,Suspiciously low unit price (1.0)
3700335302,Low Price,unit_price,Suspiciously low unit price (1.0)
3700335301,Low Price,unit_price,Suspiciously low unit price (1.0)
3700335300,Low Price,unit_price,Suspiciously low unit price (8.0)
3700334858,Low Price,unit_price,Suspiciously low unit price (1.0)
3700334857,Low Price,unit_price,Suspiciously low unit price (20.0)
3700334856,Low Price,unit_price,Suspiciously low unit price (5.0)
3700334855,Low Price,unit_price,Suspiciously low unit price (10.0)
3700334854,Low Price,unit_price,Suspiciously low unit price (2.0)
3700334853,Low Price,unit_price,Suspiciously low unit price (4.0)
3700334852,Low Price,unit_price,Suspiciously low unit price (4.0)
3700334851,Low Price,unit_price,Suspiciously low unit price (6.0)
3700334850,Low Price,unit_price,Suspiciously low unit price (2.0)
3700334844,Low Price,unit_price,Suspiciously low unit price (48.0)
3700334841,Low Price,unit_price,Suspiciously low unit price (2.0)
3700334840,Low Price,unit_price,Suspiciously low unit price (0.0)
3700334839,Low Price,unit_price,Suspiciously low unit price (25.0)
3700334838,Low Price,unit_price,Suspiciously low unit price (25.0)
3700334827,Low Price,unit_price,Suspiciously low unit price (4.0)
3700334826,Low Price,unit_price,Suspiciously low unit price (0.0)
3700334825,Low Price,unit_price,Suspiciously low unit price (2.0)
3700334824,Low Price,unit_price,Suspiciously low unit price (2.0)
3700334823,Low Price,unit_price,Suspiciously low unit price (4.0)
3700334822,Low Price,unit_price,Suspiciously low unit price (2.0)
3700334821,Low Price,unit_price,Suspiciously low unit price (0.0)
3700334820,Low Price,unit_price,Suspiciously low unit price (28.0)
3700334819,Low Price,unit_price,Suspiciously low unit price (8.0)
3700334818,Low Price,unit_price,Suspiciously low unit price (4.0)
3700334817,Low Price,unit_price,Suspiciously low unit price (0.0)
3700334816,Low Price,unit_price,Suspiciously low unit price (0.0)
3700334815,Low Price,unit_price,Suspiciously low unit price (1.0)
3700334814,Low Price,unit_price,Suspiciously low unit price (1.0)
3700334813,Low Price,unit_price,Suspiciously low unit price (0.0)
3700334692,Low Price,unit_price,Suspiciously low unit price (0.0)
3700334690,Low Price,unit_price,Suspiciously low unit price (0.0)
3700334689,Low Price,unit_price,Suspiciously low unit price (2.0)
3700334688,Low Price,unit_price,Suspiciously low unit price (0.0)
3700334687,Low Price,unit_price,Suspiciously low unit price (0.0)
3700334685,Low Price,unit_price,Suspiciously low unit price (16.0)
3700334683,Low Price,unit_price,Suspiciously low unit price (0.0)
3700334682,Low Price,unit_price,Suspiciously low unit price (6.0)
3700334680,Low Price,unit_price,Suspiciously low unit price (2.0)
3700334678,Low Price,unit_price,Suspiciously low unit price (10.0)
3700334677,Low Price,unit_price,Suspiciously low unit price (0.0)
3700334676,Low Price,unit_price,Suspiciously low unit price (0.0)
3700334675,Low Price,unit_price,Suspiciously low unit price (0.0)
3700334674,Low Price,unit_price,Suspiciously low unit price (0.0)
3700334673,Low Price,unit_price,Suspiciously low unit price (0.0)
3700334672,Low Price,unit_price,Suspiciously low unit price (0.0)
3700334671,Low Price,unit_price,Suspiciously low unit price (0.0)
3700334670,Low Price,unit_price,Suspiciously low unit price (2.0)
3700334669,Low Price,unit_price,Suspiciously low unit price (0.0)
3700334668,Low Price,unit_price,Suspiciously low unit price (0.0)
3700334667,Low Price,unit_price,Suspiciously low unit price (0.0)
3700334666,Low Price,unit_price,Suspiciously low unit price (0.0)
3700334665,Low Price,unit_price,Suspiciously low unit price (0.0)
3700334664,Low Price,unit_price,Suspiciously low unit price (0.0)
3700334663,Low Price,unit_price,Suspiciously low unit price (0.0)
3700334662,Low Price,unit_price,Suspiciously low unit price (0.0)
3700334661,Low Price,unit_price,Suspiciously low unit price (0.0)
3700334660,Low Price,unit_price,Suspiciously low unit price (0.0)
3700334652,Low Price,unit_price,Suspiciously low unit price (0.0)
3700334651,Low Price,unit_price,Suspiciously low unit price (0.0)
3700334650,Low Price,unit_price,Suspiciously low unit price (1.0)
3700334647,Low Price,unit_price,Suspiciously low unit price (1.0)
3700334646,Low Price,unit_price,Suspiciously low unit price (3.0)
3700334645,Low Price,unit_price,Suspiciously low unit price (2.0)
3700334643,Low Price,unit_price,Suspiciously low unit price (1.0)
3700334642,Low Price,unit_price,Suspiciously low unit price (2.0)
3700334640,Low Price,unit_price,Suspiciously low unit price (3.0)
3700334639,Low Price,unit_price,Suspiciously low unit price (3.0)
3700334638,Low Price,unit_price,Suspiciously low unit price (0.0)
3700334637,Low Price,unit_price,Suspiciously low unit price (0.0)
3700334636,Low Price,unit_price,Suspiciously low unit price (0.0)
3700334635,Low Price,unit_price,Suspiciously low unit price (0.0)
3700334001,Low Price,unit_price,Suspiciously low unit price (1.0)
3700334000,Low Price,unit_price,Suspiciously low unit price (1.0)
3700333999,Low Price,unit_price,Suspiciously low unit price (0.0)
3700333998,Low Price,unit_price,Suspiciously low unit price (0.0)
3700333997,Low Price,unit_price,Suspiciously low unit price (0.0)
3700333996,Low Price,unit_price,Suspiciously low unit price (1.0)
3700333995,Low Price,unit_price,Suspiciously low unit price (0.0)
3700333994,Low Price,unit_price,Suspiciously low unit price (0.0)
3700333993,Low Price,unit_price,Suspiciously low unit price (0.0)
3700333992,Low Price,unit_price,Suspiciously low unit price (0.0)
3700333990,Low Price,unit_price,Suspiciously low unit price (0.0)
3700333989,Low Price,unit_price,Suspiciously low unit price (0.0)
3700333988,Low Price,unit_price,Suspiciously low unit price (0.0)
3700333987,Low Price,unit_price,Suspiciously low unit price (2.0)
3700333986,Low Price,unit_price,Suspiciously low unit price (0.0)
3700333985,Low Price,unit_price,Suspiciously low unit price (0.0)
3700333984,Low Price,unit_price,Suspiciously low unit price (0.0)
3700333983,Low Price,unit_price,Suspiciously low unit price (0.0)
3700333981,Low Price,unit_price,Suspiciously low unit price (0.0)
3700333980,Low Price,unit_price,Suspiciously low unit price (0.0)
3700333979,Low Price,unit_price,Suspiciously low unit price (0.0)
3700333978,Low Price,unit_price,Suspiciously low unit price (0.0)
3700333977,Low Price,unit_price,Suspiciously low unit price (0.0)
3700333976,Low Price,unit_price,Suspiciously low unit price (0.0)
3700333975,Low Price,unit_price,Suspiciously low unit price (0.0)
3700333973,Low Price,unit_price,Suspiciously low unit price (0.0)
3700333972,Low Price,unit_price,Suspiciously low unit price (1.0)
3700333971,Low Price,unit_price,Suspiciously low unit price (1.0)
3700333970,Low Price,unit_price,Suspiciously low unit price (1.0)
3700333969,Low Price,unit_price,Suspiciously low unit price (0.0)
3700333968,Low Price,unit_price,Suspiciously low unit price (0.0)
3700333967,Low Price,unit_price,Suspiciously low unit price (0.0)
3700333966,Low Price,unit_price,Suspiciously low unit price (0.0)
3700333965,Low Price,unit_price,Suspiciously low unit price (0.0)
3700333964,Low Price,unit_price,Suspiciously low unit price (0.0)
3700333963,Low Price,unit_price,Suspiciously low unit price (0.0)
3700333962,Low Price,unit_price,Suspiciously low unit price (1.0)
3700333961,Low Price,unit_price,Suspiciously low unit price (1.0)
3700333960,Low Price,unit_price,Suspiciously low unit price (0.0)
3700333959,Low Price,unit_price,Suspiciously low unit price (0.0)
3700333958,Low Price,unit_price,Suspiciously low unit price (0.0)
3700333956,Low Price,unit_price,Suspiciously low unit price (0.0)
3700333955,Low Price,unit_price,Suspiciously low unit price (0.0)
3700333954,Low Price,unit_price,Suspiciously low unit price (10.0)
3700333953,Low Price,unit_price,Suspiciously low unit price (2.0)
3700333952,Low Price,unit_price,Suspiciously low unit price (3.0)
3700333951,Low Price,unit_price,Suspiciously low unit price (2.0)
3700451535,Low Price,unit_price,Suspiciously low unit price (0.0)
3700440944,Low Price,unit_price,Suspiciously low unit price (2.0)
3700386650,Low Price,unit_price,Suspiciously low unit price (0.0)
3700386649,Low Price,unit_price,Suspiciously low unit price (4.0)
3700370570,Low Price,unit_price,Suspiciously low unit price (12.0)
3700315216,Low Price,unit_price,Suspiciously low unit price (3.0)
3700315215,Low Price,unit_price,Suspiciously low unit price (4.0)
3700439448,Low Price,unit_price,Suspiciously low unit price (3.0)
3700435946,Low Price,unit_price,Suspiciously low unit price (1.0)
3700435945,Low Price,unit_price,Suspiciously low unit price (0.0)
3700432140,Low Price,unit_price,Suspiciously low unit price (14.0)
3700429596,Low Price,unit_price,Suspiciously low unit price (15.0)
3700429595,Low Price,unit_price,Suspiciously low unit price (15.0)
3700429594,Low Price,unit_price,Suspiciously low unit price (14.0)
3700429593,Low Price,unit_price,Suspiciously low unit price (14.0)
3700165915,Low Price,unit_price,Suspiciously low unit price (0.0)
3700165914,Low Price,unit_price,Suspiciously low unit price (0.0)
3700161882,Low Price,unit_price,Suspiciously low unit price (17.0)
3700161881,Low Price,unit_price,Suspiciously low unit price (35.0)
3700161880,Low Price,unit_price,Suspiciously low unit price (14.0)
3700161879,Low Price,unit_price,Suspiciously low unit price (14.0)
3700161878,Low Price,unit_price,Suspiciously low unit price (10.0)
3700161877,Low Price,unit_price,Suspiciously low unit price (10.0)
3700161876,Low Price,unit_price,Suspiciously low unit price (10.0)
3700161875,Low Price,unit_price,Suspiciously low unit price (10.0)
3700161874,Low Price,unit_price,Suspiciously low unit price (9.0)
3700161344,Low Price,unit_price,Suspiciously low unit price (11.0)
3700161343,Low Price,unit_price,Suspiciously low unit price (11.0)
3700161342,Low Price,unit_price,Suspiciously low unit price (10.0)
3700161341,Low Price,unit_price,Suspiciously low unit price (19.0)
3698996103,Low Price,unit_price,Suspiciously low unit price (32.0)
3699219347,Low Price,unit_price,Suspiciously low unit price (7.0)
3699219346,Low Price,unit_price,Suspiciously low unit price (10.0)
3699018866,Low Price,unit_price,Suspiciously low unit price (42.0)
3699018865,Low Price,unit_price,Suspiciously low unit price (15.0)
3699018864,Low Price,unit_price,Suspiciously low unit price (10.0)
3699018400,Low Price,unit_price,Suspiciously low unit price (36.0)
3699018397,Low Price,unit_price,Suspiciously low unit price (42.0)
3699018396,Low Price,unit_price,Suspiciously low unit price (42.0)
3699018393,Low Price,unit_price,Suspiciously low unit price (12.0)
3699018392,Low Price,unit_price,Suspiciously low unit price (36.0)
3699018391,Low Price,unit_price,Suspiciously low unit price (18.0)
3699018389,Low Price,unit_price,Suspiciously low unit price (36.0)
3699018387,Low Price,unit_price,Suspiciously low unit price (36.0)
3700437665,Low Price,unit_price,Suspiciously low unit price (47.0)
3700437664,Low Price,unit_price,Suspiciously low unit price (38.0)
3698892668,Low Price,unit_price,Suspiciously low unit price (1.0)
3698892667,Low Price,unit_price,Suspiciously low unit price (1.0)
3698871389,Low Price,unit_price,Suspiciously low unit price (1.0)
3698871388,Low Price,unit_price,Suspiciously low unit price (1.0)
3699018022,Low Price,unit_price,Suspiciously low unit price (15.0)
3699018021,Low Price,unit_price,Suspiciously low unit price (15.0)
3699018012,Low Price,unit_price,Suspiciously low unit price (30.0)
3699017697,Low Price,unit_price,Suspiciously low unit price (15.0)
3699017692,Low Price,unit_price,Suspiciously low unit price (28.0)
3699017691,Low Price,unit_price,Suspiciously low unit price (28.0)
3700840714,Low Price,unit_price,Suspiciously low unit price (46.0)
3698789996,Low Price,unit_price,Suspiciously low unit price (11.0)
3699300713,Low Price,unit_price,Suspiciously low unit price (24.0)
3698760925,Low Price,unit_price,Suspiciously low unit price (43.0)
3699212652,Low Price,unit_price,Suspiciously low unit price (6.0)
3699212651,Low Price,unit_price,Suspiciously low unit price (14.0)
3699212650,Low Price,unit_price,Suspiciously low unit price (12.0)
3699201169,Low Price,unit_price,Suspiciously low unit price (9.0)
3697352683,Low Price,unit_price,Suspiciously low unit price (12.0)
3697653775,Low Price,unit_price,Suspiciously low unit price (9.0)
3697322114,Low Price,unit_price,Suspiciously low unit price (3.0)
3697480716,Low Price,unit_price,Suspiciously low unit price (25.0)
3697541559,Low Price,unit_price,Suspiciously low unit price (35.0)
3700392385,Low Price,unit_price,Suspiciously low unit price (33.0)
3700435448,Low Price,unit_price,Suspiciously low unit price (34.0)
3696944324,Low Price,unit_price,Suspiciously low unit price (35.0)
3696944356,Low Price,unit_price,Suspiciously low unit price (29.0)
3696944349,Low Price,unit_price,Suspiciously low unit price (41.0)
3696944347,Low Price,unit_price,Suspiciously low unit price (28.0)
3696944338,Low Price,unit_price,Suspiciously low unit price (27.0)
3696944332,Low Price,unit_price,Suspiciously low unit price (24.0)
3696944351,Low Price,unit_price,Suspiciously low unit price (49.0)
3696944348,Low Price,unit_price,Suspiciously low unit price (43.0)
3696944346,Low Price,unit_price,Suspiciously low unit price (34.0)
3696944343,Low Price,unit_price,Suspiciously low unit price (36.0)
3698389928,Low Price,unit_price,Suspiciously low unit price (10.0)
3698411640,Low Price,unit_price,Suspiciously low unit price (16.0)
3698294617,Low Price,unit_price,Suspiciously low unit price (23.0)
3698294616,Low Price,unit_price,Suspiciously low unit price (3.0)
3698294615,Low Price,unit_price,Suspiciously low unit price (17.0)
3698294614,Low Price,unit_price,Suspiciously low unit price (22.0)
3698294613,Low Price,unit_price,Suspiciously low unit price (38.0)
3698294481,Low Price,unit_price,Suspiciously low unit price (1.0)
3698610900,Low Price,unit_price,Suspiciously low unit price (1.0)
3698610899,Low Price,unit_price,Suspiciously low unit price (3.0)
3698610898,Low Price,unit_price,Suspiciously low unit price (3.0)
3698610897,Low Price,unit_price,Suspiciously low unit price (2.0)
3698610896,Low Price,unit_price,Suspiciously low unit price (44.0)
3698610895,Low Price,unit_price,Suspiciously low unit price (27.0)
3698610892,Low Price,unit_price,Suspiciously low unit price (1.0)
3698610891,Low Price,unit_price,Suspiciously low unit price (36.0)
3698610890,Low Price,unit_price,Suspiciously low unit price (35.0)
3698610888,Low Price,unit_price,Suspiciously low unit price (19.0)
3698610886,Low Price,unit_price,Suspiciously low unit price (1.0)
3698610885,Low Price,unit_price,Suspiciously low unit price (45.0)
3698610883,Low Price,unit_price,Suspiciously low unit price (5.0)
3698610881,Low Price,unit_price,Suspiciously low unit price (35.0)
3698610880,Low Price,unit_price,Suspiciously low unit price (38.0)
3698605858,Low Price,unit_price,Suspiciously low unit price (20.0)
3698604790,Low Price,unit_price,Suspiciously low unit price (37.0)
3698600279,Low Price,unit_price,Suspiciously low unit price (4.0)
3697116347,Low Price,unit_price,Suspiciously low unit price (33.0)
3697115103,Low Price,unit_price,Suspiciously low unit price (24.0)
3696945270,Low Price,unit_price,Suspiciously low unit price (35.0)
3696945268,Low Price,unit_price,Suspiciously low unit price (29.0)
3696945266,Low Price,unit_price,Suspiciously low unit price (31.0)
3696945264,Low Price,unit_price,Suspiciously low unit price (34.0)
3696945263,Low Price,unit_price,Suspiciously low unit price (26.0)
3696944357,Low Price,unit_price,Suspiciously low unit price (34.0)
3696944353,Low Price,unit_price,Suspiciously low unit price (34.0)
3696944345,Low Price,unit_price,Suspiciously low unit price (44.0)
3696944339,Low Price,unit_price,Suspiciously low unit price (26.0)
3696944329,Low Price,unit_price,Suspiciously low unit price (33.0)
3696944327,Low Price,unit_price,Suspiciously low unit price (37.0)
3696944326,Low Price,unit_price,Suspiciously low unit price (34.0)
3696944322,Low Price,unit_price,Suspiciously low unit price (32.0)
3696944316,Low Price,unit_price,Suspiciously low unit price (49.0)
3696944314,Low Price,unit_price,Suspiciously low unit price (43.0)
3697146826,Low Price,unit_price,Suspiciously low unit price (16.0)
3697172347,Low Price,unit_price,Suspiciously low unit price (10.0)
3698533340,Low Price,unit_price,Suspiciously low unit price (7.0)
3698430459,Low Price,unit_price,Suspiciously low unit price (46.0)
3698419753,Low Price,unit_price,Suspiciously low unit price (31.0)
3698399075,Low Price,unit_price,Suspiciously low unit price (3.0)
3698399074,Low Price,unit_price,Suspiciously low unit price (3.0)
3698398174,Low Price,unit_price,Suspiciously low unit price (33.0)
3698398173,Low Price,unit_price,Suspiciously low unit price (11.0)
3698398172,Low Price,unit_price,Suspiciously low unit price (41.0)
3698394435,Low Price,unit_price,Suspiciously low unit price (37.0)
3698394434,Low Price,unit_price,Suspiciously low unit price (46.0)
3698299433,Low Price,unit_price,Suspiciously low unit price (29.0)
3698280604,Low Price,unit_price,Suspiciously low unit price (46.0)
3698365939,Low Price,unit_price,Suspiciously low unit price (6.0)
3698621363,Low Price,unit_price,Suspiciously low unit price (11.0)
3698616606,Low Price,unit_price,Suspiciously low unit price (9.0)
3698604506,Low Price,unit_price,Suspiciously low unit price (6.0)
3698604505,Low Price,unit_price,Suspiciously low unit price (11.0)
3698345979,Low Price,unit_price,Suspiciously low unit price (1.0)
3698345978,Low Price,unit_price,Suspiciously low unit price (0.0)
3698345977,Low Price,unit_price,Suspiciously low unit price (4.0)
3698591916,Low Price,unit_price,Suspiciously low unit price (49.0)
3698474197,Low Price,unit_price,Suspiciously low unit price (32.0)
3698474196,Low Price,unit_price,Suspiciously low unit price (37.0)
3698474195,Low Price,unit_price,Suspiciously low unit price (6.0)
3698474193,Low Price,unit_price,Suspiciously low unit price (29.0)
3698453566,Low Price,unit_price,Suspiciously low unit price (18.0)
3698453564,Low Price,unit_price,Suspiciously low unit price (24.0)
3698451143,Low Price,unit_price,Suspiciously low unit price (1.0)
3698451142,Low Price,unit_price,Suspiciously low unit price (1.0)
3698553913,Low Price,unit_price,Suspiciously low unit price (7.0)
3698553912,Low Price,unit_price,Suspiciously low unit price (16.0)
3698553911,Low Price,unit_price,Suspiciously low unit price (32.0)
3699948624,Low Price,unit_price,Suspiciously low unit price (0.0)
3699975973,Low Price,unit_price,Suspiciously low unit price (12.0)
3699974685,Low Price,unit_price,Suspiciously low unit price (4.0)
3699948685,Low Price,unit_price,Suspiciously low unit price (0.0)
3699948623,Low Price,unit_price,Suspiciously low unit price (1.0)
3699948622,Low Price,unit_price,Suspiciously low unit price (2.0)
3699948621,Low Price,unit_price,Suspiciously low unit price (14.0)
3699948620,Low Price,unit_price,Suspiciously low unit price (1.0)
3699948619,Low Price,unit_price,Suspiciously low unit price (2.0)
3699948618,Low Price,unit_price,Suspiciously low unit price (0.0)
3699948617,Low Price,unit_price,Suspiciously low unit price (0.0)
3699948616,Low Price,unit_price,Suspiciously low unit price (0.0)
3699948615,Low Price,unit_price,Suspiciously low unit price (0.0)
3699948614,Low Price,unit_price,Suspiciously low unit price (2.0)
3699948613,Low Price,unit_price,Suspiciously low unit price (5.0)
3699948612,Low Price,unit_price,Suspiciously low unit price (4.0)
3699948611,Low Price,unit_price,Suspiciously low unit price (1.0)
3699948610,Low Price,unit_price,Suspiciously low unit price (3.0)
3699948609,Low Price,unit_price,Suspiciously low unit price (0.0)
3699948608,Low Price,unit_price,Suspiciously low unit price (34.0)
3699948607,Low Price,unit_price,Suspiciously low unit price (34.0)
3699948606,Low Price,unit_price,Suspiciously low unit price (1.0)
3699948605,Low Price,unit_price,Suspiciously low unit price (4.0)
3699948604,Low Price,unit_price,Suspiciously low unit price (11.0)
3699948603,Low Price,unit_price,Suspiciously low unit price (1.0)
3699948602,Low Price,unit_price,Suspiciously low unit price (7.0)
3699948601,Low Price,unit_price,Suspiciously low unit price (7.0)
3699948600,Low Price,unit_price,Suspiciously low unit price (8.0)
3699948599,Low Price,unit_price,Suspiciously low unit price (2.0)
3699948598,Low Price,unit_price,Suspiciously low unit price (2.0)
3699948596,Low Price,unit_price,Suspiciously low unit price (47.0)
3699948595,Low Price,unit_price,Suspiciously low unit price (47.0)
3699948591,Low Price,unit_price,Suspiciously low unit price (0.0)
3699948590,Low Price,unit_price,Suspiciously low unit price (0.0)
3699948589,Low Price,unit_price,Suspiciously low unit price (1.0)
3699948588,Low Price,unit_price,Suspiciously low unit price (4.0)
3699948587,Low Price,unit_price,Suspiciously low unit price (10.0)
3699948586,Low Price,unit_price,Suspiciously low unit price (2.0)
3699948585,Low Price,unit_price,Suspiciously low unit price (4.0)
3699948584,Low Price,unit_price,Suspiciously low unit price (5.0)
3699948577,Low Price,unit_price,Suspiciously low unit price (13.0)
3699948576,Low Price,unit_price,Suspiciously low unit price (13.0)
3699948575,Low Price,unit_price,Suspiciously low unit price (15.0)
3699948574,Low Price,unit_price,Suspiciously low unit price (15.0)
3699948572,Low Price,unit_price,Suspiciously low unit price (0.0)
3699948570,Low Price,unit_price,Suspiciously low unit price (0.0)
3699948569,Low Price,unit_price,Suspiciously low unit price (0.0)
3699948568,Low Price,unit_price,Suspiciously low unit price (0.0)
3699948567,Low Price,unit_price,Suspiciously low unit price (15.0)
3699948566,Low Price,unit_price,Suspiciously low unit price (15.0)
3699948565,Low Price,unit_price,Suspiciously low unit price (14.0)
3699948564,Low Price,unit_price,Suspiciously low unit price (14.0)
3699948563,Low Price,unit_price,Suspiciously low unit price (18.0)
3699948562,Low Price,unit_price,Suspiciously low unit price (18.0)
3699948439,Low Price,unit_price,Suspiciously low unit price (4.0)
3699948438,Low Price,unit_price,Suspiciously low unit price (4.0)
3699948437,Low Price,unit_price,Suspiciously low unit price (4.0)
3699948434,Low Price,unit_price,Suspiciously low unit price (3.0)
3699948433,Low Price,unit_price,Suspiciously low unit price (3.0)
3699948432,Low Price,unit_price,Suspiciously low unit price (5.0)
3699948431,Low Price,unit_price,Suspiciously low unit price (5.0)
3699948417,Low Price,unit_price,Suspiciously low unit price (3.0)
3699948416,Low Price,unit_price,Suspiciously low unit price (0.0)
3699948414,Low Price,unit_price,Suspiciously low unit price (4.0)
3699948413,Low Price,unit_price,Suspiciously low unit price (3.0)
3699948412,Low Price,unit_price,Suspiciously low unit price (3.0)
3699948411,Low Price,unit_price,Suspiciously low unit price (2.0)
3699948410,Low Price,unit_price,Suspiciously low unit price (3.0)
3699948409,Low Price,unit_price,Suspiciously low unit price (0.0)
3699948408,Low Price,unit_price,Suspiciously low unit price (0.0)
3699948407,Low Price,unit_price,Suspiciously low unit price (0.0)
3699936440,Low Price,unit_price,Suspiciously low unit price (4.0)
3699936439,Low Price,unit_price,Suspiciously low unit price (4.0)
3699934040,Low Price,unit_price,Suspiciously low unit price (4.0)
3699932696,Low Price,unit_price,Suspiciously low unit price (1.0)
3699932695,Low Price,unit_price,Suspiciously low unit price (1.0)
3699835887,Low Price,unit_price,Suspiciously low unit price (11.0)
3699835687,Low Price,unit_price,Suspiciously low unit price (14.0)
3699835686,Low Price,unit_price,Suspiciously low unit price (10.0)
3699835685,Low Price,unit_price,Suspiciously low unit price (10.0)
3699854856,Low Price,unit_price,Suspiciously low unit price (1.0)
3699854855,Low Price,unit_price,Suspiciously low unit price (1.0)
3697119342,Low Price,unit_price,Suspiciously low unit price (1.0)
3696944318,Low Price,unit_price,Suspiciously low unit price (38.0)
3696944317,Low Price,unit_price,Suspiciously low unit price (38.0)
3696937773,Low Price,unit_price,Suspiciously low unit price (13.0)
3697137372,Low Price,unit_price,Suspiciously low unit price (13.0)
3698538662,Low Price,unit_price,Suspiciously low unit price (8.0)
3698538661,Low Price,unit_price,Suspiciously low unit price (24.0)
3698548233,Low Price,unit_price,Suspiciously low unit price (25.0)
3698548232,Low Price,unit_price,Suspiciously low unit price (7.0)
3698538665,Low Price,unit_price,Suspiciously low unit price (15.0)
3698538664,Low Price,unit_price,Suspiciously low unit price (31.0)
3698538663,Low Price,unit_price,Suspiciously low unit price (33.0)
3698536521,Low Price,unit_price,Suspiciously low unit price (5.0)
3698528629,Low Price,unit_price,Suspiciously low unit price (49.0)
3698400580,Low Price,unit_price,Suspiciously low unit price (28.0)
3698395287,Low Price,unit_price,Suspiciously low unit price (25.0)
3698402466,Low Price,unit_price,Suspiciously low unit price (7.0)
3698295983,Low Price,unit_price,Suspiciously low unit price (16.0)
3698295873,Low Price,unit_price,Suspiciously low unit price (2.0)
3698271258,Low Price,unit_price,Suspiciously low unit price (5.0)
3698371301,Low Price,unit_price,Suspiciously low unit price (3.0)
3698364762,Low Price,unit_price,Suspiciously low unit price (29.0)
3698364761,Low Price,unit_price,Suspiciously low unit price (24.0)
3698311051,Low Price,unit_price,Suspiciously low unit price (10.0)
3698473113,Low Price,unit_price,Suspiciously low unit price (14.0)
3698466010,Low Price,unit_price,Suspiciously low unit price (20.0)
3698461454,Low Price,unit_price,Suspiciously low unit price (14.0)
3698562210,Low Price,unit_price,Suspiciously low unit price (37.0)
3699954433,Low Price,unit_price,Suspiciously low unit price (41.0)
3700009859,Low Price,unit_price,Suspiciously low unit price (36.0)
3699836507,Low Price,unit_price,Suspiciously low unit price (31.0)
3699983378,Low Price,unit_price,Suspiciously low unit price (21.0)
3698420105,Low Price,unit_price,Suspiciously low unit price (3.0)
3701122011,Low Price,unit_price,Suspiciously low unit price (3.0)
3701104890,Low Price,unit_price,Suspiciously low unit price (7.0)
3701104888,Low Price,unit_price,Suspiciously low unit price (2.0)
3701104885,Low Price,unit_price,Suspiciously low unit price (3.0)
3701043492,Low Price,unit_price,Suspiciously low unit price (0.0)
3701042937,Low Price,unit_price,Suspiciously low unit price (0.0)
3701035602,Low Price,unit_price,Suspiciously low unit price (1.0)
3701096740,Low Price,unit_price,Suspiciously low unit price (9.0)
3701086272,Low Price,unit_price,Suspiciously low unit price (12.0)
3701077268,Low Price,unit_price,Suspiciously low unit price (48.0)
3701056713,Low Price,unit_price,Suspiciously low unit price (1.0)
3701168738,Low Price,unit_price,Suspiciously low unit price (12.0)
3701168737,Low Price,unit_price,Suspiciously low unit price (12.0)
3701168736,Low Price,unit_price,Suspiciously low unit price (12.0)
3700998089,Low Price,unit_price,Suspiciously low unit price (48.0)
3697810075,Low Price,unit_price,Suspiciously low unit price (45.0)
3697981516,Low Price,unit_price,Suspiciously low unit price (6.0)
3697975955,Low Price,unit_price,Suspiciously low unit price (8.0)
3697886002,Low Price,unit_price,Suspiciously low unit price (9.0)
3697949518,Low Price,unit_price,Suspiciously low unit price (4.0)
3697949516,Low Price,unit_price,Suspiciously low unit price (7.0)
3698154675,Low Price,unit_price,Suspiciously low unit price (1.0)
3697863465,Low Price,unit_price,Suspiciously low unit price (2.0)
