shipment_id,issue_type,column,details
TATU97838700,Missing Value,hs_code,Empty or invalid value
TATU27838700,Missing Value,hs_code,Empty or invalid value
TATU97878700,Missing Value,hs_code,Empty or invalid value
TATU378B8700,Missing Value,hs_code,Empty or invalid value
2.0042E+15,Duplicate,shipment_id,Appears multiple times
220220194561140,Duplicate,shipment_id,Appears multiple times
1.6122E+15,Duplicate,shipment_id,Appears multiple times
2.0062E+15,Duplicate,shipment_id,Appears multiple times
1.2072E+15,Duplicate,shipment_id,Appears multiple times
300320209366840,Duplicate,shipment_id,Appears multiple times
1.8092E+15,Duplicate,shipment_id,Appears multiple times
2.9082E+15,Duplicate,shipment_id,Appears multiple times
1.7032E+15,Duplicate,shipment_id,Appears multiple times
3.1122E+15,Duplicate,shipment_id,Appears multiple times
1.5102E+15,Duplicate,shipment_id,Appears multiple times
1.4072E+15,Duplicate,shipment_id,Appears multiple times
1.3042E+15,Duplicate,shipment_id,Appears multiple times
3.1082E+15,Duplicate,shipment_id,Appears multiple times
301020195966000,Duplicate,shipment_id,Appears multiple times
1.1092E+15,Duplicate,shipment_id,Appears multiple times
100220206379650,Duplicate,shipment_id,Appears multiple times
221020195465300,Duplicate,shipment_id,Appears multiple times
2.3072E+15,Duplicate,shipment_id,Appears multiple times
1.5092E+15,Duplicate,shipment_id,Appears multiple times
1.6072E+15,Duplicate,shipment_id,Appears multiple times
2.4062E+15,Duplicate,shipment_id,Appears multiple times
2.7062E+15,Duplicate,shipment_id,Appears multiple times
2.2122E+15,Duplicate,shipment_id,Appears multiple times
2.6082E+15,Duplicate,shipment_id,Appears multiple times
2.3042E+15,Duplicate,shipment_id,Appears multiple times
1.9072E+15,Duplicate,shipment_id,Appears multiple times
1.8072E+15,Duplicate,shipment_id,Appears multiple times
1.1042E+15,Duplicate,shipment_id,Appears multiple times
1.4062E+15,Duplicate,shipment_id,Appears multiple times
130320209571380,Duplicate,shipment_id,Appears multiple times
1.3112E+15,Duplicate,shipment_id,Appears multiple times
290220209040290,Duplicate,shipment_id,Appears multiple times
1.9052E+15,Duplicate,shipment_id,Appears multiple times
141020193990260,Duplicate,shipment_id,Appears multiple times
2.5042E+15,Duplicate,shipment_id,Appears multiple times
2.5082E+15,Duplicate,shipment_id,Appears multiple times
2.5112E+15,Duplicate,shipment_id,Appears multiple times
1.9112E+15,Duplicate,shipment_id,Appears multiple times
1.9102E+15,Duplicate,shipment_id,Appears multiple times
2.6042E+15,Duplicate,shipment_id,Appears multiple times
1.0072E+15,Duplicate,shipment_id,Appears multiple times
2.1062E+15,Duplicate,shipment_id,Appears multiple times
141020196066000,Duplicate,shipment_id,Appears multiple times
141020196065990,Duplicate,shipment_id,Appears multiple times
2.9122E+15,Duplicate,shipment_id,Appears multiple times
110220208764410,Duplicate,shipment_id,Appears multiple times
110220208764400,Duplicate,shipment_id,Appears multiple times
1.9062E+15,Duplicate,shipment_id,Appears multiple times
2.9042E+15,Duplicate,shipment_id,Appears multiple times
2.2112E+15,Duplicate,shipment_id,Appears multiple times
1.7122E+15,Duplicate,shipment_id,Appears multiple times
1.9042E+15,Duplicate,shipment_id,Appears multiple times
1.6092E+15,Duplicate,shipment_id,Appears multiple times
2.3082E+15,Duplicate,shipment_id,Appears multiple times
2.3122E+15,Duplicate,shipment_id,Appears multiple times
2.8102E+15,Duplicate,shipment_id,Appears multiple times
230120191159280,Duplicate,shipment_id,Appears multiple times
170920192528720,Duplicate,shipment_id,Appears multiple times
250920192516550,Duplicate,shipment_id,Appears multiple times
1.8042E+15,Duplicate,shipment_id,Appears multiple times
1.8112E+15,Duplicate,shipment_id,Appears multiple times
1.2122E+15,Duplicate,shipment_id,Appears multiple times
191020196646690,Duplicate,shipment_id,Appears multiple times
1.4082E+15,Duplicate,shipment_id,Appears multiple times
2.7072E+15,Duplicate,shipment_id,Appears multiple times
120220192883920,Duplicate,shipment_id,Appears multiple times
2.3062E+15,Duplicate,shipment_id,Appears multiple times
2.0072E+15,Duplicate,shipment_id,Appears multiple times
1.0052E+15,Duplicate,shipment_id,Appears multiple times
2.2072E+15,Duplicate,shipment_id,Appears multiple times
1.9082E+15,Duplicate,shipment_id,Appears multiple times
2.8122E+15,Duplicate,shipment_id,Appears multiple times
2.2062E+15,Duplicate,shipment_id,Appears multiple times
1.2102E+15,Duplicate,shipment_id,Appears multiple times
230120203213090,Duplicate,shipment_id,Appears multiple times
1.6032E+15,Duplicate,shipment_id,Appears multiple times
3.0032E+15,Duplicate,shipment_id,Appears multiple times
200320197385030,Duplicate,shipment_id,Appears multiple times
2.2042E+15,Duplicate,shipment_id,Appears multiple times
1.1062E+15,Duplicate,shipment_id,Appears multiple times
160320197753850,Duplicate,shipment_id,Appears multiple times
1.4092E+15,Duplicate,shipment_id,Appears multiple times
2.6062E+15,Duplicate,shipment_id,Appears multiple times
230120191159300,Duplicate,shipment_id,Appears multiple times
2.7112E+15,Duplicate,shipment_id,Appears multiple times
2.4072E+15,Duplicate,shipment_id,Appears multiple times
220220208952760,Duplicate,shipment_id,Appears multiple times
2.6092E+15,Duplicate,shipment_id,Appears multiple times
2.3052E+15,Duplicate,shipment_id,Appears multiple times
141020196520290,Duplicate,shipment_id,Appears multiple times
1.0062E+15,Duplicate,shipment_id,Appears multiple times
2.2052E+15,Duplicate,shipment_id,Appears multiple times
1.2032E+15,Duplicate,shipment_id,Appears multiple times
180320197775660,Duplicate,shipment_id,Appears multiple times
1.2042E+15,Duplicate,shipment_id,Appears multiple times
1.8062E+15,Duplicate,shipment_id,Appears multiple times
2.6122E+15,Duplicate,shipment_id,Appears multiple times
2.8042E+15,Duplicate,shipment_id,Appears multiple times
2.8052E+15,Duplicate,shipment_id,Appears multiple times
1.8082E+15,Duplicate,shipment_id,Appears multiple times
1.1122E+15,Duplicate,shipment_id,Appears multiple times
1.6052E+15,Duplicate,shipment_id,Appears multiple times
2.7052E+15,Duplicate,shipment_id,Appears multiple times
1.0092E+15,Duplicate,shipment_id,Appears multiple times
2.8092E+15,Duplicate,shipment_id,Appears multiple times
1.9122E+15,Duplicate,shipment_id,Appears multiple times
1.7062E+15,Duplicate,shipment_id,Appears multiple times
2.7102E+15,Duplicate,shipment_id,Appears multiple times
3.0112E+15,Duplicate,shipment_id,Appears multiple times
2.7122E+15,Duplicate,shipment_id,Appears multiple times
210320209754870,Duplicate,shipment_id,Appears multiple times
2.8062E+15,Duplicate,shipment_id,Appears multiple times
1.7082E+15,Duplicate,shipment_id,Appears multiple times
1.0122E+15,Duplicate,shipment_id,Appears multiple times
290120201703810,Duplicate,shipment_id,Appears multiple times
130220207715750,Duplicate,shipment_id,Appears multiple times
2.3032E+15,Duplicate,shipment_id,Appears multiple times
2.6112E+15,Duplicate,shipment_id,Appears multiple times
180320197785250,Duplicate,shipment_id,Appears multiple times
270120202509060,Duplicate,shipment_id,Appears multiple times
190120192644280,Duplicate,shipment_id,Appears multiple times
2.3112E+15,Duplicate,shipment_id,Appears multiple times
100220208299470,Duplicate,shipment_id,Appears multiple times
100220208299480,Duplicate,shipment_id,Appears multiple times
100220208299460,Duplicate,shipment_id,Appears multiple times
100220208299450,Duplicate,shipment_id,Appears multiple times
2.5062E+15,Duplicate,shipment_id,Appears multiple times
190120192584610,Duplicate,shipment_id,Appears multiple times
180320197374890,Duplicate,shipment_id,Appears multiple times
290120191145940,Duplicate,shipment_id,Appears multiple times
250220195426400,Duplicate,shipment_id,Appears multiple times
1.3102E+15,Duplicate,shipment_id,Appears multiple times
1.8052E+15,Duplicate,shipment_id,Appears multiple times
2.0082E+15,Duplicate,shipment_id,Appears multiple times
1.3062E+15,Duplicate,shipment_id,Appears multiple times
150120191188130,Duplicate,shipment_id,Appears multiple times
280120191189990,Duplicate,shipment_id,Appears multiple times
120320195955710,Duplicate,shipment_id,Appears multiple times
290320195959220,Duplicate,shipment_id,Appears multiple times
2.1122E+15,Duplicate,shipment_id,Appears multiple times
150220194695980,Duplicate,shipment_id,Appears multiple times
1.5042E+15,Duplicate,shipment_id,Appears multiple times
1.1112E+15,Duplicate,shipment_id,Appears multiple times
1.9092E+15,Duplicate,shipment_id,Appears multiple times
1.6112E+15,Duplicate,shipment_id,Appears multiple times
1.4052E+15,Duplicate,shipment_id,Appears multiple times
120320195955720,Duplicate,shipment_id,Appears multiple times
3.0082E+15,Duplicate,shipment_id,Appears multiple times
150120191188140,Duplicate,shipment_id,Appears multiple times
2.9062E+15,Duplicate,shipment_id,Appears multiple times
1.7102E+15,Duplicate,shipment_id,Appears multiple times
2.8082E+15,Duplicate,shipment_id,Appears multiple times
220420199759660,Duplicate,shipment_id,Appears multiple times
270420199760330,Duplicate,shipment_id,Appears multiple times
3.0122E+15,Duplicate,shipment_id,Appears multiple times
1.8122E+15,Duplicate,shipment_id,Appears multiple times
220220193215950,Duplicate,shipment_id,Appears multiple times
120220195212970,Duplicate,shipment_id,Appears multiple times
240120192647270,Duplicate,shipment_id,Appears multiple times
280320197938230,Duplicate,shipment_id,Appears multiple times
2.5092E+15,Duplicate,shipment_id,Appears multiple times
260920193322080,Duplicate,shipment_id,Appears multiple times
120420199348800,Duplicate,shipment_id,Appears multiple times
2.2082E+15,Duplicate,shipment_id,Appears multiple times
2.5072E+15,Duplicate,shipment_id,Appears multiple times
1.7092E+15,Duplicate,shipment_id,Appears multiple times
2.9102E+15,Duplicate,shipment_id,Appears multiple times
2.4042E+15,Duplicate,shipment_id,Appears multiple times
3.1072E+15,Duplicate,shipment_id,Appears multiple times
1.1032E+15,Duplicate,shipment_id,Appears multiple times
130220208020970,Duplicate,shipment_id,Appears multiple times
130920193015630,Duplicate,shipment_id,Appears multiple times
130920193015640,Duplicate,shipment_id,Appears multiple times
230120191159310,Duplicate,shipment_id,Appears multiple times
230120191159320,Duplicate,shipment_id,Appears multiple times
2.0112E+15,Duplicate,shipment_id,Appears multiple times
1.1072E+15,Duplicate,shipment_id,Appears multiple times
250920192516730,Duplicate,shipment_id,Appears multiple times
1.9032E+15,Duplicate,shipment_id,Appears multiple times
250920192516720,Duplicate,shipment_id,Appears multiple times
270320195967390,Duplicate,shipment_id,Appears multiple times
170920192528730,Duplicate,shipment_id,Appears multiple times
2.1082E+15,Duplicate,shipment_id,Appears multiple times
270320195967400,Duplicate,shipment_id,Appears multiple times
230120191159290,Duplicate,shipment_id,Appears multiple times
3.0052E+15,Duplicate,shipment_id,Appears multiple times
2.9072E+15,Duplicate,shipment_id,Appears multiple times
100120191160990,Duplicate,shipment_id,Appears multiple times
310120202450460,Duplicate,shipment_id,Appears multiple times
2.1112E+15,Duplicate,shipment_id,Appears multiple times
140220193012190,Duplicate,shipment_id,Appears multiple times
1.3052E+15,Duplicate,shipment_id,Appears multiple times
110320197632960,Duplicate,shipment_id,Appears multiple times
130220194419130,Duplicate,shipment_id,Appears multiple times
1.6042E+15,Duplicate,shipment_id,Appears multiple times
140320198939710,Duplicate,shipment_id,Appears multiple times
140320196968190,Duplicate,shipment_id,Appears multiple times
130220194419110,Duplicate,shipment_id,Appears multiple times
1.5072E+15,Duplicate,shipment_id,Appears multiple times
1.3082E+15,Duplicate,shipment_id,Appears multiple times
1.3122E+15,Duplicate,shipment_id,Appears multiple times
130220194419100,Duplicate,shipment_id,Appears multiple times
1.2092E+15,Duplicate,shipment_id,Appears multiple times
1.4122E+15,Duplicate,shipment_id,Appears multiple times
110320197632970,Duplicate,shipment_id,Appears multiple times
2.2092E+15,Duplicate,shipment_id,Appears multiple times
250120192838250,Duplicate,shipment_id,Appears multiple times
2.4052E+15,Duplicate,shipment_id,Appears multiple times
2.1102E+15,Duplicate,shipment_id,Appears multiple times
1.4032E+15,Duplicate,shipment_id,Appears multiple times
211020196692060,Duplicate,shipment_id,Appears multiple times
200220208915910,Duplicate,shipment_id,Appears multiple times
280220209024530,Duplicate,shipment_id,Appears multiple times
1.1082E+15,Duplicate,shipment_id,Appears multiple times
1.8032E+15,Duplicate,shipment_id,Appears multiple times
1.0042E+15,Duplicate,shipment_id,Appears multiple times
2.7042E+15,Duplicate,shipment_id,Appears multiple times
181020196612050,Duplicate,shipment_id,Appears multiple times
221020196699440,Duplicate,shipment_id,Appears multiple times
2.4122E+15,Duplicate,shipment_id,Appears multiple times
301020195734530,Duplicate,shipment_id,Appears multiple times
310120202198620,Duplicate,shipment_id,Appears multiple times
1.7042E+15,Duplicate,shipment_id,Appears multiple times
140220194674510,Duplicate,shipment_id,Appears multiple times
140220194674520,Duplicate,shipment_id,Appears multiple times
2.5052E+15,Duplicate,shipment_id,Appears multiple times
250220193871060,Duplicate,shipment_id,Appears multiple times
1.2062E+15,Duplicate,shipment_id,Appears multiple times
250320197873420,Duplicate,shipment_id,Appears multiple times
1.7072E+15,Duplicate,shipment_id,Appears multiple times
3.1102E+15,Duplicate,shipment_id,Appears multiple times
2.6052E+15,Duplicate,shipment_id,Appears multiple times
2.1092E+15,Duplicate,shipment_id,Appears multiple times
2.0052E+15,Duplicate,shipment_id,Appears multiple times
150320197723650,Duplicate,shipment_id,Appears multiple times
1.3072E+15,Duplicate,shipment_id,Appears multiple times
160120192462510,Duplicate,shipment_id,Appears multiple times
250120192034070,Duplicate,shipment_id,Appears multiple times
300320197484590,Duplicate,shipment_id,Appears multiple times
1.6082E+15,Duplicate,shipment_id,Appears multiple times
310120202195560,Duplicate,shipment_id,Appears multiple times
310120192705370,Duplicate,shipment_id,Appears multiple times
1.2112E+15,Duplicate,shipment_id,Appears multiple times
150320197723830,Duplicate,shipment_id,Appears multiple times
140120203015290,Duplicate,shipment_id,Appears multiple times
200320197833920,Duplicate,shipment_id,Appears multiple times
2.7032E+15,Duplicate,shipment_id,Appears multiple times
2.7082E+15,Duplicate,shipment_id,Appears multiple times
270220209009210,Duplicate,shipment_id,Appears multiple times
2.9052E+15,Duplicate,shipment_id,Appears multiple times
2.1042E+15,Duplicate,shipment_id,Appears multiple times
1.5052E+15,Duplicate,shipment_id,Appears multiple times
2.1052E+15,Duplicate,shipment_id,Appears multiple times
100120192550390,Duplicate,shipment_id,Appears multiple times
220120192647250,Duplicate,shipment_id,Appears multiple times
120220193224260,Duplicate,shipment_id,Appears multiple times
110220193223510,Duplicate,shipment_id,Appears multiple times
290120202755660,Duplicate,shipment_id,Appears multiple times
250120191184110,Duplicate,shipment_id,Appears multiple times
260220193363920,Duplicate,shipment_id,Appears multiple times
231020196225720,Duplicate,shipment_id,Appears multiple times
250320196065990,Duplicate,shipment_id,Appears multiple times
231020196225320,Duplicate,shipment_id,Appears multiple times
230320197866170,Duplicate,shipment_id,Appears multiple times
220120203207450,Duplicate,shipment_id,Appears multiple times
3.1052E+15,Duplicate,shipment_id,Appears multiple times
150420199753300,Duplicate,shipment_id,Appears multiple times
290120192034080,Duplicate,shipment_id,Appears multiple times
161020195609550,Duplicate,shipment_id,Appears multiple times
230320197423760,Duplicate,shipment_id,Appears multiple times
250120191184130,Duplicate,shipment_id,Appears multiple times
310320195988550,Duplicate,shipment_id,Appears multiple times
2.0102E+15,Duplicate,shipment_id,Appears multiple times
1.4042E+15,Duplicate,shipment_id,Appears multiple times
3.0042E+15,Duplicate,shipment_id,Appears multiple times
1.0082E+15,Duplicate,shipment_id,Appears multiple times
2.2102E+15,Duplicate,shipment_id,Appears multiple times
280320197949040,Duplicate,shipment_id,Appears multiple times
2.8112E+15,Duplicate,shipment_id,Appears multiple times
210220195426400,Duplicate,shipment_id,Appears multiple times
280120202161650,Duplicate,shipment_id,Appears multiple times
160920192157310,Duplicate,shipment_id,Appears multiple times
160920192157280,Duplicate,shipment_id,Appears multiple times
300320197484510,Duplicate,shipment_id,Appears multiple times
120120192550400,Duplicate,shipment_id,Appears multiple times
300120192064130,Duplicate,shipment_id,Appears multiple times
190920192194940,Duplicate,shipment_id,Appears multiple times
260920192258140,Duplicate,shipment_id,Appears multiple times
190120191989690,Duplicate,shipment_id,Appears multiple times
2.4112E+15,Duplicate,shipment_id,Appears multiple times
3.0072E+15,Duplicate,shipment_id,Appears multiple times
140920193048310,Duplicate,shipment_id,Appears multiple times
2.9112E+15,Duplicate,shipment_id,Appears multiple times
2.3092E+15,Duplicate,shipment_id,Appears multiple times
2.5122E+15,Duplicate,shipment_id,Appears multiple times
180220208062930,Duplicate,shipment_id,Appears multiple times
180220208062940,Duplicate,shipment_id,Appears multiple times
121020195578680,Duplicate,shipment_id,Appears multiple times
1.4112E+15,Duplicate,shipment_id,Appears multiple times
2.6102E+15,Duplicate,shipment_id,Appears multiple times
200320197831080,Duplicate,shipment_id,Appears multiple times
180420199703880,Duplicate,shipment_id,Appears multiple times
3.0102E+15,Duplicate,shipment_id,Appears multiple times
290120203351080,Duplicate,shipment_id,Appears multiple times
100120202967890,Duplicate,shipment_id,Appears multiple times
2.0092E+15,Duplicate,shipment_id,Appears multiple times
170220207088130,Duplicate,shipment_id,Appears multiple times
290120192034070,Duplicate,shipment_id,Appears multiple times
130920191771190,Duplicate,shipment_id,Appears multiple times
2.9092E+15,Duplicate,shipment_id,Appears multiple times
260220208091040,Duplicate,shipment_id,Appears multiple times
270220208552930,Duplicate,shipment_id,Appears multiple times
280120191145070,Duplicate,shipment_id,Appears multiple times
300320198658120,Duplicate,shipment_id,Appears multiple times
300320199259000,Duplicate,shipment_id,Appears multiple times
180120201658930,Duplicate,shipment_id,Appears multiple times
2.4092E+15,Duplicate,shipment_id,Appears multiple times
200320198646770,Duplicate,shipment_id,Appears multiple times
200320198646760,Duplicate,shipment_id,Appears multiple times
200320199260240,Duplicate,shipment_id,Appears multiple times
200320199260230,Duplicate,shipment_id,Appears multiple times
130920192605090,Duplicate,shipment_id,Appears multiple times
110220194593520,Duplicate,shipment_id,Appears multiple times
210920192019230,Duplicate,shipment_id,Appears multiple times
2.0032E+15,Duplicate,shipment_id,Appears multiple times
110120202981840,Duplicate,shipment_id,Appears multiple times
270220209010920,Duplicate,shipment_id,Appears multiple times
110120192790790,Duplicate,shipment_id,Appears multiple times
150220193071630,Duplicate,shipment_id,Appears multiple times
100120192550380,Duplicate,shipment_id,Appears multiple times
190220193054310,Duplicate,shipment_id,Appears multiple times
180320195947150,Duplicate,shipment_id,Appears multiple times
291020196053100,Duplicate,shipment_id,Appears multiple times
1.1052E+15,Duplicate,shipment_id,Appears multiple times
161020196562180,Duplicate,shipment_id,Appears multiple times
150120191180020,Duplicate,shipment_id,Appears multiple times
190320195984970,Duplicate,shipment_id,Appears multiple times
240120192647260,Duplicate,shipment_id,Appears multiple times
1.3032E+15,Duplicate,shipment_id,Appears multiple times
180220193276040,Duplicate,shipment_id,Appears multiple times
280320195650360,Duplicate,shipment_id,Appears multiple times
220220195426410,Duplicate,shipment_id,Appears multiple times
241020196745000,Duplicate,shipment_id,Appears multiple times
160920193060490,Duplicate,shipment_id,Appears multiple times
270920193349420,Duplicate,shipment_id,Appears multiple times
2.8032E+15,Duplicate,shipment_id,Appears multiple times
250120192647260,Duplicate,shipment_id,Appears multiple times
180120203120640,Duplicate,shipment_id,Appears multiple times
120120202439170,Duplicate,shipment_id,Appears multiple times
110120192550400,Duplicate,shipment_id,Appears multiple times
241020196744500,Duplicate,shipment_id,Appears multiple times
2.3102E+15,Duplicate,shipment_id,Appears multiple times
190320197797250,Duplicate,shipment_id,Appears multiple times
140220208826370,Duplicate,shipment_id,Appears multiple times
190320197797700,Duplicate,shipment_id,Appears multiple times
251020196019510,Duplicate,shipment_id,Appears multiple times
300120202758520,Duplicate,shipment_id,Appears multiple times
310120202760970,Duplicate,shipment_id,Appears multiple times
251020196019500,Duplicate,shipment_id,Appears multiple times
230920192573560,Duplicate,shipment_id,Appears multiple times
120920192572610,Duplicate,shipment_id,Appears multiple times
110220193223520,Duplicate,shipment_id,Appears multiple times
310320195988560,Duplicate,shipment_id,Appears multiple times
280220193236380,Duplicate,shipment_id,Appears multiple times
270320195958380,Duplicate,shipment_id,Appears multiple times
200120201897590,Duplicate,shipment_id,Appears multiple times
230220194791610,Duplicate,shipment_id,Appears multiple times
150420199753310,Duplicate,shipment_id,Appears multiple times
160120202045780,Duplicate,shipment_id,Appears multiple times
130320197680650,Duplicate,shipment_id,Appears multiple times
290120192034060,Duplicate,shipment_id,Appears multiple times
250220194791610,Duplicate,shipment_id,Appears multiple times
230320197422280,Duplicate,shipment_id,Appears multiple times
160120202045770,Duplicate,shipment_id,Appears multiple times
250920192239700,Duplicate,shipment_id,Appears multiple times
250120191184120,Duplicate,shipment_id,Appears multiple times
270320198517350,Duplicate,shipment_id,Appears multiple times
280120202161620,Duplicate,shipment_id,Appears multiple times
220220195426390,Duplicate,shipment_id,Appears multiple times
120320197321540,Duplicate,shipment_id,Appears multiple times
140220194695980,Duplicate,shipment_id,Appears multiple times
280220193103610,Duplicate,shipment_id,Appears multiple times
130420199562330,Duplicate,shipment_id,Appears multiple times
250120201759060,Duplicate,shipment_id,Appears multiple times
1.5122E+15,Duplicate,shipment_id,Appears multiple times
261020194345620,Duplicate,shipment_id,Appears multiple times
170120192550390,Duplicate,shipment_id,Appears multiple times
110220207921580,Duplicate,shipment_id,Appears multiple times
210220195426410,Duplicate,shipment_id,Appears multiple times
240120202126950,Duplicate,shipment_id,Appears multiple times
100120201998040,Duplicate,shipment_id,Appears multiple times
230320197422330,Duplicate,shipment_id,Appears multiple times
250220194736290,Duplicate,shipment_id,Appears multiple times
170120202493410,Duplicate,shipment_id,Appears multiple times
TATU97838700,Invalid Format,hs_code,HS code contains invalid characters: nan
TATU27838700,Invalid Format,hs_code,HS code contains invalid characters: nan
TATU97878700,Invalid Format,hs_code,HS code contains invalid characters: nan
TATU378B8700,Invalid Format,hs_code,HS code contains invalid characters: nan
TATU97838700,Invalid Length,hs_code,HS code too short: nan
TATU27838700,Invalid Length,hs_code,HS code too short: nan
TATU97878700,Invalid Length,hs_code,HS code too short: nan
TATU378B8700,Invalid Length,hs_code,HS code too short: nan
5642059439,Value Mismatch,valueusd,Calculated vs reported value differs by >10%
5642074510,Value Mismatch,valueusd,Calculated vs reported value differs by >10%
8336608996,Value Mismatch,valueusd,Calculated vs reported value differs by >10%
8336612473,Value Mismatch,valueusd,Calculated vs reported value differs by >10%
8336610456,Value Mismatch,valueusd,Calculated vs reported value differs by >10%
8336617473,Value Mismatch,valueusd,Calculated vs reported value differs by >10%
1153606114,Value Mismatch,valueusd,Calculated vs reported value differs by >10%
7855854722,Value Mismatch,valueusd,Calculated vs reported value differs by >10%
8847233469,Value Mismatch,valueusd,Calculated vs reported value differs by >10%
8481532589,Value Mismatch,valueusd,Calculated vs reported value differs by >10%
7853079574,Value Mismatch,valueusd,Calculated vs reported value differs by >10%
9453711751,Value Mismatch,valueusd,Calculated vs reported value differs by >10%
9454340577,Value Mismatch,valueusd,Calculated vs reported value differs by >10%
0828801139,Value Mismatch,valueusd,Calculated vs reported value differs by >10%
0693933626,Value Mismatch,valueusd,Calculated vs reported value differs by >10%
0693837132,Value Mismatch,valueusd,Calculated vs reported value differs by >10%
0286716662,Value Mismatch,valueusd,Calculated vs reported value differs by >10%
9202712682,Value Mismatch,valueusd,Calculated vs reported value differs by >10%
0447228431,Value Mismatch,valueusd,Calculated vs reported value differs by >10%
2775732301,Value Mismatch,valueusd,Calculated vs reported value differs by >10%
2778619938,Value Mismatch,valueusd,Calculated vs reported value differs by >10%
8484905627,Value Mismatch,valueusd,Calculated vs reported value differs by >10%
8484898820,Value Mismatch,valueusd,Calculated vs reported value differs by >10%
180320197785250,Value Mismatch,valueusd,Calculated vs reported value differs by >10%
180320197785250,Value Mismatch,valueusd,Calculated vs reported value differs by >10%
180320197785250,Value Mismatch,valueusd,Calculated vs reported value differs by >10%
1882832019,Value Mismatch,valueusd,Calculated vs reported value differs by >10%
1203685516,Value Mismatch,valueusd,Calculated vs reported value differs by >10%
0306201919099455,Value Mismatch,valueusd,Calculated vs reported value differs by >10%
1.3102E+15,Value Mismatch,valueusd,Calculated vs reported value differs by >10%
1081652746,Value Mismatch,valueusd,Calculated vs reported value differs by >10%
0306201919099456,Value Mismatch,valueusd,Calculated vs reported value differs by >10%
260920193322080,Value Mismatch,valueusd,Calculated vs reported value differs by >10%
1101276704,Value Mismatch,valueusd,Calculated vs reported value differs by >10%
9202302085,Value Mismatch,valueusd,Calculated vs reported value differs by >10%
9202302084,Value Mismatch,valueusd,Calculated vs reported value differs by >10%
9202302093,Value Mismatch,valueusd,Calculated vs reported value differs by >10%
070220193430181,Value Mismatch,valueusd,Calculated vs reported value differs by >10%
0312201919020441,Value Mismatch,valueusd,Calculated vs reported value differs by >10%
3752911978,Value Mismatch,valueusd,Calculated vs reported value differs by >10%
0306201917921162,Value Mismatch,valueusd,Calculated vs reported value differs by >10%
0405201912452943,Value Mismatch,valueusd,Calculated vs reported value differs by >10%
0306201917921190,Value Mismatch,valueusd,Calculated vs reported value differs by >10%
1.1042E+15,Value Mismatch,valueusd,Calculated vs reported value differs by >10%
0405201912452945,Value Mismatch,valueusd,Calculated vs reported value differs by >10%
1.3072E+15,Value Mismatch,valueusd,Calculated vs reported value differs by >10%
2.4062E+15,Value Mismatch,valueusd,Calculated vs reported value differs by >10%
150320197723830,Value Mismatch,valueusd,Calculated vs reported value differs by >10%
250320197873420,Value Mismatch,valueusd,Calculated vs reported value differs by >10%
250320197873420,Value Mismatch,valueusd,Calculated vs reported value differs by >10%
2.1092E+15,Value Mismatch,valueusd,Calculated vs reported value differs by >10%
040920192850979,Value Mismatch,valueusd,Calculated vs reported value differs by >10%
040920192850978,Value Mismatch,valueusd,Calculated vs reported value differs by >10%
270220209009210,Value Mismatch,valueusd,Calculated vs reported value differs by >10%
270220209009210,Value Mismatch,valueusd,Calculated vs reported value differs by >10%
270220209009200,Value Mismatch,valueusd,Calculated vs reported value differs by >10%
270220209009210,Value Mismatch,valueusd,Calculated vs reported value differs by >10%
270220209009210,Value Mismatch,valueusd,Calculated vs reported value differs by >10%
270220209009210,Value Mismatch,valueusd,Calculated vs reported value differs by >10%
2.7042E+15,Value Mismatch,valueusd,Calculated vs reported value differs by >10%
2.9052E+15,Value Mismatch,valueusd,Calculated vs reported value differs by >10%
2.7042E+15,Value Mismatch,valueusd,Calculated vs reported value differs by >10%
2.9052E+15,Value Mismatch,valueusd,Calculated vs reported value differs by >10%
2.6112E+15,Value Mismatch,valueusd,Calculated vs reported value differs by >10%
2.7042E+15,Value Mismatch,valueusd,Calculated vs reported value differs by >10%
2.9052E+15,Value Mismatch,valueusd,Calculated vs reported value differs by >10%
1.3082E+15,Value Mismatch,valueusd,Calculated vs reported value differs by >10%
1.3082E+15,Value Mismatch,valueusd,Calculated vs reported value differs by >10%
1.3082E+15,Value Mismatch,valueusd,Calculated vs reported value differs by >10%
2.6112E+15,Value Mismatch,valueusd,Calculated vs reported value differs by >10%
2.7042E+15,Value Mismatch,valueusd,Calculated vs reported value differs by >10%
2.9052E+15,Value Mismatch,valueusd,Calculated vs reported value differs by >10%
1.3082E+15,Value Mismatch,valueusd,Calculated vs reported value differs by >10%
2.6112E+15,Value Mismatch,valueusd,Calculated vs reported value differs by >10%
1036932230,Value Mismatch,valueusd,Calculated vs reported value differs by >10%
2.7042E+15,Value Mismatch,valueusd,Calculated vs reported value differs by >10%
2.9052E+15,Value Mismatch,valueusd,Calculated vs reported value differs by >10%
2.7042E+15,Value Mismatch,valueusd,Calculated vs reported value differs by >10%
2.9052E+15,Value Mismatch,valueusd,Calculated vs reported value differs by >10%
2.7042E+15,Value Mismatch,valueusd,Calculated vs reported value differs by >10%
2.9052E+15,Value Mismatch,valueusd,Calculated vs reported value differs by >10%
9200840087,Value Mismatch,valueusd,Calculated vs reported value differs by >10%
0829235025,Value Mismatch,valueusd,Calculated vs reported value differs by >10%
0693513807,Value Mismatch,valueusd,Calculated vs reported value differs by >10%
0828993972,Value Mismatch,valueusd,Calculated vs reported value differs by >10%
0829235023,Value Mismatch,valueusd,Calculated vs reported value differs by >10%
0693513806,Value Mismatch,valueusd,Calculated vs reported value differs by >10%
1417562884,Value Mismatch,valueusd,Calculated vs reported value differs by >10%
0447644636,Value Mismatch,valueusd,Calculated vs reported value differs by >10%
0693513808,Value Mismatch,valueusd,Calculated vs reported value differs by >10%
280320197949040,Value Mismatch,valueusd,Calculated vs reported value differs by >10%
0206202014970608,Value Mismatch,valueusd,Calculated vs reported value differs by >10%
2.8112E+15,Value Mismatch,valueusd,Calculated vs reported value differs by >10%
0305201912428925,Value Mismatch,valueusd,Calculated vs reported value differs by >10%
180220208062930,Value Mismatch,valueusd,Calculated vs reported value differs by >10%
180220208062940,Value Mismatch,valueusd,Calculated vs reported value differs by >10%
180220208062930,Value Mismatch,valueusd,Calculated vs reported value differs by >10%
180220208062940,Value Mismatch,valueusd,Calculated vs reported value differs by >10%
1117059697,Value Mismatch,valueusd,Calculated vs reported value differs by >10%
0447067510,Value Mismatch,valueusd,Calculated vs reported value differs by >10%
180420199703880,Value Mismatch,valueusd,Calculated vs reported value differs by >10%
1.5052E+15,Value Mismatch,valueusd,Calculated vs reported value differs by >10%
1.5052E+15,Value Mismatch,valueusd,Calculated vs reported value differs by >10%
1093348576,Value Mismatch,valueusd,Calculated vs reported value differs by >10%
9456651818,Value Mismatch,valueusd,Calculated vs reported value differs by >10%
1466627693,Value Mismatch,valueusd,Calculated vs reported value differs by >10%
9456651817,Value Mismatch,valueusd,Calculated vs reported value differs by >10%
1083670516,Value Mismatch,valueusd,Calculated vs reported value differs by >10%
2.1082E+15,Value Mismatch,valueusd,Calculated vs reported value differs by >10%
1265734105,Value Mismatch,valueusd,Calculated vs reported value differs by >10%
2.1082E+15,Value Mismatch,valueusd,Calculated vs reported value differs by >10%
0127672009,Value Mismatch,valueusd,Calculated vs reported value differs by >10%
0127672010,Value Mismatch,valueusd,Calculated vs reported value differs by >10%
0447067511,Value Mismatch,valueusd,Calculated vs reported value differs by >10%
2.4062E+15,Value Mismatch,valueusd,Calculated vs reported value differs by >10%
1417041860,Value Mismatch,valueusd,Calculated vs reported value differs by >10%
0127672008,Value Mismatch,valueusd,Calculated vs reported value differs by >10%
9202675616,Value Mismatch,valueusd,Calculated vs reported value differs by >10%
9203011599,Value Mismatch,valueusd,Calculated vs reported value differs by >10%
0447067509,Value Mismatch,valueusd,Calculated vs reported value differs by >10%
0828993969,Value Mismatch,valueusd,Calculated vs reported value differs by >10%
0127672011,Value Mismatch,valueusd,Calculated vs reported value differs by >10%
0447067514,Value Mismatch,valueusd,Calculated vs reported value differs by >10%
2.1052E+15,Value Mismatch,valueusd,Calculated vs reported value differs by >10%
1060899920,Value Mismatch,valueusd,Calculated vs reported value differs by >10%
1.1032E+15,Value Mismatch,valueusd,Calculated vs reported value differs by >10%
1.2032E+15,Value Mismatch,valueusd,Calculated vs reported value differs by >10%
290120203351080,Value Mismatch,valueusd,Calculated vs reported value differs by >10%
0109202023499646,Value Mismatch,valueusd,Calculated vs reported value differs by >10%
2777434133,Value Mismatch,valueusd,Calculated vs reported value differs by >10%
2777434134,Value Mismatch,valueusd,Calculated vs reported value differs by >10%
0832212963,Value Mismatch,valueusd,Calculated vs reported value differs by >10%
0832212962,Value Mismatch,valueusd,Calculated vs reported value differs by >10%
0832212965,Value Mismatch,valueusd,Calculated vs reported value differs by >10%
2677408926,Value Mismatch,valueusd,Calculated vs reported value differs by >10%
9200620714,Value Mismatch,valueusd,Calculated vs reported value differs by >10%
9200620708,Value Mismatch,valueusd,Calculated vs reported value differs by >10%
9200620712,Value Mismatch,valueusd,Calculated vs reported value differs by >10%
1047015521,Value Mismatch,valueusd,Calculated vs reported value differs by >10%
6304799948,Value Mismatch,valueusd,Calculated vs reported value differs by >10%
6304799949,Value Mismatch,valueusd,Calculated vs reported value differs by >10%
3976096456,Value Mismatch,valueusd,Calculated vs reported value differs by >10%
3700248155,Value Mismatch,valueusd,Calculated vs reported value differs by >10%
3976096458,Value Mismatch,valueusd,Calculated vs reported value differs by >10%
7993427786,Value Mismatch,valueusd,Calculated vs reported value differs by >10%
0512201919527050,Value Mismatch,valueusd,Calculated vs reported value differs by >10%
0512201919527051,Value Mismatch,valueusd,Calculated vs reported value differs by >10%
2.3122E+15,Value Mismatch,valueusd,Calculated vs reported value differs by >10%
1063927243,Value Mismatch,valueusd,Calculated vs reported value differs by >10%
1153116000,Value Mismatch,valueusd,Calculated vs reported value differs by >10%
1073911381,Value Mismatch,valueusd,Calculated vs reported value differs by >10%
1066115384,Value Mismatch,valueusd,Calculated vs reported value differs by >10%
0509202023025637,Value Mismatch,valueusd,Calculated vs reported value differs by >10%
6302326254,Value Mismatch,valueusd,Calculated vs reported value differs by >10%
2775899197,Low Price,unit_price,Suspiciously low unit price (1.2001)
2775899191,Low Price,unit_price,Suspiciously low unit price (1.41725)
2775899179,Low Price,unit_price,Suspiciously low unit price (1.1086)
2775899199,Low Price,unit_price,Suspiciously low unit price (1.32584)
0217350359,Low Price,unit_price,Suspiciously low unit price (2.52)
1.6122E+15,Low Price,unit_price,Suspiciously low unit price (5.4)
0692981312,Low Price,unit_price,Suspiciously low unit price (0.6)
0611202029477980,Low Price,unit_price,Suspiciously low unit price (7.99)
0232830421,Low Price,unit_price,Suspiciously low unit price (3.85)
0232830422,Low Price,unit_price,Suspiciously low unit price (3.85)
1121568825,Low Price,unit_price,Suspiciously low unit price (17.81)
1028219316,Low Price,unit_price,Suspiciously low unit price (15.72)
1067362158,Low Price,unit_price,Suspiciously low unit price (2.55)
1211753688,Low Price,unit_price,Suspiciously low unit price (2.49)
300320209366840,Low Price,unit_price,Suspiciously low unit price (2.97)
300320209366840,Low Price,unit_price,Suspiciously low unit price (2.97)
0511202026859319,Low Price,unit_price,Suspiciously low unit price (2.61)
1047097411,Low Price,unit_price,Suspiciously low unit price (2.81)
2.9082E+15,Low Price,unit_price,Suspiciously low unit price (0.33)
1.7032E+15,Low Price,unit_price,Suspiciously low unit price (0.33)
3.1122E+15,Low Price,unit_price,Suspiciously low unit price (0.33)
1398165208,Low Price,unit_price,Suspiciously low unit price (0.33)
0212201916882110,Low Price,unit_price,Suspiciously low unit price (0.52)
0409201962362,Low Price,unit_price,Suspiciously low unit price (0.51)
1.5102E+15,Low Price,unit_price,Suspiciously low unit price (0.24)
1001032495,Low Price,unit_price,Suspiciously low unit price (0.16)
1.4072E+15,Low Price,unit_price,Suspiciously low unit price (0.24)
2.9082E+15,Low Price,unit_price,Suspiciously low unit price (0.27)
1.3042E+15,Low Price,unit_price,Suspiciously low unit price (0.22)
1.3042E+15,Low Price,unit_price,Suspiciously low unit price (0.22)
1090157129,Low Price,unit_price,Suspiciously low unit price (0.23)
3.1082E+15,Low Price,unit_price,Suspiciously low unit price (0.65)
3.1082E+15,Low Price,unit_price,Suspiciously low unit price (0.65)
3.1082E+15,Low Price,unit_price,Suspiciously low unit price (0.65)
100220206379650,Low Price,unit_price,Suspiciously low unit price (0.22)
100220206379650,Low Price,unit_price,Suspiciously low unit price (0.65)
190220206482650,Low Price,unit_price,Suspiciously low unit price (0.23)
2.9082E+15,Low Price,unit_price,Suspiciously low unit price (12.331600000000002)
020920191033009,Low Price,unit_price,Suspiciously low unit price (12.1707)
1046566431,Low Price,unit_price,Suspiciously low unit price (8.107447916666667)
1260236545,Low Price,unit_price,Suspiciously low unit price (8.976750000000001)
9200278115,Low Price,unit_price,Suspiciously low unit price (0.18)
050320196432110,Low Price,unit_price,Suspiciously low unit price (14.8232)
300320196713020,Low Price,unit_price,Suspiciously low unit price (14.6524)
171020194876750,Low Price,unit_price,Suspiciously low unit price (9.51)
0234953697,Low Price,unit_price,Suspiciously low unit price (42.37)
1005726352,Low Price,unit_price,Suspiciously low unit price (13.58)
1103227631,Low Price,unit_price,Suspiciously low unit price (20.51)
1807827280,Low Price,unit_price,Suspiciously low unit price (0.04)
1807838625,Low Price,unit_price,Suspiciously low unit price (0.04)
1142100721,Low Price,unit_price,Suspiciously low unit price (7.72)
8482111693,Low Price,unit_price,Suspiciously low unit price (8.07)
5659769264,Low Price,unit_price,Suspiciously low unit price (8.31)
1142516755,Low Price,unit_price,Suspiciously low unit price (7.72)
1271516507,Low Price,unit_price,Suspiciously low unit price (7.82)
5642059439,Low Price,unit_price,Suspiciously low unit price (0.0)
5642074510,Low Price,unit_price,Suspiciously low unit price (0.0)
8336608996,Low Price,unit_price,Suspiciously low unit price (0.01)
8336612473,Low Price,unit_price,Suspiciously low unit price (0.01)
3459692139,Low Price,unit_price,Suspiciously low unit price (1.06)
3460739918,Low Price,unit_price,Suspiciously low unit price (1.06)
1072184400,Low Price,unit_price,Suspiciously low unit price (36.6)
1127542098,Low Price,unit_price,Suspiciously low unit price (24.09)
1090556444,Low Price,unit_price,Suspiciously low unit price (27.18)
1612334159,Low Price,unit_price,Suspiciously low unit price (28.72)
8336610456,Low Price,unit_price,Suspiciously low unit price (0.01)
8336617473,Low Price,unit_price,Suspiciously low unit price (0.01)
8496623202,Low Price,unit_price,Suspiciously low unit price (1.16)
1009718136,Low Price,unit_price,Suspiciously low unit price (25.23)
1153606114,Low Price,unit_price,Suspiciously low unit price (21.35)
1131691448,Low Price,unit_price,Suspiciously low unit price (21.35)
0127051418,Low Price,unit_price,Suspiciously low unit price (1.36)
0127051428,Low Price,unit_price,Suspiciously low unit price (1.32)
7852782710,Low Price,unit_price,Suspiciously low unit price (1.34)
7852782708,Low Price,unit_price,Suspiciously low unit price (1.34)
5658039321,Low Price,unit_price,Suspiciously low unit price (1.2)
9323446152,Low Price,unit_price,Suspiciously low unit price (1.36)
3459631151,Low Price,unit_price,Suspiciously low unit price (1.3)
0828936511,Low Price,unit_price,Suspiciously low unit price (1.25)
1097963209,Low Price,unit_price,Suspiciously low unit price (1.25)
1097963208,Low Price,unit_price,Suspiciously low unit price (1.25)
3972440296,Low Price,unit_price,Suspiciously low unit price (1.29516)
0446465315,Low Price,unit_price,Suspiciously low unit price (1.27)
1043348662,Low Price,unit_price,Suspiciously low unit price (1.27)
9323448669,Low Price,unit_price,Suspiciously low unit price (1.93)
7852782707,Low Price,unit_price,Suspiciously low unit price (2.13)
8481021466,Low Price,unit_price,Suspiciously low unit price (1.88)
0796162724,Low Price,unit_price,Suspiciously low unit price (2.09)
7853728864,Low Price,unit_price,Suspiciously low unit price (2.02)
8846344394,Low Price,unit_price,Suspiciously low unit price (2.16)
9453442203,Low Price,unit_price,Suspiciously low unit price (2.05)
0828936504,Low Price,unit_price,Suspiciously low unit price (2.0)
9199701911,Low Price,unit_price,Suspiciously low unit price (2.03)
0446756489,Low Price,unit_price,Suspiciously low unit price (3.21)
0446756482,Low Price,unit_price,Suspiciously low unit price (1.99)
1043841024,Low Price,unit_price,Suspiciously low unit price (2.01)
7989803180,Low Price,unit_price,Suspiciously low unit price (2.02)
1003978424,Low Price,unit_price,Suspiciously low unit price (1.88)
1075392282,Low Price,unit_price,Suspiciously low unit price (1.88)
1054140206,Low Price,unit_price,Suspiciously low unit price (1.74)
9859804045,Low Price,unit_price,Suspiciously low unit price (1.9913)
3751473245,Low Price,unit_price,Suspiciously low unit price (2.08)
9454311432,Low Price,unit_price,Suspiciously low unit price (1.96)
2775304893,Low Price,unit_price,Suspiciously low unit price (2.03)
9323446130,Low Price,unit_price,Suspiciously low unit price (2.16)
1088912530,Low Price,unit_price,Suspiciously low unit price (3.74)
0283731239,Low Price,unit_price,Suspiciously low unit price (1.08)
0127051425,Low Price,unit_price,Suspiciously low unit price (1.23)
1060428475,Low Price,unit_price,Suspiciously low unit price (1.32)
0127051461,Low Price,unit_price,Suspiciously low unit price (1.45)
16012020664159,Low Price,unit_price,Suspiciously low unit price (0.89)
1367003554,Low Price,unit_price,Suspiciously low unit price (0.86)
1055126757,Low Price,unit_price,Suspiciously low unit price (0.92)
9323448654,Low Price,unit_price,Suspiciously low unit price (1.55)
9453170581,Low Price,unit_price,Suspiciously low unit price (1.5)
0712201917340166,Low Price,unit_price,Suspiciously low unit price (0.94)
16012020664183,Low Price,unit_price,Suspiciously low unit price (0.93)
1031975792,Low Price,unit_price,Suspiciously low unit price (1.38)
9453442193,Low Price,unit_price,Suspiciously low unit price (1.47)
9323446156,Low Price,unit_price,Suspiciously low unit price (1.55)
1049317744,Low Price,unit_price,Suspiciously low unit price (1.38)
1020580154,Low Price,unit_price,Suspiciously low unit price (1.37)
1031554610,Low Price,unit_price,Suspiciously low unit price (1.65)
5658039359,Low Price,unit_price,Suspiciously low unit price (1.79)
0712201917340165,Low Price,unit_price,Suspiciously low unit price (1.22)
130320209571380,Low Price,unit_price,Suspiciously low unit price (1.34)
6748777314,Low Price,unit_price,Suspiciously low unit price (1.55)
0283731245,Low Price,unit_price,Suspiciously low unit price (1.6)
1097963261,Low Price,unit_price,Suspiciously low unit price (0.93)
16012020664168,Low Price,unit_price,Suspiciously low unit price (0.83)
1423827790,Low Price,unit_price,Suspiciously low unit price (0.91)
290220209040280,Low Price,unit_price,Suspiciously low unit price (0.8)
310120203419500,Low Price,unit_price,Suspiciously low unit price (0.8)
16012020664188,Low Price,unit_price,Suspiciously low unit price (0.83)
1.3112E+15,Low Price,unit_price,Suspiciously low unit price (1.0)
141020193990240,Low Price,unit_price,Suspiciously low unit price (0.97)
0127051432,Low Price,unit_price,Suspiciously low unit price (1.13)
16012020664185,Low Price,unit_price,Suspiciously low unit price (0.97)
16012020664182,Low Price,unit_price,Suspiciously low unit price (0.97)
290220209040290,Low Price,unit_price,Suspiciously low unit price (0.93)
1141508469,Low Price,unit_price,Suspiciously low unit price (1.03)
16012020664161,Low Price,unit_price,Suspiciously low unit price (1.19)
1.9052E+15,Low Price,unit_price,Suspiciously low unit price (1.0)
1325591716,Low Price,unit_price,Suspiciously low unit price (0.99)
1027535113,Low Price,unit_price,Suspiciously low unit price (1.21)
0446465314,Low Price,unit_price,Suspiciously low unit price (1.3)
1161521688,Low Price,unit_price,Suspiciously low unit price (1.03)
0283731242,Low Price,unit_price,Suspiciously low unit price (1.05)
1460506050,Low Price,unit_price,Suspiciously low unit price (1.27)
1069584152,Low Price,unit_price,Suspiciously low unit price (1.65)
1093870509,Low Price,unit_price,Suspiciously low unit price (1.74)
1084539190,Low Price,unit_price,Suspiciously low unit price (1.79)
1110658177,Low Price,unit_price,Suspiciously low unit price (1.79)
200220206896490,Low Price,unit_price,Suspiciously low unit price (1.95)
0127051422,Low Price,unit_price,Suspiciously low unit price (2.48)
141020193990260,Low Price,unit_price,Suspiciously low unit price (3.06)
1.3112E+15,Low Price,unit_price,Suspiciously low unit price (3.14)
5658039320,Low Price,unit_price,Suspiciously low unit price (1.4)
9323446123,Low Price,unit_price,Suspiciously low unit price (1.48)
7853728884,Low Price,unit_price,Suspiciously low unit price (1.49)
3751968280,Low Price,unit_price,Suspiciously low unit price (1.57)
3459847412,Low Price,unit_price,Suspiciously low unit price (1.47)
9453170552,Low Price,unit_price,Suspiciously low unit price (1.55)
2775304898,Low Price,unit_price,Suspiciously low unit price (1.5)
0446756487,Low Price,unit_price,Suspiciously low unit price (1.47)
0446989368,Low Price,unit_price,Suspiciously low unit price (1.47)
290220209040290,Low Price,unit_price,Suspiciously low unit price (1.28)
130320209571390,Low Price,unit_price,Suspiciously low unit price (1.47)
1.9052E+15,Low Price,unit_price,Suspiciously low unit price (1.29)
1232030783,Low Price,unit_price,Suspiciously low unit price (1.4)
1012815832,Low Price,unit_price,Suspiciously low unit price (1.39)
1014157193,Low Price,unit_price,Suspiciously low unit price (1.36)
9454311428,Low Price,unit_price,Suspiciously low unit price (1.44)
1096058119,Low Price,unit_price,Suspiciously low unit price (1.4)
1012484182,Low Price,unit_price,Suspiciously low unit price (1.39)
5658538898,Low Price,unit_price,Suspiciously low unit price (1.35)
141020193990260,Low Price,unit_price,Suspiciously low unit price (1.34)
1121764995,Low Price,unit_price,Suspiciously low unit price (1.42)
2.5042E+15,Low Price,unit_price,Suspiciously low unit price (1.29)
130320209571380,Low Price,unit_price,Suspiciously low unit price (1.02)
1029045868,Low Price,unit_price,Suspiciously low unit price (0.98)
16012020664187,Low Price,unit_price,Suspiciously low unit price (0.95)
1537073570,Low Price,unit_price,Suspiciously low unit price (0.92)
0712201917340167,Low Price,unit_price,Suspiciously low unit price (1.15)
1.9052E+15,Low Price,unit_price,Suspiciously low unit price (1.07)
8481021475,Low Price,unit_price,Suspiciously low unit price (1.64)
9323448674,Low Price,unit_price,Suspiciously low unit price (1.89)
0796162713,Low Price,unit_price,Suspiciously low unit price (1.83)
7853728859,Low Price,unit_price,Suspiciously low unit price (1.77)
7853487101,Low Price,unit_price,Suspiciously low unit price (1.81)
8846344396,Low Price,unit_price,Suspiciously low unit price (1.89)
9199701903,Low Price,unit_price,Suspiciously low unit price (1.77)
2775304906,Low Price,unit_price,Suspiciously low unit price (1.78)
0446756488,Low Price,unit_price,Suspiciously low unit price (1.74)
1097539839,Low Price,unit_price,Suspiciously low unit price (1.74)
1043841023,Low Price,unit_price,Suspiciously low unit price (1.76)
1122674792,Low Price,unit_price,Suspiciously low unit price (1.72)
1029451686,Low Price,unit_price,Suspiciously low unit price (1.67)
1325591720,Low Price,unit_price,Suspiciously low unit price (1.51)
6748777303,Low Price,unit_price,Suspiciously low unit price (1.56)
1092113371,Low Price,unit_price,Suspiciously low unit price (1.64)
1063127691,Low Price,unit_price,Suspiciously low unit price (1.51)
9859804046,Low Price,unit_price,Suspiciously low unit price (1.7479)
3751473246,Low Price,unit_price,Suspiciously low unit price (1.82)
9454311415,Low Price,unit_price,Suspiciously low unit price (1.71)
1103376436,Low Price,unit_price,Suspiciously low unit price (1.63)
0828936509,Low Price,unit_price,Suspiciously low unit price (1.75)
1095462572,Low Price,unit_price,Suspiciously low unit price (2.73)
2.5042E+15,Low Price,unit_price,Suspiciously low unit price (1.88)
1.9052E+15,Low Price,unit_price,Suspiciously low unit price (1.87)
1370419196,Low Price,unit_price,Suspiciously low unit price (0.18638)
1456771138,Low Price,unit_price,Suspiciously low unit price (0.199234)
1036890673,Low Price,unit_price,Suspiciously low unit price (0.18)
1132711098,Low Price,unit_price,Suspiciously low unit price (0.31)
1.9112E+15,Low Price,unit_price,Suspiciously low unit price (0.16)
1103461441,Low Price,unit_price,Suspiciously low unit price (0.19)
1073104416,Low Price,unit_price,Suspiciously low unit price (0.29)
8495091950,Low Price,unit_price,Suspiciously low unit price (0.56834375)
8495091951,Low Price,unit_price,Suspiciously low unit price (0.6614687499999999)
8495091961,Low Price,unit_price,Suspiciously low unit price (0.7019062500000001)
8495091966,Low Price,unit_price,Suspiciously low unit price (0.7314375)
8495091948,Low Price,unit_price,Suspiciously low unit price (0.46975)
8495091947,Low Price,unit_price,Suspiciously low unit price (0.7605000000000001)
8495091949,Low Price,unit_price,Suspiciously low unit price (0.49884375)
8495091967,Low Price,unit_price,Suspiciously low unit price (0.95496875)
8495091946,Low Price,unit_price,Suspiciously low unit price (1.14534375)
8495091958,Low Price,unit_price,Suspiciously low unit price (1.2325625)
8495091959,Low Price,unit_price,Suspiciously low unit price (1.29753125)
8495091953,Low Price,unit_price,Suspiciously low unit price (0.8123125)
8495091960,Low Price,unit_price,Suspiciously low unit price (1.36196875)
8495091986,Low Price,unit_price,Suspiciously low unit price (0.8123125)
0285183776,Low Price,unit_price,Suspiciously low unit price (0.9383531746031748)
0285183780,Low Price,unit_price,Suspiciously low unit price (1.0129920634920635)
0285183782,Low Price,unit_price,Suspiciously low unit price (1.1620714285714286)
0285183748,Low Price,unit_price,Suspiciously low unit price (0.8850381944444444)
0285183771,Low Price,unit_price,Suspiciously low unit price (0.6931025641025641)
05012019672158,Low Price,unit_price,Suspiciously low unit price (0.52)
05012019672159,Low Price,unit_price,Suspiciously low unit price (0.52)
05012019672160,Low Price,unit_price,Suspiciously low unit price (0.52)
05012019672161,Low Price,unit_price,Suspiciously low unit price (0.52)
05012019672162,Low Price,unit_price,Suspiciously low unit price (0.52)
05012019672163,Low Price,unit_price,Suspiciously low unit price (0.52)
05012019672164,Low Price,unit_price,Suspiciously low unit price (0.52)
05012019672165,Low Price,unit_price,Suspiciously low unit price (0.52)
05012019672166,Low Price,unit_price,Suspiciously low unit price (0.52)
05012019672167,Low Price,unit_price,Suspiciously low unit price (0.52)
05012019672168,Low Price,unit_price,Suspiciously low unit price (0.52)
05012019672169,Low Price,unit_price,Suspiciously low unit price (0.52)
1150946934,Low Price,unit_price,Suspiciously low unit price (0.5947941272965879)
1151106441,Low Price,unit_price,Suspiciously low unit price (9.27885)
2.6042E+15,Low Price,unit_price,Suspiciously low unit price (0.06)
2.6042E+15,Low Price,unit_price,Suspiciously low unit price (0.06)
2.6042E+15,Low Price,unit_price,Suspiciously low unit price (0.06)
2.6042E+15,Low Price,unit_price,Suspiciously low unit price (0.06)
1.0072E+15,Low Price,unit_price,Suspiciously low unit price (0.09)
1.0072E+15,Low Price,unit_price,Suspiciously low unit price (0.09)
1.0072E+15,Low Price,unit_price,Suspiciously low unit price (0.09)
1.0072E+15,Low Price,unit_price,Suspiciously low unit price (0.09)
1.0072E+15,Low Price,unit_price,Suspiciously low unit price (0.09)
1.0072E+15,Low Price,unit_price,Suspiciously low unit price (0.09)
2.1062E+15,Low Price,unit_price,Suspiciously low unit price (0.04)
8484854195,Low Price,unit_price,Suspiciously low unit price (2.24)
8484854193,Low Price,unit_price,Suspiciously low unit price (2.24)
8484854192,Low Price,unit_price,Suspiciously low unit price (2.24)
3976221680,Low Price,unit_price,Suspiciously low unit price (2.22)
3976221681,Low Price,unit_price,Suspiciously low unit price (2.22)
3976221678,Low Price,unit_price,Suspiciously low unit price (2.22)
3976221679,Low Price,unit_price,Suspiciously low unit price (2.22)
3976221682,Low Price,unit_price,Suspiciously low unit price (2.22)
1015396782,Low Price,unit_price,Suspiciously low unit price (0.47)
1078218138,Low Price,unit_price,Suspiciously low unit price (1.09)
1068724419,Low Price,unit_price,Suspiciously low unit price (1.04)
1059696760,Low Price,unit_price,Suspiciously low unit price (1.3)
1039790343,Low Price,unit_price,Suspiciously low unit price (1.25)
1079664942,Low Price,unit_price,Suspiciously low unit price (0.83)
1038852886,Low Price,unit_price,Suspiciously low unit price (0.6)
1079737437,Low Price,unit_price,Suspiciously low unit price (6.06)
1015208946,Low Price,unit_price,Suspiciously low unit price (6.06)
1168999553,Low Price,unit_price,Suspiciously low unit price (6.06)
8484854194,Low Price,unit_price,Suspiciously low unit price (2.65)
8484854196,Low Price,unit_price,Suspiciously low unit price (2.92)
7855236571,Low Price,unit_price,Suspiciously low unit price (17.01)
7855236574,Low Price,unit_price,Suspiciously low unit price (18.52)
7855236575,Low Price,unit_price,Suspiciously low unit price (21.99)
7855236573,Low Price,unit_price,Suspiciously low unit price (27.65)
9456677388,Low Price,unit_price,Suspiciously low unit price (18.69)
9456677387,Low Price,unit_price,Suspiciously low unit price (23.0)
8484731542,Low Price,unit_price,Suspiciously low unit price (13.86)
9326829783,Low Price,unit_price,Suspiciously low unit price (29.13)
8484731541,Low Price,unit_price,Suspiciously low unit price (21.72)
8484731543,Low Price,unit_price,Suspiciously low unit price (27.3)
7855236576,Low Price,unit_price,Suspiciously low unit price (11.57)
7855236569,Low Price,unit_price,Suspiciously low unit price (14.02)
3753942066,Low Price,unit_price,Suspiciously low unit price (13.76)
7855236570,Low Price,unit_price,Suspiciously low unit price (14.6)
7855236572,Low Price,unit_price,Suspiciously low unit price (17.36)
3753942067,Low Price,unit_price,Suspiciously low unit price (17.04)
1285696959,Low Price,unit_price,Suspiciously low unit price (1.41392)
1324030654,Low Price,unit_price,Suspiciously low unit price (1.54245)
1166450193,Low Price,unit_price,Suspiciously low unit price (1.7995333333333334)
1431850554,Low Price,unit_price,Suspiciously low unit price (2.0566102941176467)
1253192388,Low Price,unit_price,Suspiciously low unit price (2.570758333333333)
9326829785,Low Price,unit_price,Suspiciously low unit price (2.11)
9326829784,Low Price,unit_price,Suspiciously low unit price (1.49)
9326829786,Low Price,unit_price,Suspiciously low unit price (2.52)
1010943002,Low Price,unit_price,Suspiciously low unit price (5.07)
1188517711,Low Price,unit_price,Suspiciously low unit price (7.57)
3973297533,Low Price,unit_price,Suspiciously low unit price (0.06153)
3973297534,Low Price,unit_price,Suspiciously low unit price (0.0660878571428571)
3973297535,Low Price,unit_price,Suspiciously low unit price (0.0706453846153846)
3973297538,Low Price,unit_price,Suspiciously low unit price (0.070646)
3973297536,Low Price,unit_price,Suspiciously low unit price (0.0752032142857142)
3973297537,Low Price,unit_price,Suspiciously low unit price (0.079761)
8495091963,Low Price,unit_price,Suspiciously low unit price (0.0613299999999999)
0829374876,Low Price,unit_price,Suspiciously low unit price (0.06204375)
9454045789,Low Price,unit_price,Suspiciously low unit price (0.0613221428571428)
8495091964,Low Price,unit_price,Suspiciously low unit price (0.0658758333333333)
0829374836,Low Price,unit_price,Suspiciously low unit price (0.062044801980198)
8495091955,Low Price,unit_price,Suspiciously low unit price (0.0704194029850746)
8495091982,Low Price,unit_price,Suspiciously low unit price (0.0704191666666666)
0829374834,Low Price,unit_price,Suspiciously low unit price (0.0723855882352941)
9454045783,Low Price,unit_price,Suspiciously low unit price (0.07040675)
0829374879,Low Price,unit_price,Suspiciously low unit price (0.072385)
9454045794,Low Price,unit_price,Suspiciously low unit price (0.0704067307692307)
8495091984,Low Price,unit_price,Suspiciously low unit price (0.0749625)
8495091978,Low Price,unit_price,Suspiciously low unit price (0.074962)
0829374848,Low Price,unit_price,Suspiciously low unit price (0.072385)
9454045791,Low Price,unit_price,Suspiciously low unit price (0.0749490625)
0829374833,Low Price,unit_price,Suspiciously low unit price (0.072385)
9454045802,Low Price,unit_price,Suspiciously low unit price (0.0749491666666666)
8495091965,Low Price,unit_price,Suspiciously low unit price (0.0795054999999999)
0829374831,Low Price,unit_price,Suspiciously low unit price (0.082726)
9454045787,Low Price,unit_price,Suspiciously low unit price (0.0794916666666666)
3973297539,Low Price,unit_price,Suspiciously low unit price (0.0752033333333333)
070320195952242,Low Price,unit_price,Suspiciously low unit price (28.747708333333332)
070320195952240,Low Price,unit_price,Suspiciously low unit price (28.747708333333332)
070320195952241,Low Price,unit_price,Suspiciously low unit price (28.747708333333332)
070320195952243,Low Price,unit_price,Suspiciously low unit price (0.7830555555555555)
070320195952244,Low Price,unit_price,Suspiciously low unit price (0.5577907986111111)
070320195952245,Low Price,unit_price,Suspiciously low unit price (0.7830555555555555)
070320195952246,Low Price,unit_price,Suspiciously low unit price (0.7830555555555555)
070320195952247,Low Price,unit_price,Suspiciously low unit price (0.5577907986111111)
070320195952248,Low Price,unit_price,Suspiciously low unit price (0.8795920138888889)
070320195952249,Low Price,unit_price,Suspiciously low unit price (0.5577907986111111)
070320195952250,Low Price,unit_price,Suspiciously low unit price (0.8795920138888889)
070320195952251,Low Price,unit_price,Suspiciously low unit price (0.5577907986111111)
070320195952252,Low Price,unit_price,Suspiciously low unit price (0.7294184027777777)
070320195952253,Low Price,unit_price,Suspiciously low unit price (0.7294166666666667)
070320195952254,Low Price,unit_price,Suspiciously low unit price (8.366833333333334)
070320195952255,Low Price,unit_price,Suspiciously low unit price (0.5577893518518519)
070320195952256,Low Price,unit_price,Suspiciously low unit price (0.7294166666666667)
0829374877,Low Price,unit_price,Suspiciously low unit price (1.37525)
9454045785,Low Price,unit_price,Suspiciously low unit price (1.41075)
8495091956,Low Price,unit_price,Suspiciously low unit price (1.411)
8495091987,Low Price,unit_price,Suspiciously low unit price (1.6809)
8495091952,Low Price,unit_price,Suspiciously low unit price (1.5796)
8495091988,Low Price,unit_price,Suspiciously low unit price (2.0104)
8495091954,Low Price,unit_price,Suspiciously low unit price (2.476)
0829374875,Low Price,unit_price,Suspiciously low unit price (0.2068125)
9454045801,Low Price,unit_price,Suspiciously low unit price (0.2134910714285714)
0829374838,Low Price,unit_price,Suspiciously low unit price (0.2481625)
8495091962,Low Price,unit_price,Suspiciously low unit price (0.213525)
8495091969,Low Price,unit_price,Suspiciously low unit price (0.2498625)
9454045793,Low Price,unit_price,Suspiciously low unit price (0.1412671875)
8495091970,Low Price,unit_price,Suspiciously low unit price (0.14129375)
0829374873,Low Price,unit_price,Suspiciously low unit price (0.134425)
0829374835,Low Price,unit_price,Suspiciously low unit price (0.1344303571428571)
0829374881,Low Price,unit_price,Suspiciously low unit price (0.1861333333333333)
0829374832,Low Price,unit_price,Suspiciously low unit price (0.1861321428571428)
9454045799,Low Price,unit_price,Suspiciously low unit price (0.1953166666666666)
0829374839,Low Price,unit_price,Suspiciously low unit price (0.2481777777777778)
9454045807,Low Price,unit_price,Suspiciously low unit price (0.24983125)
0829374840,Low Price,unit_price,Suspiciously low unit price (0.2895416666666666)
9454045806,Low Price,unit_price,Suspiciously low unit price (0.295253125)
8495091971,Low Price,unit_price,Suspiciously low unit price (0.1953571428571428)
8495091972,Low Price,unit_price,Suspiciously low unit price (0.249875)
8495091981,Low Price,unit_price,Suspiciously low unit price (0.295305)
8495091985,Low Price,unit_price,Suspiciously low unit price (0.397075)
0829374837,Low Price,unit_price,Suspiciously low unit price (0.3309)
0829374850,Low Price,unit_price,Suspiciously low unit price (0.40329)
9454045797,Low Price,unit_price,Suspiciously low unit price (0.40881)
0829374880,Low Price,unit_price,Suspiciously low unit price (0.486015)
9454045788,Low Price,unit_price,Suspiciously low unit price (0.49966)
0829374878,Low Price,unit_price,Suspiciously low unit price (0.57908)
9454045796,Low Price,unit_price,Suspiciously low unit price (0.59050625)
8495091974,Low Price,unit_price,Suspiciously low unit price (0.3407374999999999)
8495091975,Low Price,unit_price,Suspiciously low unit price (0.4088875)
8495091989,Low Price,unit_price,Suspiciously low unit price (0.49975)
8495091977,Low Price,unit_price,Suspiciously low unit price (0.5906125)
9454045795,Low Price,unit_price,Suspiciously low unit price (0.363375)
9454045790,Low Price,unit_price,Suspiciously low unit price (0.4542333333333334)
0829374841,Low Price,unit_price,Suspiciously low unit price (0.620425)
0829374874,Low Price,unit_price,Suspiciously low unit price (0.6204375)
8495091968,Low Price,unit_price,Suspiciously low unit price (0.36345)
8495091979,Low Price,unit_price,Suspiciously low unit price (0.45431)
0829374844,Low Price,unit_price,Suspiciously low unit price (0.589425)
0829374845,Low Price,unit_price,Suspiciously low unit price (0.6514657534246575)
9454045800,Low Price,unit_price,Suspiciously low unit price (0.6722714285714285)
0829374846,Low Price,unit_price,Suspiciously low unit price (0.8169142857142858)
9454045804,Low Price,unit_price,Suspiciously low unit price (0.8417)
9454045805,Low Price,unit_price,Suspiciously low unit price (1.05245)
0829374843,Low Price,unit_price,Suspiciously low unit price (1.1995)
0829374847,Low Price,unit_price,Suspiciously low unit price (1.0237333333333334)
8495091980,Low Price,unit_price,Suspiciously low unit price (0.603325)
8495091973,Low Price,unit_price,Suspiciously low unit price (0.6723857142857143)
8495091983,Low Price,unit_price,Suspiciously low unit price (0.8418571428571427)
8495091957,Low Price,unit_price,Suspiciously low unit price (1.2266)
3973297549,Low Price,unit_price,Suspiciously low unit price (0.2142125)
3973297559,Low Price,unit_price,Suspiciously low unit price (0.250675)
3973297555,Low Price,unit_price,Suspiciously low unit price (0.1134875)
3973297553,Low Price,unit_price,Suspiciously low unit price (0.141745)
3973297556,Low Price,unit_price,Suspiciously low unit price (0.1959833333333333)
3973297557,Low Price,unit_price,Suspiciously low unit price (0.250678125)
3973297558,Low Price,unit_price,Suspiciously low unit price (0.296255)
3973297543,Low Price,unit_price,Suspiciously low unit price (0.3418333333333333)
3973297545,Low Price,unit_price,Suspiciously low unit price (0.4101958333333333)
3973297542,Low Price,unit_price,Suspiciously low unit price (0.5013535714285714)
3973297544,Low Price,unit_price,Suspiciously low unit price (0.5925125)
3973297546,Low Price,unit_price,Suspiciously low unit price (0.3646)
3973297554,Low Price,unit_price,Suspiciously low unit price (0.638075)
3973297541,Low Price,unit_price,Suspiciously low unit price (0.638075)
3973297532,Low Price,unit_price,Suspiciously low unit price (0.60526)
3973297548,Low Price,unit_price,Suspiciously low unit price (0.67455)
3973297547,Low Price,unit_price,Suspiciously low unit price (0.8445666666666667)
3973297552,Low Price,unit_price,Suspiciously low unit price (1.05604)
3973297540,Low Price,unit_price,Suspiciously low unit price (1.2305666666666668)
3973297551,Low Price,unit_price,Suspiciously low unit price (1.2306)
1083909936,Low Price,unit_price,Suspiciously low unit price (0.59)
1074398427,Low Price,unit_price,Suspiciously low unit price (1.05)
0128127993,Low Price,unit_price,Suspiciously low unit price (0.202328431372549)
3461954242,Low Price,unit_price,Suspiciously low unit price (13.74)
3461954237,Low Price,unit_price,Suspiciously low unit price (13.74)
7855854722,Low Price,unit_price,Suspiciously low unit price (20.87)
7855854730,Low Price,unit_price,Suspiciously low unit price (20.87)
8847233469,Low Price,unit_price,Suspiciously low unit price (20.8)
8847233492,Low Price,unit_price,Suspiciously low unit price (13.73)
0130098785,Low Price,unit_price,Suspiciously low unit price (14.25)
7990623886,Low Price,unit_price,Suspiciously low unit price (26.21)
11092019535924,Low Price,unit_price,Suspiciously low unit price (1.76)
2.3082E+15,Low Price,unit_price,Suspiciously low unit price (43.03)
1265384360,Low Price,unit_price,Suspiciously low unit price (16.89)
1321883440,Low Price,unit_price,Suspiciously low unit price (10.73)
1.6092E+15,Low Price,unit_price,Suspiciously low unit price (15.15)
060420199372884,Low Price,unit_price,Suspiciously low unit price (47.24208333333333)
1167182159,Low Price,unit_price,Suspiciously low unit price (12.11)
230120191159280,Low Price,unit_price,Suspiciously low unit price (15.383357142857143)
170920192528720,Low Price,unit_price,Suspiciously low unit price (21.083263888888887)
3753892093,Low Price,unit_price,Suspiciously low unit price (1.8)
3753892105,Low Price,unit_price,Suspiciously low unit price (1.8)
3753892104,Low Price,unit_price,Suspiciously low unit price (16.8)
0130433014,Low Price,unit_price,Suspiciously low unit price (19.0)
3461834378,Low Price,unit_price,Suspiciously low unit price (18.6)
9456638988,Low Price,unit_price,Suspiciously low unit price (30.0)
3461834372,Low Price,unit_price,Suspiciously low unit price (32.5)
0130470110,Low Price,unit_price,Suspiciously low unit price (31.2)
3461834371,Low Price,unit_price,Suspiciously low unit price (32.0)
3461834373,Low Price,unit_price,Suspiciously low unit price (38.8)
3461834370,Low Price,unit_price,Suspiciously low unit price (48.3)
0130433016,Low Price,unit_price,Suspiciously low unit price (39.8)
0130121725,Low Price,unit_price,Suspiciously low unit price (31.2)
3753892102,Low Price,unit_price,Suspiciously low unit price (31.2)
3753892108,Low Price,unit_price,Suspiciously low unit price (9.1)
3753892110,Low Price,unit_price,Suspiciously low unit price (13.5)
3753892109,Low Price,unit_price,Suspiciously low unit price (16.8)
3753892099,Low Price,unit_price,Suspiciously low unit price (25.6)
3753892111,Low Price,unit_price,Suspiciously low unit price (22.0)
3753892107,Low Price,unit_price,Suspiciously low unit price (25.0)
3753892101,Low Price,unit_price,Suspiciously low unit price (25.0)
3753892120,Low Price,unit_price,Suspiciously low unit price (1.8)
3753892094,Low Price,unit_price,Suspiciously low unit price (13.5)
3753892100,Low Price,unit_price,Suspiciously low unit price (28.0)
3753892112,Low Price,unit_price,Suspiciously low unit price (31.0)
3753892095,Low Price,unit_price,Suspiciously low unit price (44.0)
3753892098,Low Price,unit_price,Suspiciously low unit price (44.0)
3753892119,Low Price,unit_price,Suspiciously low unit price (3.4)
1.8112E+15,Low Price,unit_price,Suspiciously low unit price (15.06)
1.2122E+15,Low Price,unit_price,Suspiciously low unit price (35.02)
1211688540,Low Price,unit_price,Suspiciously low unit price (15.51)
1039285668,Low Price,unit_price,Suspiciously low unit price (16.13)
1159144798,Low Price,unit_price,Suspiciously low unit price (17.53)
200220207474700,Low Price,unit_price,Suspiciously low unit price (40.57)
2.3062E+15,Low Price,unit_price,Suspiciously low unit price (1.32)
1498549758,Low Price,unit_price,Suspiciously low unit price (18.18)
1142828327,Low Price,unit_price,Suspiciously low unit price (41.84)
1712310538,Low Price,unit_price,Suspiciously low unit price (0.47)
1634530380,Low Price,unit_price,Suspiciously low unit price (0.57)
1374594747,Low Price,unit_price,Suspiciously low unit price (0.47)
1254350251,Low Price,unit_price,Suspiciously low unit price (0.57)
1762823153,Low Price,unit_price,Suspiciously low unit price (0.57)
1516079487,Low Price,unit_price,Suspiciously low unit price (0.57)
1251890589,Low Price,unit_price,Suspiciously low unit price (0.57)
1.1062E+15,Low Price,unit_price,Suspiciously low unit price (1.21)
2.3042E+15,Low Price,unit_price,Suspiciously low unit price (1.62)
3699892850,Low Price,unit_price,Suspiciously low unit price (1.28)
6173494582,Low Price,unit_price,Suspiciously low unit price (41.49)
9325846028,Low Price,unit_price,Suspiciously low unit price (0.53)
9325846026,Low Price,unit_price,Suspiciously low unit price (0.53)
9325846027,Low Price,unit_price,Suspiciously low unit price (0.53)
9325846025,Low Price,unit_price,Suspiciously low unit price (0.53)
9325846030,Low Price,unit_price,Suspiciously low unit price (0.53)
9325846034,Low Price,unit_price,Suspiciously low unit price (0.53)
9325846033,Low Price,unit_price,Suspiciously low unit price (0.53)
9325846035,Low Price,unit_price,Suspiciously low unit price (0.53)
9325846029,Low Price,unit_price,Suspiciously low unit price (0.53)
9325846032,Low Price,unit_price,Suspiciously low unit price (0.53)
9325846031,Low Price,unit_price,Suspiciously low unit price (0.53)
0653442904,Low Price,unit_price,Suspiciously low unit price (0.51)
8849099750,Low Price,unit_price,Suspiciously low unit price (0.53)
0696599689,Low Price,unit_price,Suspiciously low unit price (0.52)
2777925446,Low Price,unit_price,Suspiciously low unit price (0.52)
3975581473,Low Price,unit_price,Suspiciously low unit price (0.51)
1046984733,Low Price,unit_price,Suspiciously low unit price (0.52)
9706059821,Low Price,unit_price,Suspiciously low unit price (0.51)
2777925442,Low Price,unit_price,Suspiciously low unit price (0.52)
3975581470,Low Price,unit_price,Suspiciously low unit price (0.51)
1046984742,Low Price,unit_price,Suspiciously low unit price (0.52)
9706059822,Low Price,unit_price,Suspiciously low unit price (0.51)
8849099751,Low Price,unit_price,Suspiciously low unit price (0.53)
0696599686,Low Price,unit_price,Suspiciously low unit price (0.52)
2777925439,Low Price,unit_price,Suspiciously low unit price (0.52)
3975581479,Low Price,unit_price,Suspiciously low unit price (0.51)
1046984743,Low Price,unit_price,Suspiciously low unit price (0.52)
9706059823,Low Price,unit_price,Suspiciously low unit price (0.51)
8849099744,Low Price,unit_price,Suspiciously low unit price (0.53)
0696599703,Low Price,unit_price,Suspiciously low unit price (0.52)
2777925440,Low Price,unit_price,Suspiciously low unit price (0.52)
3975581475,Low Price,unit_price,Suspiciously low unit price (0.51)
1046984735,Low Price,unit_price,Suspiciously low unit price (0.52)
9706059824,Low Price,unit_price,Suspiciously low unit price (0.51)
0696599699,Low Price,unit_price,Suspiciously low unit price (0.52)
2777925447,Low Price,unit_price,Suspiciously low unit price (0.52)
3975581480,Low Price,unit_price,Suspiciously low unit price (0.51)
1046984732,Low Price,unit_price,Suspiciously low unit price (0.52)
8849099740,Low Price,unit_price,Suspiciously low unit price (0.53)
0696599701,Low Price,unit_price,Suspiciously low unit price (0.52)
2777925444,Low Price,unit_price,Suspiciously low unit price (0.52)
3975581481,Low Price,unit_price,Suspiciously low unit price (0.51)
1046984731,Low Price,unit_price,Suspiciously low unit price (0.52)
9706059825,Low Price,unit_price,Suspiciously low unit price (0.51)
8849099755,Low Price,unit_price,Suspiciously low unit price (0.53)
0696599687,Low Price,unit_price,Suspiciously low unit price (0.52)
2777925438,Low Price,unit_price,Suspiciously low unit price (0.52)
3975581482,Low Price,unit_price,Suspiciously low unit price (0.51)
1046984730,Low Price,unit_price,Suspiciously low unit price (0.52)
9706059828,Low Price,unit_price,Suspiciously low unit price (0.51)
0653442905,Low Price,unit_price,Suspiciously low unit price (0.51)
8849099745,Low Price,unit_price,Suspiciously low unit price (0.53)
0696599692,Low Price,unit_price,Suspiciously low unit price (0.52)
2777925445,Low Price,unit_price,Suspiciously low unit price (0.52)
3975581472,Low Price,unit_price,Suspiciously low unit price (0.51)
1046984744,Low Price,unit_price,Suspiciously low unit price (0.52)
9706059829,Low Price,unit_price,Suspiciously low unit price (0.51)
0653442906,Low Price,unit_price,Suspiciously low unit price (0.51)
8849099746,Low Price,unit_price,Suspiciously low unit price (0.53)
0696599690,Low Price,unit_price,Suspiciously low unit price (0.52)
2777925448,Low Price,unit_price,Suspiciously low unit price (0.52)
3975581471,Low Price,unit_price,Suspiciously low unit price (0.51)
1046984738,Low Price,unit_price,Suspiciously low unit price (0.52)
9706059830,Low Price,unit_price,Suspiciously low unit price (0.51)
8849099756,Low Price,unit_price,Suspiciously low unit price (0.53)
0696599691,Low Price,unit_price,Suspiciously low unit price (0.52)
2777925449,Low Price,unit_price,Suspiciously low unit price (0.52)
3975581474,Low Price,unit_price,Suspiciously low unit price (0.51)
1046984736,Low Price,unit_price,Suspiciously low unit price (0.52)
9706059831,Low Price,unit_price,Suspiciously low unit price (0.51)
0653442907,Low Price,unit_price,Suspiciously low unit price (0.51)
8849099747,Low Price,unit_price,Suspiciously low unit price (0.53)
0696599688,Low Price,unit_price,Suspiciously low unit price (0.52)
2777925443,Low Price,unit_price,Suspiciously low unit price (0.52)
3975581476,Low Price,unit_price,Suspiciously low unit price (0.51)
1046984739,Low Price,unit_price,Suspiciously low unit price (0.52)
9706059832,Low Price,unit_price,Suspiciously low unit price (0.51)
0653442908,Low Price,unit_price,Suspiciously low unit price (0.51)
0696599695,Low Price,unit_price,Suspiciously low unit price (0.52)
2777925450,Low Price,unit_price,Suspiciously low unit price (0.52)
3975581478,Low Price,unit_price,Suspiciously low unit price (0.51)
1046984741,Low Price,unit_price,Suspiciously low unit price (0.52)
9706059833,Low Price,unit_price,Suspiciously low unit price (0.51)
0653442909,Low Price,unit_price,Suspiciously low unit price (0.51)
8849099749,Low Price,unit_price,Suspiciously low unit price (0.53)
0696599694,Low Price,unit_price,Suspiciously low unit price (0.52)
2777925441,Low Price,unit_price,Suspiciously low unit price (0.52)
3975581477,Low Price,unit_price,Suspiciously low unit price (0.51)
1046984747,Low Price,unit_price,Suspiciously low unit price (0.52)
9706059836,Low Price,unit_price,Suspiciously low unit price (0.51)
0653442910,Low Price,unit_price,Suspiciously low unit price (0.51)
0653442911,Low Price,unit_price,Suspiciously low unit price (0.51)
0653442912,Low Price,unit_price,Suspiciously low unit price (0.51)
0653442913,Low Price,unit_price,Suspiciously low unit price (0.51)
8849099742,Low Price,unit_price,Suspiciously low unit price (0.53)
0653442914,Low Price,unit_price,Suspiciously low unit price (0.51)
0653442915,Low Price,unit_price,Suspiciously low unit price (0.51)
1043254290,Low Price,unit_price,Suspiciously low unit price (0.55)
1174653204,Low Price,unit_price,Suspiciously low unit price (0.55)
1089406198,Low Price,unit_price,Suspiciously low unit price (0.55)
1061852856,Low Price,unit_price,Suspiciously low unit price (0.55)
1123177007,Low Price,unit_price,Suspiciously low unit price (0.55)
1067364670,Low Price,unit_price,Suspiciously low unit price (0.55)
1179501422,Low Price,unit_price,Suspiciously low unit price (0.55)
1077499964,Low Price,unit_price,Suspiciously low unit price (0.55)
1119281229,Low Price,unit_price,Suspiciously low unit price (0.55)
1206397659,Low Price,unit_price,Suspiciously low unit price (0.55)
1056509632,Low Price,unit_price,Suspiciously low unit price (0.57)
1138251828,Low Price,unit_price,Suspiciously low unit price (0.57)
1144257136,Low Price,unit_price,Suspiciously low unit price (0.57)
1099049920,Low Price,unit_price,Suspiciously low unit price (0.57)
1038554422,Low Price,unit_price,Suspiciously low unit price (0.57)
1173087266,Low Price,unit_price,Suspiciously low unit price (0.57)
1210645475,Low Price,unit_price,Suspiciously low unit price (0.57)
1111391786,Low Price,unit_price,Suspiciously low unit price (0.57)
1112654491,Low Price,unit_price,Suspiciously low unit price (0.57)
1166816365,Low Price,unit_price,Suspiciously low unit price (0.57)
1161143029,Low Price,unit_price,Suspiciously low unit price (0.57)
1078637993,Low Price,unit_price,Suspiciously low unit price (6.805580000000001)
1630692212,Low Price,unit_price,Suspiciously low unit price (14.5917)
1008656148,Low Price,unit_price,Suspiciously low unit price (7.453486666666667)
1109113894,Low Price,unit_price,Suspiciously low unit price (5.235)
1158847450,Low Price,unit_price,Suspiciously low unit price (12.422333333333334)
1381086831,Low Price,unit_price,Suspiciously low unit price (23.6486)
1143807806,Low Price,unit_price,Suspiciously low unit price (12.52185)
1060916143,Low Price,unit_price,Suspiciously low unit price (14.9069)
1638362053,Low Price,unit_price,Suspiciously low unit price (27.674)
1114778874,Low Price,unit_price,Suspiciously low unit price (8.8996)
1047212558,Low Price,unit_price,Suspiciously low unit price (12.564105263157892)
1044055133,Low Price,unit_price,Suspiciously low unit price (12.564)
1186204605,Low Price,unit_price,Suspiciously low unit price (0.408996875)
1043915762,Low Price,unit_price,Suspiciously low unit price (0.2713365)
1465153132,Low Price,unit_price,Suspiciously low unit price (31.195833333333336)
1089166924,Low Price,unit_price,Suspiciously low unit price (32.2024)
1185423054,Low Price,unit_price,Suspiciously low unit price (32.2024)
1002905829,Low Price,unit_price,Suspiciously low unit price (32.457)
1143085136,Low Price,unit_price,Suspiciously low unit price (32.202333333333335)
1474791584,Low Price,unit_price,Suspiciously low unit price (32.202333333333335)
1108695568,Low Price,unit_price,Suspiciously low unit price (32.457)
1366526999,Low Price,unit_price,Suspiciously low unit price (31.195833333333336)
1637231854,Low Price,unit_price,Suspiciously low unit price (31.195833333333336)
1159156480,Low Price,unit_price,Suspiciously low unit price (31.196)
1510011559,Low Price,unit_price,Suspiciously low unit price (31.196)
1074475313,Low Price,unit_price,Suspiciously low unit price (31.196)
1129089165,Low Price,unit_price,Suspiciously low unit price (28.629)
1120991262,Low Price,unit_price,Suspiciously low unit price (26.584)
230120191159300,Low Price,unit_price,Suspiciously low unit price (45.115)
230120191159300,Low Price,unit_price,Suspiciously low unit price (45.115)
230120191159300,Low Price,unit_price,Suspiciously low unit price (45.115)
2.3062E+15,Low Price,unit_price,Suspiciously low unit price (1.32)
3.1122E+15,Low Price,unit_price,Suspiciously low unit price (2.92)
3.1122E+15,Low Price,unit_price,Suspiciously low unit price (5.26)
6303366295,Low Price,unit_price,Suspiciously low unit price (0.12)
6303366297,Low Price,unit_price,Suspiciously low unit price (0.12)
6305463047,Low Price,unit_price,Suspiciously low unit price (0.0)
8336607700,Low Price,unit_price,Suspiciously low unit price (0.01)
8336612471,Low Price,unit_price,Suspiciously low unit price (0.01)
1190479964,Low Price,unit_price,Suspiciously low unit price (0.161955)
1591280546,Low Price,unit_price,Suspiciously low unit price (0.18355)
1567021977,Low Price,unit_price,Suspiciously low unit price (0.161958)
1392864370,Low Price,unit_price,Suspiciously low unit price (0.161958)
9455675492,Low Price,unit_price,Suspiciously low unit price (0.11)
9455675472,Low Price,unit_price,Suspiciously low unit price (0.11)
9455675491,Low Price,unit_price,Suspiciously low unit price (0.11)
9455675485,Low Price,unit_price,Suspiciously low unit price (0.11)
8336607204,Low Price,unit_price,Suspiciously low unit price (0.04)
8336612333,Low Price,unit_price,Suspiciously low unit price (0.04)
8336626610,Low Price,unit_price,Suspiciously low unit price (0.04)
8336631582,Low Price,unit_price,Suspiciously low unit price (0.04)
8484588323,Low Price,unit_price,Suspiciously low unit price (3.3327600000000004)
1116121439,Low Price,unit_price,Suspiciously low unit price (3.81205)
7854958529,Low Price,unit_price,Suspiciously low unit price (3.4167125)
1131078304,Low Price,unit_price,Suspiciously low unit price (3.30192)
1132125531,Low Price,unit_price,Suspiciously low unit price (3.334025)
1038659476,Low Price,unit_price,Suspiciously low unit price (3.663825)
1093861566,Low Price,unit_price,Suspiciously low unit price (3.5326285714285715)
1.2122E+15,Low Price,unit_price,Suspiciously low unit price (37.03)
1045008354,Low Price,unit_price,Suspiciously low unit price (12.2)
0219029025,Low Price,unit_price,Suspiciously low unit price (27.0)
02012020466403,Low Price,unit_price,Suspiciously low unit price (0.5)
02012020466400,Low Price,unit_price,Suspiciously low unit price (0.5)
02012020466404,Low Price,unit_price,Suspiciously low unit price (0.5)
02012020466399,Low Price,unit_price,Suspiciously low unit price (0.5)
02012020466405,Low Price,unit_price,Suspiciously low unit price (0.5)
02012020466398,Low Price,unit_price,Suspiciously low unit price (0.5)
02012020466402,Low Price,unit_price,Suspiciously low unit price (0.5)
1126383655,Low Price,unit_price,Suspiciously low unit price (2.1827763888888887)
1124364344,Low Price,unit_price,Suspiciously low unit price (2.182775)
1261099386,Low Price,unit_price,Suspiciously low unit price (2.182775)
270120202509060,Low Price,unit_price,Suspiciously low unit price (0.426775)
1513333583,Low Price,unit_price,Suspiciously low unit price (0.4365555555555555)
7854958520,Low Price,unit_price,Suspiciously low unit price (0.5125)
9705539257,Low Price,unit_price,Suspiciously low unit price (0.5169340277777777)
9457038522,Low Price,unit_price,Suspiciously low unit price (0.523)
8484588319,Low Price,unit_price,Suspiciously low unit price (0.4113888888888888)
1041023308,Low Price,unit_price,Suspiciously low unit price (0.5718055555555556)
1019468998,Low Price,unit_price,Suspiciously low unit price (0.5298888888888889)
1087433601,Low Price,unit_price,Suspiciously low unit price (0.4622222222222222)
1097271198,Low Price,unit_price,Suspiciously low unit price (0.4667638888888888)
8484588313,Low Price,unit_price,Suspiciously low unit price (0.4113888888888889)
7854958518,Low Price,unit_price,Suspiciously low unit price (0.5125)
9457038513,Low Price,unit_price,Suspiciously low unit price (0.523)
9705539593,Low Price,unit_price,Suspiciously low unit price (0.5169333333333334)
1049578044,Low Price,unit_price,Suspiciously low unit price (0.5718055555555556)
1130448001,Low Price,unit_price,Suspiciously low unit price (0.5298888888888889)
1059785379,Low Price,unit_price,Suspiciously low unit price (0.4622222222222222)
1033240996,Low Price,unit_price,Suspiciously low unit price (0.4667638888888888)
8484588320,Low Price,unit_price,Suspiciously low unit price (0.4113888888888889)
7854958519,Low Price,unit_price,Suspiciously low unit price (0.5125)
9457038524,Low Price,unit_price,Suspiciously low unit price (0.523)
9705539597,Low Price,unit_price,Suspiciously low unit price (0.5169333333333334)
1035140639,Low Price,unit_price,Suspiciously low unit price (0.5718055555555556)
1544262583,Low Price,unit_price,Suspiciously low unit price (0.4622222222222222)
1124253727,Low Price,unit_price,Suspiciously low unit price (0.46675)
1065305498,Low Price,unit_price,Suspiciously low unit price (0.5298888888888889)
190120192644280,Low Price,unit_price,Suspiciously low unit price (0.4219833333333334)
1224914333,Low Price,unit_price,Suspiciously low unit price (0.4365527777777777)
190120192644280,Low Price,unit_price,Suspiciously low unit price (0.4219833333333334)
8484588327,Low Price,unit_price,Suspiciously low unit price (0.4113888888888888)
9705539599,Low Price,unit_price,Suspiciously low unit price (0.5169305555555556)
1132770275,Low Price,unit_price,Suspiciously low unit price (0.4667638888888888)
270120202509060,Low Price,unit_price,Suspiciously low unit price (0.426775)
1076812684,Low Price,unit_price,Suspiciously low unit price (0.5082777777777777)
8484588314,Low Price,unit_price,Suspiciously low unit price (0.3540833333333333)
9705539601,Low Price,unit_price,Suspiciously low unit price (1.9298888888888888)
1125794197,Low Price,unit_price,Suspiciously low unit price (1.761)
1102484489,Low Price,unit_price,Suspiciously low unit price (2.0517222222222222)
1121703809,Low Price,unit_price,Suspiciously low unit price (1.9782592592592592)
7854958526,Low Price,unit_price,Suspiciously low unit price (1.913361111111111)
1010979409,Low Price,unit_price,Suspiciously low unit price (2.1347222222222224)
8484588321,Low Price,unit_price,Suspiciously low unit price (1.8205)
270120202509060,Low Price,unit_price,Suspiciously low unit price (42.06785714285714)
9705539628,Low Price,unit_price,Suspiciously low unit price (0.4594965277777777)
1055726574,Low Price,unit_price,Suspiciously low unit price (0.50825)
9457038515,Low Price,unit_price,Suspiciously low unit price (0.4648888888888889)
8484588328,Low Price,unit_price,Suspiciously low unit price (0.3540972222222222)
7854958521,Low Price,unit_price,Suspiciously low unit price (0.4555555555555555)
1120583814,Low Price,unit_price,Suspiciously low unit price (0.4072222222222222)
1236067088,Low Price,unit_price,Suspiciously low unit price (0.4111944444444445)
1109843126,Low Price,unit_price,Suspiciously low unit price (0.4710138888888889)
1021820623,Low Price,unit_price,Suspiciously low unit price (2.7783622685185185)
1003774216,Low Price,unit_price,Suspiciously low unit price (2.7515972222222222)
1056471547,Low Price,unit_price,Suspiciously low unit price (3.0616145833333337)
1067218506,Low Price,unit_price,Suspiciously low unit price (3.175333333333333)
1331271370,Low Price,unit_price,Suspiciously low unit price (0.4365527777777777)
270120202509060,Low Price,unit_price,Suspiciously low unit price (0.426775)
9705539634,Low Price,unit_price,Suspiciously low unit price (0.4594944444444445)
1086775020,Low Price,unit_price,Suspiciously low unit price (0.50825)
9457038523,Low Price,unit_price,Suspiciously low unit price (0.4648888888888889)
8484588318,Low Price,unit_price,Suspiciously low unit price (0.3540972222222222)
7854958510,Low Price,unit_price,Suspiciously low unit price (0.4555555555555555)
1077555306,Low Price,unit_price,Suspiciously low unit price (0.4710092592592592)
1128491195,Low Price,unit_price,Suspiciously low unit price (0.4072222222222222)
1024969471,Low Price,unit_price,Suspiciously low unit price (0.4111944444444445)
9705539639,Low Price,unit_price,Suspiciously low unit price (1.9298888888888888)
7854958514,Low Price,unit_price,Suspiciously low unit price (1.913361111111111)
8484588322,Low Price,unit_price,Suspiciously low unit price (1.8205)
1579415363,Low Price,unit_price,Suspiciously low unit price (1.1953296296296296)
1419923082,Low Price,unit_price,Suspiciously low unit price (0.5457484567901234)
190120192644280,Low Price,unit_price,Suspiciously low unit price (0.4219833333333334)
1252186847,Low Price,unit_price,Suspiciously low unit price (0.4365527777777777)
270120202509060,Low Price,unit_price,Suspiciously low unit price (0.426775)
7854958525,Low Price,unit_price,Suspiciously low unit price (0.5125069444444444)
9457038521,Low Price,unit_price,Suspiciously low unit price (0.523)
8484588308,Low Price,unit_price,Suspiciously low unit price (0.4113888888888888)
1016507960,Low Price,unit_price,Suspiciously low unit price (0.5718055555555556)
9705539641,Low Price,unit_price,Suspiciously low unit price (0.5169333333333334)
1107490338,Low Price,unit_price,Suspiciously low unit price (0.5298888888888889)
1495935045,Low Price,unit_price,Suspiciously low unit price (0.46225)
1234325679,Low Price,unit_price,Suspiciously low unit price (0.46675)
7854958509,Low Price,unit_price,Suspiciously low unit price (1.913361111111111)
2.3112E+15,Low Price,unit_price,Suspiciously low unit price (1.6848333333333332)
0306201918967221,Low Price,unit_price,Suspiciously low unit price (0.4292129629629629)
2.3112E+15,Low Price,unit_price,Suspiciously low unit price (0.4422777777777778)
2.7122E+15,Low Price,unit_price,Suspiciously low unit price (0.4244907407407407)
100220208299470,Low Price,unit_price,Suspiciously low unit price (0.4345023148148148)
0704202012591933,Low Price,unit_price,Suspiciously low unit price (0.4347916666666667)
0306201918967222,Low Price,unit_price,Suspiciously low unit price (0.4292129629629629)
2.7122E+15,Low Price,unit_price,Suspiciously low unit price (0.4244907407407407)
100220208299480,Low Price,unit_price,Suspiciously low unit price (0.4345023148148148)
0704202012591937,Low Price,unit_price,Suspiciously low unit price (0.4347916666666667)
2.3112E+15,Low Price,unit_price,Suspiciously low unit price (0.4422800925925926)
0306201918967223,Low Price,unit_price,Suspiciously low unit price (0.4292129629629629)
2.7122E+15,Low Price,unit_price,Suspiciously low unit price (0.4244907407407407)
100220208299460,Low Price,unit_price,Suspiciously low unit price (0.4344907407407407)
0704202012591939,Low Price,unit_price,Suspiciously low unit price (0.4347916666666667)
2.3112E+15,Low Price,unit_price,Suspiciously low unit price (0.4422685185185185)
0704202012591917,Low Price,unit_price,Suspiciously low unit price (0.3830208333333333)
2.3112E+15,Low Price,unit_price,Suspiciously low unit price (0.3896180555555555)
2.3112E+15,Low Price,unit_price,Suspiciously low unit price (0.4422777777777777)
0704202012591940,Low Price,unit_price,Suspiciously low unit price (0.434783950617284)
100220208299460,Low Price,unit_price,Suspiciously low unit price (0.4344907407407407)
2.3112E+15,Low Price,unit_price,Suspiciously low unit price (0.3896180555555555)
2.7122E+15,Low Price,unit_price,Suspiciously low unit price (1.6171296296296296)
100220208299460,Low Price,unit_price,Suspiciously low unit price (1.6552546296296298)
0306201918967224,Low Price,unit_price,Suspiciously low unit price (1.6351157407407408)
2.3112E+15,Low Price,unit_price,Suspiciously low unit price (1.6848809523809525)
0704202012591942,Low Price,unit_price,Suspiciously low unit price (1.6563580246913578)
2.3112E+15,Low Price,unit_price,Suspiciously low unit price (0.5791666666666667)
0306201918967225,Low Price,unit_price,Suspiciously low unit price (0.378125)
2.3112E+15,Low Price,unit_price,Suspiciously low unit price (0.3896180555555555)
0704202012591914,Low Price,unit_price,Suspiciously low unit price (0.3830208333333333)
2.7122E+15,Low Price,unit_price,Suspiciously low unit price (0.3739583333333333)
100220208299450,Low Price,unit_price,Suspiciously low unit price (0.3827777777777778)
100220208299460,Low Price,unit_price,Suspiciously low unit price (2.586336805555556)
0704202012591945,Low Price,unit_price,Suspiciously low unit price (2.5880729166666665)
2.3112E+15,Low Price,unit_price,Suspiciously low unit price (2.632621527777778)
0411201916059274,Low Price,unit_price,Suspiciously low unit price (2.545185185185185)
2.7122E+15,Low Price,unit_price,Suspiciously low unit price (2.5267824074074072)
0306201918967226,Low Price,unit_price,Suspiciously low unit price (0.378125)
2.7122E+15,Low Price,unit_price,Suspiciously low unit price (0.3739583333333333)
100220208299450,Low Price,unit_price,Suspiciously low unit price (0.3827777777777778)
0704202012591938,Low Price,unit_price,Suspiciously low unit price (0.3830324074074074)
2.3112E+15,Low Price,unit_price,Suspiciously low unit price (0.3896180555555555)
2.7122E+15,Low Price,unit_price,Suspiciously low unit price (1.6171296296296296)
100220208299470,Low Price,unit_price,Suspiciously low unit price (1.6552546296296298)
0306201918967227,Low Price,unit_price,Suspiciously low unit price (1.6351157407407408)
2.3112E+15,Low Price,unit_price,Suspiciously low unit price (1.6848809523809525)
0704202012591943,Low Price,unit_price,Suspiciously low unit price (1.6563580246913578)
2.3112E+15,Low Price,unit_price,Suspiciously low unit price (0.5791666666666667)
0306201918967228,Low Price,unit_price,Suspiciously low unit price (0.4292129629629629)
2.3112E+15,Low Price,unit_price,Suspiciously low unit price (0.4422777777777778)
0704202012591911,Low Price,unit_price,Suspiciously low unit price (0.4347931442080378)
2.7122E+15,Low Price,unit_price,Suspiciously low unit price (0.4244965277777777)
0411201916059272,Low Price,unit_price,Suspiciously low unit price (0.4275925925925926)
100220208299460,Low Price,unit_price,Suspiciously low unit price (0.4345023148148148)
2.3112E+15,Low Price,unit_price,Suspiciously low unit price (1.6848333333333332)
2.3112E+15,Low Price,unit_price,Suspiciously low unit price (0.5791666666666667)
0306201918967229,Low Price,unit_price,Suspiciously low unit price (2.135891203703704)
2.5062E+15,Low Price,unit_price,Suspiciously low unit price (2.112326388888889)
190120192584610,Low Price,unit_price,Suspiciously low unit price (2.1100743055555555)
190120192584610,Low Price,unit_price,Suspiciously low unit price (2.110080555555556)
270120202509060,Low Price,unit_price,Suspiciously low unit price (2.133876851851852)
9457038519,Low Price,unit_price,Suspiciously low unit price (2.5569444444444445)
1213369274,Low Price,unit_price,Suspiciously low unit price (2.322694444444444)
1122467579,Low Price,unit_price,Suspiciously low unit price (2.6868055555555554)
1288998351,Low Price,unit_price,Suspiciously low unit price (2.300329861111111)
1104327957,Low Price,unit_price,Suspiciously low unit price (2.590597222222222)
9457038508,Low Price,unit_price,Suspiciously low unit price (2.556958333333333)
1488114374,Low Price,unit_price,Suspiciously low unit price (2.3003333333333336)
1115422800,Low Price,unit_price,Suspiciously low unit price (2.322694444444444)
1003313532,Low Price,unit_price,Suspiciously low unit price (2.6868194444444446)
1029952994,Low Price,unit_price,Suspiciously low unit price (2.590597222222222)
1496297953,Low Price,unit_price,Suspiciously low unit price (2.3003333333333336)
1118775308,Low Price,unit_price,Suspiciously low unit price (2.3227083333333334)
270120202509060,Low Price,unit_price,Suspiciously low unit price (2.133875)
9457038525,Low Price,unit_price,Suspiciously low unit price (2.556965277777778)
1247608107,Low Price,unit_price,Suspiciously low unit price (2.3227111111111114)
1059232741,Low Price,unit_price,Suspiciously low unit price (2.6868194444444446)
1001977480,Low Price,unit_price,Suspiciously low unit price (2.5906006944444444)
1440609657,Low Price,unit_price,Suspiciously low unit price (2.3003333333333336)
2.3112E+15,Low Price,unit_price,Suspiciously low unit price (2.2008641975308643)
0704202012591941,Low Price,unit_price,Suspiciously low unit price (2.163611111111111)
071020195973768,Low Price,unit_price,Suspiciously low unit price (2.119328703703704)
2.7122E+15,Low Price,unit_price,Suspiciously low unit price (2.112384259259259)
100220208299450,Low Price,unit_price,Suspiciously low unit price (2.1621759259259257)
0704202012591944,Low Price,unit_price,Suspiciously low unit price (2.163611111111111)
2.3112E+15,Low Price,unit_price,Suspiciously low unit price (2.2008680555555555)
2.7122E+15,Low Price,unit_price,Suspiciously low unit price (2.112384259259259)
100220208299460,Low Price,unit_price,Suspiciously low unit price (2.1621759259259257)
0704202012591915,Low Price,unit_price,Suspiciously low unit price (2.163611111111111)
2.3112E+15,Low Price,unit_price,Suspiciously low unit price (2.2008680555555555)
100220208299460,Low Price,unit_price,Suspiciously low unit price (2.1621759259259257)
071020195973766,Low Price,unit_price,Suspiciously low unit price (2.119328703703704)
2.7122E+15,Low Price,unit_price,Suspiciously low unit price (2.112384259259259)
0704202012591934,Low Price,unit_price,Suspiciously low unit price (2.1636284722222223)
2.3112E+15,Low Price,unit_price,Suspiciously low unit price (2.2008738425925927)
7854958522,Low Price,unit_price,Suspiciously low unit price (2.5055925925925924)
7854958513,Low Price,unit_price,Suspiciously low unit price (2.505590277777778)
7854958524,Low Price,unit_price,Suspiciously low unit price (2.505590277777778)
7854958515,Low Price,unit_price,Suspiciously low unit price (2.50559375)
9705539983,Low Price,unit_price,Suspiciously low unit price (2.5272361111111112)
9705539988,Low Price,unit_price,Suspiciously low unit price (2.527236111111111)
9705539990,Low Price,unit_price,Suspiciously low unit price (2.527236111111111)
8484588311,Low Price,unit_price,Suspiciously low unit price (2.41625)
1009338517,Low Price,unit_price,Suspiciously low unit price (2.7955092592592594)
8484588317,Low Price,unit_price,Suspiciously low unit price (2.41625)
1098507375,Low Price,unit_price,Suspiciously low unit price (2.7955092592592594)
8484588316,Low Price,unit_price,Suspiciously low unit price (2.41625)
1124361254,Low Price,unit_price,Suspiciously low unit price (2.7955092592592594)
8484588315,Low Price,unit_price,Suspiciously low unit price (2.416255555555556)
1056382351,Low Price,unit_price,Suspiciously low unit price (2.795513888888889)
1301590305,Low Price,unit_price,Suspiciously low unit price (2.531908333333333)
1080417133,Low Price,unit_price,Suspiciously low unit price (2.531908333333333)
1169380520,Low Price,unit_price,Suspiciously low unit price (2.531908333333333)
1230204568,Low Price,unit_price,Suspiciously low unit price (2.531908333333333)
9325846019,Low Price,unit_price,Suspiciously low unit price (0.71)
9325846024,Low Price,unit_price,Suspiciously low unit price (0.71)
1014786880,Low Price,unit_price,Suspiciously low unit price (0.72)
1131519104,Low Price,unit_price,Suspiciously low unit price (0.72)
9706059837,Low Price,unit_price,Suspiciously low unit price (0.68)
8849099739,Low Price,unit_price,Suspiciously low unit price (0.7)
2777925437,Low Price,unit_price,Suspiciously low unit price (0.68)
8849099748,Low Price,unit_price,Suspiciously low unit price (0.7)
1046984745,Low Price,unit_price,Suspiciously low unit price (0.69)
9325846036,Low Price,unit_price,Suspiciously low unit price (0.71)
2777925436,Low Price,unit_price,Suspiciously low unit price (0.68)
9706059838,Low Price,unit_price,Suspiciously low unit price (0.68)
8849099757,Low Price,unit_price,Suspiciously low unit price (0.7)
1046984740,Low Price,unit_price,Suspiciously low unit price (0.69)
9325846017,Low Price,unit_price,Suspiciously low unit price (0.71)
0696599702,Low Price,unit_price,Suspiciously low unit price (0.68)
9706059839,Low Price,unit_price,Suspiciously low unit price (0.68)
8849099752,Low Price,unit_price,Suspiciously low unit price (0.7)
1046984748,Low Price,unit_price,Suspiciously low unit price (0.69)
9325846018,Low Price,unit_price,Suspiciously low unit price (0.71)
0696599696,Low Price,unit_price,Suspiciously low unit price (0.68)
9706059840,Low Price,unit_price,Suspiciously low unit price (0.68)
8849099753,Low Price,unit_price,Suspiciously low unit price (0.7)
1046984734,Low Price,unit_price,Suspiciously low unit price (0.69)
0696599693,Low Price,unit_price,Suspiciously low unit price (0.68)
9706059841,Low Price,unit_price,Suspiciously low unit price (0.68)
0696599700,Low Price,unit_price,Suspiciously low unit price (0.68)
9706059847,Low Price,unit_price,Suspiciously low unit price (0.68)
9325846020,Low Price,unit_price,Suspiciously low unit price (0.71)
1046984729,Low Price,unit_price,Suspiciously low unit price (0.69)
9325846021,Low Price,unit_price,Suspiciously low unit price (0.71)
9706059848,Low Price,unit_price,Suspiciously low unit price (0.68)
8849099741,Low Price,unit_price,Suspiciously low unit price (0.7)
9706059849,Low Price,unit_price,Suspiciously low unit price (0.68)
9325846022,Low Price,unit_price,Suspiciously low unit price (0.71)
0696599697,Low Price,unit_price,Suspiciously low unit price (0.68)
9706059850,Low Price,unit_price,Suspiciously low unit price (0.68)
1046984737,Low Price,unit_price,Suspiciously low unit price (0.69)
9706059851,Low Price,unit_price,Suspiciously low unit price (0.68)
9325846023,Low Price,unit_price,Suspiciously low unit price (0.71)
0696599698,Low Price,unit_price,Suspiciously low unit price (0.68)
9706059852,Low Price,unit_price,Suspiciously low unit price (0.68)
8849099743,Low Price,unit_price,Suspiciously low unit price (0.7)
1046984746,Low Price,unit_price,Suspiciously low unit price (0.69)
1094348855,Low Price,unit_price,Suspiciously low unit price (0.75)
1089349009,Low Price,unit_price,Suspiciously low unit price (0.75)
1014461544,Low Price,unit_price,Suspiciously low unit price (0.75)
1133780715,Low Price,unit_price,Suspiciously low unit price (0.75)
1128397302,Low Price,unit_price,Suspiciously low unit price (0.75)
1086001358,Low Price,unit_price,Suspiciously low unit price (0.517888888888889)
1021739240,Low Price,unit_price,Suspiciously low unit price (0.517888888888889)
1209214978,Low Price,unit_price,Suspiciously low unit price (1.3810277777777775)
1061237696,Low Price,unit_price,Suspiciously low unit price (0.517888888888889)
1094816390,Low Price,unit_price,Suspiciously low unit price (0.5178888888888888)
1334986580,Low Price,unit_price,Suspiciously low unit price (1.3810277777777775)
1137614721,Low Price,unit_price,Suspiciously low unit price (0.517888888888889)
0653443454,Low Price,unit_price,Suspiciously low unit price (0.13)
0653443455,Low Price,unit_price,Suspiciously low unit price (0.13)
0653443456,Low Price,unit_price,Suspiciously low unit price (0.13)
0653443457,Low Price,unit_price,Suspiciously low unit price (0.13)
0653443458,Low Price,unit_price,Suspiciously low unit price (0.13)
3460223292,Low Price,unit_price,Suspiciously low unit price (10.67)
0220697534,Low Price,unit_price,Suspiciously low unit price (0.85)
0829010010,Low Price,unit_price,Suspiciously low unit price (3.7)
1095021882,Low Price,unit_price,Suspiciously low unit price (1.13)
1089380463,Low Price,unit_price,Suspiciously low unit price (1.13)
1098492436,Low Price,unit_price,Suspiciously low unit price (1.13)
1069272918,Low Price,unit_price,Suspiciously low unit price (1.13)
1081134955,Low Price,unit_price,Suspiciously low unit price (1.13)
2778894354,Low Price,unit_price,Suspiciously low unit price (1.21)
2778894350,Low Price,unit_price,Suspiciously low unit price (1.21)
2778894356,Low Price,unit_price,Suspiciously low unit price (1.21)
2778894352,Low Price,unit_price,Suspiciously low unit price (0.6)
3753010748,Low Price,unit_price,Suspiciously low unit price (40.45)
11092019536034,Low Price,unit_price,Suspiciously low unit price (5.04)
8484677337,Low Price,unit_price,Suspiciously low unit price (11.43)
8484677312,Low Price,unit_price,Suspiciously low unit price (23.27)
8484677326,Low Price,unit_price,Suspiciously low unit price (47.46)
8484677308,Low Price,unit_price,Suspiciously low unit price (19.89)
8484677304,Low Price,unit_price,Suspiciously low unit price (20.92)
8484677310,Low Price,unit_price,Suspiciously low unit price (46.07)
8484677318,Low Price,unit_price,Suspiciously low unit price (43.03)
8484677295,Low Price,unit_price,Suspiciously low unit price (44.86)
8484677299,Low Price,unit_price,Suspiciously low unit price (44.05)
8484677302,Low Price,unit_price,Suspiciously low unit price (44.98)
8484677311,Low Price,unit_price,Suspiciously low unit price (30.42)
8484677331,Low Price,unit_price,Suspiciously low unit price (30.38)
8484677344,Low Price,unit_price,Suspiciously low unit price (26.12)
8484677343,Low Price,unit_price,Suspiciously low unit price (35.13)
8484677306,Low Price,unit_price,Suspiciously low unit price (40.03)
8484677294,Low Price,unit_price,Suspiciously low unit price (46.91)
8484677298,Low Price,unit_price,Suspiciously low unit price (47.39)
8484677291,Low Price,unit_price,Suspiciously low unit price (38.77)
8484677292,Low Price,unit_price,Suspiciously low unit price (48.12)
8484677293,Low Price,unit_price,Suspiciously low unit price (40.53)
8484677327,Low Price,unit_price,Suspiciously low unit price (45.7)
8484677330,Low Price,unit_price,Suspiciously low unit price (46.89)
8484677345,Low Price,unit_price,Suspiciously low unit price (47.68)
8484677319,Low Price,unit_price,Suspiciously low unit price (40.04)
8484677334,Low Price,unit_price,Suspiciously low unit price (40.37)
8484677296,Low Price,unit_price,Suspiciously low unit price (42.51)
8484677341,Low Price,unit_price,Suspiciously low unit price (39.69)
1045447260,Low Price,unit_price,Suspiciously low unit price (0.57)
9703629661,Low Price,unit_price,Suspiciously low unit price (37.12)
1101276706,Low Price,unit_price,Suspiciously low unit price (16.02)
1101276704,Low Price,unit_price,Suspiciously low unit price (16.02)
130220208020970,Low Price,unit_price,Suspiciously low unit price (48.632)
130220208020960,Low Price,unit_price,Suspiciously low unit price (48.63175)
0653784729,Low Price,unit_price,Suspiciously low unit price (0.24)
1013088581,Low Price,unit_price,Suspiciously low unit price (6.79)
0220334910,Low Price,unit_price,Suspiciously low unit price (0.91)
0696113841,Low Price,unit_price,Suspiciously low unit price (0.89)
1107375507,Low Price,unit_price,Suspiciously low unit price (0.8435665422885572)
0220334909,Low Price,unit_price,Suspiciously low unit price (0.65)
0696113836,Low Price,unit_price,Suspiciously low unit price (0.62)
0696113829,Low Price,unit_price,Suspiciously low unit price (0.89)
0220334915,Low Price,unit_price,Suspiciously low unit price (0.91)
0220334914,Low Price,unit_price,Suspiciously low unit price (0.65)
0696113837,Low Price,unit_price,Suspiciously low unit price (0.62)
0696113833,Low Price,unit_price,Suspiciously low unit price (1.01)
0220334913,Low Price,unit_price,Suspiciously low unit price (0.65)
0696113842,Low Price,unit_price,Suspiciously low unit price (1.01)
0220334916,Low Price,unit_price,Suspiciously low unit price (0.65)
0220334899,Low Price,unit_price,Suspiciously low unit price (0.84)
0696113838,Low Price,unit_price,Suspiciously low unit price (0.82)
1091914748,Low Price,unit_price,Suspiciously low unit price (0.7857853302611367)
0220334911,Low Price,unit_price,Suspiciously low unit price (0.84)
0220334900,Low Price,unit_price,Suspiciously low unit price (0.65)
0696113835,Low Price,unit_price,Suspiciously low unit price (0.62)
1005352111,Low Price,unit_price,Suspiciously low unit price (0.6008967565831728)
0220334907,Low Price,unit_price,Suspiciously low unit price (0.84)
0696113839,Low Price,unit_price,Suspiciously low unit price (0.82)
1571026550,Low Price,unit_price,Suspiciously low unit price (9.512041666666669)
1733580398,Low Price,unit_price,Suspiciously low unit price (9.512041666666669)
1060257541,Low Price,unit_price,Suspiciously low unit price (9.0134375)
1499516445,Low Price,unit_price,Suspiciously low unit price (0.8853333333333333)
1469991795,Low Price,unit_price,Suspiciously low unit price (1.41875)
1542579650,Low Price,unit_price,Suspiciously low unit price (0.8853333333333333)
1514718607,Low Price,unit_price,Suspiciously low unit price (0.8853333333333333)
1510306538,Low Price,unit_price,Suspiciously low unit price (1.0442708333333333)
1544572339,Low Price,unit_price,Suspiciously low unit price (1.0442708333333333)
1387280927,Low Price,unit_price,Suspiciously low unit price (0.7718333333333334)
1157439291,Low Price,unit_price,Suspiciously low unit price (1.0443055555555556)
1536281285,Low Price,unit_price,Suspiciously low unit price (5.107916666666667)
1244400319,Low Price,unit_price,Suspiciously low unit price (25.540000000000003)
230120191159300,Low Price,unit_price,Suspiciously low unit price (3.2081785714285718)
230120191159310,Low Price,unit_price,Suspiciously low unit price (3.208180555555556)
230120191159310,Low Price,unit_price,Suspiciously low unit price (3.2081770833333336)
230120191159310,Low Price,unit_price,Suspiciously low unit price (3.208180555555556)
230120191159310,Low Price,unit_price,Suspiciously low unit price (3.2081770833333336)
230120191159310,Low Price,unit_price,Suspiciously low unit price (3.2081666666666666)
230120191159310,Low Price,unit_price,Suspiciously low unit price (3.2081770833333336)
230120191159310,Low Price,unit_price,Suspiciously low unit price (3.2081666666666666)
230120191159310,Low Price,unit_price,Suspiciously low unit price (3.208175925925926)
230120191159310,Low Price,unit_price,Suspiciously low unit price (3.208175925925926)
230120191159320,Low Price,unit_price,Suspiciously low unit price (3.208175925925926)
230120191159320,Low Price,unit_price,Suspiciously low unit price (3.2081666666666666)
230120191159320,Low Price,unit_price,Suspiciously low unit price (3.208175925925926)
230120191159320,Low Price,unit_price,Suspiciously low unit price (3.2081785714285718)
3753722329,Low Price,unit_price,Suspiciously low unit price (35.76)
2.0112E+15,Low Price,unit_price,Suspiciously low unit price (5.188083333333334)
2.0112E+15,Low Price,unit_price,Suspiciously low unit price (5.82775)
0798109387,Low Price,unit_price,Suspiciously low unit price (0.69)
0605201914792180,Low Price,unit_price,Suspiciously low unit price (0.5409490049751243)
1.1072E+15,Low Price,unit_price,Suspiciously low unit price (0.7562205387205387)
0512201919228234,Low Price,unit_price,Suspiciously low unit price (0.7340959595959596)
250920192516730,Low Price,unit_price,Suspiciously low unit price (0.7367916666666666)
0605201914792149,Low Price,unit_price,Suspiciously low unit price (0.7594059405940594)
1186982926,Low Price,unit_price,Suspiciously low unit price (0.8860286458333334)
1.9032E+15,Low Price,unit_price,Suspiciously low unit price (0.3898777777777777)
1194763038,Low Price,unit_price,Suspiciously low unit price (0.6247606837606838)
250920192516730,Low Price,unit_price,Suspiciously low unit price (0.8276111111111111)
0605201914792150,Low Price,unit_price,Suspiciously low unit price (5.118166666666666)
1.1072E+15,Low Price,unit_price,Suspiciously low unit price (0.8494560185185185)
0509202023025639,Low Price,unit_price,Suspiciously low unit price (0.4781875)
0512201919228229,Low Price,unit_price,Suspiciously low unit price (0.8246029411764706)
1.9032E+15,Low Price,unit_price,Suspiciously low unit price (0.556962962962963)
1013803587,Low Price,unit_price,Suspiciously low unit price (0.98825)
0509202023025644,Low Price,unit_price,Suspiciously low unit price (0.48575)
0605201914792178,Low Price,unit_price,Suspiciously low unit price (0.7073939393939395)
0512201919228233,Low Price,unit_price,Suspiciously low unit price (0.6838173076923078)
250920192516720,Low Price,unit_price,Suspiciously low unit price (0.6863333333333334)
1.9032E+15,Low Price,unit_price,Suspiciously low unit price (0.4455752032520325)
0509202023025643,Low Price,unit_price,Suspiciously low unit price (0.455429012345679)
1.1072E+15,Low Price,unit_price,Suspiciously low unit price (0.7044249311294766)
1.9032E+15,Low Price,unit_price,Suspiciously low unit price (0.3341805555555555)
0512201919228231,Low Price,unit_price,Suspiciously low unit price (0.5229181818181818)
250920192516730,Low Price,unit_price,Suspiciously low unit price (0.5248422619047619)
1.1072E+15,Low Price,unit_price,Suspiciously low unit price (0.5386749482401656)
0509202023025642,Low Price,unit_price,Suspiciously low unit price (0.3415694444444445)
1.9032E+15,Low Price,unit_price,Suspiciously low unit price (6.126640625)
0605201914792151,Low Price,unit_price,Suspiciously low unit price (8.114166666666668)
1.1072E+15,Low Price,unit_price,Suspiciously low unit price (8.080125)
250920192516730,Low Price,unit_price,Suspiciously low unit price (7.872638888888889)
0512201919228235,Low Price,unit_price,Suspiciously low unit price (7.843783333333334)
0509202023025640,Low Price,unit_price,Suspiciously low unit price (3.415666666666666)
3753753233,Low Price,unit_price,Suspiciously low unit price (0.9)
3463223435,Low Price,unit_price,Suspiciously low unit price (0.88)
1046902309,Low Price,unit_price,Suspiciously low unit price (0.92)
7993421860,Low Price,unit_price,Suspiciously low unit price (0.97)
040320195948795,Low Price,unit_price,Suspiciously low unit price (0.7757731958762887)
1240263379,Low Price,unit_price,Suspiciously low unit price (0.8787685185185186)
1793906587,Low Price,unit_price,Suspiciously low unit price (0.951203125)
1778139435,Low Price,unit_price,Suspiciously low unit price (0.951203125)
1121184497,Low Price,unit_price,Suspiciously low unit price (0.8444618055555556)
0512202032532089,Low Price,unit_price,Suspiciously low unit price (0.8180208333333334)
1326038737,Low Price,unit_price,Suspiciously low unit price (0.946201754385965)
1301894638,Low Price,unit_price,Suspiciously low unit price (0.9881805555555556)
1114663717,Low Price,unit_price,Suspiciously low unit price (0.9416309523809524)
3753753209,Low Price,unit_price,Suspiciously low unit price (0.63)
3463223440,Low Price,unit_price,Suspiciously low unit price (0.62)
1046902307,Low Price,unit_price,Suspiciously low unit price (0.65)
7993402089,Low Price,unit_price,Suspiciously low unit price (0.68)
3753753212,Low Price,unit_price,Suspiciously low unit price (0.9)
3463223436,Low Price,unit_price,Suspiciously low unit price (0.88)
1046902322,Low Price,unit_price,Suspiciously low unit price (0.92)
7993402502,Low Price,unit_price,Suspiciously low unit price (0.97)
1105936291,Low Price,unit_price,Suspiciously low unit price (0.8859999999999999)
3463223439,Low Price,unit_price,Suspiciously low unit price (0.88)
1046902320,Low Price,unit_price,Suspiciously low unit price (0.92)
7993418793,Low Price,unit_price,Suspiciously low unit price (0.97)
3753753223,Low Price,unit_price,Suspiciously low unit price (0.63)
3463223423,Low Price,unit_price,Suspiciously low unit price (0.62)
1046902305,Low Price,unit_price,Suspiciously low unit price (0.65)
7993395569,Low Price,unit_price,Suspiciously low unit price (0.68)
3753753217,Low Price,unit_price,Suspiciously low unit price (1.0)
3463223438,Low Price,unit_price,Suspiciously low unit price (0.99)
1046902313,Low Price,unit_price,Suspiciously low unit price (1.02)
7993398689,Low Price,unit_price,Suspiciously low unit price (1.08)
1099745545,Low Price,unit_price,Suspiciously low unit price (1.050277777777778)
1844335885,Low Price,unit_price,Suspiciously low unit price (1.0609583333333332)
1602306679,Low Price,unit_price,Suspiciously low unit price (1.0609583333333332)
040320195948796,Low Price,unit_price,Suspiciously low unit price (0.8709782608695652)
1326038735,Low Price,unit_price,Suspiciously low unit price (1.055375)
0512202032532087,Low Price,unit_price,Suspiciously low unit price (0.9188690476190476)
1146593957,Low Price,unit_price,Suspiciously low unit price (0.9485770440251572)
3753753225,Low Price,unit_price,Suspiciously low unit price (0.63)
3463223430,Low Price,unit_price,Suspiciously low unit price (0.62)
1046902304,Low Price,unit_price,Suspiciously low unit price (0.65)
7993402090,Low Price,unit_price,Suspiciously low unit price (0.68)
3753753232,Low Price,unit_price,Suspiciously low unit price (1.0)
3463223442,Low Price,unit_price,Suspiciously low unit price (0.99)
7993398690,Low Price,unit_price,Suspiciously low unit price (1.08)
3753753231,Low Price,unit_price,Suspiciously low unit price (1.0)
3463223428,Low Price,unit_price,Suspiciously low unit price (0.99)
3753753226,Low Price,unit_price,Suspiciously low unit price (0.63)
3463223443,Low Price,unit_price,Suspiciously low unit price (0.62)
1046902310,Low Price,unit_price,Suspiciously low unit price (0.65)
7993402091,Low Price,unit_price,Suspiciously low unit price (0.68)
3753753227,Low Price,unit_price,Suspiciously low unit price (0.83)
3463223433,Low Price,unit_price,Suspiciously low unit price (0.81)
1046902306,Low Price,unit_price,Suspiciously low unit price (0.85)
7993421874,Low Price,unit_price,Suspiciously low unit price (0.9)
040320195948797,Low Price,unit_price,Suspiciously low unit price (0.7222810218978103)
1116471028,Low Price,unit_price,Suspiciously low unit price (0.786625)
1148426864,Low Price,unit_price,Suspiciously low unit price (0.9121923076923076)
0512202032532081,Low Price,unit_price,Suspiciously low unit price (0.761991935483871)
1019923999,Low Price,unit_price,Suspiciously low unit price (0.8780329457364341)
1792027744,Low Price,unit_price,Suspiciously low unit price (0.8780329457364341)
1326038821,Low Price,unit_price,Suspiciously low unit price (0.8734166666666667)
1176508527,Low Price,unit_price,Suspiciously low unit price (0.8178472222222223)
1168660798,Low Price,unit_price,Suspiciously low unit price (0.8111666666666666)
1046519270,Low Price,unit_price,Suspiciously low unit price (0.869199074074074)
040320195948798,Low Price,unit_price,Suspiciously low unit price (0.5523330241187384)
1131565644,Low Price,unit_price,Suspiciously low unit price (0.6015360696517413)
3753753224,Low Price,unit_price,Suspiciously low unit price (0.83)
3463223429,Low Price,unit_price,Suspiciously low unit price (0.81)
1046902308,Low Price,unit_price,Suspiciously low unit price (0.85)
7993421875,Low Price,unit_price,Suspiciously low unit price (0.9)
1046902314,Low Price,unit_price,Suspiciously low unit price (8.8)
3753753228,Low Price,unit_price,Suspiciously low unit price (0.63)
3463223431,Low Price,unit_price,Suspiciously low unit price (0.62)
1046902312,Low Price,unit_price,Suspiciously low unit price (0.65)
7993402092,Low Price,unit_price,Suspiciously low unit price (0.68)
1418729437,Low Price,unit_price,Suspiciously low unit price (0.6968055555555556)
1027723685,Low Price,unit_price,Suspiciously low unit price (0.6247472222222222)
0512202032532086,Low Price,unit_price,Suspiciously low unit price (0.5827005208333333)
1069577328,Low Price,unit_price,Suspiciously low unit price (0.6639705882352941)
1326038733,Low Price,unit_price,Suspiciously low unit price (0.6671937229437229)
1024317495,Low Price,unit_price,Suspiciously low unit price (1.549109375)
1480328795,Low Price,unit_price,Suspiciously low unit price (0.6707200374531835)
1148359449,Low Price,unit_price,Suspiciously low unit price (0.6707200374531835)
1003202595,Low Price,unit_price,Suspiciously low unit price (0.6647619047619048)
3753753234,Low Price,unit_price,Suspiciously low unit price (0.83)
3463223434,Low Price,unit_price,Suspiciously low unit price (0.81)
1046902315,Low Price,unit_price,Suspiciously low unit price (0.85)
7993436173,Low Price,unit_price,Suspiciously low unit price (0.9)
3753753230,Low Price,unit_price,Suspiciously low unit price (8.99)
3463223437,Low Price,unit_price,Suspiciously low unit price (8.83)
1031459580,Low Price,unit_price,Suspiciously low unit price (8.787666666666667)
1274975743,Low Price,unit_price,Suspiciously low unit price (9.882125)
0512202032532084,Low Price,unit_price,Suspiciously low unit price (8.740416666666667)
1218046265,Low Price,unit_price,Suspiciously low unit price (9.022916666666667)
1326038814,Low Price,unit_price,Suspiciously low unit price (9.462)
040320195948799,Low Price,unit_price,Suspiciously low unit price (8.284791666666667)
9705713282,Low Price,unit_price,Suspiciously low unit price (0.92)
9705713283,Low Price,unit_price,Suspiciously low unit price (1.02)
9705713284,Low Price,unit_price,Suspiciously low unit price (0.85)
9705713285,Low Price,unit_price,Suspiciously low unit price (0.65)
6977960578,Low Price,unit_price,Suspiciously low unit price (0.99)
6977960579,Low Price,unit_price,Suspiciously low unit price (0.7)
6977960580,Low Price,unit_price,Suspiciously low unit price (0.99)
6977960581,Low Price,unit_price,Suspiciously low unit price (0.99)
6977960582,Low Price,unit_price,Suspiciously low unit price (0.7)
6977960583,Low Price,unit_price,Suspiciously low unit price (1.11)
6977960584,Low Price,unit_price,Suspiciously low unit price (0.7)
6977960585,Low Price,unit_price,Suspiciously low unit price (1.11)
6977960586,Low Price,unit_price,Suspiciously low unit price (0.7)
6977960587,Low Price,unit_price,Suspiciously low unit price (0.92)
6977960588,Low Price,unit_price,Suspiciously low unit price (0.92)
6977960589,Low Price,unit_price,Suspiciously low unit price (9.86)
6977960590,Low Price,unit_price,Suspiciously low unit price (0.7)
6977960591,Low Price,unit_price,Suspiciously low unit price (0.92)
2.9042E+15,Low Price,unit_price,Suspiciously low unit price (4.25)
2.9042E+15,Low Price,unit_price,Suspiciously low unit price (4.25)
1334439423,Low Price,unit_price,Suspiciously low unit price (0.8976742424242424)
1051621964,Low Price,unit_price,Suspiciously low unit price (0.6329761904761905)
1002753270,Low Price,unit_price,Suspiciously low unit price (0.8976722222222222)
1091214425,Low Price,unit_price,Suspiciously low unit price (0.8976730769230769)
1192654013,Low Price,unit_price,Suspiciously low unit price (0.6329756944444445)
1082385756,Low Price,unit_price,Suspiciously low unit price (1.00125)
1257062931,Low Price,unit_price,Suspiciously low unit price (0.6329722222222223)
1208273495,Low Price,unit_price,Suspiciously low unit price (1.00125)
1121616534,Low Price,unit_price,Suspiciously low unit price (0.632974358974359)
1032402533,Low Price,unit_price,Suspiciously low unit price (0.8286215277777778)
1277384107,Low Price,unit_price,Suspiciously low unit price (0.6329761904761905)
1061327072,Low Price,unit_price,Suspiciously low unit price (0.8286241319444445)
1058574682,Low Price,unit_price,Suspiciously low unit price (0.6329756944444445)
1209427803,Low Price,unit_price,Suspiciously low unit price (0.8286212121212121)
0220324532,Low Price,unit_price,Suspiciously low unit price (0.96)
0220334908,Low Price,unit_price,Suspiciously low unit price (0.96)
0696113832,Low Price,unit_price,Suspiciously low unit price (0.92)
1012000703,Low Price,unit_price,Suspiciously low unit price (0.8879583333333334)
0220324527,Low Price,unit_price,Suspiciously low unit price (0.67)
0220334902,Low Price,unit_price,Suspiciously low unit price (0.68)
0696113844,Low Price,unit_price,Suspiciously low unit price (0.66)
0220324531,Low Price,unit_price,Suspiciously low unit price (0.96)
0220334905,Low Price,unit_price,Suspiciously low unit price (0.96)
0696113843,Low Price,unit_price,Suspiciously low unit price (0.92)
0220334906,Low Price,unit_price,Suspiciously low unit price (0.96)
0220324528,Low Price,unit_price,Suspiciously low unit price (0.67)
0696113846,Low Price,unit_price,Suspiciously low unit price (0.66)
1108669086,Low Price,unit_price,Suspiciously low unit price (0.6325217661691542)
0696113840,Low Price,unit_price,Suspiciously low unit price (1.03)
0220324534,Low Price,unit_price,Suspiciously low unit price (0.67)
0220334912,Low Price,unit_price,Suspiciously low unit price (0.68)
0696113828,Low Price,unit_price,Suspiciously low unit price (0.66)
1098419781,Low Price,unit_price,Suspiciously low unit price (0.9974375)
0220324529,Low Price,unit_price,Suspiciously low unit price (0.67)
0220334903,Low Price,unit_price,Suspiciously low unit price (0.68)
0696113827,Low Price,unit_price,Suspiciously low unit price (0.66)
0220324535,Low Price,unit_price,Suspiciously low unit price (0.88)
0696113830,Low Price,unit_price,Suspiciously low unit price (0.86)
1028934237,Low Price,unit_price,Suspiciously low unit price (0.827139423076923)
0220324533,Low Price,unit_price,Suspiciously low unit price (0.88)
0220334898,Low Price,unit_price,Suspiciously low unit price (0.89)
0696113826,Low Price,unit_price,Suspiciously low unit price (0.86)
0696113834,Low Price,unit_price,Suspiciously low unit price (9.46)
0220324530,Low Price,unit_price,Suspiciously low unit price (0.67)
0220334901,Low Price,unit_price,Suspiciously low unit price (0.68)
0696113845,Low Price,unit_price,Suspiciously low unit price (0.66)
0220324536,Low Price,unit_price,Suspiciously low unit price (0.88)
0220334904,Low Price,unit_price,Suspiciously low unit price (0.89)
0696113831,Low Price,unit_price,Suspiciously low unit price (0.86)
1035099828,Low Price,unit_price,Suspiciously low unit price (0.758775)
1249200212,Low Price,unit_price,Suspiciously low unit price (0.5404761904761904)
1060967811,Low Price,unit_price,Suspiciously low unit price (0.7587638888888888)
1462143504,Low Price,unit_price,Suspiciously low unit price (0.7587708333333333)
1073699778,Low Price,unit_price,Suspiciously low unit price (0.5404761904761904)
1271025773,Low Price,unit_price,Suspiciously low unit price (0.8523194444444444)
1469052157,Low Price,unit_price,Suspiciously low unit price (0.5404861111111111)
1242670754,Low Price,unit_price,Suspiciously low unit price (0.8523229166666667)
1323786944,Low Price,unit_price,Suspiciously low unit price (0.5405)
1396559366,Low Price,unit_price,Suspiciously low unit price (0.70675)
1035799850,Low Price,unit_price,Suspiciously low unit price (1.330451388888889)
1077360556,Low Price,unit_price,Suspiciously low unit price (0.70675)
1252078774,Low Price,unit_price,Suspiciously low unit price (0.5404761904761904)
1427817978,Low Price,unit_price,Suspiciously low unit price (0.70675)
1091735745,Low Price,unit_price,Suspiciously low unit price (0.9478645833333332)
1074091180,Low Price,unit_price,Suspiciously low unit price (0.9478645833333332)
1121708376,Low Price,unit_price,Suspiciously low unit price (0.9478645833333332)
1117690143,Low Price,unit_price,Suspiciously low unit price (1.06)
1035305929,Low Price,unit_price,Suspiciously low unit price (0.6752013888888888)
1058501908,Low Price,unit_price,Suspiciously low unit price (0.8829444444444445)
1084108728,Low Price,unit_price,Suspiciously low unit price (0.8829444444444445)
1095248658,Low Price,unit_price,Suspiciously low unit price (0.8829427083333333)
0306201918967230,Low Price,unit_price,Suspiciously low unit price (9.046491228070176)
1046881278,Low Price,unit_price,Suspiciously low unit price (1.28)
0306201918967231,Low Price,unit_price,Suspiciously low unit price (9.046491228070176)
1046881283,Low Price,unit_price,Suspiciously low unit price (1.28)
0306201918967232,Low Price,unit_price,Suspiciously low unit price (9.046491228070176)
1046881275,Low Price,unit_price,Suspiciously low unit price (1.28)
1046881276,Low Price,unit_price,Suspiciously low unit price (0.96)
0306201918967233,Low Price,unit_price,Suspiciously low unit price (10.161754385964914)
1046881284,Low Price,unit_price,Suspiciously low unit price (1.42)
0306201918967234,Low Price,unit_price,Suspiciously low unit price (0.6376736111111111)
8849884867,Low Price,unit_price,Suspiciously low unit price (0.8)
1046881288,Low Price,unit_price,Suspiciously low unit price (0.96)
1046881277,Low Price,unit_price,Suspiciously low unit price (1.42)
0306201918967375,Low Price,unit_price,Suspiciously low unit price (0.6376736111111111)
8849884865,Low Price,unit_price,Suspiciously low unit price (0.8)
1046881279,Low Price,unit_price,Suspiciously low unit price (0.96)
0306201918967376,Low Price,unit_price,Suspiciously low unit price (0.833923611111111)
8849884864,Low Price,unit_price,Suspiciously low unit price (1.01)
1046881274,Low Price,unit_price,Suspiciously low unit price (1.2)
1323951053,Low Price,unit_price,Suspiciously low unit price (1.75)
0306201918967377,Low Price,unit_price,Suspiciously low unit price (0.833923611111111)
8849884863,Low Price,unit_price,Suspiciously low unit price (1.02)
1046881281,Low Price,unit_price,Suspiciously low unit price (1.2)
0306201918967378,Low Price,unit_price,Suspiciously low unit price (0.833923611111111)
8849884866,Low Price,unit_price,Suspiciously low unit price (1.02)
1046881282,Low Price,unit_price,Suspiciously low unit price (1.2)
1.8082E+15,Low Price,unit_price,Suspiciously low unit price (0.7504464285714286)
1098880676,Low Price,unit_price,Suspiciously low unit price (1.0393125)
1022947577,Low Price,unit_price,Suspiciously low unit price (0.789892361111111)
1.8082E+15,Low Price,unit_price,Suspiciously low unit price (0.5345641025641026)
1138982666,Low Price,unit_price,Suspiciously low unit price (0.6661086956521739)
1116269678,Low Price,unit_price,Suspiciously low unit price (0.5626634615384616)
1.8082E+15,Low Price,unit_price,Suspiciously low unit price (0.7504444444444445)
1170555378,Low Price,unit_price,Suspiciously low unit price (1.0459541666666667)
1124517575,Low Price,unit_price,Suspiciously low unit price (0.7898929398148148)
1.8082E+15,Low Price,unit_price,Suspiciously low unit price (0.7504444444444445)
1019326060,Low Price,unit_price,Suspiciously low unit price (1.0459541666666667)
1058273133,Low Price,unit_price,Suspiciously low unit price (0.789892361111111)
1.8082E+15,Low Price,unit_price,Suspiciously low unit price (0.5345641025641026)
1030373979,Low Price,unit_price,Suspiciously low unit price (0.5626625000000001)
1050783518,Low Price,unit_price,Suspiciously low unit price (0.6661083333333334)
1.8082E+15,Low Price,unit_price,Suspiciously low unit price (0.84)
1003716947,Low Price,unit_price,Suspiciously low unit price (0.8872708333333333)
1091344641,Low Price,unit_price,Suspiciously low unit price (1.1010069444444446)
1.8082E+15,Low Price,unit_price,Suspiciously low unit price (0.5345634057971015)
1045059908,Low Price,unit_price,Suspiciously low unit price (0.5626597222222223)
1010949126,Low Price,unit_price,Suspiciously low unit price (0.6661083333333334)
1.8082E+15,Low Price,unit_price,Suspiciously low unit price (0.8429583333333334)
1145799042,Low Price,unit_price,Suspiciously low unit price (1.1010069444444446)
1.8082E+15,Low Price,unit_price,Suspiciously low unit price (0.8429583333333333)
1053426760,Low Price,unit_price,Suspiciously low unit price (1.1010083333333334)
1.8082E+15,Low Price,unit_price,Suspiciously low unit price (0.5345635964912281)
1049384315,Low Price,unit_price,Suspiciously low unit price (0.5626597222222223)
1076374635,Low Price,unit_price,Suspiciously low unit price (0.6661078431372549)
1.8082E+15,Low Price,unit_price,Suspiciously low unit price (0.6990438596491227)
1089878290,Low Price,unit_price,Suspiciously low unit price (0.7357899305555555)
1135714485,Low Price,unit_price,Suspiciously low unit price (0.8808063725490196)
1170333251,Low Price,unit_price,Suspiciously low unit price (1.761611111111111)
1.8082E+15,Low Price,unit_price,Suspiciously low unit price (0.6990441176470588)
1005766978,Low Price,unit_price,Suspiciously low unit price (0.7357890625)
1096563868,Low Price,unit_price,Suspiciously low unit price (0.8808063725490196)
1124168560,Low Price,unit_price,Suspiciously low unit price (9.909069444444444)
1.8082E+15,Low Price,unit_price,Suspiciously low unit price (8.018466666666667)
1016160751,Low Price,unit_price,Suspiciously low unit price (8.43995138888889)
1.8082E+15,Low Price,unit_price,Suspiciously low unit price (0.5345643939393939)
1156716751,Low Price,unit_price,Suspiciously low unit price (0.6661086956521739)
1059724278,Low Price,unit_price,Suspiciously low unit price (0.5626634615384616)
1.8082E+15,Low Price,unit_price,Suspiciously low unit price (0.6990446428571429)
1067826546,Low Price,unit_price,Suspiciously low unit price (0.7357899305555555)
1001066661,Low Price,unit_price,Suspiciously low unit price (0.8808046875)
0696121331,Low Price,unit_price,Suspiciously low unit price (0.93)
0611202029126960,Low Price,unit_price,Suspiciously low unit price (0.79)
1323951050,Low Price,unit_price,Suspiciously low unit price (1.05)
9200670104,Low Price,unit_price,Suspiciously low unit price (0.95)
1139502002,Low Price,unit_price,Suspiciously low unit price (0.9911319444444444)
3755134601,Low Price,unit_price,Suspiciously low unit price (0.9067410714285714)
1002843100,Low Price,unit_price,Suspiciously low unit price (1.03)
8484588351,Low Price,unit_price,Suspiciously low unit price (0.9149513888888888)
9457038520,Low Price,unit_price,Suspiciously low unit price (0.9065590277777776)
9705539992,Low Price,unit_price,Suspiciously low unit price (0.8960173611111112)
1.9062E+15,Low Price,unit_price,Suspiciously low unit price (0.75)
270320195967390,Low Price,unit_price,Suspiciously low unit price (0.7553348909657321)
1180717566,Low Price,unit_price,Suspiciously low unit price (0.8112777777777778)
1040399658,Low Price,unit_price,Suspiciously low unit price (0.918486111111111)
1571806842,Low Price,unit_price,Suspiciously low unit price (0.8034645061728395)
1015456997,Low Price,unit_price,Suspiciously low unit price (0.9526003086419752)
1.2072E+15,Low Price,unit_price,Suspiciously low unit price (0.7396493055555555)
1317002194,Low Price,unit_price,Suspiciously low unit price (0.9989722222222224)
1089243037,Low Price,unit_price,Suspiciously low unit price (0.9661944444444444)
2.5062E+15,Low Price,unit_price,Suspiciously low unit price (0.7377951388888889)
170920192528730,Low Price,unit_price,Suspiciously low unit price (0.7399392361111111)
230120191159280,Low Price,unit_price,Suspiciously low unit price (0.7388020833333333)
0306201918967379,Low Price,unit_price,Suspiciously low unit price (0.7460277777777777)
0411201916059261,Low Price,unit_price,Suspiciously low unit price (0.7431944444444445)
2.1082E+15,Low Price,unit_price,Suspiciously low unit price (0.7422786458333334)
2.7122E+15,Low Price,unit_price,Suspiciously low unit price (0.7378211805555556)
100220208299480,Low Price,unit_price,Suspiciously low unit price (0.7552083333333334)
0704202012591912,Low Price,unit_price,Suspiciously low unit price (0.7557161458333334)
2.3112E+15,Low Price,unit_price,Suspiciously low unit price (0.7687239583333334)
071020195973778,Low Price,unit_price,Suspiciously low unit price (0.7402430555555556)
9326495377,Low Price,unit_price,Suspiciously low unit price (0.93)
9456534841,Low Price,unit_price,Suspiciously low unit price (0.93)
1046881297,Low Price,unit_price,Suspiciously low unit price (0.99)
1419923083,Low Price,unit_price,Suspiciously low unit price (0.6670324074074074)
1419890479,Low Price,unit_price,Suspiciously low unit price (0.6681643518518519)
0696121334,Low Price,unit_price,Suspiciously low unit price (0.67)
0611202029126955,Low Price,unit_price,Suspiciously low unit price (0.56)
1323951045,Low Price,unit_price,Suspiciously low unit price (0.67)
9200670099,Low Price,unit_price,Suspiciously low unit price (0.67)
1109127714,Low Price,unit_price,Suspiciously low unit price (0.6988784722222222)
9457038517,Low Price,unit_price,Suspiciously low unit price (0.6392407407407408)
9202244730,Low Price,unit_price,Suspiciously low unit price (0.6633912037037036)
3755134615,Low Price,unit_price,Suspiciously low unit price (0.633249591503268)
1043784523,Low Price,unit_price,Suspiciously low unit price (0.7248988095238095)
9202145604,Low Price,unit_price,Suspiciously low unit price (0.6695871913580247)
8484588339,Low Price,unit_price,Suspiciously low unit price (0.6451579861111111)
7854958508,Low Price,unit_price,Suspiciously low unit price (0.6263975694444445)
3755134596,Low Price,unit_price,Suspiciously low unit price (0.6393669871794871)
1.9062E+15,Low Price,unit_price,Suspiciously low unit price (0.5345413436692507)
270320195967390,Low Price,unit_price,Suspiciously low unit price (0.5380489731437599)
1129528941,Low Price,unit_price,Suspiciously low unit price (0.7044166666666667)
1046539159,Low Price,unit_price,Suspiciously low unit price (0.6476485339506173)
1553240969,Low Price,unit_price,Suspiciously low unit price (0.5723315972222223)
1080780187,Low Price,unit_price,Suspiciously low unit price (0.6717048611111112)
1192091193,Low Price,unit_price,Suspiciously low unit price (0.5778990384615385)
1054802992,Low Price,unit_price,Suspiciously low unit price (0.68)
0306201918967380,Low Price,unit_price,Suspiciously low unit price (0.5314149305555556)
2.5062E+15,Low Price,unit_price,Suspiciously low unit price (0.5255555555555556)
0411201916059267,Low Price,unit_price,Suspiciously low unit price (0.5293993055555556)
071020195973773,Low Price,unit_price,Suspiciously low unit price (0.5273009259259259)
170920192528720,Low Price,unit_price,Suspiciously low unit price (0.5270810185185185)
2.7122E+15,Low Price,unit_price,Suspiciously low unit price (0.5255717592592593)
100220208299460,Low Price,unit_price,Suspiciously low unit price (0.5379583333333333)
0704202012591919,Low Price,unit_price,Suspiciously low unit price (0.5383194444444445)
2.3112E+15,Low Price,unit_price,Suspiciously low unit price (0.5475854166666666)
230120191159280,Low Price,unit_price,Suspiciously low unit price (0.5262725694444444)
9326495381,Low Price,unit_price,Suspiciously low unit price (0.64)
8849884861,Low Price,unit_price,Suspiciously low unit price (0.66)
9456534849,Low Price,unit_price,Suspiciously low unit price (0.66)
1046881291,Low Price,unit_price,Suspiciously low unit price (0.7)
0696121326,Low Price,unit_price,Suspiciously low unit price (0.93)
0611202029126951,Low Price,unit_price,Suspiciously low unit price (0.79)
9200670105,Low Price,unit_price,Suspiciously low unit price (0.95)
1116400099,Low Price,unit_price,Suspiciously low unit price (0.9911371527777776)
3755134592,Low Price,unit_price,Suspiciously low unit price (0.9067361111111112)
8484588344,Low Price,unit_price,Suspiciously low unit price (0.914949074074074)
1136368210,Low Price,unit_price,Suspiciously low unit price (1.03)
1.9062E+15,Low Price,unit_price,Suspiciously low unit price (0.7504102564102565)
270320195967390,Low Price,unit_price,Suspiciously low unit price (0.755337962962963)
1043318928,Low Price,unit_price,Suspiciously low unit price (0.8112777777777778)
1053896488,Low Price,unit_price,Suspiciously low unit price (0.9525972222222222)
1066234614,Low Price,unit_price,Suspiciously low unit price (0.918486111111111)
1583360493,Low Price,unit_price,Suspiciously low unit price (0.8034672619047619)
1.2072E+15,Low Price,unit_price,Suspiciously low unit price (0.7396481481481482)
1448802160,Low Price,unit_price,Suspiciously low unit price (0.9989722222222224)
2.5062E+15,Low Price,unit_price,Suspiciously low unit price (0.7377951388888889)
230120191159280,Low Price,unit_price,Suspiciously low unit price (0.7388020833333333)
0306201918967381,Low Price,unit_price,Suspiciously low unit price (0.7460277777777777)
0411201916059273,Low Price,unit_price,Suspiciously low unit price (0.7431944444444445)
2.1082E+15,Low Price,unit_price,Suspiciously low unit price (0.7422786458333334)
2.7122E+15,Low Price,unit_price,Suspiciously low unit price (0.7378211805555556)
100220208299480,Low Price,unit_price,Suspiciously low unit price (0.7552083333333334)
0704202012591924,Low Price,unit_price,Suspiciously low unit price (0.7557161458333334)
2.3112E+15,Low Price,unit_price,Suspiciously low unit price (0.7687239583333334)
071020195973777,Low Price,unit_price,Suspiciously low unit price (0.7402430555555556)
170920192528740,Low Price,unit_price,Suspiciously low unit price (0.7399375)
9326495376,Low Price,unit_price,Suspiciously low unit price (0.93)
8849884858,Low Price,unit_price,Suspiciously low unit price (0.91)
1046881296,Low Price,unit_price,Suspiciously low unit price (0.99)
0696121322,Low Price,unit_price,Suspiciously low unit price (0.93)
0611202029126949,Low Price,unit_price,Suspiciously low unit price (0.79)
1323951054,Low Price,unit_price,Suspiciously low unit price (1.05)
9200670096,Low Price,unit_price,Suspiciously low unit price (0.95)
3755134602,Low Price,unit_price,Suspiciously low unit price (0.9067361111111112)
1079705814,Low Price,unit_price,Suspiciously low unit price (0.9911371527777776)
8484588345,Low Price,unit_price,Suspiciously low unit price (0.914949074074074)
1099513992,Low Price,unit_price,Suspiciously low unit price (1.03)
270320195967390,Low Price,unit_price,Suspiciously low unit price (0.7553382352941177)
1.9062E+15,Low Price,unit_price,Suspiciously low unit price (0.7504012345679012)
1143512460,Low Price,unit_price,Suspiciously low unit price (0.8112777777777778)
1117560838,Low Price,unit_price,Suspiciously low unit price (0.9525972222222222)
1081065080,Low Price,unit_price,Suspiciously low unit price (0.918486111111111)
0704202012591923,Low Price,unit_price,Suspiciously low unit price (0.7557175925925926)
1377476216,Low Price,unit_price,Suspiciously low unit price (0.8034623015873016)
1.2072E+15,Low Price,unit_price,Suspiciously low unit price (0.7396481481481482)
1069475857,Low Price,unit_price,Suspiciously low unit price (0.9989722222222224)
2.5062E+15,Low Price,unit_price,Suspiciously low unit price (0.7377951388888889)
2.7122E+15,Low Price,unit_price,Suspiciously low unit price (0.7378211805555556)
0306201918967382,Low Price,unit_price,Suspiciously low unit price (0.7460277777777777)
100220208299470,Low Price,unit_price,Suspiciously low unit price (0.7552083333333334)
2.3112E+15,Low Price,unit_price,Suspiciously low unit price (0.7687268518518517)
2.1082E+15,Low Price,unit_price,Suspiciously low unit price (0.7422786458333334)
071020195973770,Low Price,unit_price,Suspiciously low unit price (0.7402430555555556)
170920192528720,Low Price,unit_price,Suspiciously low unit price (0.7399375)
0411201916059271,Low Price,unit_price,Suspiciously low unit price (0.7431944444444444)
230120191159280,Low Price,unit_price,Suspiciously low unit price (0.7388055555555556)
9326495375,Low Price,unit_price,Suspiciously low unit price (1.04)
9456534842,Low Price,unit_price,Suspiciously low unit price (0.93)
1046881289,Low Price,unit_price,Suspiciously low unit price (0.99)
1419923077,Low Price,unit_price,Suspiciously low unit price (0.6670324074074074)
1419890480,Low Price,unit_price,Suspiciously low unit price (0.6681643518518519)
0696121333,Low Price,unit_price,Suspiciously low unit price (0.67)
0611202029126954,Low Price,unit_price,Suspiciously low unit price (0.56)
1323951041,Low Price,unit_price,Suspiciously low unit price (0.67)
9200670100,Low Price,unit_price,Suspiciously low unit price (0.67)
1084762546,Low Price,unit_price,Suspiciously low unit price (0.6988773148148149)
7854958516,Low Price,unit_price,Suspiciously low unit price (0.6263958333333334)
3755134589,Low Price,unit_price,Suspiciously low unit price (0.6393669871794871)
3755134607,Low Price,unit_price,Suspiciously low unit price (0.633249007936508)
9202145601,Low Price,unit_price,Suspiciously low unit price (0.6695882936507938)
8484588338,Low Price,unit_price,Suspiciously low unit price (0.6451574074074073)
9457038516,Low Price,unit_price,Suspiciously low unit price (0.6392407407407408)
9202244727,Low Price,unit_price,Suspiciously low unit price (0.6633912037037036)
1019156995,Low Price,unit_price,Suspiciously low unit price (0.7248988095238095)
1.9062E+15,Low Price,unit_price,Suspiciously low unit price (0.5345408950617284)
270320195967390,Low Price,unit_price,Suspiciously low unit price (0.5380481391585761)
1133321187,Low Price,unit_price,Suspiciously low unit price (0.6717013888888889)
1191703587,Low Price,unit_price,Suspiciously low unit price (0.7044166666666667)
1079357959,Low Price,unit_price,Suspiciously low unit price (0.5723310185185184)
1207593917,Low Price,unit_price,Suspiciously low unit price (0.5778981481481481)
1090607790,Low Price,unit_price,Suspiciously low unit price (0.6476485339506173)
1027014990,Low Price,unit_price,Suspiciously low unit price (0.6812988683127572)
2.5062E+15,Low Price,unit_price,Suspiciously low unit price (0.5255555555555556)
0411201916059263,Low Price,unit_price,Suspiciously low unit price (0.5293993055555556)
0704202012591916,Low Price,unit_price,Suspiciously low unit price (0.5383184523809523)
071020195973774,Low Price,unit_price,Suspiciously low unit price (0.5273009259259259)
170920192528720,Low Price,unit_price,Suspiciously low unit price (0.5270810185185185)
2.7122E+15,Low Price,unit_price,Suspiciously low unit price (0.5255717592592593)
100220208299470,Low Price,unit_price,Suspiciously low unit price (0.5379583333333333)
2.3112E+15,Low Price,unit_price,Suspiciously low unit price (0.5475856481481481)
230120191159280,Low Price,unit_price,Suspiciously low unit price (0.5262725694444444)
9326495380,Low Price,unit_price,Suspiciously low unit price (0.64)
8849884860,Low Price,unit_price,Suspiciously low unit price (0.66)
9456534850,Low Price,unit_price,Suspiciously low unit price (0.66)
1046881292,Low Price,unit_price,Suspiciously low unit price (0.7)
0696121323,Low Price,unit_price,Suspiciously low unit price (1.04)
1046881286,Low Price,unit_price,Suspiciously low unit price (1.11)
0696121328,Low Price,unit_price,Suspiciously low unit price (1.04)
0611202029126947,Low Price,unit_price,Suspiciously low unit price (0.88)
1323951046,Low Price,unit_price,Suspiciously low unit price (1.1)
3755134587,Low Price,unit_price,Suspiciously low unit price (1.01)
1002526260,Low Price,unit_price,Suspiciously low unit price (1.1054861111111112)
1069817734,Low Price,unit_price,Suspiciously low unit price (1.15)
8484588346,Low Price,unit_price,Suspiciously low unit price (1.020520833333333)
1.9062E+15,Low Price,unit_price,Suspiciously low unit price (0.8429166666666666)
270320195967400,Low Price,unit_price,Suspiciously low unit price (0.84845)
1.2072E+15,Low Price,unit_price,Suspiciously low unit price (0.8308402777777778)
1301567781,Low Price,unit_price,Suspiciously low unit price (0.9025208333333334)
1070441810,Low Price,unit_price,Suspiciously low unit price (1.062513888888889)
1035904182,Low Price,unit_price,Suspiciously low unit price (1.02)
0704202012591925,Low Price,unit_price,Suspiciously low unit price (0.8488888888888889)
1129417464,Low Price,unit_price,Suspiciously low unit price (1.11425)
2.1082E+15,Low Price,unit_price,Suspiciously low unit price (0.8337962962962963)
100220208299460,Low Price,unit_price,Suspiciously low unit price (0.8483159722222223)
2.3112E+15,Low Price,unit_price,Suspiciously low unit price (0.8635011574074075)
2.7122E+15,Low Price,unit_price,Suspiciously low unit price (0.8287847222222222)
2.5062E+15,Low Price,unit_price,Suspiciously low unit price (0.82875)
170920192528730,Low Price,unit_price,Suspiciously low unit price (0.8311666666666666)
0411201916059270,Low Price,unit_price,Suspiciously low unit price (0.8348090277777778)
230120191159280,Low Price,unit_price,Suspiciously low unit price (0.8298888888888889)
0306201918967383,Low Price,unit_price,Suspiciously low unit price (0.838)
9326495372,Low Price,unit_price,Suspiciously low unit price (1.04)
9456534843,Low Price,unit_price,Suspiciously low unit price (1.03)
1046881280,Low Price,unit_price,Suspiciously low unit price (1.11)
1419923078,Low Price,unit_price,Suspiciously low unit price (0.6670324074074074)
1419890484,Low Price,unit_price,Suspiciously low unit price (0.6681643518518519)
0696121330,Low Price,unit_price,Suspiciously low unit price (0.67)
0611202029126948,Low Price,unit_price,Suspiciously low unit price (0.56)
1323951042,Low Price,unit_price,Suspiciously low unit price (0.67)
9200670106,Low Price,unit_price,Suspiciously low unit price (0.67)
1019767714,Low Price,unit_price,Suspiciously low unit price (0.6988784722222222)
3755134593,Low Price,unit_price,Suspiciously low unit price (0.6393669871794871)
3755134613,Low Price,unit_price,Suspiciously low unit price (0.633249007936508)
9457038507,Low Price,unit_price,Suspiciously low unit price (0.6392385912698413)
9202145605,Low Price,unit_price,Suspiciously low unit price (0.6695882936507938)
9202244732,Low Price,unit_price,Suspiciously low unit price (0.7107762896825397)
8484588342,Low Price,unit_price,Suspiciously low unit price (0.6451574074074073)
7854958530,Low Price,unit_price,Suspiciously low unit price (0.6263981481481481)
1006164730,Low Price,unit_price,Suspiciously low unit price (0.7248981481481481)
1.9062E+15,Low Price,unit_price,Suspiciously low unit price (0.5345394736842105)
270320195967400,Low Price,unit_price,Suspiciously low unit price (0.5380473372781065)
1533903773,Low Price,unit_price,Suspiciously low unit price (0.7044174382716049)
1090889926,Low Price,unit_price,Suspiciously low unit price (0.6476495726495727)
1146785525,Low Price,unit_price,Suspiciously low unit price (0.5778993055555556)
1023549746,Low Price,unit_price,Suspiciously low unit price (0.5723310185185184)
1042228640,Low Price,unit_price,Suspiciously low unit price (0.6717037037037038)
1026946615,Low Price,unit_price,Suspiciously low unit price (0.68)
0306201918967384,Low Price,unit_price,Suspiciously low unit price (0.5314149305555556)
2.5062E+15,Low Price,unit_price,Suspiciously low unit price (0.5255555555555556)
170920192528720,Low Price,unit_price,Suspiciously low unit price (0.5270789930555556)
071020195973775,Low Price,unit_price,Suspiciously low unit price (0.5273003472222222)
0411201916059260,Low Price,unit_price,Suspiciously low unit price (0.5293981481481481)
2.7122E+15,Low Price,unit_price,Suspiciously low unit price (0.5255717592592593)
100220208299480,Low Price,unit_price,Suspiciously low unit price (0.5379583333333333)
0704202012591920,Low Price,unit_price,Suspiciously low unit price (0.5383194444444445)
2.3112E+15,Low Price,unit_price,Suspiciously low unit price (0.5475856481481481)
230120191159280,Low Price,unit_price,Suspiciously low unit price (0.5262725694444444)
9326495379,Low Price,unit_price,Suspiciously low unit price (0.64)
8849884862,Low Price,unit_price,Suspiciously low unit price (0.66)
9456534851,Low Price,unit_price,Suspiciously low unit price (0.66)
1046881293,Low Price,unit_price,Suspiciously low unit price (0.7)
0696121327,Low Price,unit_price,Suspiciously low unit price (1.04)
0611202029126959,Low Price,unit_price,Suspiciously low unit price (0.88)
1323951048,Low Price,unit_price,Suspiciously low unit price (1.1)
3755134597,Low Price,unit_price,Suspiciously low unit price (1.01)
1119974365,Low Price,unit_price,Suspiciously low unit price (1.1054861111111112)
1116042710,Low Price,unit_price,Suspiciously low unit price (1.15)
8484588350,Low Price,unit_price,Suspiciously low unit price (1.020520833333333)
270320195967400,Low Price,unit_price,Suspiciously low unit price (0.8484583333333333)
1.9062E+15,Low Price,unit_price,Suspiciously low unit price (0.8429166666666666)
1043379428,Low Price,unit_price,Suspiciously low unit price (0.9025173611111112)
1043177478,Low Price,unit_price,Suspiciously low unit price (1.0625086805555557)
1094702426,Low Price,unit_price,Suspiciously low unit price (1.02)
1053758927,Low Price,unit_price,Suspiciously low unit price (0.9112986111111112)
0704202012591926,Low Price,unit_price,Suspiciously low unit price (0.8488888888888889)
1.2072E+15,Low Price,unit_price,Suspiciously low unit price (0.8308333333333334)
2.3112E+15,Low Price,unit_price,Suspiciously low unit price (0.8635)
2.1082E+15,Low Price,unit_price,Suspiciously low unit price (0.8337962962962963)
2.7122E+15,Low Price,unit_price,Suspiciously low unit price (0.8287847222222223)
100220208299480,Low Price,unit_price,Suspiciously low unit price (0.8483159722222223)
230120191159280,Low Price,unit_price,Suspiciously low unit price (0.8298749999999999)
2.5062E+15,Low Price,unit_price,Suspiciously low unit price (0.82875)
9456534845,Low Price,unit_price,Suspiciously low unit price (1.03)
9456534838,Low Price,unit_price,Suspiciously low unit price (1.03)
0696121319,Low Price,unit_price,Suspiciously low unit price (1.04)
1323951051,Low Price,unit_price,Suspiciously low unit price (1.1)
8484588347,Low Price,unit_price,Suspiciously low unit price (1.0205121527777778)
3755134595,Low Price,unit_price,Suspiciously low unit price (1.01)
1101101126,Low Price,unit_price,Suspiciously low unit price (1.1054861111111112)
1025527247,Low Price,unit_price,Suspiciously low unit price (1.02)
1088118125,Low Price,unit_price,Suspiciously low unit price (0.9112986111111112)
0704202012591928,Low Price,unit_price,Suspiciously low unit price (0.8488749999999999)
1468027908,Low Price,unit_price,Suspiciously low unit price (1.11425)
1440797132,Low Price,unit_price,Suspiciously low unit price (0.9025138888888888)
1051688229,Low Price,unit_price,Suspiciously low unit price (1.062513888888889)
2.3112E+15,Low Price,unit_price,Suspiciously low unit price (0.8635)
9326495374,Low Price,unit_price,Suspiciously low unit price (1.04)
8849884859,Low Price,unit_price,Suspiciously low unit price (1.03)
9456534837,Low Price,unit_price,Suspiciously low unit price (1.03)
1419890482,Low Price,unit_price,Suspiciously low unit price (0.6681597222222222)
1419923079,Low Price,unit_price,Suspiciously low unit price (0.66703125)
0696121332,Low Price,unit_price,Suspiciously low unit price (0.67)
0611202029126952,Low Price,unit_price,Suspiciously low unit price (0.56)
1323951049,Low Price,unit_price,Suspiciously low unit price (0.67)
9200670101,Low Price,unit_price,Suspiciously low unit price (0.67)
9202244731,Low Price,unit_price,Suspiciously low unit price (0.6633912037037037)
3755134590,Low Price,unit_price,Suspiciously low unit price (0.6393645833333333)
3755134612,Low Price,unit_price,Suspiciously low unit price (0.633249007936508)
9202145599,Low Price,unit_price,Suspiciously low unit price (0.6695882936507938)
8484588310,Low Price,unit_price,Suspiciously low unit price (0.5259513888888889)
8484588337,Low Price,unit_price,Suspiciously low unit price (0.6451574074074073)
7854958511,Low Price,unit_price,Suspiciously low unit price (0.6263981481481481)
1004018749,Low Price,unit_price,Suspiciously low unit price (0.6988773148148149)
1020734964,Low Price,unit_price,Suspiciously low unit price (0.7248981481481481)
9457038514,Low Price,unit_price,Suspiciously low unit price (0.6392397660818714)
1.9062E+15,Low Price,unit_price,Suspiciously low unit price (0.5345402298850574)
270320195967400,Low Price,unit_price,Suspiciously low unit price (0.5380473372781065)
1.2072E+15,Low Price,unit_price,Suspiciously low unit price (0.526875)
1197632947,Low Price,unit_price,Suspiciously low unit price (0.7044174382716049)
1121280608,Low Price,unit_price,Suspiciously low unit price (0.6476475694444445)
1184403305,Low Price,unit_price,Suspiciously low unit price (0.5778993055555556)
1069843727,Low Price,unit_price,Suspiciously low unit price (0.671703869047619)
1308606596,Low Price,unit_price,Suspiciously low unit price (0.5723310185185184)
1167044617,Low Price,unit_price,Suspiciously low unit price (0.6813001543209877)
0306201918967385,Low Price,unit_price,Suspiciously low unit price (0.5314149305555556)
170920192528720,Low Price,unit_price,Suspiciously low unit price (0.5270789930555556)
0411201916059264,Low Price,unit_price,Suspiciously low unit price (0.529396701388889)
2.5062E+15,Low Price,unit_price,Suspiciously low unit price (0.5255555555555556)
071020195973779,Low Price,unit_price,Suspiciously low unit price (0.5273003472222222)
2.1082E+15,Low Price,unit_price,Suspiciously low unit price (0.5287472222222223)
100220208299470,Low Price,unit_price,Suspiciously low unit price (0.5379583333333333)
0704202012591932,Low Price,unit_price,Suspiciously low unit price (0.5383194444444445)
2.3112E+15,Low Price,unit_price,Suspiciously low unit price (0.5475856481481481)
230120191159290,Low Price,unit_price,Suspiciously low unit price (0.5262725694444444)
2.7122E+15,Low Price,unit_price,Suspiciously low unit price (0.5255729166666667)
9326495371,Low Price,unit_price,Suspiciously low unit price (0.64)
9456534839,Low Price,unit_price,Suspiciously low unit price (0.66)
1046881294,Low Price,unit_price,Suspiciously low unit price (0.7)
0704202012591930,Low Price,unit_price,Suspiciously low unit price (1.3250833333333332)
1419923080,Low Price,unit_price,Suspiciously low unit price (0.8732060185185185)
1419890483,Low Price,unit_price,Suspiciously low unit price (0.8746875000000001)
0696121324,Low Price,unit_price,Suspiciously low unit price (0.87)
0611202029126953,Low Price,unit_price,Suspiciously low unit price (0.73)
1323951055,Low Price,unit_price,Suspiciously low unit price (0.94)
9200670097,Low Price,unit_price,Suspiciously low unit price (0.87)
9202145602,Low Price,unit_price,Suspiciously low unit price (0.876547619047619)
9202244728,Low Price,unit_price,Suspiciously low unit price (0.8684418402777778)
9705539995,Low Price,unit_price,Suspiciously low unit price (0.8270963541666667)
8484588324,Low Price,unit_price,Suspiciously low unit price (0.7207083333333333)
8484588336,Low Price,unit_price,Suspiciously low unit price (0.8445694444444445)
3755134603,Low Price,unit_price,Suspiciously low unit price (0.8369895833333334)
7854958512,Low Price,unit_price,Suspiciously low unit price (0.820011574074074)
1049668278,Low Price,unit_price,Suspiciously low unit price (0.9489583333333332)
9457038512,Low Price,unit_price,Suspiciously low unit price (0.8368220029239767)
1077433170,Low Price,unit_price,Suspiciously low unit price (0.9148940972222224)
3755134610,Low Price,unit_price,Suspiciously low unit price (0.8289800347222221)
1.9062E+15,Low Price,unit_price,Suspiciously low unit price (0.6990155677655678)
270320195967400,Low Price,unit_price,Suspiciously low unit price (0.7036026077097506)
1114067420,Low Price,unit_price,Suspiciously low unit price (0.8793194444444444)
1025292498,Low Price,unit_price,Suspiciously low unit price (0.9221458333333332)
1077428581,Low Price,unit_price,Suspiciously low unit price (0.8478298611111111)
1039026405,Low Price,unit_price,Suspiciously low unit price (0.8918807870370371)
1075770681,Low Price,unit_price,Suspiciously low unit price (0.7557142857142857)
1.2072E+15,Low Price,unit_price,Suspiciously low unit price (0.6889884259259259)
1316512148,Low Price,unit_price,Suspiciously low unit price (0.7484351851851851)
0306201918967386,Low Price,unit_price,Suspiciously low unit price (0.6949305555555555)
170920192528720,Low Price,unit_price,Suspiciously low unit price (0.6892578125)
0411201916059265,Low Price,unit_price,Suspiciously low unit price (0.6922873263888889)
2.5062E+15,Low Price,unit_price,Suspiciously low unit price (0.6872638888888889)
2.1082E+15,Low Price,unit_price,Suspiciously low unit price (0.6914388888888888)
100220208299460,Low Price,unit_price,Suspiciously low unit price (0.7034814814814815)
0704202012591922,Low Price,unit_price,Suspiciously low unit price (0.7039560185185185)
2.3112E+15,Low Price,unit_price,Suspiciously low unit price (0.7160717592592593)
071020195973765,Low Price,unit_price,Suspiciously low unit price (0.68953125)
230120191159290,Low Price,unit_price,Suspiciously low unit price (0.688203125)
2.7122E+15,Low Price,unit_price,Suspiciously low unit price (0.6872864583333333)
9326495384,Low Price,unit_price,Suspiciously low unit price (0.83)
9456534840,Low Price,unit_price,Suspiciously low unit price (0.86)
1046881295,Low Price,unit_price,Suspiciously low unit price (0.92)
0696121321,Low Price,unit_price,Suspiciously low unit price (1.52)
0611202029126961,Low Price,unit_price,Suspiciously low unit price (1.38)
1323951052,Low Price,unit_price,Suspiciously low unit price (1.65)
3755134600,Low Price,unit_price,Suspiciously low unit price (1.49)
8484588348,Low Price,unit_price,Suspiciously low unit price (1.5014583333333331)
1200866036,Low Price,unit_price,Suspiciously low unit price (1.639361111111111)
1016100572,Low Price,unit_price,Suspiciously low unit price (1.563236111111111)
1049617908,Low Price,unit_price,Suspiciously low unit price (1.59)
9326495382,Low Price,unit_price,Suspiciously low unit price (1.65)
9456534846,Low Price,unit_price,Suspiciously low unit price (1.5)
1046881273,Low Price,unit_price,Suspiciously low unit price (1.63)
1419923081,Low Price,unit_price,Suspiciously low unit price (0.6670312500000001)
1419890485,Low Price,unit_price,Suspiciously low unit price (0.6681626157407408)
9202244729,Low Price,unit_price,Suspiciously low unit price (0.6633912037037036)
9457038509,Low Price,unit_price,Suspiciously low unit price (0.6392395833333333)
8484588326,Low Price,unit_price,Suspiciously low unit price (0.5259513888888889)
1124170925,Low Price,unit_price,Suspiciously low unit price (0.7248988095238095)
3755134611,Low Price,unit_price,Suspiciously low unit price (0.6332492690058479)
8484588341,Low Price,unit_price,Suspiciously low unit price (0.6451579861111111)
7854958523,Low Price,unit_price,Suspiciously low unit price (0.6263975694444445)
1085696884,Low Price,unit_price,Suspiciously low unit price (0.6988777777777778)
3755134594,Low Price,unit_price,Suspiciously low unit price (0.6393675595238095)
1466262665,Low Price,unit_price,Suspiciously low unit price (0.7044184027777777)
1287623613,Low Price,unit_price,Suspiciously low unit price (0.5723325163398693)
1112139317,Low Price,unit_price,Suspiciously low unit price (0.6476485339506173)
1020086388,Low Price,unit_price,Suspiciously low unit price (0.6717050438596491)
1029452699,Low Price,unit_price,Suspiciously low unit price (0.5778990384615385)
1049231789,Low Price,unit_price,Suspiciously low unit price (0.6812988683127572)
100220208299480,Low Price,unit_price,Suspiciously low unit price (0.5379548611111111)
0704202012591918,Low Price,unit_price,Suspiciously low unit price (0.5383194444444445)
2.3112E+15,Low Price,unit_price,Suspiciously low unit price (0.5475833333333333)
0696121320,Low Price,unit_price,Suspiciously low unit price (0.87)
0611202029126958,Low Price,unit_price,Suspiciously low unit price (0.73)
1323951043,Low Price,unit_price,Suspiciously low unit price (0.94)
9200670102,Low Price,unit_price,Suspiciously low unit price (0.87)
9202145600,Low Price,unit_price,Suspiciously low unit price (0.8765538194444444)
1007641610,Low Price,unit_price,Suspiciously low unit price (0.9148871527777778)
8484588312,Low Price,unit_price,Suspiciously low unit price (0.7207083333333333)
8484588335,Low Price,unit_price,Suspiciously low unit price (0.8445694444444445)
3755134591,Low Price,unit_price,Suspiciously low unit price (0.8369895833333334)
1124999931,Low Price,unit_price,Suspiciously low unit price (0.9489583333333332)
9457038511,Low Price,unit_price,Suspiciously low unit price (0.8368220029239767)
3755134608,Low Price,unit_price,Suspiciously low unit price (0.8289800347222221)
1.9062E+15,Low Price,unit_price,Suspiciously low unit price (0.6990120967741936)
270320195967400,Low Price,unit_price,Suspiciously low unit price (0.7036021505376344)
1038007726,Low Price,unit_price,Suspiciously low unit price (0.8478298611111111)
1183920067,Low Price,unit_price,Suspiciously low unit price (0.9221458333333332)
1533414678,Low Price,unit_price,Suspiciously low unit price (0.7484340277777777)
1.2072E+15,Low Price,unit_price,Suspiciously low unit price (0.6889884259259259)
170920192528720,Low Price,unit_price,Suspiciously low unit price (0.6892534722222222)
0411201916059269,Low Price,unit_price,Suspiciously low unit price (0.692282986111111)
0306201918967387,Low Price,unit_price,Suspiciously low unit price (0.6949305555555556)
2.5062E+15,Low Price,unit_price,Suspiciously low unit price (0.6872638888888889)
230120191159290,Low Price,unit_price,Suspiciously low unit price (0.6882031249999999)
100220208299470,Low Price,unit_price,Suspiciously low unit price (0.7034809027777778)
0704202012591935,Low Price,unit_price,Suspiciously low unit price (0.7039539930555556)
2.3112E+15,Low Price,unit_price,Suspiciously low unit price (0.7160720486111111)
2.1082E+15,Low Price,unit_price,Suspiciously low unit price (0.6914374999999999)
2.7122E+15,Low Price,unit_price,Suspiciously low unit price (0.6872858796296297)
071020195973776,Low Price,unit_price,Suspiciously low unit price (0.68953125)
9326495373,Low Price,unit_price,Suspiciously low unit price (0.83)
9456534847,Low Price,unit_price,Suspiciously low unit price (0.86)
1046881287,Low Price,unit_price,Suspiciously low unit price (0.92)
1419923076,Low Price,unit_price,Suspiciously low unit price (0.6670324074074074)
1419890481,Low Price,unit_price,Suspiciously low unit price (0.6681643518518519)
0696121325,Low Price,unit_price,Suspiciously low unit price (0.67)
0611202029126956,Low Price,unit_price,Suspiciously low unit price (0.56)
1323951047,Low Price,unit_price,Suspiciously low unit price (0.67)
9200670098,Low Price,unit_price,Suspiciously low unit price (0.67)
8484588309,Low Price,unit_price,Suspiciously low unit price (0.5259513888888889)
9202244733,Low Price,unit_price,Suspiciously low unit price (0.6633912037037036)
1136515624,Low Price,unit_price,Suspiciously low unit price (0.7248988095238095)
9202145603,Low Price,unit_price,Suspiciously low unit price (0.6695871913580247)
8484588343,Low Price,unit_price,Suspiciously low unit price (0.6451579861111111)
7854958517,Low Price,unit_price,Suspiciously low unit price (0.6263975694444445)
3755134614,Low Price,unit_price,Suspiciously low unit price (0.6332494212962964)
9457038518,Low Price,unit_price,Suspiciously low unit price (0.6392402777777777)
1106080174,Low Price,unit_price,Suspiciously low unit price (0.6988777777777778)
3755134588,Low Price,unit_price,Suspiciously low unit price (0.6393669871794871)
1.9062E+15,Low Price,unit_price,Suspiciously low unit price (0.5345414046121593)
270320195967400,Low Price,unit_price,Suspiciously low unit price (0.5380473484848485)
1126399698,Low Price,unit_price,Suspiciously low unit price (0.7044184027777777)
1225041151,Low Price,unit_price,Suspiciously low unit price (0.5723315972222223)
1103519714,Low Price,unit_price,Suspiciously low unit price (0.6717048611111112)
1005731669,Low Price,unit_price,Suspiciously low unit price (0.6476500496031745)
1230403922,Low Price,unit_price,Suspiciously low unit price (0.5778991228070175)
1073070746,Low Price,unit_price,Suspiciously low unit price (0.6812988281250001)
0306201918967252,Low Price,unit_price,Suspiciously low unit price (0.5314166666666666)
0411201916059262,Low Price,unit_price,Suspiciously low unit price (0.5293958333333334)
230120191159290,Low Price,unit_price,Suspiciously low unit price (0.5262731481481482)
2.5062E+15,Low Price,unit_price,Suspiciously low unit price (0.5255555555555556)
170920192528730,Low Price,unit_price,Suspiciously low unit price (0.5270810185185185)
2.7122E+15,Low Price,unit_price,Suspiciously low unit price (0.5255717592592593)
100220208299470,Low Price,unit_price,Suspiciously low unit price (0.5379583333333333)
0704202012591929,Low Price,unit_price,Suspiciously low unit price (0.5383200757575758)
2.3112E+15,Low Price,unit_price,Suspiciously low unit price (0.5475852272727273)
071020195973772,Low Price,unit_price,Suspiciously low unit price (0.5273003472222222)
9326495383,Low Price,unit_price,Suspiciously low unit price (0.64)
8849884857,Low Price,unit_price,Suspiciously low unit price (0.66)
9456534848,Low Price,unit_price,Suspiciously low unit price (0.66)
1046881290,Low Price,unit_price,Suspiciously low unit price (0.7)
0696121329,Low Price,unit_price,Suspiciously low unit price (0.87)
0611202029126957,Low Price,unit_price,Suspiciously low unit price (0.73)
1323951044,Low Price,unit_price,Suspiciously low unit price (0.88)
9200670103,Low Price,unit_price,Suspiciously low unit price (0.87)
3755134598,Low Price,unit_price,Suspiciously low unit price (0.8369890873015873)
8484588340,Low Price,unit_price,Suspiciously low unit price (0.8445694444444445)
1092022197,Low Price,unit_price,Suspiciously low unit price (0.9489583333333332)
9457038510,Low Price,unit_price,Suspiciously low unit price (0.8368229166666667)
1117905088,Low Price,unit_price,Suspiciously low unit price (0.9148940972222224)
3755134606,Low Price,unit_price,Suspiciously low unit price (0.8289800347222221)
1.9062E+15,Low Price,unit_price,Suspiciously low unit price (0.6990156249999999)
270320195967400,Low Price,unit_price,Suspiciously low unit price (0.7036015519568151)
1054693846,Low Price,unit_price,Suspiciously low unit price (0.7557152777777778)
1027859635,Low Price,unit_price,Suspiciously low unit price (0.8478263888888888)
1261520569,Low Price,unit_price,Suspiciously low unit price (0.9221458333333334)
1015444584,Low Price,unit_price,Suspiciously low unit price (0.7484340277777777)
1144123360,Low Price,unit_price,Suspiciously low unit price (0.8918819444444444)
1.2072E+15,Low Price,unit_price,Suspiciously low unit price (0.6889884259259259)
1125049695,Low Price,unit_price,Suspiciously low unit price (0.8793217592592593)
170920192528720,Low Price,unit_price,Suspiciously low unit price (0.6892534722222222)
2.5062E+15,Low Price,unit_price,Suspiciously low unit price (0.6872638888888889)
230120191159290,Low Price,unit_price,Suspiciously low unit price (0.6882031249999999)
2.7122E+15,Low Price,unit_price,Suspiciously low unit price (0.6872873263888889)
100220208299460,Low Price,unit_price,Suspiciously low unit price (0.7034809027777778)
0704202012591931,Low Price,unit_price,Suspiciously low unit price (0.7039539930555556)
2.3112E+15,Low Price,unit_price,Suspiciously low unit price (0.7160720486111111)
0306201918967253,Low Price,unit_price,Suspiciously low unit price (0.6949305555555556)
2.1082E+15,Low Price,unit_price,Suspiciously low unit price (0.6914374999999999)
071020195973771,Low Price,unit_price,Suspiciously low unit price (0.68953125)
0411201916059268,Low Price,unit_price,Suspiciously low unit price (0.6922916666666666)
9326495378,Low Price,unit_price,Suspiciously low unit price (0.83)
8849884868,Low Price,unit_price,Suspiciously low unit price (0.85)
9456534844,Low Price,unit_price,Suspiciously low unit price (0.86)
1046881285,Low Price,unit_price,Suspiciously low unit price (0.92)
0611202029126950,Low Price,unit_price,Suspiciously low unit price (8.39)
3461851655,Low Price,unit_price,Suspiciously low unit price (0.94)
1077881572,Low Price,unit_price,Suspiciously low unit price (1.07)
1201948585,Low Price,unit_price,Suspiciously low unit price (0.9)
0236184488,Low Price,unit_price,Suspiciously low unit price (0.93)
1027698061,Low Price,unit_price,Suspiciously low unit price (1.0001909722222222)
1877342503,Low Price,unit_price,Suspiciously low unit price (1.0001909722222222)
0831654310,Low Price,unit_price,Suspiciously low unit price (0.91)
3461851650,Low Price,unit_price,Suspiciously low unit price (0.66)
1001609465,Low Price,unit_price,Suspiciously low unit price (0.76)
1161515615,Low Price,unit_price,Suspiciously low unit price (0.63)
0236184489,Low Price,unit_price,Suspiciously low unit price (0.66)
1778321374,Low Price,unit_price,Suspiciously low unit price (0.705272988505747)
1408873332,Low Price,unit_price,Suspiciously low unit price (0.705272988505747)
3461851647,Low Price,unit_price,Suspiciously low unit price (0.94)
1058505283,Low Price,unit_price,Suspiciously low unit price (1.07)
1103620992,Low Price,unit_price,Suspiciously low unit price (0.9)
0236184490,Low Price,unit_price,Suspiciously low unit price (0.93)
0831654311,Low Price,unit_price,Suspiciously low unit price (0.91)
3461851645,Low Price,unit_price,Suspiciously low unit price (0.94)
1058881571,Low Price,unit_price,Suspiciously low unit price (1.07)
1316169527,Low Price,unit_price,Suspiciously low unit price (0.8979444444444444)
0236184491,Low Price,unit_price,Suspiciously low unit price (0.93)
1939439034,Low Price,unit_price,Suspiciously low unit price (1.0001909722222222)
1081660527,Low Price,unit_price,Suspiciously low unit price (1.0001909722222222)
0831654304,Low Price,unit_price,Suspiciously low unit price (0.91)
0831654301,Low Price,unit_price,Suspiciously low unit price (0.64)
3461851652,Low Price,unit_price,Suspiciously low unit price (0.66)
1052127054,Low Price,unit_price,Suspiciously low unit price (0.76)
1069342578,Low Price,unit_price,Suspiciously low unit price (0.63)
0236184492,Low Price,unit_price,Suspiciously low unit price (0.66)
1814550968,Low Price,unit_price,Suspiciously low unit price (0.7052741228070176)
1451881302,Low Price,unit_price,Suspiciously low unit price (0.7052741228070176)
3461851646,Low Price,unit_price,Suspiciously low unit price (1.04)
1118891970,Low Price,unit_price,Suspiciously low unit price (1.2)
1840714227,Low Price,unit_price,Suspiciously low unit price (1.0015555555555555)
0236184493,Low Price,unit_price,Suspiciously low unit price (1.03)
0831654303,Low Price,unit_price,Suspiciously low unit price (1.01)
0831654309,Low Price,unit_price,Suspiciously low unit price (0.64)
1092071391,Low Price,unit_price,Suspiciously low unit price (0.76)
0236184494,Low Price,unit_price,Suspiciously low unit price (0.66)
1075465839,Low Price,unit_price,Suspiciously low unit price (0.7052740384615385)
1600298922,Low Price,unit_price,Suspiciously low unit price (0.7052740384615385)
3461851656,Low Price,unit_price,Suspiciously low unit price (1.04)
1151261497,Low Price,unit_price,Suspiciously low unit price (1.0015555555555555)
0236184495,Low Price,unit_price,Suspiciously low unit price (1.03)
1389095214,Low Price,unit_price,Suspiciously low unit price (1.009659090909091)
0236184496,Low Price,unit_price,Suspiciously low unit price (1.03)
3461851648,Low Price,unit_price,Suspiciously low unit price (0.66)
1003049446,Low Price,unit_price,Suspiciously low unit price (0.76)
1024865192,Low Price,unit_price,Suspiciously low unit price (0.63)
0236184497,Low Price,unit_price,Suspiciously low unit price (0.66)
0831654307,Low Price,unit_price,Suspiciously low unit price (0.84)
3461851651,Low Price,unit_price,Suspiciously low unit price (0.86)
1031777953,Low Price,unit_price,Suspiciously low unit price (0.99)
1859030572,Low Price,unit_price,Suspiciously low unit price (0.83)
0236184498,Low Price,unit_price,Suspiciously low unit price (0.86)
1870899752,Low Price,unit_price,Suspiciously low unit price (0.9232619047619048)
1730320752,Low Price,unit_price,Suspiciously low unit price (0.9232619047619048)
0236184499,Low Price,unit_price,Suspiciously low unit price (1.5)
0831654308,Low Price,unit_price,Suspiciously low unit price (1.49)
0831654306,Low Price,unit_price,Suspiciously low unit price (0.84)
3461851653,Low Price,unit_price,Suspiciously low unit price (0.86)
1117448281,Low Price,unit_price,Suspiciously low unit price (0.99)
1795393625,Low Price,unit_price,Suspiciously low unit price (0.83)
0236184500,Low Price,unit_price,Suspiciously low unit price (0.86)
1861238712,Low Price,unit_price,Suspiciously low unit price (0.9232638888888888)
1742129357,Low Price,unit_price,Suspiciously low unit price (0.9232638888888888)
0236184501,Low Price,unit_price,Suspiciously low unit price (9.0)
1095729939,Low Price,unit_price,Suspiciously low unit price (13.116652777777777)
0236184487,Low Price,unit_price,Suspiciously low unit price (0.66)
1072599718,Low Price,unit_price,Suspiciously low unit price (0.76)
1503823792,Low Price,unit_price,Suspiciously low unit price (0.7052738095238095)
1725915261,Low Price,unit_price,Suspiciously low unit price (0.7052738095238095)
0831654305,Low Price,unit_price,Suspiciously low unit price (0.84)
3461851649,Low Price,unit_price,Suspiciously low unit price (0.86)
1018734324,Low Price,unit_price,Suspiciously low unit price (0.99)
1525196114,Low Price,unit_price,Suspiciously low unit price (0.83)
0236184502,Low Price,unit_price,Suspiciously low unit price (0.86)
1188866557,Low Price,unit_price,Suspiciously low unit price (0.9232638888888888)
1492362989,Low Price,unit_price,Suspiciously low unit price (0.9232638888888888)
0831654302,Low Price,unit_price,Suspiciously low unit price (9.06)
6979154131,Low Price,unit_price,Suspiciously low unit price (0.9926388888888888)
6979154132,Low Price,unit_price,Suspiciously low unit price (0.7088690476190476)
6979154133,Low Price,unit_price,Suspiciously low unit price (0.992640625)
6979154134,Low Price,unit_price,Suspiciously low unit price (0.992638888888889)
6979154135,Low Price,unit_price,Suspiciously low unit price (0.7088683333333333)
6979154136,Low Price,unit_price,Suspiciously low unit price (1.103675)
6979154137,Low Price,unit_price,Suspiciously low unit price (0.70886875)
6979154138,Low Price,unit_price,Suspiciously low unit price (1.1036805555555556)
6979154139,Low Price,unit_price,Suspiciously low unit price (1.1036666666666666)
6979154140,Low Price,unit_price,Suspiciously low unit price (0.7088680555555555)
6979154141,Low Price,unit_price,Suspiciously low unit price (0.918613425925926)
6979154142,Low Price,unit_price,Suspiciously low unit price (1.6076041666666667)
6979154143,Low Price,unit_price,Suspiciously low unit price (0.918613888888889)
6979154144,Low Price,unit_price,Suspiciously low unit price (0.7088690476190476)
6979154145,Low Price,unit_price,Suspiciously low unit price (0.9186111111111112)
7854958528,Low Price,unit_price,Suspiciously low unit price (0.820011574074074)
7854958531,Low Price,unit_price,Suspiciously low unit price (0.820011574074074)
3.0052E+15,Low Price,unit_price,Suspiciously low unit price (0.7346990740740741)
3.0052E+15,Low Price,unit_price,Suspiciously low unit price (0.7346990740740741)
3.0052E+15,Low Price,unit_price,Suspiciously low unit price (0.7346990740740741)
3.0052E+15,Low Price,unit_price,Suspiciously low unit price (0.5233333333333333)
3.0052E+15,Low Price,unit_price,Suspiciously low unit price (0.8252777777777779)
3.0052E+15,Low Price,unit_price,Suspiciously low unit price (0.8252777777777779)
3.0052E+15,Low Price,unit_price,Suspiciously low unit price (0.523349358974359)
3.0052E+15,Low Price,unit_price,Suspiciously low unit price (0.8252916666666666)
3.0052E+15,Low Price,unit_price,Suspiciously low unit price (0.523349358974359)
3.0052E+15,Low Price,unit_price,Suspiciously low unit price (0.6843782051282052)
3.0052E+15,Low Price,unit_price,Suspiciously low unit price (0.6843782051282052)
3.0052E+15,Low Price,unit_price,Suspiciously low unit price (0.6843777777777779)
1168647403,Low Price,unit_price,Suspiciously low unit price (0.83)
1109431220,Low Price,unit_price,Suspiciously low unit price (0.59)
1100120648,Low Price,unit_price,Suspiciously low unit price (0.83)
1180916348,Low Price,unit_price,Suspiciously low unit price (0.83)
1141576015,Low Price,unit_price,Suspiciously low unit price (0.59)
1099881164,Low Price,unit_price,Suspiciously low unit price (0.93)
1050880318,Low Price,unit_price,Suspiciously low unit price (0.59)
1040293892,Low Price,unit_price,Suspiciously low unit price (0.93)
1131293847,Low Price,unit_price,Suspiciously low unit price (0.59)
1029272795,Low Price,unit_price,Suspiciously low unit price (0.77)
1056634905,Low Price,unit_price,Suspiciously low unit price (1.45)
1111364553,Low Price,unit_price,Suspiciously low unit price (0.77)
1016268081,Low Price,unit_price,Suspiciously low unit price (0.59)
1033341812,Low Price,unit_price,Suspiciously low unit price (0.77)
1056188347,Low Price,unit_price,Suspiciously low unit price (6.24)
1.9062E+15,Low Price,unit_price,Suspiciously low unit price (1.43)
1.9062E+15,Low Price,unit_price,Suspiciously low unit price (1.43)
1.9062E+15,Low Price,unit_price,Suspiciously low unit price (1.43)
1.9062E+15,Low Price,unit_price,Suspiciously low unit price (1.43)
170920192528730,Low Price,unit_price,Suspiciously low unit price (45.48)
170920192528720,Low Price,unit_price,Suspiciously low unit price (45.48)
170920192528730,Low Price,unit_price,Suspiciously low unit price (45.48)
170920192528730,Low Price,unit_price,Suspiciously low unit price (45.48)
170920192528730,Low Price,unit_price,Suspiciously low unit price (45.48)
230120191159290,Low Price,unit_price,Suspiciously low unit price (36.23166666666666)
230120191159300,Low Price,unit_price,Suspiciously low unit price (36.23)
230120191159300,Low Price,unit_price,Suspiciously low unit price (36.23)
230120191159300,Low Price,unit_price,Suspiciously low unit price (36.23)
3.0052E+15,Low Price,unit_price,Suspiciously low unit price (26.1675)
3.0052E+15,Low Price,unit_price,Suspiciously low unit price (26.1675)
3.0052E+15,Low Price,unit_price,Suspiciously low unit price (26.096944444444446)
3.0052E+15,Low Price,unit_price,Suspiciously low unit price (26.1675)
3.0052E+15,Low Price,unit_price,Suspiciously low unit price (26.1675)
3.0052E+15,Low Price,unit_price,Suspiciously low unit price (26.1675)
270320195967400,Low Price,unit_price,Suspiciously low unit price (8.070708333333334)
1.9062E+15,Low Price,unit_price,Suspiciously low unit price (8.018118686868688)
0107201922234715,Low Price,unit_price,Suspiciously low unit price (7.909833333333333)
0107201922234717,Low Price,unit_price,Suspiciously low unit price (7.909833333333333)
0107201922234716,Low Price,unit_price,Suspiciously low unit price (7.909833333333333)
1.2072E+15,Low Price,unit_price,Suspiciously low unit price (7.903118055555556)
0306201918967254,Low Price,unit_price,Suspiciously low unit price (7.971270833333333)
2.5062E+15,Low Price,unit_price,Suspiciously low unit price (7.8833472222222225)
170920192528730,Low Price,unit_price,Suspiciously low unit price (7.906223958333332)
071020195973769,Low Price,unit_price,Suspiciously low unit price (7.909513888888889)
2.1082E+15,Low Price,unit_price,Suspiciously low unit price (7.931229166666666)
1127211614,Low Price,unit_price,Suspiciously low unit price (8.584993055555556)
8484588349,Low Price,unit_price,Suspiciously low unit price (9.149513888888889)
1175123053,Low Price,unit_price,Suspiciously low unit price (8.6685)
1028207869,Low Price,unit_price,Suspiciously low unit price (9.525998263888887)
1014733309,Low Price,unit_price,Suspiciously low unit price (9.184854166666668)
1040687087,Low Price,unit_price,Suspiciously low unit price (9.662069444444445)
1117236788,Low Price,unit_price,Suspiciously low unit price (9.989944444444443)
8484588325,Low Price,unit_price,Suspiciously low unit price (8.92348611111111)
1106284962,Low Price,unit_price,Suspiciously low unit price (9.911368055555556)
1036183537,Low Price,unit_price,Suspiciously low unit price (10.280381944444445)
9457038526,Low Price,unit_price,Suspiciously low unit price (9.065592592592592)
7854958527,Low Price,unit_price,Suspiciously low unit price (8.883467592592593)
3755134609,Low Price,unit_price,Suspiciously low unit price (8.980625)
3755134599,Low Price,unit_price,Suspiciously low unit price (9.067393518518518)
0411201916059266,Low Price,unit_price,Suspiciously low unit price (7.940979166666667)
100220208299470,Low Price,unit_price,Suspiciously low unit price (8.069369212962963)
0704202012591927,Low Price,unit_price,Suspiciously low unit price (8.074797453703704)
2.3112E+15,Low Price,unit_price,Suspiciously low unit price (8.21379050925926)
2.7122E+15,Low Price,unit_price,Suspiciously low unit price (7.883585069444444)
230120191159300,Low Price,unit_price,Suspiciously low unit price (7.894104166666667)
0605201914792154,Low Price,unit_price,Suspiciously low unit price (0.7993750000000001)
1175842421,Low Price,unit_price,Suspiciously low unit price (0.9326604938271604)
0509202023025647,Low Price,unit_price,Suspiciously low unit price (0.5692833333333334)
1.9032E+15,Low Price,unit_price,Suspiciously low unit price (0.6683630952380952)
0605201914792153,Low Price,unit_price,Suspiciously low unit price (0.744625468164794)
0509202023025645,Low Price,unit_price,Suspiciously low unit price (0.4781979166666666)
1050898865,Low Price,unit_price,Suspiciously low unit price (0.8609166666666667)
1.9032E+15,Low Price,unit_price,Suspiciously low unit price (0.556968253968254)
0605201914792152,Low Price,unit_price,Suspiciously low unit price (0.5694212962962962)
0509202023025641,Low Price,unit_price,Suspiciously low unit price (0.3757284946236559)
1.9032E+15,Low Price,unit_price,Suspiciously low unit price (0.45)
1033951194,Low Price,unit_price,Suspiciously low unit price (0.6576456043956044)
0509202023025646,Low Price,unit_price,Suspiciously low unit price (0.4782159090909091)
1.9032E+15,Low Price,unit_price,Suspiciously low unit price (6.683619791666668)
0509202023025648,Low Price,unit_price,Suspiciously low unit price (3.4157083333333333)
3753753214,Low Price,unit_price,Suspiciously low unit price (0.95)
3463223424,Low Price,unit_price,Suspiciously low unit price (0.93)
1046902328,Low Price,unit_price,Suspiciously low unit price (0.93)
7993166363,Low Price,unit_price,Suspiciously low unit price (0.98)
7993402042,Low Price,unit_price,Suspiciously low unit price (0.97)
040320195948800,Low Price,unit_price,Suspiciously low unit price (0.82)
1212201559,Low Price,unit_price,Suspiciously low unit price (0.8889083333333334)
1514228676,Low Price,unit_price,Suspiciously low unit price (1.0402200854700854)
1341726064,Low Price,unit_price,Suspiciously low unit price (1.0)
1388083881,Low Price,unit_price,Suspiciously low unit price (1.0)
1145260644,Low Price,unit_price,Suspiciously low unit price (0.9326388888888888)
0512202032532083,Low Price,unit_price,Suspiciously low unit price (0.8610749999999999)
1123851059,Low Price,unit_price,Suspiciously low unit price (0.942753205128205)
1011006485,Low Price,unit_price,Suspiciously low unit price (0.99)
1015488880,Low Price,unit_price,Suspiciously low unit price (0.9923760162601626)
1170695289,Low Price,unit_price,Suspiciously low unit price (0.93)
3753753221,Low Price,unit_price,Suspiciously low unit price (0.67)
1046902318,Low Price,unit_price,Suspiciously low unit price (0.65)
7993136855,Low Price,unit_price,Suspiciously low unit price (0.69)
7993395570,Low Price,unit_price,Suspiciously low unit price (0.68)
3753753236,Low Price,unit_price,Suspiciously low unit price (0.95)
3463223422,Low Price,unit_price,Suspiciously low unit price (0.93)
1046902327,Low Price,unit_price,Suspiciously low unit price (0.93)
7993155196,Low Price,unit_price,Suspiciously low unit price (0.98)
7993418794,Low Price,unit_price,Suspiciously low unit price (0.97)
3753753213,Low Price,unit_price,Suspiciously low unit price (0.95)
3463223441,Low Price,unit_price,Suspiciously low unit price (0.93)
1046902326,Low Price,unit_price,Suspiciously low unit price (0.93)
7993133869,Low Price,unit_price,Suspiciously low unit price (0.98)
7993402093,Low Price,unit_price,Suspiciously low unit price (0.97)
3753753220,Low Price,unit_price,Suspiciously low unit price (0.67)
1046902316,Low Price,unit_price,Suspiciously low unit price (0.65)
7993159359,Low Price,unit_price,Suspiciously low unit price (0.69)
7993402043,Low Price,unit_price,Suspiciously low unit price (0.68)
3753753229,Low Price,unit_price,Suspiciously low unit price (1.06)
3463223420,Low Price,unit_price,Suspiciously low unit price (1.04)
1046902325,Low Price,unit_price,Suspiciously low unit price (1.03)
7993150627,Low Price,unit_price,Suspiciously low unit price (1.09)
7993398691,Low Price,unit_price,Suspiciously low unit price (1.08)
9705713286,Low Price,unit_price,Suspiciously low unit price (1.02)
1032400272,Low Price,unit_price,Suspiciously low unit price (1.04025)
1105439537,Low Price,unit_price,Suspiciously low unit price (1.03)
040320195948801,Low Price,unit_price,Suspiciously low unit price (0.92)
1088647784,Low Price,unit_price,Suspiciously low unit price (1.1068802083333331)
0512202032532082,Low Price,unit_price,Suspiciously low unit price (0.9672286821705426)
1218427709,Low Price,unit_price,Suspiciously low unit price (0.9984986772486772)
1580573395,Low Price,unit_price,Suspiciously low unit price (1.1602453703703703)
1114472171,Low Price,unit_price,Suspiciously low unit price (1.11)
1077070507,Low Price,unit_price,Suspiciously low unit price (1.0515333333333332)
3753753219,Low Price,unit_price,Suspiciously low unit price (0.67)
1046902330,Low Price,unit_price,Suspiciously low unit price (0.65)
7993155197,Low Price,unit_price,Suspiciously low unit price (0.69)
7993402510,Low Price,unit_price,Suspiciously low unit price (0.68)
3753753211,Low Price,unit_price,Suspiciously low unit price (1.06)
3463223421,Low Price,unit_price,Suspiciously low unit price (1.04)
1046902317,Low Price,unit_price,Suspiciously low unit price (1.03)
7993150628,Low Price,unit_price,Suspiciously low unit price (1.09)
7993395571,Low Price,unit_price,Suspiciously low unit price (1.08)
1046902311,Low Price,unit_price,Suspiciously low unit price (1.03)
3753753210,Low Price,unit_price,Suspiciously low unit price (0.67)
1046902331,Low Price,unit_price,Suspiciously low unit price (0.65)
7993159360,Low Price,unit_price,Suspiciously low unit price (0.69)
7993418923,Low Price,unit_price,Suspiciously low unit price (0.68)
3753753222,Low Price,unit_price,Suspiciously low unit price (0.87)
1046902319,Low Price,unit_price,Suspiciously low unit price (0.85)
7993133870,Low Price,unit_price,Suspiciously low unit price (0.9)
7993398692,Low Price,unit_price,Suspiciously low unit price (0.9)
040320195948802,Low Price,unit_price,Suspiciously low unit price (0.76)
1200467986,Low Price,unit_price,Suspiciously low unit price (0.8280238095238095)
1040163087,Low Price,unit_price,Suspiciously low unit price (20.885625)
1286883333,Low Price,unit_price,Suspiciously low unit price (0.9602041666666664)
1000155855,Low Price,unit_price,Suspiciously low unit price (0.8608975694444445)
0512202032532088,Low Price,unit_price,Suspiciously low unit price (0.8020972222222222)
1069464074,Low Price,unit_price,Suspiciously low unit price (0.9160394736842106)
7993155198,Low Price,unit_price,Suspiciously low unit price (0.69)
040320195948803,Low Price,unit_price,Suspiciously low unit price (0.58)
1053119475,Low Price,unit_price,Suspiciously low unit price (0.6331961805555556)
0512202032532085,Low Price,unit_price,Suspiciously low unit price (0.6133682170542636)
3753753216,Low Price,unit_price,Suspiciously low unit price (0.87)
3463223426,Low Price,unit_price,Suspiciously low unit price (0.86)
1046902324,Low Price,unit_price,Suspiciously low unit price (0.85)
7993145307,Low Price,unit_price,Suspiciously low unit price (0.9)
7993395572,Low Price,unit_price,Suspiciously low unit price (0.9)
9705713287,Low Price,unit_price,Suspiciously low unit price (9.2)
1046902323,Low Price,unit_price,Suspiciously low unit price (9.26)
7993402044,Low Price,unit_price,Suspiciously low unit price (9.98)
3753753235,Low Price,unit_price,Suspiciously low unit price (0.67)
1046902321,Low Price,unit_price,Suspiciously low unit price (0.65)
7993155199,Low Price,unit_price,Suspiciously low unit price (0.69)
7993418924,Low Price,unit_price,Suspiciously low unit price (0.68)
1326038816,Low Price,unit_price,Suspiciously low unit price (0.7023083333333334)
1163772229,Low Price,unit_price,Suspiciously low unit price (0.6997517006802721)
1065496113,Low Price,unit_price,Suspiciously low unit price (0.7334885416666667)
1156326560,Low Price,unit_price,Suspiciously low unit price (0.7)
1106023718,Low Price,unit_price,Suspiciously low unit price (0.65)
1882967666,Low Price,unit_price,Suspiciously low unit price (0.71)
1677114936,Low Price,unit_price,Suspiciously low unit price (0.71)
3753753215,Low Price,unit_price,Suspiciously low unit price (0.87)
3463223425,Low Price,unit_price,Suspiciously low unit price (0.86)
1046902329,Low Price,unit_price,Suspiciously low unit price (0.85)
7993166364,Low Price,unit_price,Suspiciously low unit price (0.9)
7993402045,Low Price,unit_price,Suspiciously low unit price (0.9)
1165245979,Low Price,unit_price,Suspiciously low unit price (0.85)
1789365215,Low Price,unit_price,Suspiciously low unit price (0.92)
1287358808,Low Price,unit_price,Suspiciously low unit price (0.92)
1082713698,Low Price,unit_price,Suspiciously low unit price (0.91)
3753753218,Low Price,unit_price,Suspiciously low unit price (9.46)
3463223415,Low Price,unit_price,Suspiciously low unit price (9.3)
1097600634,Low Price,unit_price,Suspiciously low unit price (9.911909722222225)
1483808221,Low Price,unit_price,Suspiciously low unit price (10.402194444444444)
1203341327,Low Price,unit_price,Suspiciously low unit price (9.497916666666669)
1823858830,Low Price,unit_price,Suspiciously low unit price (10.012666666666666)
1666347248,Low Price,unit_price,Suspiciously low unit price (10.012666666666666)
1125862608,Low Price,unit_price,Suspiciously low unit price (9.92375)
1161004855,Low Price,unit_price,Suspiciously low unit price (9.25)
040320195948804,Low Price,unit_price,Suspiciously low unit price (8.721041666666666)
7993155495,Low Price,unit_price,Suspiciously low unit price (9.76)
9705713288,Low Price,unit_price,Suspiciously low unit price (0.96)
9705713289,Low Price,unit_price,Suspiciously low unit price (0.85)
9705713290,Low Price,unit_price,Suspiciously low unit price (0.65)
250920192516730,Low Price,unit_price,Suspiciously low unit price (0.7755773809523809)
0512201919228228,Low Price,unit_price,Suspiciously low unit price (0.7727343750000001)
1.1072E+15,Low Price,unit_price,Suspiciously low unit price (0.7960175438596492)
250920192516720,Low Price,unit_price,Suspiciously low unit price (0.8711979166666667)
0512201919228238,Low Price,unit_price,Suspiciously low unit price (0.868)
1.1072E+15,Low Price,unit_price,Suspiciously low unit price (0.89415625)
250920192516720,Low Price,unit_price,Suspiciously low unit price (0.7224540229885057)
0512201919228232,Low Price,unit_price,Suspiciously low unit price (0.7198072916666667)
1.1072E+15,Low Price,unit_price,Suspiciously low unit price (0.7414984709480122)
0512201919228230,Low Price,unit_price,Suspiciously low unit price (0.6290738095238095)
250920192516730,Low Price,unit_price,Suspiciously low unit price (0.5524652777777778)
1.1072E+15,Low Price,unit_price,Suspiciously low unit price (0.5670273109243698)
1.1072E+15,Low Price,unit_price,Suspiciously low unit price (8.505416666666667)
0512201919228236,Low Price,unit_price,Suspiciously low unit price (8.256604166666667)
250920192516720,Low Price,unit_price,Suspiciously low unit price (8.286983333333332)
0449451832,Low Price,unit_price,Suspiciously low unit price (1.06)
0449451826,Low Price,unit_price,Suspiciously low unit price (0.75)
0449451837,Low Price,unit_price,Suspiciously low unit price (1.06)
0449451836,Low Price,unit_price,Suspiciously low unit price (1.06)
0449451830,Low Price,unit_price,Suspiciously low unit price (0.75)
0449451835,Low Price,unit_price,Suspiciously low unit price (1.19)
0449451827,Low Price,unit_price,Suspiciously low unit price (0.75)
0449451834,Low Price,unit_price,Suspiciously low unit price (1.19)
0449451825,Low Price,unit_price,Suspiciously low unit price (0.75)
0449451831,Low Price,unit_price,Suspiciously low unit price (0.98)
0449451828,Low Price,unit_price,Suspiciously low unit price (0.98)
0449451833,Low Price,unit_price,Suspiciously low unit price (10.65)
0449451829,Low Price,unit_price,Suspiciously low unit price (0.75)
0449451838,Low Price,unit_price,Suspiciously low unit price (0.98)
6977960592,Low Price,unit_price,Suspiciously low unit price (0.99)
6977960593,Low Price,unit_price,Suspiciously low unit price (0.7)
6977960594,Low Price,unit_price,Suspiciously low unit price (0.99)
6977960595,Low Price,unit_price,Suspiciously low unit price (0.99)
6977960596,Low Price,unit_price,Suspiciously low unit price (0.7)
6977960597,Low Price,unit_price,Suspiciously low unit price (1.11)
6977960598,Low Price,unit_price,Suspiciously low unit price (0.7)
6977960599,Low Price,unit_price,Suspiciously low unit price (0.7)
6977960600,Low Price,unit_price,Suspiciously low unit price (0.92)
6977960601,Low Price,unit_price,Suspiciously low unit price (0.92)
6977960602,Low Price,unit_price,Suspiciously low unit price (9.94)
6977960603,Low Price,unit_price,Suspiciously low unit price (0.7)
6977960604,Low Price,unit_price,Suspiciously low unit price (0.92)
3463223418,Low Price,unit_price,Suspiciously low unit price (0.66)
3463223417,Low Price,unit_price,Suspiciously low unit price (0.66)
3463223419,Low Price,unit_price,Suspiciously low unit price (0.66)
3463223427,Low Price,unit_price,Suspiciously low unit price (0.66)
3463223432,Low Price,unit_price,Suspiciously low unit price (0.86)
3463223416,Low Price,unit_price,Suspiciously low unit price (0.66)
1016120174,Low Price,unit_price,Suspiciously low unit price (8.93)
1091521713,Low Price,unit_price,Suspiciously low unit price (0.89)
1113240783,Low Price,unit_price,Suspiciously low unit price (0.63)
1090546258,Low Price,unit_price,Suspiciously low unit price (0.89)
1044952979,Low Price,unit_price,Suspiciously low unit price (0.89)
1010250280,Low Price,unit_price,Suspiciously low unit price (0.63)
1034809836,Low Price,unit_price,Suspiciously low unit price (1.0)
1039190244,Low Price,unit_price,Suspiciously low unit price (1.0)
1011908334,Low Price,unit_price,Suspiciously low unit price (0.83)
1127237124,Low Price,unit_price,Suspiciously low unit price (0.63)
1020427848,Low Price,unit_price,Suspiciously low unit price (0.83)
1063318352,Low Price,unit_price,Suspiciously low unit price (0.63)
1029359647,Low Price,unit_price,Suspiciously low unit price (0.83)
2.9122E+15,Low Price,unit_price,Suspiciously low unit price (0.86)
2.9122E+15,Low Price,unit_price,Suspiciously low unit price (0.96)
2.9122E+15,Low Price,unit_price,Suspiciously low unit price (0.8)
2.9122E+15,Low Price,unit_price,Suspiciously low unit price (0.61)
0130406787,Low Price,unit_price,Suspiciously low unit price (0.93)
9202302095,Low Price,unit_price,Suspiciously low unit price (0.91)
0130406791,Low Price,unit_price,Suspiciously low unit price (0.65)
0130406792,Low Price,unit_price,Suspiciously low unit price (0.93)
9202302096,Low Price,unit_price,Suspiciously low unit price (0.91)
9202302098,Low Price,unit_price,Suspiciously low unit price (0.64)
0130406793,Low Price,unit_price,Suspiciously low unit price (0.65)
0130406784,Low Price,unit_price,Suspiciously low unit price (0.93)
9202302091,Low Price,unit_price,Suspiciously low unit price (0.91)
9202302099,Low Price,unit_price,Suspiciously low unit price (0.64)
0130406788,Low Price,unit_price,Suspiciously low unit price (0.65)
9202302090,Low Price,unit_price,Suspiciously low unit price (0.64)
0130406794,Low Price,unit_price,Suspiciously low unit price (1.04)
9202302081,Low Price,unit_price,Suspiciously low unit price (1.01)
0130406781,Low Price,unit_price,Suspiciously low unit price (0.65)
9202302082,Low Price,unit_price,Suspiciously low unit price (0.64)
0130406786,Low Price,unit_price,Suspiciously low unit price (1.04)
9202302092,Low Price,unit_price,Suspiciously low unit price (1.01)
0130406790,Low Price,unit_price,Suspiciously low unit price (0.65)
9202302094,Low Price,unit_price,Suspiciously low unit price (0.64)
0130406783,Low Price,unit_price,Suspiciously low unit price (0.86)
9202302097,Low Price,unit_price,Suspiciously low unit price (0.84)
0130406785,Low Price,unit_price,Suspiciously low unit price (0.86)
0130406782,Low Price,unit_price,Suspiciously low unit price (9.28)
9202302089,Low Price,unit_price,Suspiciously low unit price (0.84)
0130406789,Low Price,unit_price,Suspiciously low unit price (0.86)
9202302083,Low Price,unit_price,Suspiciously low unit price (0.84)
9202302085,Low Price,unit_price,Suspiciously low unit price (0.0)
1108716476,Low Price,unit_price,Suspiciously low unit price (0.89)
1068453924,Low Price,unit_price,Suspiciously low unit price (1.0)
1108942956,Low Price,unit_price,Suspiciously low unit price (0.82)
1008864878,Low Price,unit_price,Suspiciously low unit price (0.63)
9202302084,Low Price,unit_price,Suspiciously low unit price (0.0)
9202302093,Low Price,unit_price,Suspiciously low unit price (0.0)
1532447244,Low Price,unit_price,Suspiciously low unit price (16.01886574074074)
2777519668,Low Price,unit_price,Suspiciously low unit price (1.64)
2777519666,Low Price,unit_price,Suspiciously low unit price (1.64)
2777519667,Low Price,unit_price,Suspiciously low unit price (1.64)
2777733044,Low Price,unit_price,Suspiciously low unit price (0.52)
2777733043,Low Price,unit_price,Suspiciously low unit price (0.52)
3460223293,Low Price,unit_price,Suspiciously low unit price (8.54)
1099906758,Low Price,unit_price,Suspiciously low unit price (41.6)
0106201917895063,Low Price,unit_price,Suspiciously low unit price (0.4885373263888888)
0106201917897958,Low Price,unit_price,Suspiciously low unit price (0.7128921568627451)
0106201917895339,Low Price,unit_price,Suspiciously low unit price (0.4885359589041095)
0106201917897959,Low Price,unit_price,Suspiciously low unit price (0.7129047619047619)
0106201917897377,Low Price,unit_price,Suspiciously low unit price (0.48853515625)
0106201917897953,Low Price,unit_price,Suspiciously low unit price (0.4885333333333333)
0106201917897954,Low Price,unit_price,Suspiciously low unit price (0.48853515625)
0106201917897955,Low Price,unit_price,Suspiciously low unit price (0.4885208333333333)
0106201917895060,Low Price,unit_price,Suspiciously low unit price (0.4885342261904762)
0106201917895061,Low Price,unit_price,Suspiciously low unit price (0.4885357142857143)
0106201917897956,Low Price,unit_price,Suspiciously low unit price (0.4885326086956522)
0106201917895062,Low Price,unit_price,Suspiciously low unit price (0.4885380116959065)
0106201917897957,Low Price,unit_price,Suspiciously low unit price (0.7129092261904761)
2.1122E+15,Low Price,unit_price,Suspiciously low unit price (12.74)
0829010011,Low Price,unit_price,Suspiciously low unit price (0.2)
1100666922,Low Price,unit_price,Suspiciously low unit price (0.0293103333333333)
1100666924,Low Price,unit_price,Suspiciously low unit price (0.0333745)
1100666920,Low Price,unit_price,Suspiciously low unit price (0.0335373883928571)
9202708735,Low Price,unit_price,Suspiciously low unit price (0.0382105737704918)
1100666921,Low Price,unit_price,Suspiciously low unit price (0.0329804838709677)
9202708736,Low Price,unit_price,Suspiciously low unit price (0.0402997084548104)
9494302,Low Price,unit_price,Suspiciously low unit price (12.48)
1807892819,Low Price,unit_price,Suspiciously low unit price (11.94)
5642223437,Low Price,unit_price,Suspiciously low unit price (11.94)
9495846,Low Price,unit_price,Suspiciously low unit price (13.48)
1.9072E+15,Low Price,unit_price,Suspiciously low unit price (2.5799963768115943)
1617282958,Low Price,unit_price,Suspiciously low unit price (1.22)
0220697537,Low Price,unit_price,Suspiciously low unit price (0.85)
8495859210,Low Price,unit_price,Suspiciously low unit price (2.07)
0127114348,Low Price,unit_price,Suspiciously low unit price (2.03)
1.3052E+15,Low Price,unit_price,Suspiciously low unit price (1.09)
0804201911284911,Low Price,unit_price,Suspiciously low unit price (1.2)
110320197632960,Low Price,unit_price,Suspiciously low unit price (1.21)
130220194419130,Low Price,unit_price,Suspiciously low unit price (1.22)
130220194419130,Low Price,unit_price,Suspiciously low unit price (1.26)
130220194419130,Low Price,unit_price,Suspiciously low unit price (1.22)
1.6042E+15,Low Price,unit_price,Suspiciously low unit price (1.2)
0106202014700145,Low Price,unit_price,Suspiciously low unit price (1.13)
140320198939710,Low Price,unit_price,Suspiciously low unit price (1.31)
140320196968190,Low Price,unit_price,Suspiciously low unit price (1.31)
1.3052E+15,Low Price,unit_price,Suspiciously low unit price (1.12)
0804201911284912,Low Price,unit_price,Suspiciously low unit price (1.25)
110320197632960,Low Price,unit_price,Suspiciously low unit price (1.26)
130220194419130,Low Price,unit_price,Suspiciously low unit price (1.26)
130220194419110,Low Price,unit_price,Suspiciously low unit price (1.3)
2.7122E+15,Low Price,unit_price,Suspiciously low unit price (1.11)
2.5072E+15,Low Price,unit_price,Suspiciously low unit price (1.17)
1.4052E+15,Low Price,unit_price,Suspiciously low unit price (1.18)
1.4052E+15,Low Price,unit_price,Suspiciously low unit price (0.95)
1194015923,Low Price,unit_price,Suspiciously low unit price (1.02)
2.3112E+15,Low Price,unit_price,Suspiciously low unit price (1.52)
2.2112E+15,Low Price,unit_price,Suspiciously low unit price (1.28)
2.7122E+15,Low Price,unit_price,Suspiciously low unit price (1.29)
1.4052E+15,Low Price,unit_price,Suspiciously low unit price (1.37)
1.5072E+15,Low Price,unit_price,Suspiciously low unit price (1.35)
2.5072E+15,Low Price,unit_price,Suspiciously low unit price (1.36)
2.5072E+15,Low Price,unit_price,Suspiciously low unit price (1.36)
1.3082E+15,Low Price,unit_price,Suspiciously low unit price (1.37)
2.6082E+15,Low Price,unit_price,Suspiciously low unit price (1.35)
0106202014700155,Low Price,unit_price,Suspiciously low unit price (1.36)
1555379494,Low Price,unit_price,Suspiciously low unit price (1.55)
0127114354,Low Price,unit_price,Suspiciously low unit price (1.5)
1322504133,Low Price,unit_price,Suspiciously low unit price (1.34)
9201889898,Low Price,unit_price,Suspiciously low unit price (1.34)
6749445514,Low Price,unit_price,Suspiciously low unit price (1.25)
1322504147,Low Price,unit_price,Suspiciously low unit price (3.47)
1107033869,Low Price,unit_price,Suspiciously low unit price (1.16)
1219849342,Low Price,unit_price,Suspiciously low unit price (0.96)
140320198939710,Low Price,unit_price,Suspiciously low unit price (1.22)
140320196968190,Low Price,unit_price,Suspiciously low unit price (1.22)
26092019781835,Low Price,unit_price,Suspiciously low unit price (1.632)
1.1112E+15,Low Price,unit_price,Suspiciously low unit price (1.6305)
07012020518418,Low Price,unit_price,Suspiciously low unit price (1.5584375)
18012020713354,Low Price,unit_price,Suspiciously low unit price (1.596)
2.2042E+15,Low Price,unit_price,Suspiciously low unit price (1.9642307692307688)
16092019609551,Low Price,unit_price,Suspiciously low unit price (0.85)
180120191711260,Low Price,unit_price,Suspiciously low unit price (0.83)
2.2112E+15,Low Price,unit_price,Suspiciously low unit price (0.8)
1.3122E+15,Low Price,unit_price,Suspiciously low unit price (0.8)
0106202014700150,Low Price,unit_price,Suspiciously low unit price (0.85)
140320198939710,Low Price,unit_price,Suspiciously low unit price (1.06)
140320196968190,Low Price,unit_price,Suspiciously low unit price (1.06)
140320198939710,Low Price,unit_price,Suspiciously low unit price (0.97)
140320196968190,Low Price,unit_price,Suspiciously low unit price (0.97)
16092019609559,Low Price,unit_price,Suspiciously low unit price (0.99)
1.4052E+15,Low Price,unit_price,Suspiciously low unit price (1.07)
130220194419100,Low Price,unit_price,Suspiciously low unit price (0.99)
2.2112E+15,Low Price,unit_price,Suspiciously low unit price (0.93)
1.3122E+15,Low Price,unit_price,Suspiciously low unit price (0.93)
1041128867,Low Price,unit_price,Suspiciously low unit price (1.04)
0804201911284913,Low Price,unit_price,Suspiciously low unit price (1.14)
1.3052E+15,Low Price,unit_price,Suspiciously low unit price (1.02)
2.3112E+15,Low Price,unit_price,Suspiciously low unit price (1.32)
1019760717,Low Price,unit_price,Suspiciously low unit price (1.29)
1030223079,Low Price,unit_price,Suspiciously low unit price (1.29)
130220194419100,Low Price,unit_price,Suspiciously low unit price (1.19)
1.6042E+15,Low Price,unit_price,Suspiciously low unit price (1.12)
16092019609548,Low Price,unit_price,Suspiciously low unit price (1.18)
0106202014700157,Low Price,unit_price,Suspiciously low unit price (1.06)
1.2122E+15,Low Price,unit_price,Suspiciously low unit price (1.25)
1.2092E+15,Low Price,unit_price,Suspiciously low unit price (1.34)
1169205214,Low Price,unit_price,Suspiciously low unit price (1.29)
1322504156,Low Price,unit_price,Suspiciously low unit price (1.04)
1129395030,Low Price,unit_price,Suspiciously low unit price (1.21)
0804201911284914,Low Price,unit_price,Suspiciously low unit price (1.09)
1.3052E+15,Low Price,unit_price,Suspiciously low unit price (1.02)
110320197632960,Low Price,unit_price,Suspiciously low unit price (1.1)
130220194419100,Low Price,unit_price,Suspiciously low unit price (1.1)
140320198939720,Low Price,unit_price,Suspiciously low unit price (1.1)
140320196968200,Low Price,unit_price,Suspiciously low unit price (1.1)
26092019781861,Low Price,unit_price,Suspiciously low unit price (1.668)
1.1112E+15,Low Price,unit_price,Suspiciously low unit price (1.6665)
2.2112E+15,Low Price,unit_price,Suspiciously low unit price (1.0)
130220194419110,Low Price,unit_price,Suspiciously low unit price (1.07)
1.3122E+15,Low Price,unit_price,Suspiciously low unit price (1.0)
16092019609544,Low Price,unit_price,Suspiciously low unit price (1.06)
2.9062E+15,Low Price,unit_price,Suspiciously low unit price (1.75)
1.5072E+15,Low Price,unit_price,Suspiciously low unit price (1.44)
2.5072E+15,Low Price,unit_price,Suspiciously low unit price (1.44)
110320197632960,Low Price,unit_price,Suspiciously low unit price (1.41)
110320197632960,Low Price,unit_price,Suspiciously low unit price (1.4)
1108237796,Low Price,unit_price,Suspiciously low unit price (1.9)
2.0072E+15,Low Price,unit_price,Suspiciously low unit price (2.9)
1.6042E+15,Low Price,unit_price,Suspiciously low unit price (3.3)
1.3052E+15,Low Price,unit_price,Suspiciously low unit price (1.9)
0804201911284915,Low Price,unit_price,Suspiciously low unit price (1.9)
110320197632960,Low Price,unit_price,Suspiciously low unit price (1.92)
1.0112E+15,Low Price,unit_price,Suspiciously low unit price (2.02)
1.2092E+15,Low Price,unit_price,Suspiciously low unit price (2.24)
1.2092E+15,Low Price,unit_price,Suspiciously low unit price (2.24)
1.7102E+15,Low Price,unit_price,Suspiciously low unit price (2.03)
1.2122E+15,Low Price,unit_price,Suspiciously low unit price (2.09)
1.4122E+15,Low Price,unit_price,Suspiciously low unit price (2.19)
0208201925788821,Low Price,unit_price,Suspiciously low unit price (1.87)
2.6082E+15,Low Price,unit_price,Suspiciously low unit price (0.85)
130220194419100,Low Price,unit_price,Suspiciously low unit price (0.96)
110320197632970,Low Price,unit_price,Suspiciously low unit price (1.03)
0127114347,Low Price,unit_price,Suspiciously low unit price (1.78)
1068278800,Low Price,unit_price,Suspiciously low unit price (1.69)
1031159539,Low Price,unit_price,Suspiciously low unit price (1.73)
1183329317,Low Price,unit_price,Suspiciously low unit price (1.79)
1.5072E+15,Low Price,unit_price,Suspiciously low unit price (1.42)
110320197632970,Low Price,unit_price,Suspiciously low unit price (1.39)
2.6112E+15,Low Price,unit_price,Suspiciously low unit price (9.56)
010220207739958,Low Price,unit_price,Suspiciously low unit price (13.9326)
010220207739956,Low Price,unit_price,Suspiciously low unit price (9.493714285714285)
010220207739959,Low Price,unit_price,Suspiciously low unit price (10.2584)
2.6112E+15,Low Price,unit_price,Suspiciously low unit price (10.33)
2.6112E+15,Low Price,unit_price,Suspiciously low unit price (7.69)
1109280957,Low Price,unit_price,Suspiciously low unit price (1.69)
1625084150,Low Price,unit_price,Suspiciously low unit price (0.16)
1107606084,Low Price,unit_price,Suspiciously low unit price (0.16)
1246878652,Low Price,unit_price,Suspiciously low unit price (0.16)
1098625271,Low Price,unit_price,Suspiciously low unit price (0.16)
1119093431,Low Price,unit_price,Suspiciously low unit price (0.34)
1290826472,Low Price,unit_price,Suspiciously low unit price (0.38)
1179913346,Low Price,unit_price,Suspiciously low unit price (0.38)
1335463130,Low Price,unit_price,Suspiciously low unit price (0.38)
1101484895,Low Price,unit_price,Suspiciously low unit price (0.34)
9703629662,Low Price,unit_price,Suspiciously low unit price (37.12)
1131788867,Low Price,unit_price,Suspiciously low unit price (1.7307541590354092)
3975198784,Low Price,unit_price,Suspiciously low unit price (1.6531541666666667)
3975198783,Low Price,unit_price,Suspiciously low unit price (1.6449333333333334)
3975198782,Low Price,unit_price,Suspiciously low unit price (1.6449330357142855)
1163473761,Low Price,unit_price,Suspiciously low unit price (1.2277866071428571)
1915311098,Low Price,unit_price,Suspiciously low unit price (0.818509375)
1283418578,Low Price,unit_price,Suspiciously low unit price (0.4158769345238095)
1804989822,Low Price,unit_price,Suspiciously low unit price (0.2254095238095238)
1068557530,Low Price,unit_price,Suspiciously low unit price (1.4799483483483482)
1174247494,Low Price,unit_price,Suspiciously low unit price (1.38037102014295)
1034888990,Low Price,unit_price,Suspiciously low unit price (1.4736144345238096)
1023061953,Low Price,unit_price,Suspiciously low unit price (1.199392642642643)
060220195062781,Low Price,unit_price,Suspiciously low unit price (1.21)
060220195062780,Low Price,unit_price,Suspiciously low unit price (0.92)
060220195062777,Low Price,unit_price,Suspiciously low unit price (0.99)
060220195062786,Low Price,unit_price,Suspiciously low unit price (1.11)
060220195062784,Low Price,unit_price,Suspiciously low unit price (1.06)
060220195062782,Low Price,unit_price,Suspiciously low unit price (1.36)
060220195062788,Low Price,unit_price,Suspiciously low unit price (1.35)
050120191504486,Low Price,unit_price,Suspiciously low unit price (0.858)
060220195062787,Low Price,unit_price,Suspiciously low unit price (1.86)
060220195062779,Low Price,unit_price,Suspiciously low unit price (0.99)
060220195062783,Low Price,unit_price,Suspiciously low unit price (1.34)
050120191504477,Low Price,unit_price,Suspiciously low unit price (0.4575)
1012713586,Low Price,unit_price,Suspiciously low unit price (1.46)
1159923211,Low Price,unit_price,Suspiciously low unit price (2.12)
1390704887,Low Price,unit_price,Suspiciously low unit price (1.47)
1069130398,Low Price,unit_price,Suspiciously low unit price (1.47)
1208123652,Low Price,unit_price,Suspiciously low unit price (1.43)
1626600694,Low Price,unit_price,Suspiciously low unit price (2.08)
1023751000,Low Price,unit_price,Suspiciously low unit price (0.7605000000000001)
0796349688,Low Price,unit_price,Suspiciously low unit price (35.92)
080220194998060,Low Price,unit_price,Suspiciously low unit price (0.58625)
060220208654896,Low Price,unit_price,Suspiciously low unit price (0.3413541666666667)
1181112965,Low Price,unit_price,Suspiciously low unit price (0.7432352941176471)
1203467045,Low Price,unit_price,Suspiciously low unit price (0.7432291666666666)
1087536945,Low Price,unit_price,Suspiciously low unit price (0.991)
1013509479,Low Price,unit_price,Suspiciously low unit price (0.74325)
1169859718,Low Price,unit_price,Suspiciously low unit price (0.6673611111111111)
160920193076100,Low Price,unit_price,Suspiciously low unit price (0.9910179640718564)
060220208654897,Low Price,unit_price,Suspiciously low unit price (0.7029513888888889)
080220194998076,Low Price,unit_price,Suspiciously low unit price (1.2033333333333334)
2.9082E+15,Low Price,unit_price,Suspiciously low unit price (0.9909375)
1200735088,Low Price,unit_price,Suspiciously low unit price (19.73888888888889)
1.4052E+15,Low Price,unit_price,Suspiciously low unit price (18.232646464646464)
1418677803,Low Price,unit_price,Suspiciously low unit price (29.768679245283018)
2.6112E+15,Low Price,unit_price,Suspiciously low unit price (0.4)
120220207663340,Low Price,unit_price,Suspiciously low unit price (0.4)
1079538373,Low Price,unit_price,Suspiciously low unit price (26.43505)
1115722762,Low Price,unit_price,Suspiciously low unit price (28.629)
1055871311,Low Price,unit_price,Suspiciously low unit price (26.5845)
1102437173,Low Price,unit_price,Suspiciously low unit price (0.93)
1067208396,Low Price,unit_price,Suspiciously low unit price (0.93)
1033884183,Low Price,unit_price,Suspiciously low unit price (0.93)
1032251245,Low Price,unit_price,Suspiciously low unit price (1.16)
1032367613,Low Price,unit_price,Suspiciously low unit price (1.16)
1006482821,Low Price,unit_price,Suspiciously low unit price (1.16)
1037986503,Low Price,unit_price,Suspiciously low unit price (1.16)
1099120894,Low Price,unit_price,Suspiciously low unit price (1.16)
1038626321,Low Price,unit_price,Suspiciously low unit price (1.16)
1028856999,Low Price,unit_price,Suspiciously low unit price (1.16)
1028476575,Low Price,unit_price,Suspiciously low unit price (1.16)
1021390266,Low Price,unit_price,Suspiciously low unit price (1.16)
1001087745,Low Price,unit_price,Suspiciously low unit price (1.16)
1029975387,Low Price,unit_price,Suspiciously low unit price (1.16)
1098189559,Low Price,unit_price,Suspiciously low unit price (2.32)
1021233958,Low Price,unit_price,Suspiciously low unit price (1.16)
1023819607,Low Price,unit_price,Suspiciously low unit price (1.16)
1027057404,Low Price,unit_price,Suspiciously low unit price (1.16)
1026695738,Low Price,unit_price,Suspiciously low unit price (1.16)
1113398308,Low Price,unit_price,Suspiciously low unit price (1.16)
1028195972,Low Price,unit_price,Suspiciously low unit price (1.16)
1036339062,Low Price,unit_price,Suspiciously low unit price (1.16)
1010094534,Low Price,unit_price,Suspiciously low unit price (4.66)
1062575568,Low Price,unit_price,Suspiciously low unit price (4.66)
1001039721,Low Price,unit_price,Suspiciously low unit price (13.96)
0286247880,Low Price,unit_price,Suspiciously low unit price (1.21)
0286283914,Low Price,unit_price,Suspiciously low unit price (1.21)
0129584405,Low Price,unit_price,Suspiciously low unit price (0.18)
1104592173,Low Price,unit_price,Suspiciously low unit price (0.5)
0283595435,Low Price,unit_price,Suspiciously low unit price (1.77)
1333887499,Low Price,unit_price,Suspiciously low unit price (1.65)
1325930936,Low Price,unit_price,Suspiciously low unit price (1.57)
1420123734,Low Price,unit_price,Suspiciously low unit price (0.67)
1420123727,Low Price,unit_price,Suspiciously low unit price (0.67)
1420123730,Low Price,unit_price,Suspiciously low unit price (0.67)
3460715352,Low Price,unit_price,Suspiciously low unit price (0.93)
3.1122E+15,Low Price,unit_price,Suspiciously low unit price (15.15)
3.1122E+15,Low Price,unit_price,Suspiciously low unit price (8.89)
3.1122E+15,Low Price,unit_price,Suspiciously low unit price (8.89)
3.1122E+15,Low Price,unit_price,Suspiciously low unit price (15.15)
1.4072E+15,Low Price,unit_price,Suspiciously low unit price (0.33)
1710726460,Low Price,unit_price,Suspiciously low unit price (0.33)
1336422035,Low Price,unit_price,Suspiciously low unit price (1.45294)
1016022851,Low Price,unit_price,Suspiciously low unit price (3.21)
1117914979,Low Price,unit_price,Suspiciously low unit price (2.25)
1053407956,Low Price,unit_price,Suspiciously low unit price (2.31)
1070289025,Low Price,unit_price,Suspiciously low unit price (2.94)
0607202016995765,Low Price,unit_price,Suspiciously low unit price (2.91)
0607202016995766,Low Price,unit_price,Suspiciously low unit price (2.04)
0607202016995767,Low Price,unit_price,Suspiciously low unit price (2.1)
0607202016995768,Low Price,unit_price,Suspiciously low unit price (2.66)
170220206250910,Low Price,unit_price,Suspiciously low unit price (26.92)
170220206250950,Low Price,unit_price,Suspiciously low unit price (48.46)
2.2072E+15,Low Price,unit_price,Suspiciously low unit price (3.5456)
2.2072E+15,Low Price,unit_price,Suspiciously low unit price (3.5456)
2.2072E+15,Low Price,unit_price,Suspiciously low unit price (3.5456)
2.2072E+15,Low Price,unit_price,Suspiciously low unit price (3.5456)
010220207926011,Low Price,unit_price,Suspiciously low unit price (2.98)
010220207925942,Low Price,unit_price,Suspiciously low unit price (2.98)
180220208057500,Low Price,unit_price,Suspiciously low unit price (3.0)
010220207927169,Low Price,unit_price,Suspiciously low unit price (3.97)
010220207926007,Low Price,unit_price,Suspiciously low unit price (2.98)
010220207927173,Low Price,unit_price,Suspiciously low unit price (1.99)
080120192328800,Low Price,unit_price,Suspiciously low unit price (2.07)
2.4042E+15,Low Price,unit_price,Suspiciously low unit price (1.78)
3.0112E+15,Low Price,unit_price,Suspiciously low unit price (1.03)
1.3052E+15,Low Price,unit_price,Suspiciously low unit price (0.87)
2.4122E+15,Low Price,unit_price,Suspiciously low unit price (0.97)
0610202024169782,Low Price,unit_price,Suspiciously low unit price (1.08)
140220195475790,Low Price,unit_price,Suspiciously low unit price (2.53)
140220195475780,Low Price,unit_price,Suspiciously low unit price (2.53)
2.1062E+15,Low Price,unit_price,Suspiciously low unit price (33.39)
250220193871060,Low Price,unit_price,Suspiciously low unit price (49.53)
250220193871060,Low Price,unit_price,Suspiciously low unit price (47.53)
6304497088,Low Price,unit_price,Suspiciously low unit price (20.21)
6977550444,Low Price,unit_price,Suspiciously low unit price (0.55)
1025236964,Low Price,unit_price,Suspiciously low unit price (41.04)
0807201922081290,Low Price,unit_price,Suspiciously low unit price (2.4)
0807201922081291,Low Price,unit_price,Suspiciously low unit price (3.2)
0807201922081292,Low Price,unit_price,Suspiciously low unit price (4.68)
0807201922081293,Low Price,unit_price,Suspiciously low unit price (6.33)
0807201922081294,Low Price,unit_price,Suspiciously low unit price (8.73)
0807201922081295,Low Price,unit_price,Suspiciously low unit price (2.52)
0807201922081296,Low Price,unit_price,Suspiciously low unit price (3.65)
0807201922081297,Low Price,unit_price,Suspiciously low unit price (4.98)
0807201922081298,Low Price,unit_price,Suspiciously low unit price (4.73)
0807201922081299,Low Price,unit_price,Suspiciously low unit price (5.8)
0807201922081300,Low Price,unit_price,Suspiciously low unit price (7.74)
0807201922081301,Low Price,unit_price,Suspiciously low unit price (9.39)
0807201922081302,Low Price,unit_price,Suspiciously low unit price (12.68)
0807201922081303,Low Price,unit_price,Suspiciously low unit price (5.6)
0807201922081304,Low Price,unit_price,Suspiciously low unit price (6.76)
0807201922081305,Low Price,unit_price,Suspiciously low unit price (9.3)
0807201922081306,Low Price,unit_price,Suspiciously low unit price (14.83)
0807201922081307,Low Price,unit_price,Suspiciously low unit price (3.43)
0807201922081308,Low Price,unit_price,Suspiciously low unit price (4.24)
0807201922081309,Low Price,unit_price,Suspiciously low unit price (3.99)
0807201922081310,Low Price,unit_price,Suspiciously low unit price (4.98)
0807201922081311,Low Price,unit_price,Suspiciously low unit price (6.42)
0807201922081312,Low Price,unit_price,Suspiciously low unit price (8.08)
0807201922081313,Low Price,unit_price,Suspiciously low unit price (11.28)
0807201922081321,Low Price,unit_price,Suspiciously low unit price (3.25)
0807201922081322,Low Price,unit_price,Suspiciously low unit price (4.11)
0807201922081323,Low Price,unit_price,Suspiciously low unit price (5.98)
0807201922081324,Low Price,unit_price,Suspiciously low unit price (8.44)
0807201922081325,Low Price,unit_price,Suspiciously low unit price (11.49)
0807201922081326,Low Price,unit_price,Suspiciously low unit price (22.09)
1.6042E+15,Low Price,unit_price,Suspiciously low unit price (37.729)
1.6042E+15,Low Price,unit_price,Suspiciously low unit price (13.495)
1.6042E+15,Low Price,unit_price,Suspiciously low unit price (4.925)
1.6042E+15,Low Price,unit_price,Suspiciously low unit price (10.11)
1.6042E+15,Low Price,unit_price,Suspiciously low unit price (8.322)
1.6042E+15,Low Price,unit_price,Suspiciously low unit price (12.775)
1.6042E+15,Low Price,unit_price,Suspiciously low unit price (9.435)
1.6042E+15,Low Price,unit_price,Suspiciously low unit price (6.14)
1.6042E+15,Low Price,unit_price,Suspiciously low unit price (6.14)
1.6042E+15,Low Price,unit_price,Suspiciously low unit price (5.315)
1.6042E+15,Low Price,unit_price,Suspiciously low unit price (6.205)
1.6042E+15,Low Price,unit_price,Suspiciously low unit price (1.685)
1.6042E+15,Low Price,unit_price,Suspiciously low unit price (6.14)
1.6042E+15,Low Price,unit_price,Suspiciously low unit price (5.9152)
1.6042E+15,Low Price,unit_price,Suspiciously low unit price (4.071)
1.6042E+15,Low Price,unit_price,Suspiciously low unit price (3.2386666666666666)
2.1102E+15,Low Price,unit_price,Suspiciously low unit price (42.61)
2.1102E+15,Low Price,unit_price,Suspiciously low unit price (34.05)
2.1102E+15,Low Price,unit_price,Suspiciously low unit price (25.48)
2.1102E+15,Low Price,unit_price,Suspiciously low unit price (44.89)
0604202012288666,Low Price,unit_price,Suspiciously low unit price (20.7)
0604202012288664,Low Price,unit_price,Suspiciously low unit price (9.64)
0604202012288663,Low Price,unit_price,Suspiciously low unit price (9.64)
0604202012288635,Low Price,unit_price,Suspiciously low unit price (7.94)
0604202012288630,Low Price,unit_price,Suspiciously low unit price (7.94)
0604202012288654,Low Price,unit_price,Suspiciously low unit price (4.7)
0604202012288653,Low Price,unit_price,Suspiciously low unit price (5.86)
0604202012288669,Low Price,unit_price,Suspiciously low unit price (8.13)
0604202012288652,Low Price,unit_price,Suspiciously low unit price (7.94)
0604202012288651,Low Price,unit_price,Suspiciously low unit price (9.64)
0604202012288655,Low Price,unit_price,Suspiciously low unit price (7.54)
0604202012288660,Low Price,unit_price,Suspiciously low unit price (2.92)
0604202012288659,Low Price,unit_price,Suspiciously low unit price (3.71)
0604202012288648,Low Price,unit_price,Suspiciously low unit price (5.19)
0604202012288657,Low Price,unit_price,Suspiciously low unit price (7.63)
0604202012288638,Low Price,unit_price,Suspiciously low unit price (2.43)
0604202012288650,Low Price,unit_price,Suspiciously low unit price (3.33)
0604202012288646,Low Price,unit_price,Suspiciously low unit price (3.95)
0604202012288665,Low Price,unit_price,Suspiciously low unit price (4.9)
0604202012288639,Low Price,unit_price,Suspiciously low unit price (6.66)
0604202012288634,Low Price,unit_price,Suspiciously low unit price (3.74)
0604202012288661,Low Price,unit_price,Suspiciously low unit price (17.4)
3.1082E+15,Low Price,unit_price,Suspiciously low unit price (42.05)
3.1082E+15,Low Price,unit_price,Suspiciously low unit price (45.61)
7991996817,Low Price,unit_price,Suspiciously low unit price (21.59)
0811202027293160,Low Price,unit_price,Suspiciously low unit price (44.11)
1.0072E+15,Low Price,unit_price,Suspiciously low unit price (3.01)
6976821789,Low Price,unit_price,Suspiciously low unit price (8.57)
1021802898,Low Price,unit_price,Suspiciously low unit price (36.6)
8101319202,Low Price,unit_price,Suspiciously low unit price (38.59)
110220206781530,Low Price,unit_price,Suspiciously low unit price (14.82)
0604202012288641,Low Price,unit_price,Suspiciously low unit price (44.43)
1003090290,Low Price,unit_price,Suspiciously low unit price (2.31)
1110962359,Low Price,unit_price,Suspiciously low unit price (1.08)
0695558117,Low Price,unit_price,Suspiciously low unit price (1.09)
1420325353,Low Price,unit_price,Suspiciously low unit price (1.1)
1420325352,Low Price,unit_price,Suspiciously low unit price (1.1)
2777820753,Low Price,unit_price,Suspiciously low unit price (1.1)
2778124911,Low Price,unit_price,Suspiciously low unit price (1.1)
2778147795,Low Price,unit_price,Suspiciously low unit price (0.99)
1048342911,Low Price,unit_price,Suspiciously low unit price (3.42)
9863376239,Low Price,unit_price,Suspiciously low unit price (5.97)
9863376240,Low Price,unit_price,Suspiciously low unit price (9.57)
1067727224,Low Price,unit_price,Suspiciously low unit price (7.87)
0829447387,Low Price,unit_price,Suspiciously low unit price (5.24)
0829447395,Low Price,unit_price,Suspiciously low unit price (8.4)
3700066972,Low Price,unit_price,Suspiciously low unit price (8.88)
2776389575,Low Price,unit_price,Suspiciously low unit price (5.57)
2776389580,Low Price,unit_price,Suspiciously low unit price (8.92)
3700066974,Low Price,unit_price,Suspiciously low unit price (8.88)
0812202031420149,Low Price,unit_price,Suspiciously low unit price (8.54)
6305312259,Low Price,unit_price,Suspiciously low unit price (7.61)
280220194737820,Low Price,unit_price,Suspiciously low unit price (2.4582051282051283)
200320197385030,Low Price,unit_price,Suspiciously low unit price (2.5021666666666667)
130220208020970,Low Price,unit_price,Suspiciously low unit price (2.413470588235294)
1.5052E+15,Low Price,unit_price,Suspiciously low unit price (2.9)
0697351372,Low Price,unit_price,Suspiciously low unit price (4.25)
0697349433,Low Price,unit_price,Suspiciously low unit price (4.25)
1010847564,Low Price,unit_price,Suspiciously low unit price (3.64)
4346945221,Low Price,unit_price,Suspiciously low unit price (3.95)
2.0062E+15,Low Price,unit_price,Suspiciously low unit price (3.79)
9200840087,Low Price,unit_price,Suspiciously low unit price (0.03)
3751193471,Low Price,unit_price,Suspiciously low unit price (21.83)
230120202523640,Low Price,unit_price,Suspiciously low unit price (2.04)
7989829778,Low Price,unit_price,Suspiciously low unit price (1.0)
3697146718,Low Price,unit_price,Suspiciously low unit price (1.21)
1.4112E+15,Low Price,unit_price,Suspiciously low unit price (38.96)
1.4112E+15,Low Price,unit_price,Suspiciously low unit price (38.96)
1.4112E+15,Low Price,unit_price,Suspiciously low unit price (38.96)
3.0052E+15,Low Price,unit_price,Suspiciously low unit price (2.93)
2.0082E+15,Low Price,unit_price,Suspiciously low unit price (2.33)
2.0082E+15,Low Price,unit_price,Suspiciously low unit price (2.33)
2.8122E+15,Low Price,unit_price,Suspiciously low unit price (5.060795)
2.6102E+15,Low Price,unit_price,Suspiciously low unit price (2.28646)
2.2092E+15,Low Price,unit_price,Suspiciously low unit price (1.00108547008547)
2.6102E+15,Low Price,unit_price,Suspiciously low unit price (0.998821978021978)
2.8122E+15,Low Price,unit_price,Suspiciously low unit price (2.2107683760683763)
2.6102E+15,Low Price,unit_price,Suspiciously low unit price (3.104772380952381)
2.1062E+15,Low Price,unit_price,Suspiciously low unit price (2.31)
2.1062E+15,Low Price,unit_price,Suspiciously low unit price (2.31)
0603202010567327,Low Price,unit_price,Suspiciously low unit price (2.17)
0505202013589837,Low Price,unit_price,Suspiciously low unit price (2.14)
1.0062E+15,Low Price,unit_price,Suspiciously low unit price (2.32)
2.1062E+15,Low Price,unit_price,Suspiciously low unit price (3.14)
2.1062E+15,Low Price,unit_price,Suspiciously low unit price (3.14)
2.1062E+15,Low Price,unit_price,Suspiciously low unit price (3.14)
0908201925002135,Low Price,unit_price,Suspiciously low unit price (3.07)
0603202010567324,Low Price,unit_price,Suspiciously low unit price (2.94)
0505202013589838,Low Price,unit_price,Suspiciously low unit price (2.91)
310320197490260,Low Price,unit_price,Suspiciously low unit price (3.18)
1.5042E+15,Low Price,unit_price,Suspiciously low unit price (3.34)
3.0042E+15,Low Price,unit_price,Suspiciously low unit price (0.98)
0505202013589839,Low Price,unit_price,Suspiciously low unit price (0.94)
0505202013589836,Low Price,unit_price,Suspiciously low unit price (0.94)
2.1062E+15,Low Price,unit_price,Suspiciously low unit price (1.0)
310320197490270,Low Price,unit_price,Suspiciously low unit price (1.02)
0908201925002134,Low Price,unit_price,Suspiciously low unit price (0.98)
0603202010567325,Low Price,unit_price,Suspiciously low unit price (0.95)
3.0052E+15,Low Price,unit_price,Suspiciously low unit price (0.94)
0908201925002272,Low Price,unit_price,Suspiciously low unit price (2.26)
0908201925002271,Low Price,unit_price,Suspiciously low unit price (2.26)
2.0082E+15,Low Price,unit_price,Suspiciously low unit price (2.28)
1022009801,Low Price,unit_price,Suspiciously low unit price (3.09)
6977627455,Low Price,unit_price,Suspiciously low unit price (0.86)
0233835227,Low Price,unit_price,Suspiciously low unit price (0.9)
9703971850,Low Price,unit_price,Suspiciously low unit price (1.82)
9703971851,Low Price,unit_price,Suspiciously low unit price (1.06)
6302344740,Low Price,unit_price,Suspiciously low unit price (0.86)
6302344739,Low Price,unit_price,Suspiciously low unit price (0.86)
0235041527,Low Price,unit_price,Suspiciously low unit price (0.93)
0235041526,Low Price,unit_price,Suspiciously low unit price (0.93)
6302344742,Low Price,unit_price,Suspiciously low unit price (1.02)
6302344741,Low Price,unit_price,Suspiciously low unit price (1.02)
5658421054,Low Price,unit_price,Suspiciously low unit price (1.09)
080120202518692,Low Price,unit_price,Suspiciously low unit price (1.0)
0508201925826818,Low Price,unit_price,Suspiciously low unit price (0.0)
080120202518693,Low Price,unit_price,Suspiciously low unit price (1.0)
1012075369,Low Price,unit_price,Suspiciously low unit price (0.61)
1036842520,Low Price,unit_price,Suspiciously low unit price (0.72)
1.7122E+15,Low Price,unit_price,Suspiciously low unit price (0.6)
TATU97838700,Low Price,unit_price,Suspiciously low unit price (0.0)
TATU27838700,Low Price,unit_price,Suspiciously low unit price (0.0)
TATU97878700,Low Price,unit_price,Suspiciously low unit price (0.0)
TATU378B8700,Low Price,unit_price,Suspiciously low unit price (0.0)
1041274873,Low Price,unit_price,Suspiciously low unit price (1.0)
0831138054,Low Price,unit_price,Suspiciously low unit price (10.0)
9203097759,Low Price,unit_price,Suspiciously low unit price (10.0)
5660759001,Low Price,unit_price,Suspiciously low unit price (34.78)
6302105837,Low Price,unit_price,Suspiciously low unit price (16.22)
1051999586,Low Price,unit_price,Suspiciously low unit price (2.09)
1114855023,Low Price,unit_price,Suspiciously low unit price (2.09)
1002603379,Low Price,unit_price,Suspiciously low unit price (2.09)
1008926074,Low Price,unit_price,Suspiciously low unit price (2.09)
1099753211,Low Price,unit_price,Suspiciously low unit price (2.09)
1053103120,Low Price,unit_price,Suspiciously low unit price (2.09)
6302344743,Low Price,unit_price,Suspiciously low unit price (2.18)
1018592635,Low Price,unit_price,Suspiciously low unit price (2.24)
1091060806,Low Price,unit_price,Suspiciously low unit price (2.24)
9200676426,Low Price,unit_price,Suspiciously low unit price (1.07)
8484056692,Low Price,unit_price,Suspiciously low unit price (1.7)
1079835615,Low Price,unit_price,Suspiciously low unit price (2.19127)
1075757721,Low Price,unit_price,Suspiciously low unit price (2.1520975)
1171583571,Low Price,unit_price,Suspiciously low unit price (2.519773333333333)
2.2092E+15,Low Price,unit_price,Suspiciously low unit price (2.2916416666666666)
2.6102E+15,Low Price,unit_price,Suspiciously low unit price (2.3295516666666667)
1117129467,Low Price,unit_price,Suspiciously low unit price (2.24)
1050861759,Low Price,unit_price,Suspiciously low unit price (2.37)
1079598735,Low Price,unit_price,Suspiciously low unit price (2.37)
1820302286,Low Price,unit_price,Suspiciously low unit price (2.32)
9200676423,Low Price,unit_price,Suspiciously low unit price (2.32)
1023630166,Low Price,unit_price,Suspiciously low unit price (2.3856683333333333)
1.7122E+15,Low Price,unit_price,Suspiciously low unit price (2.4617066666666667)
1107664210,Low Price,unit_price,Suspiciously low unit price (2.330083333333333)
8484056750,Low Price,unit_price,Suspiciously low unit price (2.53)
0798998492,Low Price,unit_price,Suspiciously low unit price (2.59)
0798998490,Low Price,unit_price,Suspiciously low unit price (2.59)
1189305965,Low Price,unit_price,Suspiciously low unit price (2.16)
6751626842,Low Price,unit_price,Suspiciously low unit price (2.32)
1088838153,Low Price,unit_price,Suspiciously low unit price (2.09)
3462082476,Low Price,unit_price,Suspiciously low unit price (2.37)
3462009512,Low Price,unit_price,Suspiciously low unit price (2.37)
2.8122E+15,Low Price,unit_price,Suspiciously low unit price (6.87202619047619)
1045444202,Low Price,unit_price,Suspiciously low unit price (0.87)
0831162543,Low Price,unit_price,Suspiciously low unit price (1.09)
0831162539,Low Price,unit_price,Suspiciously low unit price (1.09)
9456174871,Low Price,unit_price,Suspiciously low unit price (1.06)
0831065613,Low Price,unit_price,Suspiciously low unit price (1.09)
0449943391,Low Price,unit_price,Suspiciously low unit price (1.02)
1100035853,Low Price,unit_price,Suspiciously low unit price (1.01)
1045444210,Low Price,unit_price,Suspiciously low unit price (1.03)
1045444205,Low Price,unit_price,Suspiciously low unit price (1.03)
7992066092,Low Price,unit_price,Suspiciously low unit price (1.03)
7992055807,Low Price,unit_price,Suspiciously low unit price (1.03)
7992055806,Low Price,unit_price,Suspiciously low unit price (1.03)
7992045058,Low Price,unit_price,Suspiciously low unit price (1.03)
1531562128,Low Price,unit_price,Suspiciously low unit price (1.0)
1115852868,Low Price,unit_price,Suspiciously low unit price (0.99)
1088358344,Low Price,unit_price,Suspiciously low unit price (0.99)
1018240458,Low Price,unit_price,Suspiciously low unit price (0.99)
1000947986,Low Price,unit_price,Suspiciously low unit price (0.99)
1081856687,Low Price,unit_price,Suspiciously low unit price (0.99)
1123630791,Low Price,unit_price,Suspiciously low unit price (1.01)
1015289971,Low Price,unit_price,Suspiciously low unit price (1.01)
1133286491,Low Price,unit_price,Suspiciously low unit price (1.01)
1142290526,Low Price,unit_price,Suspiciously low unit price (1.01)
1059763060,Low Price,unit_price,Suspiciously low unit price (1.01)
1027012439,Low Price,unit_price,Suspiciously low unit price (0.98)
1118222620,Low Price,unit_price,Suspiciously low unit price (0.99)
1115777709,Low Price,unit_price,Suspiciously low unit price (0.99)
1149762244,Low Price,unit_price,Suspiciously low unit price (0.99)
1211011100,Low Price,unit_price,Suspiciously low unit price (0.99)
1094999419,Low Price,unit_price,Suspiciously low unit price (0.99)
1029275653,Low Price,unit_price,Suspiciously low unit price (1.01)
1815644602,Low Price,unit_price,Suspiciously low unit price (0.96)
1447239272,Low Price,unit_price,Suspiciously low unit price (0.96)
1084223070,Low Price,unit_price,Suspiciously low unit price (0.94)
1073364509,Low Price,unit_price,Suspiciously low unit price (1.13)
1110137807,Low Price,unit_price,Suspiciously low unit price (1.13)
1000691984,Low Price,unit_price,Suspiciously low unit price (1.11)
1067755545,Low Price,unit_price,Suspiciously low unit price (1.11)
1546935563,Low Price,unit_price,Suspiciously low unit price (1.09)
1031498306,Low Price,unit_price,Suspiciously low unit price (1.05)
1110152484,Low Price,unit_price,Suspiciously low unit price (1.05)
0284579220,Low Price,unit_price,Suspiciously low unit price (1.07)
3462082475,Low Price,unit_price,Suspiciously low unit price (1.11)
9326155549,Low Price,unit_price,Suspiciously low unit price (1.18)
0798445204,Low Price,unit_price,Suspiciously low unit price (1.12)
8484054642,Low Price,unit_price,Suspiciously low unit price (1.1)
8484054641,Low Price,unit_price,Suspiciously low unit price (1.1)
5660896913,Low Price,unit_price,Suspiciously low unit price (1.12)
6751626839,Low Price,unit_price,Suspiciously low unit price (1.09)
1033931353,Low Price,unit_price,Suspiciously low unit price (1.01)
1140353195,Low Price,unit_price,Suspiciously low unit price (1.01)
7855197929,Low Price,unit_price,Suspiciously low unit price (1.15)
7854958426,Low Price,unit_price,Suspiciously low unit price (1.17)
7854958425,Low Price,unit_price,Suspiciously low unit price (1.17)
8849388709,Low Price,unit_price,Suspiciously low unit price (1.19)
8498493243,Low Price,unit_price,Suspiciously low unit price (1.17)
8498493241,Low Price,unit_price,Suspiciously low unit price (1.17)
3753172489,Low Price,unit_price,Suspiciously low unit price (1.21)
3753169803,Low Price,unit_price,Suspiciously low unit price (1.17)
3753307349,Low Price,unit_price,Suspiciously low unit price (1.17)
0130819949,Low Price,unit_price,Suspiciously low unit price (1.17)
0130819946,Low Price,unit_price,Suspiciously low unit price (1.17)
1047954821,Low Price,unit_price,Suspiciously low unit price (1.042160398860399)
1151641430,Low Price,unit_price,Suspiciously low unit price (1.05)
1253082000,Low Price,unit_price,Suspiciously low unit price (0.98)
1192666718,Low Price,unit_price,Suspiciously low unit price (1.0178783475783475)
0831162541,Low Price,unit_price,Suspiciously low unit price (1.87)
9456174876,Low Price,unit_price,Suspiciously low unit price (1.83)
9456174874,Low Price,unit_price,Suspiciously low unit price (1.83)
1045444209,Low Price,unit_price,Suspiciously low unit price (1.76)
0449943392,Low Price,unit_price,Suspiciously low unit price (1.74)
0449226211,Low Price,unit_price,Suspiciously low unit price (1.72)
0449226210,Low Price,unit_price,Suspiciously low unit price (1.72)
3462082474,Low Price,unit_price,Suspiciously low unit price (1.9)
8498417649,Low Price,unit_price,Suspiciously low unit price (2.01)
3753172486,Low Price,unit_price,Suspiciously low unit price (2.02)
0831065611,Low Price,unit_price,Suspiciously low unit price (1.88)
0831065610,Low Price,unit_price,Suspiciously low unit price (1.88)
0831065606,Low Price,unit_price,Suspiciously low unit price (1.88)
0798440657,Low Price,unit_price,Suspiciously low unit price (2.02)
8498493244,Low Price,unit_price,Suspiciously low unit price (2.01)
0130819945,Low Price,unit_price,Suspiciously low unit price (2.02)
8849388396,Low Price,unit_price,Suspiciously low unit price (2.09)
7992067547,Low Price,unit_price,Suspiciously low unit price (1.77)
2778124914,Low Price,unit_price,Suspiciously low unit price (1.89)
0695558119,Low Price,unit_price,Suspiciously low unit price (1.88)
2777820751,Low Price,unit_price,Suspiciously low unit price (1.89)
2778323616,Low Price,unit_price,Suspiciously low unit price (1.71)
7854958428,Low Price,unit_price,Suspiciously low unit price (2.01)
1098587707,Low Price,unit_price,Suspiciously low unit price (1.49)
0284579224,Low Price,unit_price,Suspiciously low unit price (1.65)
0695558120,Low Price,unit_price,Suspiciously low unit price (1.79)
5660896914,Low Price,unit_price,Suspiciously low unit price (1.73)
9326155547,Low Price,unit_price,Suspiciously low unit price (1.79)
6751626838,Low Price,unit_price,Suspiciously low unit price (1.68)
0129985738,Low Price,unit_price,Suspiciously low unit price (2.53)
0130927737,Low Price,unit_price,Suspiciously low unit price (2.53)
0831065608,Low Price,unit_price,Suspiciously low unit price (2.34)
1045444208,Low Price,unit_price,Suspiciously low unit price (2.2)
2778124916,Low Price,unit_price,Suspiciously low unit price (2.35)
1123036957,Low Price,unit_price,Suspiciously low unit price (2.12)
1164596548,Low Price,unit_price,Suspiciously low unit price (2.13)
1162861505,Low Price,unit_price,Suspiciously low unit price (2.13)
1084338276,Low Price,unit_price,Suspiciously low unit price (2.13)
1157214834,Low Price,unit_price,Suspiciously low unit price (2.13)
1105749530,Low Price,unit_price,Suspiciously low unit price (2.13)
1059378798,Low Price,unit_price,Suspiciously low unit price (2.07)
1145584276,Low Price,unit_price,Suspiciously low unit price (2.1)
1157228955,Low Price,unit_price,Suspiciously low unit price (2.1)
1061339702,Low Price,unit_price,Suspiciously low unit price (2.1)
1129601688,Low Price,unit_price,Suspiciously low unit price (2.1)
1219861123,Low Price,unit_price,Suspiciously low unit price (2.1)
1169132835,Low Price,unit_price,Suspiciously low unit price (2.16)
0284579200,Low Price,unit_price,Suspiciously low unit price (2.28)
0449226204,Low Price,unit_price,Suspiciously low unit price (3.18)
7992067548,Low Price,unit_price,Suspiciously low unit price (3.27)
1114567065,Low Price,unit_price,Suspiciously low unit price (3.07)
1045444203,Low Price,unit_price,Suspiciously low unit price (3.25)
1078816740,Low Price,unit_price,Suspiciously low unit price (3.58)
5660896915,Low Price,unit_price,Suspiciously low unit price (3.56)
2777740731,Low Price,unit_price,Suspiciously low unit price (3.51)
0831162540,Low Price,unit_price,Suspiciously low unit price (3.48)
9456174872,Low Price,unit_price,Suspiciously low unit price (3.4)
1018605633,Low Price,unit_price,Suspiciously low unit price (3.1640063492063493)
1263333572,Low Price,unit_price,Suspiciously low unit price (3.12)
1100035852,Low Price,unit_price,Suspiciously low unit price (3.21)
1420849693,Low Price,unit_price,Suspiciously low unit price (2.98)
3462606181,Low Price,unit_price,Suspiciously low unit price (3.53)
0831065202,Low Price,unit_price,Suspiciously low unit price (3.49)
8484054643,Low Price,unit_price,Suspiciously low unit price (3.5)
1063590415,Low Price,unit_price,Suspiciously low unit price (2.92)
1032129693,Low Price,unit_price,Suspiciously low unit price (3.52)
1168337266,Low Price,unit_price,Suspiciously low unit price (3.52)
1157163240,Low Price,unit_price,Suspiciously low unit price (3.52)
1260654825,Low Price,unit_price,Suspiciously low unit price (3.44)
1784795100,Low Price,unit_price,Suspiciously low unit price (3.44)
1042030779,Low Price,unit_price,Suspiciously low unit price (3.31)
1065729840,Low Price,unit_price,Suspiciously low unit price (3.08)
1127999713,Low Price,unit_price,Suspiciously low unit price (3.08)
1165909409,Low Price,unit_price,Suspiciously low unit price (3.05)
1376760728,Low Price,unit_price,Suspiciously low unit price (3.06)
1141762221,Low Price,unit_price,Suspiciously low unit price (2.98)
1163554600,Low Price,unit_price,Suspiciously low unit price (3.31)
1153310636,Low Price,unit_price,Suspiciously low unit price (3.31)
1015685340,Low Price,unit_price,Suspiciously low unit price (3.19)
0284579222,Low Price,unit_price,Suspiciously low unit price (3.4)
9200676425,Low Price,unit_price,Suspiciously low unit price (3.41)
6751555050,Low Price,unit_price,Suspiciously low unit price (3.29)
8849389485,Low Price,unit_price,Suspiciously low unit price (3.79)
8498709822,Low Price,unit_price,Suspiciously low unit price (3.75)
3753169805,Low Price,unit_price,Suspiciously low unit price (3.76)
0130927740,Low Price,unit_price,Suspiciously low unit price (3.77)
0695558121,Low Price,unit_price,Suspiciously low unit price (3.49)
0695558114,Low Price,unit_price,Suspiciously low unit price (3.49)
1420325351,Low Price,unit_price,Suspiciously low unit price (3.52)
2778323618,Low Price,unit_price,Suspiciously low unit price (3.16)
2778323617,Low Price,unit_price,Suspiciously low unit price (3.16)
9326159341,Low Price,unit_price,Suspiciously low unit price (3.69)
0798445207,Low Price,unit_price,Suspiciously low unit price (3.55)
1007611771,Low Price,unit_price,Suspiciously low unit price (3.19)
1174358386,Low Price,unit_price,Suspiciously low unit price (3.239487301587302)
240120202126950,Low Price,unit_price,Suspiciously low unit price (2.23)
240120202126950,Low Price,unit_price,Suspiciously low unit price (3.04)
1.0062E+15,Low Price,unit_price,Suspiciously low unit price (2.96)
1.0062E+15,Low Price,unit_price,Suspiciously low unit price (2.96)
1266756521,Low Price,unit_price,Suspiciously low unit price (3.17)
240120202126950,Low Price,unit_price,Suspiciously low unit price (0.97)
100120201998040,Low Price,unit_price,Suspiciously low unit price (0.99)
1.0062E+15,Low Price,unit_price,Suspiciously low unit price (0.95)
0706201919182664,Low Price,unit_price,Suspiciously low unit price (2.3)
1111797476,Low Price,unit_price,Suspiciously low unit price (2.1)
1062968331,Low Price,unit_price,Suspiciously low unit price (2.1)
1089024781,Low Price,unit_price,Suspiciously low unit price (2.1)
230320197422330,Low Price,unit_price,Suspiciously low unit price (2.34)
2.9052E+15,Low Price,unit_price,Suspiciously low unit price (3.13)
0706201919182663,Low Price,unit_price,Suspiciously low unit price (3.12)
030920192031198,Low Price,unit_price,Suspiciously low unit price (3.0)
100120201998040,Low Price,unit_price,Suspiciously low unit price (3.1)
230320197422330,Low Price,unit_price,Suspiciously low unit price (3.19)
1071833468,Low Price,unit_price,Suspiciously low unit price (0.99)
1076590708,Low Price,unit_price,Suspiciously low unit price (0.99)
1050431543,Low Price,unit_price,Suspiciously low unit price (0.99)
1056296122,Low Price,unit_price,Suspiciously low unit price (0.99)
1129609255,Low Price,unit_price,Suspiciously low unit price (0.99)
2.9052E+15,Low Price,unit_price,Suspiciously low unit price (1.0)
0706201919182666,Low Price,unit_price,Suspiciously low unit price (1.0)
030920192031197,Low Price,unit_price,Suspiciously low unit price (0.96)
2.3122E+15,Low Price,unit_price,Suspiciously low unit price (1.05)
3.0122E+15,Low Price,unit_price,Suspiciously low unit price (1.0)
3.0122E+15,Low Price,unit_price,Suspiciously low unit price (1.0)
2.1062E+15,Low Price,unit_price,Suspiciously low unit price (2.34)
1475020444,Low Price,unit_price,Suspiciously low unit price (2.19)
1120745901,Low Price,unit_price,Suspiciously low unit price (3.09)
6977627456,Low Price,unit_price,Suspiciously low unit price (1.75)
0233835230,Low Price,unit_price,Suspiciously low unit price (1.83)
0233835229,Low Price,unit_price,Suspiciously low unit price (1.83)
0233835228,Low Price,unit_price,Suspiciously low unit price (1.83)
6976588313,Low Price,unit_price,Suspiciously low unit price (2.2)
9703971857,Low Price,unit_price,Suspiciously low unit price (3.36)
9703971856,Low Price,unit_price,Suspiciously low unit price (3.36)
6976588273,Low Price,unit_price,Suspiciously low unit price (1.03)
6976588009,Low Price,unit_price,Suspiciously low unit price (1.03)
0235041529,Low Price,unit_price,Suspiciously low unit price (1.11)
0235041528,Low Price,unit_price,Suspiciously low unit price (1.11)
9703971858,Low Price,unit_price,Suspiciously low unit price (0.9)
6977613032,Low Price,unit_price,Suspiciously low unit price (1.02)
6977627457,Low Price,unit_price,Suspiciously low unit price (1.02)
9862677422,Low Price,unit_price,Suspiciously low unit price (1.85)
9862677423,Low Price,unit_price,Suspiciously low unit price (3.41)
9862677425,Low Price,unit_price,Suspiciously low unit price (1.08)
9862677424,Low Price,unit_price,Suspiciously low unit price (1.08)
6302344745,Low Price,unit_price,Suspiciously low unit price (1.75)
6302344744,Low Price,unit_price,Suspiciously low unit price (1.75)
0235041533,Low Price,unit_price,Suspiciously low unit price (1.9)
0235041532,Low Price,unit_price,Suspiciously low unit price (1.9)
0235041531,Low Price,unit_price,Suspiciously low unit price (1.9)
0235041530,Low Price,unit_price,Suspiciously low unit price (1.9)
0235041538,Low Price,unit_price,Suspiciously low unit price (3.51)
0235041537,Low Price,unit_price,Suspiciously low unit price (3.51)
0235041536,Low Price,unit_price,Suspiciously low unit price (3.51)
0235041535,Low Price,unit_price,Suspiciously low unit price (3.51)
0235041534,Low Price,unit_price,Suspiciously low unit price (3.51)
6302344746,Low Price,unit_price,Suspiciously low unit price (1.75)
6977613033,Low Price,unit_price,Suspiciously low unit price (1.75)
6302344748,Low Price,unit_price,Suspiciously low unit price (0.86)
6302344747,Low Price,unit_price,Suspiciously low unit price (0.86)
6977613034,Low Price,unit_price,Suspiciously low unit price (1.02)
0233835232,Low Price,unit_price,Suspiciously low unit price (1.06)
0233835231,Low Price,unit_price,Suspiciously low unit price (1.06)
250120192036910,Low Price,unit_price,Suspiciously low unit price (2.425526666666667)
300120192076120,Low Price,unit_price,Suspiciously low unit price (2.3475062500000003)
250220194736290,Low Price,unit_price,Suspiciously low unit price (3.18)
080120191901223,Low Price,unit_price,Suspiciously low unit price (3.196709523809524)
250220194736290,Low Price,unit_price,Suspiciously low unit price (1.02)
080120191901224,Low Price,unit_price,Suspiciously low unit price (1.0224717948717947)
9862677426,Low Price,unit_price,Suspiciously low unit price (0.91)
9862676539,Low Price,unit_price,Suspiciously low unit price (2.3)
9705300515,Low Price,unit_price,Suspiciously low unit price (1.77)
9705300514,Low Price,unit_price,Suspiciously low unit price (1.77)
9705300516,Low Price,unit_price,Suspiciously low unit price (3.28)
0235041539,Low Price,unit_price,Suspiciously low unit price (2.37)
6302344751,Low Price,unit_price,Suspiciously low unit price (1.02)
6302344750,Low Price,unit_price,Suspiciously low unit price (1.02)
6302344749,Low Price,unit_price,Suspiciously low unit price (1.02)
1145429498,Low Price,unit_price,Suspiciously low unit price (0.0125641)
1204471418,Low Price,unit_price,Suspiciously low unit price (0.0119255769230769)
0829374849,Low Price,unit_price,Suspiciously low unit price (0.093065)
0829374842,Low Price,unit_price,Suspiciously low unit price (0.09306625)
0829374851,Low Price,unit_price,Suspiciously low unit price (0.093067)
9454045798,Low Price,unit_price,Suspiciously low unit price (0.09539)
0829374852,Low Price,unit_price,Suspiciously low unit price (0.093065)
8495091976,Low Price,unit_price,Suspiciously low unit price (0.09540703125)
3973297550,Low Price,unit_price,Suspiciously low unit price (0.0957132142857142)
2.3122E+15,Low Price,unit_price,Suspiciously low unit price (27.656111111111112)
1055553551,Low Price,unit_price,Suspiciously low unit price (20.56391975308642)
3.1122E+15,Low Price,unit_price,Suspiciously low unit price (5.51)
3.1122E+15,Low Price,unit_price,Suspiciously low unit price (8.62)
1113834223,Low Price,unit_price,Suspiciously low unit price (18.09)
1.9062E+15,Low Price,unit_price,Suspiciously low unit price (1.541904761904762)
9324316516,Low Price,unit_price,Suspiciously low unit price (18.34)
1036626073,Low Price,unit_price,Suspiciously low unit price (2.2012)
1167666212,Low Price,unit_price,Suspiciously low unit price (2.2226875)
1084565401,Low Price,unit_price,Suspiciously low unit price (2.355066666666666)
3460223291,Low Price,unit_price,Suspiciously low unit price (8.54)
3697868073,Low Price,unit_price,Suspiciously low unit price (6.65)
3.0052E+15,Low Price,unit_price,Suspiciously low unit price (14.7947)
3.0052E+15,Low Price,unit_price,Suspiciously low unit price (14.6940703125)
6542565129,Low Price,unit_price,Suspiciously low unit price (45.63)
1109889848,Low Price,unit_price,Suspiciously low unit price (3.01)
3460223307,Low Price,unit_price,Suspiciously low unit price (28.08)
5658520555,Low Price,unit_price,Suspiciously low unit price (0.9)
5658689587,Low Price,unit_price,Suspiciously low unit price (1.04)
0810202026379037,Low Price,unit_price,Suspiciously low unit price (0.58)
230120191159320,Low Price,unit_price,Suspiciously low unit price (1.2531666666666663)
230120191159320,Low Price,unit_price,Suspiciously low unit price (1.2531666666666663)
1420123745,Low Price,unit_price,Suspiciously low unit price (0.67)
1420123728,Low Price,unit_price,Suspiciously low unit price (0.67)
9703629664,Low Price,unit_price,Suspiciously low unit price (13.41)
