Traceback (most recent call last):
  File "/usr/lib/python3.8/runpy.py", line 194, in _run_module_as_main
    return _run_code(code, main_globals, None,
  File "/usr/lib/python3.8/runpy.py", line 87, in _run_code
    exec(code, run_globals)
  File "/application/int_analytics_suite/maco/backend/src/maco_automation/main.py", line 2, in <module>
    from maco_automation.api.main import app
  File "/application/int_analytics_suite/maco/backend/src/maco_automation/api/main.py", line 14, in <module>
    from maco_automation.pipeline.run import run_pipeline
  File "/application/int_analytics_suite/maco/backend/src/maco_automation/pipeline/run.py", line 14, in <module>
    from .extractor import extract_features, load_product_model
  File "/application/int_analytics_suite/maco/backend/src/maco_automation/pipeline/extractor.py", line 51, in <module>
    def extract_model(desc: str, manufacturer: str | None = None) -> str | None:
TypeError: unsupported operand type(s) for |: 'type' and 'NoneType'
INFO:     Started server process [3068]
INFO:     Waiting for application startup.
INFO:     Application startup complete.
INFO:     Uvicorn running on http://0.0.0.0:9002 (Press CTRL+C to quit)
WARNING:  Invalid HTTP request received.
INFO:     3.149.59.26:47012 - "GET / HTTP/1.1" 200 OK
INFO:     3.149.59.26:34846 - "GET / HTTP/1.1" 200 OK
WARNING:  Invalid HTTP request received.
WARNING:  Invalid HTTP request received.
WARNING:  Invalid HTTP request received.

🚀 Starting MACO Pipeline for file: /application/int_analytics_suite/maco/backend/api/uploads/20251117_110934_Rotary Union_Analysis_Recent(RaW Dump).csv

======================================================================
[0] Reading and Preprocessing Input CSV
detect_encoding: detected => ascii (confidence 1.0)
Failed with detected encoding 'ascii'. Retrying with latin1...
read_csv: rows=31597 cols=16
Dropped columns: ['unnamed_15']
✅ Preprocessing complete — 31,597 rows

======================================================================
[2] Normalizing Company / Model Data
Running normalization...
Normalization complete.
✅ Normalization done

======================================================================
[3] Extracting Product Features
[+] Product classification model loaded: /application/int_analytics_suite/maco/backend/models/product_pipeline.pkl
Extracting structured fields from 31597 rows...
Feature extraction complete.
✅ Extraction done

======================================================================
[4] Running Relevancy Classifier
Loaded model from /application/int_analytics_suite/maco/backend/models/relevancy_classifier_v1.joblib
Predicted relevancy for 31597 rows
✅ Classification complete

======================================================================
[5] Running Post-Classification Validation

[5] Running data validation and business checks...
Validation complete with 11919 issues
   Detailed report: output/audit/audit_report_20251117_111021.csv
   Summary report:  output/audit/audit_summary_20251117_111021.csv
✅ Validation complete — 11919 issues logged

======================================================================
[6] Exporting Final Results
💾 Saved final processed file to: /application/int_analytics_suite/maco/backend/output/processed_20251117_111021.csv

🎯 Pipeline completed successfully!
INFO:     122.185.160.82:64807 - "POST /process HTTP/1.1" 200 OK
INFO:     122.185.160.82:64807 - "GET /download/processed_20251117_111021.csv HTTP/1.1" 200 OK
/application/.local/lib/python3.8/site-packages/sklearn/base.py:348: InconsistentVersionWarning: Trying to unpickle estimator TfidfTransformer from version 1.2.2 when using version 1.3.2. This might lead to breaking code or invalid results. Use at your own risk. For more info please refer to:
https://scikit-learn.org/stable/model_persistence.html#security-maintainability-limitations
  warnings.warn(
/application/.local/lib/python3.8/site-packages/sklearn/base.py:348: InconsistentVersionWarning: Trying to unpickle estimator TfidfVectorizer from version 1.2.2 when using version 1.3.2. This might lead to breaking code or invalid results. Use at your own risk. For more info please refer to:
https://scikit-learn.org/stable/model_persistence.html#security-maintainability-limitations
  warnings.warn(
/application/.local/lib/python3.8/site-packages/sklearn/base.py:348: InconsistentVersionWarning: Trying to unpickle estimator LogisticRegression from version 1.2.2 when using version 1.3.2. This might lead to breaking code or invalid results. Use at your own risk. For more info please refer to:
https://scikit-learn.org/stable/model_persistence.html#security-maintainability-limitations
  warnings.warn(
/application/.local/lib/python3.8/site-packages/sklearn/base.py:348: InconsistentVersionWarning: Trying to unpickle estimator Pipeline from version 1.2.2 when using version 1.3.2. This might lead to breaking code or invalid results. Use at your own risk. For more info please refer to:
https://scikit-learn.org/stable/model_persistence.html#security-maintainability-limitations
  warnings.warn(
/application/.local/lib/python3.8/site-packages/sklearn/base.py:348: InconsistentVersionWarning: Trying to unpickle estimator TfidfVectorizer from version 1.2.2 when using version 1.3.2. This might lead to breaking code or invalid results. Use at your own risk. For more info please refer to:
https://scikit-learn.org/stable/model_persistence.html#security-maintainability-limitations
  warnings.warn(
/application/.local/lib/python3.8/site-packages/sklearn/base.py:348: InconsistentVersionWarning: Trying to unpickle estimator StandardScaler from version 1.2.2 when using version 1.3.2. This might lead to breaking code or invalid results. Use at your own risk. For more info please refer to:
https://scikit-learn.org/stable/model_persistence.html#security-maintainability-limitations
  warnings.warn(
/application/.local/lib/python3.8/site-packages/sklearn/base.py:348: InconsistentVersionWarning: Trying to unpickle estimator TfidfTransformer from version 1.2.2 when using version 1.3.2. This might lead to breaking code or invalid results. Use at your own risk. For more info please refer to:
https://scikit-learn.org/stable/model_persistence.html#security-maintainability-limitations
  warnings.warn(
/application/.local/lib/python3.8/site-packages/sklearn/base.py:348: InconsistentVersionWarning: Trying to unpickle estimator ColumnTransformer from version 1.2.2 when using version 1.3.2. This might lead to breaking code or invalid results. Use at your own risk. For more info please refer to:
https://scikit-learn.org/stable/model_persistence.html#security-maintainability-limitations
  warnings.warn(
/application/.local/lib/python3.8/site-packages/sklearn/base.py:348: InconsistentVersionWarning: Trying to unpickle estimator LogisticRegression from version 1.2.2 when using version 1.3.2. This might lead to breaking code or invalid results. Use at your own risk. For more info please refer to:
https://scikit-learn.org/stable/model_persistence.html#security-maintainability-limitations
  warnings.warn(
/application/.local/lib/python3.8/site-packages/sklearn/base.py:348: InconsistentVersionWarning: Trying to unpickle estimator Pipeline from version 1.2.2 when using version 1.3.2. This might lead to breaking code or invalid results. Use at your own risk. For more info please refer to:
https://scikit-learn.org/stable/model_persistence.html#security-maintainability-limitations
  warnings.warn(
/application/int_analytics_suite/maco/backend/src/maco_automation/pipeline/classifier.py:25: FutureWarning: The default value of regex will change from True to False in a future version. In addition, single character regular expressions will *not* be treated as literal strings when regex=True.
  df[col]
WARNING:  Invalid HTTP request received.
INFO:     91.196.152.12:49169 - "GET / HTTP/1.1" 200 OK
INFO:     91.196.152.114:57489 - "GET /favicon.ico HTTP/1.1" 404 Not Found

🚀 Starting MACO Pipeline for file: /application/int_analytics_suite/maco/backend/api/uploads/20251118_044344_Sample Data Sets.csv

======================================================================
[0] Reading and Preprocessing Input CSV
detect_encoding: detected => UTF-8-SIG (confidence 1.0)
read_csv: rows=17198 cols=27
Dropped columns: ['unnamed_15']
✅ Preprocessing complete — 17,198 rows

======================================================================
[2] Normalizing Company / Model Data
Running normalization...
Normalization complete.
✅ Normalization done

======================================================================
[3] Extracting Product Features
[+] Product classification model loaded: /application/int_analytics_suite/maco/backend/models/product_pipeline.pkl
Extracting structured fields from 17198 rows...
Feature extraction complete.
✅ Extraction done

======================================================================
[4] Running Relevancy Classifier
Loaded model from /application/int_analytics_suite/maco/backend/models/relevancy_classifier_v1.joblib
Predicted relevancy for 17198 rows
✅ Classification complete

======================================================================
[5] Running Post-Classification Validation

[5] Running data validation and business checks...
Validation complete with 2048 issues
   Detailed report: output/audit/audit_report_20251118_044407.csv
   Summary report:  output/audit/audit_summary_20251118_044407.csv
✅ Validation complete — 2048 issues logged

======================================================================
[6] Exporting Final Results
💾 Saved final processed file to: /application/int_analytics_suite/maco/backend/output/processed_20251118_044407.csv

🎯 Pipeline completed successfully!
INFO:     122.160.52.177:28429 - "POST /process HTTP/1.1" 200 OK
INFO:     122.160.52.177:28429 - "GET /download/processed_20251118_044407.csv HTTP/1.1" 200 OK

🚀 Starting MACO Pipeline for file: /application/int_analytics_suite/maco/backend/api/uploads/20251118_044503_Sample Data Sets.csv

======================================================================
[0] Reading and Preprocessing Input CSV
detect_encoding: detected => UTF-8-SIG (confidence 1.0)
read_csv: rows=17198 cols=27
Dropped columns: ['unnamed_15', 'unnamed_16', 'unnamed_17', 'unnamed_18', 
'unnamed_19', 'unnamed_20', 'unnamed_21', 'unnamed_22', 'unnamed_23', 
'unnamed_24', 'unnamed_25', 'unnamed_26']
/application/.local/lib/python3.8/site-packages/sklearn/base.py:348: InconsistentVersionWarning: Trying to unpickle estimator TfidfTransformer from version 1.2.2 when using version 1.3.2. This might lead to breaking code or invalid results. Use at your own risk. For more info please refer to:
https://scikit-learn.org/stable/model_persistence.html#security-maintainability-limitations
  warnings.warn(
/application/.local/lib/python3.8/site-packages/sklearn/base.py:348: InconsistentVersionWarning: Trying to unpickle estimator TfidfVectorizer from version 1.2.2 when using version 1.3.2. This might lead to breaking code or invalid results. Use at your own risk. For more info please refer to:
https://scikit-learn.org/stable/model_persistence.html#security-maintainability-limitations
  warnings.warn(
/application/.local/lib/python3.8/site-packages/sklearn/base.py:348: InconsistentVersionWarning: Trying to unpickle estimator LogisticRegression from version 1.2.2 when using version 1.3.2. This might lead to breaking code or invalid results. Use at your own risk. For more info please refer to:
https://scikit-learn.org/stable/model_persistence.html#security-maintainability-limitations
  warnings.warn(
/application/.local/lib/python3.8/site-packages/sklearn/base.py:348: InconsistentVersionWarning: Trying to unpickle estimator Pipeline from version 1.2.2 when using version 1.3.2. This might lead to breaking code or invalid results. Use at your own risk. For more info please refer to:
https://scikit-learn.org/stable/model_persistence.html#security-maintainability-limitations
  warnings.warn(
/application/.local/lib/python3.8/site-packages/sklearn/base.py:348: InconsistentVersionWarning: Trying to unpickle estimator TfidfVectorizer from version 1.2.2 when using version 1.3.2. This might lead to breaking code or invalid results. Use at your own risk. For more info please refer to:
https://scikit-learn.org/stable/model_persistence.html#security-maintainability-limitations
  warnings.warn(
/application/.local/lib/python3.8/site-packages/sklearn/base.py:348: InconsistentVersionWarning: Trying to unpickle estimator StandardScaler from version 1.2.2 when using version 1.3.2. This might lead to breaking code or invalid results. Use at your own risk. For more info please refer to:
https://scikit-learn.org/stable/model_persistence.html#security-maintainability-limitations
  warnings.warn(
/application/.local/lib/python3.8/site-packages/sklearn/base.py:348: InconsistentVersionWarning: Trying to unpickle estimator TfidfTransformer from version 1.2.2 when using version 1.3.2. This might lead to breaking code or invalid results. Use at your own risk. For more info please refer to:
https://scikit-learn.org/stable/model_persistence.html#security-maintainability-limitations
  warnings.warn(
/application/.local/lib/python3.8/site-packages/sklearn/base.py:348: InconsistentVersionWarning: Trying to unpickle estimator ColumnTransformer from version 1.2.2 when using version 1.3.2. This might lead to breaking code or invalid results. Use at your own risk. For more info please refer to:
https://scikit-learn.org/stable/model_persistence.html#security-maintainability-limitations
  warnings.warn(
/application/.local/lib/python3.8/site-packages/sklearn/base.py:348: InconsistentVersionWarning: Trying to unpickle estimator LogisticRegression from version 1.2.2 when using version 1.3.2. This might lead to breaking code or invalid results. Use at your own risk. For more info please refer to:
https://scikit-learn.org/stable/model_persistence.html#security-maintainability-limitations
  warnings.warn(
/application/.local/lib/python3.8/site-packages/sklearn/base.py:348: InconsistentVersionWarning: Trying to unpickle estimator Pipeline from version 1.2.2 when using version 1.3.2. This might lead to breaking code or invalid results. Use at your own risk. For more info please refer to:
https://scikit-learn.org/stable/model_persistence.html#security-maintainability-limitations
  warnings.warn(
/application/int_analytics_suite/maco/backend/src/maco_automation/pipeline/classifier.py:25: FutureWarning: The default value of regex will change from True to False in a future version. In addition, single character regular expressions will *not* be treated as literal strings when regex=True.
  df[col]
/application/.local/lib/python3.8/site-packages/sklearn/base.py:348: InconsistentVersionWarning: Trying to unpickle estimator TfidfTransformer from version 1.2.2 when using version 1.3.2. This might lead to breaking code or invalid results. Use at your own risk. For more info please refer to:
https://scikit-learn.org/stable/model_persistence.html#security-maintainability-limitations
  warnings.warn(
/application/.local/lib/python3.8/site-packages/sklearn/base.py:348: InconsistentVersionWarning: Trying to unpickle estimator TfidfVectorizer from version 1.2.2 when using version 1.3.2. This might lead to breaking code or invalid results. Use at your own risk. For more info please refer to:
https://scikit-learn.org/stable/model_persistence.html#security-maintainability-limitations
  warnings.warn(
/application/.local/lib/python3.8/site-packages/sklearn/base.py:348: InconsistentVersionWarning: Trying to unpickle estimator LogisticRegression from version 1.2.2 when using version 1.3.2. This might lead to breaking code or invalid results. Use at your own risk. For more info please refer to:
https://scikit-learn.org/stable/model_persistence.html#security-maintainability-limitations
  warnings.warn(
/application/.local/lib/python3.8/site-packages/sklearn/base.py:348: InconsistentVersionWarning: Trying to unpickle estimator Pipeline from version 1.2.2 when using version 1.3.2. This might lead to breaking code or invalid results. Use at your own risk. For more info please refer to:
https://scikit-learn.org/stable/model_persistence.html#security-maintainability-limitations
  warnings.warn(
/application/.local/lib/python3.8/site-packages/sklearn/base.py:348: InconsistentVersionWarning: Trying to unpickle estimator TfidfVectorizer from version 1.2.2 when using version 1.3.2. This might lead to breaking code or invalid results. Use at your own risk. For more info please refer to:
https://scikit-learn.org/stable/model_persistence.html#security-maintainability-limitations
  warnings.warn(
/application/.local/lib/python3.8/site-packages/sklearn/base.py:348: InconsistentVersionWarning: Trying to unpickle estimator StandardScaler from version 1.2.2 when using version 1.3.2. This might lead to breaking code or invalid results. Use at your own risk. For more info please refer to:
https://scikit-learn.org/stable/model_persistence.html#security-maintainability-limitations
  warnings.warn(
/application/.local/lib/python3.8/site-packages/sklearn/base.py:348: InconsistentVersionWarning: Trying to unpickle estimator TfidfTransformer from version 1.2.2 when using version 1.3.2. This might lead to breaking code or invalid results. Use at your own risk. For more info please refer to:
https://scikit-learn.org/stable/model_persistence.html#security-maintainability-limitations
  warnings.warn(
/application/.local/lib/python3.8/site-packages/sklearn/base.py:348: InconsistentVersionWarning: Trying to unpickle estimator ColumnTransformer from version 1.2.2 when using version 1.3.2. This might lead to breaking code or invalid results. Use at your own risk. For more info please refer to:
https://scikit-learn.org/stable/model_persistence.html#security-maintainability-limitations
  warnings.warn(
/application/.local/lib/python3.8/site-packages/sklearn/base.py:348: InconsistentVersionWarning: Trying to unpickle estimator LogisticRegression from version 1.2.2 when using version 1.3.2. This might lead to breaking code or invalid results. Use at your own risk. For more info please refer to:
https://scikit-learn.org/stable/model_persistence.html#security-maintainability-limitations
  warnings.warn(
✅ Preprocessing complete — 17,198 rows

======================================================================
[2] Normalizing Company / Model Data
Running normalization...
Normalization complete.
✅ Normalization done

======================================================================
[3] Extracting Product Features
[+] Product classification model loaded: /application/int_analytics_suite/maco/backend/models/product_pipeline.pkl
Extracting structured fields from 17198 rows...
Feature extraction complete.
✅ Extraction done

======================================================================
[4] Running Relevancy Classifier
Loaded model from /application/int_analytics_suite/maco/backend/models/relevancy_classifier_v1.joblib
Predicted relevancy for 17198 rows
✅ Classification complete

======================================================================
[5] Running Post-Classification Validation

[5] Running data validation and business checks...
Validation complete with 2048 issues
   Detailed report: output/audit/audit_report_20251118_044521.csv
   Summary report:  output/audit/audit_summary_20251118_044521.csv
✅ Validation complete — 2048 issues logged

======================================================================
[6] Exporting Final Results
💾 Saved final processed file to: /application/int_analytics_suite/maco/backend/output/processed_20251118_044521.csv

🎯 Pipeline completed successfully!
INFO:     122.160.52.177:21524 - "POST /process HTTP/1.1" 200 OK
INFO:     122.160.52.177:21524 - "GET /download/processed_20251118_044521.csv HTTP/1.1" 200 OK

🚀 Starting MACO Pipeline for file: /application/int_analytics_suite/maco/backend/api/uploads/20251118_053103_Rotary Union Additional Data.csv

======================================================================
[0] Reading and Preprocessing Input CSV
detect_encoding: detected => UTF-8-SIG (confidence 1.0)
read_csv: rows=470 cols=16
✅ Preprocessing complete — 470 rows

======================================================================
[2] Normalizing Company / Model Data
Running normalization...
Normalization complete.
✅ Normalization done

======================================================================
[3] Extracting Product Features
[+] Product classification model loaded: /application/int_analytics_suite/maco/backend/models/product_pipeline.pkl
Extracting structured fields from 470 rows...
Feature extraction complete.
✅ Extraction done

======================================================================
[4] Running Relevancy Classifier
Loaded model from /application/int_analytics_suite/maco/backend/models/relevancy_classifier_v1.joblib

❌ Pipeline failed: Input X contains NaN.
LogisticRegression does not accept missing values encoded as NaN natively. For supervised learning, you might want to consider sklearn.ensemble.HistGradientBoostingClassifier and Regressor which accept missing values encoded as NaNs natively. Alternatively, it is possible to preprocess the data, for instance by using an imputer transformer in a pipeline or drop samples with missing values. See https://scikit-learn.org/stable/modules/impute.html You can find a list of all estimators that handle NaN values at the following page: https://scikit-learn.org/stable/modules/impute.html#estimators-that-handle-nan-values
INFO:     122.160.52.177:9607 - "POST /process HTTP/1.1" 500 Internal Server Error

🚀 Starting MACO Pipeline for file: /application/int_analytics_suite/maco/backend/api/uploads/20251118_053124_Rotary Union Additional Data.csv

======================================================================
[0] Reading and Preprocessing Input CSV
detect_encoding: detected => UTF-8-SIG (confidence 1.0)
read_csv: rows=470 cols=16
/application/.local/lib/python3.8/site-packages/sklearn/base.py:348: InconsistentVersionWarning: Trying to unpickle estimator Pipeline from version 1.2.2 when using version 1.3.2. This might lead to breaking code or invalid results. Use at your own risk. For more info please refer to:
https://scikit-learn.org/stable/model_persistence.html#security-maintainability-limitations
  warnings.warn(
/application/int_analytics_suite/maco/backend/src/maco_automation/pipeline/classifier.py:25: FutureWarning: The default value of regex will change from True to False in a future version. In addition, single character regular expressions will *not* be treated as literal strings when regex=True.
  df[col]
/application/.local/lib/python3.8/site-packages/sklearn/base.py:348: InconsistentVersionWarning: Trying to unpickle estimator TfidfTransformer from version 1.2.2 when using version 1.3.2. This might lead to breaking code or invalid results. Use at your own risk. For more info please refer to:
https://scikit-learn.org/stable/model_persistence.html#security-maintainability-limitations
  warnings.warn(
/application/.local/lib/python3.8/site-packages/sklearn/base.py:348: InconsistentVersionWarning: Trying to unpickle estimator TfidfVectorizer from version 1.2.2 when using version 1.3.2. This might lead to breaking code or invalid results. Use at your own risk. For more info please refer to:
https://scikit-learn.org/stable/model_persistence.html#security-maintainability-limitations
  warnings.warn(
/application/.local/lib/python3.8/site-packages/sklearn/base.py:348: InconsistentVersionWarning: Trying to unpickle estimator LogisticRegression from version 1.2.2 when using version 1.3.2. This might lead to breaking code or invalid results. Use at your own risk. For more info please refer to:
https://scikit-learn.org/stable/model_persistence.html#security-maintainability-limitations
  warnings.warn(
/application/.local/lib/python3.8/site-packages/sklearn/base.py:348: InconsistentVersionWarning: Trying to unpickle estimator Pipeline from version 1.2.2 when using version 1.3.2. This might lead to breaking code or invalid results. Use at your own risk. For more info please refer to:
https://scikit-learn.org/stable/model_persistence.html#security-maintainability-limitations
  warnings.warn(
/application/.local/lib/python3.8/site-packages/sklearn/base.py:348: InconsistentVersionWarning: Trying to unpickle estimator TfidfVectorizer from version 1.2.2 when using version 1.3.2. This might lead to breaking code or invalid results. Use at your own risk. For more info please refer to:
https://scikit-learn.org/stable/model_persistence.html#security-maintainability-limitations
  warnings.warn(
/application/.local/lib/python3.8/site-packages/sklearn/base.py:348: InconsistentVersionWarning: Trying to unpickle estimator StandardScaler from version 1.2.2 when using version 1.3.2. This might lead to breaking code or invalid results. Use at your own risk. For more info please refer to:
https://scikit-learn.org/stable/model_persistence.html#security-maintainability-limitations
  warnings.warn(
/application/.local/lib/python3.8/site-packages/sklearn/base.py:348: InconsistentVersionWarning: Trying to unpickle estimator TfidfTransformer from version 1.2.2 when using version 1.3.2. This might lead to breaking code or invalid results. Use at your own risk. For more info please refer to:
https://scikit-learn.org/stable/model_persistence.html#security-maintainability-limitations
  warnings.warn(
/application/.local/lib/python3.8/site-packages/sklearn/base.py:348: InconsistentVersionWarning: Trying to unpickle estimator ColumnTransformer from version 1.2.2 when using version 1.3.2. This might lead to breaking code or invalid results. Use at your own risk. For more info please refer to:
https://scikit-learn.org/stable/model_persistence.html#security-maintainability-limitations
  warnings.warn(
/application/.local/lib/python3.8/site-packages/sklearn/base.py:348: InconsistentVersionWarning: Trying to unpickle estimator LogisticRegression from version 1.2.2 when using version 1.3.2. This might lead to breaking code or invalid results. Use at your own risk. For more info please refer to:
https://scikit-learn.org/stable/model_persistence.html#security-maintainability-limitations
  warnings.warn(
/application/.local/lib/python3.8/site-packages/sklearn/base.py:348: InconsistentVersionWarning: Trying to unpickle estimator Pipeline from version 1.2.2 when using version 1.3.2. This might lead to breaking code or invalid results. Use at your own risk. For more info please refer to:
https://scikit-learn.org/stable/model_persistence.html#security-maintainability-limitations
  warnings.warn(
/application/int_analytics_suite/maco/backend/src/maco_automation/pipeline/classifier.py:25: FutureWarning: The default value of regex will change from True to False in a future version. In addition, single character regular expressions will *not* be treated as literal strings when regex=True.
  df[col]
/application/.local/lib/python3.8/site-packages/sklearn/base.py:348: InconsistentVersionWarning: Trying to unpickle estimator TfidfTransformer from version 1.2.2 when using version 1.3.2. This might lead to breaking code or invalid results. Use at your own risk. For more info please refer to:
https://scikit-learn.org/stable/model_persistence.html#security-maintainability-limitations
  warnings.warn(
/application/.local/lib/python3.8/site-packages/sklearn/base.py:348: InconsistentVersionWarning: Trying to unpickle estimator TfidfVectorizer from version 1.2.2 when using version 1.3.2. This might lead to breaking code or invalid results. Use at your own risk. For more info please refer to:
https://scikit-learn.org/stable/model_persistence.html#security-maintainability-limitations
  warnings.warn(
/application/.local/lib/python3.8/site-packages/sklearn/base.py:348: InconsistentVersionWarning: Trying to unpickle estimator LogisticRegression from version 1.2.2 when using version 1.3.2. This might lead to breaking code or invalid results. Use at your own risk. For more info please refer to:
https://scikit-learn.org/stable/model_persistence.html#security-maintainability-limitations
  warnings.warn(
/application/.local/lib/python3.8/site-packages/sklearn/base.py:348: InconsistentVersionWarning: Trying to unpickle estimator Pipeline from version 1.2.2 when using version 1.3.2. This might lead to breaking code or invalid results. Use at your own risk. For more info please refer to:
https://scikit-learn.org/stable/model_persistence.html#security-maintainability-limitations
  warnings.warn(
/application/.local/lib/python3.8/site-packages/sklearn/base.py:348: InconsistentVersionWarning: Trying to unpickle estimator TfidfVectorizer from version 1.2.2 when using version 1.3.2. This might lead to breaking code or invalid results. Use at your own risk. For more info please refer to:
https://scikit-learn.org/stable/model_persistence.html#security-maintainability-limitations
  warnings.warn(
/application/.local/lib/python3.8/site-packages/sklearn/base.py:348: InconsistentVersionWarning: Trying to unpickle estimator StandardScaler from version 1.2.2 when using version 1.3.2. This might lead to breaking code or invalid results. Use at your own risk. For more info please refer to:
https://scikit-learn.org/stable/model_persistence.html#security-maintainability-limitations
  warnings.warn(
/application/.local/lib/python3.8/site-packages/sklearn/base.py:348: InconsistentVersionWarning: Trying to unpickle estimator TfidfTransformer from version 1.2.2 when using version 1.3.2. This might lead to breaking code or invalid results. Use at your own risk. For more info please refer to:
https://scikit-learn.org/stable/model_persistence.html#security-maintainability-limitations
  warnings.warn(
✅ Preprocessing complete — 470 rows

======================================================================
[2] Normalizing Company / Model Data
Running normalization...
Normalization complete.
✅ Normalization done

======================================================================
[3] Extracting Product Features
[+] Product classification model loaded: /application/int_analytics_suite/maco/backend/models/product_pipeline.pkl
Extracting structured fields from 470 rows...
Feature extraction complete.
✅ Extraction done

======================================================================
[4] Running Relevancy Classifier
Loaded model from /application/int_analytics_suite/maco/backend/models/relevancy_classifier_v1.joblib

❌ Pipeline failed: Input X contains NaN.
LogisticRegression does not accept missing values encoded as NaN natively. For supervised learning, you might want to consider sklearn.ensemble.HistGradientBoostingClassifier and Regressor which accept missing values encoded as NaNs natively. Alternatively, it is possible to preprocess the data, for instance by using an imputer transformer in a pipeline or drop samples with missing values. See https://scikit-learn.org/stable/modules/impute.html You can find a list of all estimators that handle NaN values at the following page: https://scikit-learn.org/stable/modules/impute.html#estimators-that-handle-nan-values
INFO:     122.160.52.177:27626 - "POST /process HTTP/1.1" 500 Internal Server Error

🚀 Starting MACO Pipeline for file: /application/int_analytics_suite/maco/backend/api/uploads/20251118_053133_Rotary Union Additional Data.csv

======================================================================
[0] Reading and Preprocessing Input CSV
detect_encoding: detected => UTF-8-SIG (confidence 1.0)
read_csv: rows=470 cols=16
✅ Preprocessing complete — 470 rows

======================================================================
[2] Normalizing Company / Model Data
Running normalization...
Normalization complete.
✅ Normalization done

======================================================================
[3] Extracting Product Features
[+] Product classification model loaded: /application/int_analytics_suite/maco/backend/models/product_pipeline.pkl
Extracting structured fields from 470 rows...
Feature extraction complete.
✅ Extraction done

======================================================================
[4] Running Relevancy Classifier
Loaded model from /application/int_analytics_suite/maco/backend/models/relevancy_classifier_v1.joblib

❌ Pipeline failed: Input X contains NaN.
LogisticRegression does not accept missing values encoded as NaN natively. For supervised learning, you might want to consider sklearn.ensemble.HistGradientBoostingClassifier and Regressor which accept missing values encoded as NaNs natively. Alternatively, it is possible to preprocess the data, for instance by using an imputer transformer in a pipeline or drop samples with missing values. See https://scikit-learn.org/stable/modules/impute.html You can find a list of all estimators that handle NaN values at the following page: https://scikit-learn.org/stable/modules/impute.html#estimators-that-handle-nan-values
INFO:     122.160.52.177:17373 - "POST /process HTTP/1.1" 500 Internal Server Error

🚀 Starting MACO Pipeline for file: /application/int_analytics_suite/maco/backend/api/uploads/20251118_053405_Rotary Union Additional Data.csv

======================================================================
[0] Reading and Preprocessing Input CSV
detect_encoding: detected => UTF-8-SIG (confidence 1.0)
read_csv: rows=470 cols=15
/application/.local/lib/python3.8/site-packages/sklearn/base.py:348: InconsistentVersionWarning: Trying to unpickle estimator ColumnTransformer from version 1.2.2 when using version 1.3.2. This might lead to breaking code or invalid results. Use at your own risk. For more info please refer to:
https://scikit-learn.org/stable/model_persistence.html#security-maintainability-limitations
  warnings.warn(
/application/.local/lib/python3.8/site-packages/sklearn/base.py:348: InconsistentVersionWarning: Trying to unpickle estimator LogisticRegression from version 1.2.2 when using version 1.3.2. This might lead to breaking code or invalid results. Use at your own risk. For more info please refer to:
https://scikit-learn.org/stable/model_persistence.html#security-maintainability-limitations
  warnings.warn(
/application/.local/lib/python3.8/site-packages/sklearn/base.py:348: InconsistentVersionWarning: Trying to unpickle estimator Pipeline from version 1.2.2 when using version 1.3.2. This might lead to breaking code or invalid results. Use at your own risk. For more info please refer to:
https://scikit-learn.org/stable/model_persistence.html#security-maintainability-limitations
  warnings.warn(
/application/int_analytics_suite/maco/backend/src/maco_automation/pipeline/classifier.py:25: FutureWarning: The default value of regex will change from True to False in a future version. In addition, single character regular expressions will *not* be treated as literal strings when regex=True.
  df[col]
/application/.local/lib/python3.8/site-packages/sklearn/base.py:348: InconsistentVersionWarning: Trying to unpickle estimator TfidfTransformer from version 1.2.2 when using version 1.3.2. This might lead to breaking code or invalid results. Use at your own risk. For more info please refer to:
https://scikit-learn.org/stable/model_persistence.html#security-maintainability-limitations
  warnings.warn(
/application/.local/lib/python3.8/site-packages/sklearn/base.py:348: InconsistentVersionWarning: Trying to unpickle estimator TfidfVectorizer from version 1.2.2 when using version 1.3.2. This might lead to breaking code or invalid results. Use at your own risk. For more info please refer to:
https://scikit-learn.org/stable/model_persistence.html#security-maintainability-limitations
  warnings.warn(
/application/.local/lib/python3.8/site-packages/sklearn/base.py:348: InconsistentVersionWarning: Trying to unpickle estimator LogisticRegression from version 1.2.2 when using version 1.3.2. This might lead to breaking code or invalid results. Use at your own risk. For more info please refer to:
https://scikit-learn.org/stable/model_persistence.html#security-maintainability-limitations
  warnings.warn(
/application/.local/lib/python3.8/site-packages/sklearn/base.py:348: InconsistentVersionWarning: Trying to unpickle estimator Pipeline from version 1.2.2 when using version 1.3.2. This might lead to breaking code or invalid results. Use at your own risk. For more info please refer to:
https://scikit-learn.org/stable/model_persistence.html#security-maintainability-limitations
  warnings.warn(
/application/.local/lib/python3.8/site-packages/sklearn/base.py:348: InconsistentVersionWarning: Trying to unpickle estimator TfidfVectorizer from version 1.2.2 when using version 1.3.2. This might lead to breaking code or invalid results. Use at your own risk. For more info please refer to:
https://scikit-learn.org/stable/model_persistence.html#security-maintainability-limitations
  warnings.warn(
/application/.local/lib/python3.8/site-packages/sklearn/base.py:348: InconsistentVersionWarning: Trying to unpickle estimator StandardScaler from version 1.2.2 when using version 1.3.2. This might lead to breaking code or invalid results. Use at your own risk. For more info please refer to:
https://scikit-learn.org/stable/model_persistence.html#security-maintainability-limitations
  warnings.warn(
/application/.local/lib/python3.8/site-packages/sklearn/base.py:348: InconsistentVersionWarning: Trying to unpickle estimator TfidfTransformer from version 1.2.2 when using version 1.3.2. This might lead to breaking code or invalid results. Use at your own risk. For more info please refer to:
https://scikit-learn.org/stable/model_persistence.html#security-maintainability-limitations
  warnings.warn(
/application/.local/lib/python3.8/site-packages/sklearn/base.py:348: InconsistentVersionWarning: Trying to unpickle estimator ColumnTransformer from version 1.2.2 when using version 1.3.2. This might lead to breaking code or invalid results. Use at your own risk. For more info please refer to:
https://scikit-learn.org/stable/model_persistence.html#security-maintainability-limitations
  warnings.warn(
/application/.local/lib/python3.8/site-packages/sklearn/base.py:348: InconsistentVersionWarning: Trying to unpickle estimator LogisticRegression from version 1.2.2 when using version 1.3.2. This might lead to breaking code or invalid results. Use at your own risk. For more info please refer to:
https://scikit-learn.org/stable/model_persistence.html#security-maintainability-limitations
  warnings.warn(
/application/.local/lib/python3.8/site-packages/sklearn/base.py:348: InconsistentVersionWarning: Trying to unpickle estimator Pipeline from version 1.2.2 when using version 1.3.2. This might lead to breaking code or invalid results. Use at your own risk. For more info please refer to:
https://scikit-learn.org/stable/model_persistence.html#security-maintainability-limitations
  warnings.warn(
/application/int_analytics_suite/maco/backend/src/maco_automation/pipeline/classifier.py:25: FutureWarning: The default value of regex will change from True to False in a future version. In addition, single character regular expressions will *not* be treated as literal strings when regex=True.
  df[col]
/application/.local/lib/python3.8/site-packages/sklearn/base.py:348: InconsistentVersionWarning: Trying to unpickle estimator TfidfTransformer from version 1.2.2 when using version 1.3.2. This might lead to breaking code or invalid results. Use at your own risk. For more info please refer to:
https://scikit-learn.org/stable/model_persistence.html#security-maintainability-limitations
  warnings.warn(
/application/.local/lib/python3.8/site-packages/sklearn/base.py:348: InconsistentVersionWarning: Trying to unpickle estimator TfidfVectorizer from version 1.2.2 when using version 1.3.2. This might lead to breaking code or invalid results. Use at your own risk. For more info please refer to:
https://scikit-learn.org/stable/model_persistence.html#security-maintainability-limitations
  warnings.warn(
/application/.local/lib/python3.8/site-packages/sklearn/base.py:348: InconsistentVersionWarning: Trying to unpickle estimator LogisticRegression from version 1.2.2 when using version 1.3.2. This might lead to breaking code or invalid results. Use at your own risk. For more info please refer to:
https://scikit-learn.org/stable/model_persistence.html#security-maintainability-limitations
  warnings.warn(
/application/.local/lib/python3.8/site-packages/sklearn/base.py:348: InconsistentVersionWarning: Trying to unpickle estimator Pipeline from version 1.2.2 when using version 1.3.2. This might lead to breaking code or invalid results. Use at your own risk. For more info please refer to:
https://scikit-learn.org/stable/model_persistence.html#security-maintainability-limitations
  warnings.warn(
/application/.local/lib/python3.8/site-packages/sklearn/base.py:348: InconsistentVersionWarning: Trying to unpickle estimator TfidfVectorizer from version 1.2.2 when using version 1.3.2. This might lead to breaking code or invalid results. Use at your own risk. For more info please refer to:
https://scikit-learn.org/stable/model_persistence.html#security-maintainability-limitations
  warnings.warn(
✅ Preprocessing complete — 470 rows

======================================================================
[2] Normalizing Company / Model Data
Running normalization...
Normalization complete.
✅ Normalization done

======================================================================
[3] Extracting Product Features
[+] Product classification model loaded: /application/int_analytics_suite/maco/backend/models/product_pipeline.pkl
Extracting structured fields from 470 rows...
Feature extraction complete.
✅ Extraction done

======================================================================
[4] Running Relevancy Classifier
Loaded model from /application/int_analytics_suite/maco/backend/models/relevancy_classifier_v1.joblib

❌ Pipeline failed: Input X contains NaN.
LogisticRegression does not accept missing values encoded as NaN natively. For supervised learning, you might want to consider sklearn.ensemble.HistGradientBoostingClassifier and Regressor which accept missing values encoded as NaNs natively. Alternatively, it is possible to preprocess the data, for instance by using an imputer transformer in a pipeline or drop samples with missing values. See https://scikit-learn.org/stable/modules/impute.html You can find a list of all estimators that handle NaN values at the following page: https://scikit-learn.org/stable/modules/impute.html#estimators-that-handle-nan-values
INFO:     122.160.52.177:16356 - "POST /process HTTP/1.1" 500 Internal Server Error

🚀 Starting MACO Pipeline for file: /application/int_analytics_suite/maco/backend/api/uploads/20251118_053554_Rotary Union Additional Data.csv

======================================================================
[0] Reading and Preprocessing Input CSV
detect_encoding: detected => UTF-8-SIG (confidence 1.0)
read_csv: rows=470 cols=15
✅ Preprocessing complete — 470 rows

======================================================================
[2] Normalizing Company / Model Data
Running normalization...
Normalization complete.
✅ Normalization done

======================================================================
[3] Extracting Product Features
[+] Product classification model loaded: /application/int_analytics_suite/maco/backend/models/product_pipeline.pkl
Extracting structured fields from 470 rows...
Feature extraction complete.
✅ Extraction done

======================================================================
[4] Running Relevancy Classifier
Loaded model from /application/int_analytics_suite/maco/backend/models/relevancy_classifier_v1.joblib

❌ Pipeline failed: Input X contains NaN.
LogisticRegression does not accept missing values encoded as NaN natively. For supervised learning, you might want to consider sklearn.ensemble.HistGradientBoostingClassifier and Regressor which accept missing values encoded as NaNs natively. Alternatively, it is possible to preprocess the data, for instance by using an imputer transformer in a pipeline or drop samples with missing values. See https://scikit-learn.org/stable/modules/impute.html You can find a list of all estimators that handle NaN values at the following page: https://scikit-learn.org/stable/modules/impute.html#estimators-that-handle-nan-values
INFO:     122.160.52.177:22047 - "POST /process HTTP/1.1" 500 Internal Server Error

🚀 Starting MACO Pipeline for file: /application/int_analytics_suite/maco/backend/api/uploads/20251118_053603_Rotary Union Additional Data.csv

======================================================================
[0] Reading and Preprocessing Input CSV
detect_encoding: detected => UTF-8-SIG (confidence 1.0)
read_csv: rows=470 cols=15
/application/.local/lib/python3.8/site-packages/sklearn/base.py:348: InconsistentVersionWarning: Trying to unpickle estimator StandardScaler from version 1.2.2 when using version 1.3.2. This might lead to breaking code or invalid results. Use at your own risk. For more info please refer to:
https://scikit-learn.org/stable/model_persistence.html#security-maintainability-limitations
  warnings.warn(
/application/.local/lib/python3.8/site-packages/sklearn/base.py:348: InconsistentVersionWarning: Trying to unpickle estimator TfidfTransformer from version 1.2.2 when using version 1.3.2. This might lead to breaking code or invalid results. Use at your own risk. For more info please refer to:
https://scikit-learn.org/stable/model_persistence.html#security-maintainability-limitations
  warnings.warn(
/application/.local/lib/python3.8/site-packages/sklearn/base.py:348: InconsistentVersionWarning: Trying to unpickle estimator ColumnTransformer from version 1.2.2 when using version 1.3.2. This might lead to breaking code or invalid results. Use at your own risk. For more info please refer to:
https://scikit-learn.org/stable/model_persistence.html#security-maintainability-limitations
  warnings.warn(
/application/.local/lib/python3.8/site-packages/sklearn/base.py:348: InconsistentVersionWarning: Trying to unpickle estimator LogisticRegression from version 1.2.2 when using version 1.3.2. This might lead to breaking code or invalid results. Use at your own risk. For more info please refer to:
https://scikit-learn.org/stable/model_persistence.html#security-maintainability-limitations
  warnings.warn(
/application/.local/lib/python3.8/site-packages/sklearn/base.py:348: InconsistentVersionWarning: Trying to unpickle estimator Pipeline from version 1.2.2 when using version 1.3.2. This might lead to breaking code or invalid results. Use at your own risk. For more info please refer to:
https://scikit-learn.org/stable/model_persistence.html#security-maintainability-limitations
  warnings.warn(
/application/int_analytics_suite/maco/backend/src/maco_automation/pipeline/classifier.py:25: FutureWarning: The default value of regex will change from True to False in a future version. In addition, single character regular expressions will *not* be treated as literal strings when regex=True.
  df[col]
/application/.local/lib/python3.8/site-packages/sklearn/base.py:348: InconsistentVersionWarning: Trying to unpickle estimator TfidfTransformer from version 1.2.2 when using version 1.3.2. This might lead to breaking code or invalid results. Use at your own risk. For more info please refer to:
https://scikit-learn.org/stable/model_persistence.html#security-maintainability-limitations
  warnings.warn(
/application/.local/lib/python3.8/site-packages/sklearn/base.py:348: InconsistentVersionWarning: Trying to unpickle estimator TfidfVectorizer from version 1.2.2 when using version 1.3.2. This might lead to breaking code or invalid results. Use at your own risk. For more info please refer to:
https://scikit-learn.org/stable/model_persistence.html#security-maintainability-limitations
  warnings.warn(
/application/.local/lib/python3.8/site-packages/sklearn/base.py:348: InconsistentVersionWarning: Trying to unpickle estimator LogisticRegression from version 1.2.2 when using version 1.3.2. This might lead to breaking code or invalid results. Use at your own risk. For more info please refer to:
https://scikit-learn.org/stable/model_persistence.html#security-maintainability-limitations
  warnings.warn(
/application/.local/lib/python3.8/site-packages/sklearn/base.py:348: InconsistentVersionWarning: Trying to unpickle estimator Pipeline from version 1.2.2 when using version 1.3.2. This might lead to breaking code or invalid results. Use at your own risk. For more info please refer to:
https://scikit-learn.org/stable/model_persistence.html#security-maintainability-limitations
  warnings.warn(
/application/.local/lib/python3.8/site-packages/sklearn/base.py:348: InconsistentVersionWarning: Trying to unpickle estimator TfidfVectorizer from version 1.2.2 when using version 1.3.2. This might lead to breaking code or invalid results. Use at your own risk. For more info please refer to:
https://scikit-learn.org/stable/model_persistence.html#security-maintainability-limitations
  warnings.warn(
/application/.local/lib/python3.8/site-packages/sklearn/base.py:348: InconsistentVersionWarning: Trying to unpickle estimator StandardScaler from version 1.2.2 when using version 1.3.2. This might lead to breaking code or invalid results. Use at your own risk. For more info please refer to:
https://scikit-learn.org/stable/model_persistence.html#security-maintainability-limitations
  warnings.warn(
/application/.local/lib/python3.8/site-packages/sklearn/base.py:348: InconsistentVersionWarning: Trying to unpickle estimator TfidfTransformer from version 1.2.2 when using version 1.3.2. This might lead to breaking code or invalid results. Use at your own risk. For more info please refer to:
https://scikit-learn.org/stable/model_persistence.html#security-maintainability-limitations
  warnings.warn(
/application/.local/lib/python3.8/site-packages/sklearn/base.py:348: InconsistentVersionWarning: Trying to unpickle estimator ColumnTransformer from version 1.2.2 when using version 1.3.2. This might lead to breaking code or invalid results. Use at your own risk. For more info please refer to:
https://scikit-learn.org/stable/model_persistence.html#security-maintainability-limitations
  warnings.warn(
/application/.local/lib/python3.8/site-packages/sklearn/base.py:348: InconsistentVersionWarning: Trying to unpickle estimator LogisticRegression from version 1.2.2 when using version 1.3.2. This might lead to breaking code or invalid results. Use at your own risk. For more info please refer to:
https://scikit-learn.org/stable/model_persistence.html#security-maintainability-limitations
  warnings.warn(
/application/.local/lib/python3.8/site-packages/sklearn/base.py:348: InconsistentVersionWarning: Trying to unpickle estimator Pipeline from version 1.2.2 when using version 1.3.2. This might lead to breaking code or invalid results. Use at your own risk. For more info please refer to:
https://scikit-learn.org/stable/model_persistence.html#security-maintainability-limitations
  warnings.warn(
/application/int_analytics_suite/maco/backend/src/maco_automation/pipeline/classifier.py:25: FutureWarning: The default value of regex will change from True to False in a future version. In addition, single character regular expressions will *not* be treated as literal strings when regex=True.
  df[col]
/application/.local/lib/python3.8/site-packages/sklearn/base.py:348: InconsistentVersionWarning: Trying to unpickle estimator TfidfTransformer from version 1.2.2 when using version 1.3.2. This might lead to breaking code or invalid results. Use at your own risk. For more info please refer to:
https://scikit-learn.org/stable/model_persistence.html#security-maintainability-limitations
  warnings.warn(
/application/.local/lib/python3.8/site-packages/sklearn/base.py:348: InconsistentVersionWarning: Trying to unpickle estimator TfidfVectorizer from version 1.2.2 when using version 1.3.2. This might lead to breaking code or invalid results. Use at your own risk. For more info please refer to:
https://scikit-learn.org/stable/model_persistence.html#security-maintainability-limitations
  warnings.warn(
/application/.local/lib/python3.8/site-packages/sklearn/base.py:348: InconsistentVersionWarning: Trying to unpickle estimator LogisticRegression from version 1.2.2 when using version 1.3.2. This might lead to breaking code or invalid results. Use at your own risk. For more info please refer to:
https://scikit-learn.org/stable/model_persistence.html#security-maintainability-limitations
  warnings.warn(
✅ Preprocessing complete — 470 rows

======================================================================
[2] Normalizing Company / Model Data
Running normalization...
Normalization complete.
✅ Normalization done

======================================================================
[3] Extracting Product Features
[+] Product classification model loaded: /application/int_analytics_suite/maco/backend/models/product_pipeline.pkl
Extracting structured fields from 470 rows...
Feature extraction complete.
✅ Extraction done

======================================================================
[4] Running Relevancy Classifier
Loaded model from /application/int_analytics_suite/maco/backend/models/relevancy_classifier_v1.joblib

❌ Pipeline failed: Input X contains NaN.
LogisticRegression does not accept missing values encoded as NaN natively. For supervised learning, you might want to consider sklearn.ensemble.HistGradientBoostingClassifier and Regressor which accept missing values encoded as NaNs natively. Alternatively, it is possible to preprocess the data, for instance by using an imputer transformer in a pipeline or drop samples with missing values. See https://scikit-learn.org/stable/modules/impute.html You can find a list of all estimators that handle NaN values at the following page: https://scikit-learn.org/stable/modules/impute.html#estimators-that-handle-nan-values
INFO:     122.160.52.177:16547 - "POST /process HTTP/1.1" 500 Internal Server Error
/application/.local/lib/python3.8/site-packages/sklearn/base.py:348: InconsistentVersionWarning: Trying to unpickle estimator Pipeline from version 1.2.2 when using version 1.3.2. This might lead to breaking code or invalid results. Use at your own risk. For more info please refer to:
https://scikit-learn.org/stable/model_persistence.html#security-maintainability-limitations
  warnings.warn(
/application/.local/lib/python3.8/site-packages/sklearn/base.py:348: InconsistentVersionWarning: Trying to unpickle estimator TfidfVectorizer from version 1.2.2 when using version 1.3.2. This might lead to breaking code or invalid results. Use at your own risk. For more info please refer to:
https://scikit-learn.org/stable/model_persistence.html#security-maintainability-limitations
  warnings.warn(
/application/.local/lib/python3.8/site-packages/sklearn/base.py:348: InconsistentVersionWarning: Trying to unpickle estimator StandardScaler from version 1.2.2 when using version 1.3.2. This might lead to breaking code or invalid results. Use at your own risk. For more info please refer to:
https://scikit-learn.org/stable/model_persistence.html#security-maintainability-limitations
  warnings.warn(
/application/.local/lib/python3.8/site-packages/sklearn/base.py:348: InconsistentVersionWarning: Trying to unpickle estimator TfidfTransformer from version 1.2.2 when using version 1.3.2. This might lead to breaking code or invalid results. Use at your own risk. For more info please refer to:
https://scikit-learn.org/stable/model_persistence.html#security-maintainability-limitations
  warnings.warn(
/application/.local/lib/python3.8/site-packages/sklearn/base.py:348: InconsistentVersionWarning: Trying to unpickle estimator ColumnTransformer from version 1.2.2 when using version 1.3.2. This might lead to breaking code or invalid results. Use at your own risk. For more info please refer to:
https://scikit-learn.org/stable/model_persistence.html#security-maintainability-limitations
  warnings.warn(
/application/.local/lib/python3.8/site-packages/sklearn/base.py:348: InconsistentVersionWarning: Trying to unpickle estimator LogisticRegression from version 1.2.2 when using version 1.3.2. This might lead to breaking code or invalid results. Use at your own risk. For more info please refer to:
https://scikit-learn.org/stable/model_persistence.html#security-maintainability-limitations
  warnings.warn(
/application/.local/lib/python3.8/site-packages/sklearn/base.py:348: InconsistentVersionWarning: Trying to unpickle estimator Pipeline from version 1.2.2 when using version 1.3.2. This might lead to breaking code or invalid results. Use at your own risk. For more info please refer to:
https://scikit-learn.org/stable/model_persistence.html#security-maintainability-limitations
  warnings.warn(
/application/int_analytics_suite/maco/backend/src/maco_automation/pipeline/classifier.py:25: FutureWarning: The default value of regex will change from True to False in a future version. In addition, single character regular expressions will *not* be treated as literal strings when regex=True.
  df[col]
WARNING:  Invalid HTTP request received.
INFO:     199.45.154.134:33074 - "GET / HTTP/1.1" 200 OK
WARNING:  Invalid HTTP request received.
INFO:     199.45.154.134:60174 - "GET / HTTP/1.1" 200 OK
WARNING:  Invalid HTTP request received.
INFO:     199.45.154.134:60890 - "GET /favicon.ico HTTP/1.1" 404 Not Found
WARNING:  Invalid HTTP request received.
INFO:     199.45.154.134:43036 - "GET /.well-known/security.txt HTTP/1.1" 404 Not Found

🚀 Starting MACO Pipeline for file: /application/int_analytics_suite/maco/backend/api/uploads/20251118_054228_Rotary Union Additional Data.csv

======================================================================
[0] Reading and Preprocessing Input CSV
detect_encoding: detected => UTF-8-SIG (confidence 1.0)
read_csv: rows=470 cols=15
✅ Preprocessing complete — 470 rows

======================================================================
[2] Normalizing Company / Model Data
Running normalization...
Normalization complete.
✅ Normalization done

======================================================================
[3] Extracting Product Features
[+] Product classification model loaded: /application/int_analytics_suite/maco/backend/models/product_pipeline.pkl
Extracting structured fields from 470 rows...
Feature extraction complete.
✅ Extraction done

======================================================================
[4] Running Relevancy Classifier
Loaded model from /application/int_analytics_suite/maco/backend/models/relevancy_classifier_v1.joblib

❌ Pipeline failed: Input X contains NaN.
LogisticRegression does not accept missing values encoded as NaN natively. For supervised learning, you might want to consider sklearn.ensemble.HistGradientBoostingClassifier and Regressor which accept missing values encoded as NaNs natively. Alternatively, it is possible to preprocess the data, for instance by using an imputer transformer in a pipeline or drop samples with missing values. See https://scikit-learn.org/stable/modules/impute.html You can find a list of all estimators that handle NaN values at the following page: https://scikit-learn.org/stable/modules/impute.html#estimators-that-handle-nan-values
INFO:     122.160.52.177:8299 - "POST /process HTTP/1.1" 500 Internal Server Error

🚀 Starting MACO Pipeline for file: /application/int_analytics_suite/maco/backend/api/uploads/20251118_054327_Rotary Union Additional Data.csv

======================================================================
[0] Reading and Preprocessing Input CSV
detect_encoding: detected => UTF-8-SIG (confidence 1.0)
read_csv: rows=470 cols=15
/application/.local/lib/python3.8/site-packages/sklearn/base.py:348: InconsistentVersionWarning: Trying to unpickle estimator TfidfTransformer from version 1.2.2 when using version 1.3.2. This might lead to breaking code or invalid results. Use at your own risk. For more info please refer to:
https://scikit-learn.org/stable/model_persistence.html#security-maintainability-limitations
  warnings.warn(
/application/.local/lib/python3.8/site-packages/sklearn/base.py:348: InconsistentVersionWarning: Trying to unpickle estimator TfidfVectorizer from version 1.2.2 when using version 1.3.2. This might lead to breaking code or invalid results. Use at your own risk. For more info please refer to:
https://scikit-learn.org/stable/model_persistence.html#security-maintainability-limitations
  warnings.warn(
/application/.local/lib/python3.8/site-packages/sklearn/base.py:348: InconsistentVersionWarning: Trying to unpickle estimator LogisticRegression from version 1.2.2 when using version 1.3.2. This might lead to breaking code or invalid results. Use at your own risk. For more info please refer to:
https://scikit-learn.org/stable/model_persistence.html#security-maintainability-limitations
  warnings.warn(
/application/.local/lib/python3.8/site-packages/sklearn/base.py:348: InconsistentVersionWarning: Trying to unpickle estimator Pipeline from version 1.2.2 when using version 1.3.2. This might lead to breaking code or invalid results. Use at your own risk. For more info please refer to:
https://scikit-learn.org/stable/model_persistence.html#security-maintainability-limitations
  warnings.warn(
/application/.local/lib/python3.8/site-packages/sklearn/base.py:348: InconsistentVersionWarning: Trying to unpickle estimator TfidfVectorizer from version 1.2.2 when using version 1.3.2. This might lead to breaking code or invalid results. Use at your own risk. For more info please refer to:
https://scikit-learn.org/stable/model_persistence.html#security-maintainability-limitations
  warnings.warn(
/application/.local/lib/python3.8/site-packages/sklearn/base.py:348: InconsistentVersionWarning: Trying to unpickle estimator StandardScaler from version 1.2.2 when using version 1.3.2. This might lead to breaking code or invalid results. Use at your own risk. For more info please refer to:
https://scikit-learn.org/stable/model_persistence.html#security-maintainability-limitations
  warnings.warn(
/application/.local/lib/python3.8/site-packages/sklearn/base.py:348: InconsistentVersionWarning: Trying to unpickle estimator TfidfTransformer from version 1.2.2 when using version 1.3.2. This might lead to breaking code or invalid results. Use at your own risk. For more info please refer to:
https://scikit-learn.org/stable/model_persistence.html#security-maintainability-limitations
  warnings.warn(
/application/.local/lib/python3.8/site-packages/sklearn/base.py:348: InconsistentVersionWarning: Trying to unpickle estimator ColumnTransformer from version 1.2.2 when using version 1.3.2. This might lead to breaking code or invalid results. Use at your own risk. For more info please refer to:
https://scikit-learn.org/stable/model_persistence.html#security-maintainability-limitations
  warnings.warn(
/application/.local/lib/python3.8/site-packages/sklearn/base.py:348: InconsistentVersionWarning: Trying to unpickle estimator LogisticRegression from version 1.2.2 when using version 1.3.2. This might lead to breaking code or invalid results. Use at your own risk. For more info please refer to:
https://scikit-learn.org/stable/model_persistence.html#security-maintainability-limitations
  warnings.warn(
/application/.local/lib/python3.8/site-packages/sklearn/base.py:348: InconsistentVersionWarning: Trying to unpickle estimator Pipeline from version 1.2.2 when using version 1.3.2. This might lead to breaking code or invalid results. Use at your own risk. For more info please refer to:
https://scikit-learn.org/stable/model_persistence.html#security-maintainability-limitations
  warnings.warn(
/application/int_analytics_suite/maco/backend/src/maco_automation/pipeline/classifier.py:25: FutureWarning: The default value of regex will change from True to False in a future version. In addition, single character regular expressions will *not* be treated as literal strings when regex=True.
  df[col]
/application/.local/lib/python3.8/site-packages/sklearn/base.py:348: InconsistentVersionWarning: Trying to unpickle estimator TfidfTransformer from version 1.2.2 when using version 1.3.2. This might lead to breaking code or invalid results. Use at your own risk. For more info please refer to:
https://scikit-learn.org/stable/model_persistence.html#security-maintainability-limitations
  warnings.warn(
/application/.local/lib/python3.8/site-packages/sklearn/base.py:348: InconsistentVersionWarning: Trying to unpickle estimator TfidfVectorizer from version 1.2.2 when using version 1.3.2. This might lead to breaking code or invalid results. Use at your own risk. For more info please refer to:
https://scikit-learn.org/stable/model_persistence.html#security-maintainability-limitations
  warnings.warn(
/application/.local/lib/python3.8/site-packages/sklearn/base.py:348: InconsistentVersionWarning: Trying to unpickle estimator LogisticRegression from version 1.2.2 when using version 1.3.2. This might lead to breaking code or invalid results. Use at your own risk. For more info please refer to:
https://scikit-learn.org/stable/model_persistence.html#security-maintainability-limitations
  warnings.warn(
/application/.local/lib/python3.8/site-packages/sklearn/base.py:348: InconsistentVersionWarning: Trying to unpickle estimator Pipeline from version 1.2.2 when using version 1.3.2. This might lead to breaking code or invalid results. Use at your own risk. For more info please refer to:
https://scikit-learn.org/stable/model_persistence.html#security-maintainability-limitations
  warnings.warn(
/application/.local/lib/python3.8/site-packages/sklearn/base.py:348: InconsistentVersionWarning: Trying to unpickle estimator TfidfVectorizer from version 1.2.2 when using version 1.3.2. This might lead to breaking code or invalid results. Use at your own risk. For more info please refer to:
https://scikit-learn.org/stable/model_persistence.html#security-maintainability-limitations
  warnings.warn(
/application/.local/lib/python3.8/site-packages/sklearn/base.py:348: InconsistentVersionWarning: Trying to unpickle estimator StandardScaler from version 1.2.2 when using version 1.3.2. This might lead to breaking code or invalid results. Use at your own risk. For more info please refer to:
https://scikit-learn.org/stable/model_persistence.html#security-maintainability-limitations
  warnings.warn(
/application/.local/lib/python3.8/site-packages/sklearn/base.py:348: InconsistentVersionWarning: Trying to unpickle estimator TfidfTransformer from version 1.2.2 when using version 1.3.2. This might lead to breaking code or invalid results. Use at your own risk. For more info please refer to:
https://scikit-learn.org/stable/model_persistence.html#security-maintainability-limitations
  warnings.warn(
/application/.local/lib/python3.8/site-packages/sklearn/base.py:348: InconsistentVersionWarning: Trying to unpickle estimator ColumnTransformer from version 1.2.2 when using version 1.3.2. This might lead to breaking code or invalid results. Use at your own risk. For more info please refer to:
https://scikit-learn.org/stable/model_persistence.html#security-maintainability-limitations
  warnings.warn(
/application/.local/lib/python3.8/site-packages/sklearn/base.py:348: InconsistentVersionWarning: Trying to unpickle estimator LogisticRegression from version 1.2.2 when using version 1.3.2. This might lead to breaking code or invalid results. Use at your own risk. For more info please refer to:
https://scikit-learn.org/stable/model_persistence.html#security-maintainability-limitations
  warnings.warn(
✅ Preprocessing complete — 470 rows

======================================================================
[2] Normalizing Company / Model Data
Running normalization...
Normalization complete.
✅ Normalization done

======================================================================
[3] Extracting Product Features
[+] Product classification model loaded: /application/int_analytics_suite/maco/backend/models/product_pipeline.pkl
Extracting structured fields from 470 rows...
Feature extraction complete.
✅ Extraction done

======================================================================
[4] Running Relevancy Classifier
Loaded model from /application/int_analytics_suite/maco/backend/models/relevancy_classifier_v1.joblib

❌ Pipeline failed: Input X contains NaN.
LogisticRegression does not accept missing values encoded as NaN natively. For supervised learning, you might want to consider sklearn.ensemble.HistGradientBoostingClassifier and Regressor which accept missing values encoded as NaNs natively. Alternatively, it is possible to preprocess the data, for instance by using an imputer transformer in a pipeline or drop samples with missing values. See https://scikit-learn.org/stable/modules/impute.html You can find a list of all estimators that handle NaN values at the following page: https://scikit-learn.org/stable/modules/impute.html#estimators-that-handle-nan-values
INFO:     122.160.52.177:23479 - "POST /process HTTP/1.1" 500 Internal Server Error

🚀 Starting MACO Pipeline for file: /application/int_analytics_suite/maco/backend/api/uploads/20251118_054336_Rotary Union Additional Data.csv

======================================================================
[0] Reading and Preprocessing Input CSV
detect_encoding: detected => UTF-8-SIG (confidence 1.0)
read_csv: rows=470 cols=15
✅ Preprocessing complete — 470 rows

======================================================================
[2] Normalizing Company / Model Data
Running normalization...
Normalization complete.
✅ Normalization done

======================================================================
[3] Extracting Product Features
[+] Product classification model loaded: /application/int_analytics_suite/maco/backend/models/product_pipeline.pkl
Extracting structured fields from 470 rows...
Feature extraction complete.
✅ Extraction done

======================================================================
[4] Running Relevancy Classifier
Loaded model from /application/int_analytics_suite/maco/backend/models/relevancy_classifier_v1.joblib

❌ Pipeline failed: Input X contains NaN.
LogisticRegression does not accept missing values encoded as NaN natively. For supervised learning, you might want to consider sklearn.ensemble.HistGradientBoostingClassifier and Regressor which accept missing values encoded as NaNs natively. Alternatively, it is possible to preprocess the data, for instance by using an imputer transformer in a pipeline or drop samples with missing values. See https://scikit-learn.org/stable/modules/impute.html You can find a list of all estimators that handle NaN values at the following page: https://scikit-learn.org/stable/modules/impute.html#estimators-that-handle-nan-values
INFO:     122.160.52.177:20513 - "POST /process HTTP/1.1" 500 Internal Server Error

🚀 Starting MACO Pipeline for file: /application/int_analytics_suite/maco/backend/api/uploads/20251118_054759_Test 1.csv

======================================================================
[0] Reading and Preprocessing Input CSV
detect_encoding: detected => UTF-8-SIG (confidence 1.0)
read_csv: rows=847 cols=32

❌ Pipeline failed: The truth value of a Series is ambiguous. Use a.empty, a.bool(), a.item(), a.any() or a.all().
INFO:     122.160.52.177:19279 - "POST /process HTTP/1.1" 500 Internal Server Error

🚀 Starting MACO Pipeline for file: /application/int_analytics_suite/maco/backend/api/uploads/20251118_054830_Test 1.csv

======================================================================
[0] Reading and Preprocessing Input CSV
detect_encoding: detected => UTF-8-SIG (confidence 1.0)
read_csv: rows=847 cols=22
/application/.local/lib/python3.8/site-packages/sklearn/base.py:348: InconsistentVersionWarning: Trying to unpickle estimator Pipeline from version 1.2.2 when using version 1.3.2. This might lead to breaking code or invalid results. Use at your own risk. For more info please refer to:
https://scikit-learn.org/stable/model_persistence.html#security-maintainability-limitations
  warnings.warn(
/application/int_analytics_suite/maco/backend/src/maco_automation/pipeline/classifier.py:25: FutureWarning: The default value of regex will change from True to False in a future version. In addition, single character regular expressions will *not* be treated as literal strings when regex=True.
  df[col]
/application/.local/lib/python3.8/site-packages/sklearn/base.py:348: InconsistentVersionWarning: Trying to unpickle estimator TfidfTransformer from version 1.2.2 when using version 1.3.2. This might lead to breaking code or invalid results. Use at your own risk. For more info please refer to:
https://scikit-learn.org/stable/model_persistence.html#security-maintainability-limitations
  warnings.warn(
/application/.local/lib/python3.8/site-packages/sklearn/base.py:348: InconsistentVersionWarning: Trying to unpickle estimator TfidfVectorizer from version 1.2.2 when using version 1.3.2. This might lead to breaking code or invalid results. Use at your own risk. For more info please refer to:
https://scikit-learn.org/stable/model_persistence.html#security-maintainability-limitations
  warnings.warn(
/application/.local/lib/python3.8/site-packages/sklearn/base.py:348: InconsistentVersionWarning: Trying to unpickle estimator LogisticRegression from version 1.2.2 when using version 1.3.2. This might lead to breaking code or invalid results. Use at your own risk. For more info please refer to:
https://scikit-learn.org/stable/model_persistence.html#security-maintainability-limitations
  warnings.warn(
/application/.local/lib/python3.8/site-packages/sklearn/base.py:348: InconsistentVersionWarning: Trying to unpickle estimator Pipeline from version 1.2.2 when using version 1.3.2. This might lead to breaking code or invalid results. Use at your own risk. For more info please refer to:
https://scikit-learn.org/stable/model_persistence.html#security-maintainability-limitations
  warnings.warn(
/application/.local/lib/python3.8/site-packages/sklearn/base.py:348: InconsistentVersionWarning: Trying to unpickle estimator TfidfVectorizer from version 1.2.2 when using version 1.3.2. This might lead to breaking code or invalid results. Use at your own risk. For more info please refer to:
https://scikit-learn.org/stable/model_persistence.html#security-maintainability-limitations
  warnings.warn(
/application/.local/lib/python3.8/site-packages/sklearn/base.py:348: InconsistentVersionWarning: Trying to unpickle estimator StandardScaler from version 1.2.2 when using version 1.3.2. This might lead to breaking code or invalid results. Use at your own risk. For more info please refer to:
https://scikit-learn.org/stable/model_persistence.html#security-maintainability-limitations
  warnings.warn(
/application/.local/lib/python3.8/site-packages/sklearn/base.py:348: InconsistentVersionWarning: Trying to unpickle estimator TfidfTransformer from version 1.2.2 when using version 1.3.2. This might lead to breaking code or invalid results. Use at your own risk. For more info please refer to:
https://scikit-learn.org/stable/model_persistence.html#security-maintainability-limitations
  warnings.warn(
/application/.local/lib/python3.8/site-packages/sklearn/base.py:348: InconsistentVersionWarning: Trying to unpickle estimator ColumnTransformer from version 1.2.2 when using version 1.3.2. This might lead to breaking code or invalid results. Use at your own risk. For more info please refer to:
https://scikit-learn.org/stable/model_persistence.html#security-maintainability-limitations
  warnings.warn(
/application/.local/lib/python3.8/site-packages/sklearn/base.py:348: InconsistentVersionWarning: Trying to unpickle estimator LogisticRegression from version 1.2.2 when using version 1.3.2. This might lead to breaking code or invalid results. Use at your own risk. For more info please refer to:
https://scikit-learn.org/stable/model_persistence.html#security-maintainability-limitations
  warnings.warn(
/application/.local/lib/python3.8/site-packages/sklearn/base.py:348: InconsistentVersionWarning: Trying to unpickle estimator Pipeline from version 1.2.2 when using version 1.3.2. This might lead to breaking code or invalid results. Use at your own risk. For more info please refer to:
https://scikit-learn.org/stable/model_persistence.html#security-maintainability-limitations
  warnings.warn(
/application/int_analytics_suite/maco/backend/src/maco_automation/pipeline/classifier.py:25: FutureWarning: The default value of regex will change from True to False in a future version. In addition, single character regular expressions will *not* be treated as literal strings when regex=True.
  df[col]
/application/.local/lib/python3.8/site-packages/sklearn/base.py:348: InconsistentVersionWarning: Trying to unpickle estimator TfidfTransformer from version 1.2.2 when using version 1.3.2. This might lead to breaking code or invalid results. Use at your own risk. For more info please refer to:
https://scikit-learn.org/stable/model_persistence.html#security-maintainability-limitations
  warnings.warn(
/application/.local/lib/python3.8/site-packages/sklearn/base.py:348: InconsistentVersionWarning: Trying to unpickle estimator TfidfVectorizer from version 1.2.2 when using version 1.3.2. This might lead to breaking code or invalid results. Use at your own risk. For more info please refer to:
https://scikit-learn.org/stable/model_persistence.html#security-maintainability-limitations
  warnings.warn(
/application/.local/lib/python3.8/site-packages/sklearn/base.py:348: InconsistentVersionWarning: Trying to unpickle estimator LogisticRegression from version 1.2.2 when using version 1.3.2. This might lead to breaking code or invalid results. Use at your own risk. For more info please refer to:
https://scikit-learn.org/stable/model_persistence.html#security-maintainability-limitations
  warnings.warn(
/application/.local/lib/python3.8/site-packages/sklearn/base.py:348: InconsistentVersionWarning: Trying to unpickle estimator Pipeline from version 1.2.2 when using version 1.3.2. This might lead to breaking code or invalid results. Use at your own risk. For more info please refer to:
https://scikit-learn.org/stable/model_persistence.html#security-maintainability-limitations
  warnings.warn(
/application/.local/lib/python3.8/site-packages/sklearn/base.py:348: InconsistentVersionWarning: Trying to unpickle estimator TfidfVectorizer from version 1.2.2 when using version 1.3.2. This might lead to breaking code or invalid results. Use at your own risk. For more info please refer to:
https://scikit-learn.org/stable/model_persistence.html#security-maintainability-limitations
  warnings.warn(
/application/.local/lib/python3.8/site-packages/sklearn/base.py:348: InconsistentVersionWarning: Trying to unpickle estimator StandardScaler from version 1.2.2 when using version 1.3.2. This might lead to breaking code or invalid results. Use at your own risk. For more info please refer to:
https://scikit-learn.org/stable/model_persistence.html#security-maintainability-limitations
  warnings.warn(
/application/.local/lib/python3.8/site-packages/sklearn/base.py:348: InconsistentVersionWarning: Trying to unpickle estimator TfidfTransformer from version 1.2.2 when using version 1.3.2. This might lead to breaking code or invalid results. Use at your own risk. For more info please refer to:
https://scikit-learn.org/stable/model_persistence.html#security-maintainability-limitations
  warnings.warn(
✅ Preprocessing complete — 847 rows

======================================================================
[2] Normalizing Company / Model Data
Running normalization...
Normalization complete.
✅ Normalization done

======================================================================
[3] Extracting Product Features
[+] Product classification model loaded: /application/int_analytics_suite/maco/backend/models/product_pipeline.pkl
Extracting structured fields from 847 rows...
Feature extraction complete.
✅ Extraction done

======================================================================
[4] Running Relevancy Classifier
Loaded model from /application/int_analytics_suite/maco/backend/models/relevancy_classifier_v1.joblib

❌ Pipeline failed: Input X contains NaN.
LogisticRegression does not accept missing values encoded as NaN natively. For supervised learning, you might want to consider sklearn.ensemble.HistGradientBoostingClassifier and Regressor which accept missing values encoded as NaNs natively. Alternatively, it is possible to preprocess the data, for instance by using an imputer transformer in a pipeline or drop samples with missing values. See https://scikit-learn.org/stable/modules/impute.html You can find a list of all estimators that handle NaN values at the following page: https://scikit-learn.org/stable/modules/impute.html#estimators-that-handle-nan-values
INFO:     122.160.52.177:22937 - "POST /process HTTP/1.1" 500 Internal Server Error

🚀 Starting MACO Pipeline for file: /application/int_analytics_suite/maco/backend/api/uploads/20251118_055109_Test 1.csv

======================================================================
[0] Reading and Preprocessing Input CSV
detect_encoding: detected => UTF-8-SIG (confidence 1.0)
read_csv: rows=847 cols=22
✅ Preprocessing complete — 847 rows

======================================================================
[2] Normalizing Company / Model Data
Running normalization...
Normalization complete.
✅ Normalization done

======================================================================
[3] Extracting Product Features
[+] Product classification model loaded: /application/int_analytics_suite/maco/backend/models/product_pipeline.pkl
Extracting structured fields from 847 rows...
Feature extraction complete.
✅ Extraction done

======================================================================
[4] Running Relevancy Classifier
Loaded model from /application/int_analytics_suite/maco/backend/models/relevancy_classifier_v1.joblib

❌ Pipeline failed: Input X contains NaN.
LogisticRegression does not accept missing values encoded as NaN natively. For supervised learning, you might want to consider sklearn.ensemble.HistGradientBoostingClassifier and Regressor which accept missing values encoded as NaNs natively. Alternatively, it is possible to preprocess the data, for instance by using an imputer transformer in a pipeline or drop samples with missing values. See https://scikit-learn.org/stable/modules/impute.html You can find a list of all estimators that handle NaN values at the following page: https://scikit-learn.org/stable/modules/impute.html#estimators-that-handle-nan-values
INFO:     122.160.52.177:15244 - "POST /process HTTP/1.1" 500 Internal Server Error

🚀 Starting MACO Pipeline for file: /application/int_analytics_suite/maco/backend/api/uploads/20251118_055311_Test 1.csv

======================================================================
[0] Reading and Preprocessing Input CSV
detect_encoding: detected => UTF-8-SIG (confidence 1.0)
read_csv: rows=9 cols=22
/application/.local/lib/python3.8/site-packages/sklearn/base.py:348: InconsistentVersionWarning: Trying to unpickle estimator ColumnTransformer from version 1.2.2 when using version 1.3.2. This might lead to breaking code or invalid results. Use at your own risk. For more info please refer to:
https://scikit-learn.org/stable/model_persistence.html#security-maintainability-limitations
  warnings.warn(
/application/.local/lib/python3.8/site-packages/sklearn/base.py:348: InconsistentVersionWarning: Trying to unpickle estimator LogisticRegression from version 1.2.2 when using version 1.3.2. This might lead to breaking code or invalid results. Use at your own risk. For more info please refer to:
https://scikit-learn.org/stable/model_persistence.html#security-maintainability-limitations
  warnings.warn(
/application/.local/lib/python3.8/site-packages/sklearn/base.py:348: InconsistentVersionWarning: Trying to unpickle estimator Pipeline from version 1.2.2 when using version 1.3.2. This might lead to breaking code or invalid results. Use at your own risk. For more info please refer to:
https://scikit-learn.org/stable/model_persistence.html#security-maintainability-limitations
  warnings.warn(
/application/int_analytics_suite/maco/backend/src/maco_automation/pipeline/classifier.py:25: FutureWarning: The default value of regex will change from True to False in a future version. In addition, single character regular expressions will *not* be treated as literal strings when regex=True.
  df[col]
/application/.local/lib/python3.8/site-packages/sklearn/base.py:348: InconsistentVersionWarning: Trying to unpickle estimator TfidfTransformer from version 1.2.2 when using version 1.3.2. This might lead to breaking code or invalid results. Use at your own risk. For more info please refer to:
https://scikit-learn.org/stable/model_persistence.html#security-maintainability-limitations
  warnings.warn(
/application/.local/lib/python3.8/site-packages/sklearn/base.py:348: InconsistentVersionWarning: Trying to unpickle estimator TfidfVectorizer from version 1.2.2 when using version 1.3.2. This might lead to breaking code or invalid results. Use at your own risk. For more info please refer to:
https://scikit-learn.org/stable/model_persistence.html#security-maintainability-limitations
  warnings.warn(
/application/.local/lib/python3.8/site-packages/sklearn/base.py:348: InconsistentVersionWarning: Trying to unpickle estimator LogisticRegression from version 1.2.2 when using version 1.3.2. This might lead to breaking code or invalid results. Use at your own risk. For more info please refer to:
https://scikit-learn.org/stable/model_persistence.html#security-maintainability-limitations
  warnings.warn(
/application/.local/lib/python3.8/site-packages/sklearn/base.py:348: InconsistentVersionWarning: Trying to unpickle estimator Pipeline from version 1.2.2 when using version 1.3.2. This might lead to breaking code or invalid results. Use at your own risk. For more info please refer to:
https://scikit-learn.org/stable/model_persistence.html#security-maintainability-limitations
  warnings.warn(
/application/.local/lib/python3.8/site-packages/sklearn/base.py:348: InconsistentVersionWarning: Trying to unpickle estimator TfidfVectorizer from version 1.2.2 when using version 1.3.2. This might lead to breaking code or invalid results. Use at your own risk. For more info please refer to:
https://scikit-learn.org/stable/model_persistence.html#security-maintainability-limitations
  warnings.warn(
/application/.local/lib/python3.8/site-packages/sklearn/base.py:348: InconsistentVersionWarning: Trying to unpickle estimator StandardScaler from version 1.2.2 when using version 1.3.2. This might lead to breaking code or invalid results. Use at your own risk. For more info please refer to:
https://scikit-learn.org/stable/model_persistence.html#security-maintainability-limitations
  warnings.warn(
/application/.local/lib/python3.8/site-packages/sklearn/base.py:348: InconsistentVersionWarning: Trying to unpickle estimator TfidfTransformer from version 1.2.2 when using version 1.3.2. This might lead to breaking code or invalid results. Use at your own risk. For more info please refer to:
https://scikit-learn.org/stable/model_persistence.html#security-maintainability-limitations
  warnings.warn(
/application/.local/lib/python3.8/site-packages/sklearn/base.py:348: InconsistentVersionWarning: Trying to unpickle estimator ColumnTransformer from version 1.2.2 when using version 1.3.2. This might lead to breaking code or invalid results. Use at your own risk. For more info please refer to:
https://scikit-learn.org/stable/model_persistence.html#security-maintainability-limitations
  warnings.warn(
/application/.local/lib/python3.8/site-packages/sklearn/base.py:348: InconsistentVersionWarning: Trying to unpickle estimator LogisticRegression from version 1.2.2 when using version 1.3.2. This might lead to breaking code or invalid results. Use at your own risk. For more info please refer to:
https://scikit-learn.org/stable/model_persistence.html#security-maintainability-limitations
  warnings.warn(
/application/.local/lib/python3.8/site-packages/sklearn/base.py:348: InconsistentVersionWarning: Trying to unpickle estimator Pipeline from version 1.2.2 when using version 1.3.2. This might lead to breaking code or invalid results. Use at your own risk. For more info please refer to:
https://scikit-learn.org/stable/model_persistence.html#security-maintainability-limitations
  warnings.warn(
/application/int_analytics_suite/maco/backend/src/maco_automation/pipeline/classifier.py:25: FutureWarning: The default value of regex will change from True to False in a future version. In addition, single character regular expressions will *not* be treated as literal strings when regex=True.
  df[col]
/application/.local/lib/python3.8/site-packages/sklearn/base.py:348: InconsistentVersionWarning: Trying to unpickle estimator TfidfTransformer from version 1.2.2 when using version 1.3.2. This might lead to breaking code or invalid results. Use at your own risk. For more info please refer to:
https://scikit-learn.org/stable/model_persistence.html#security-maintainability-limitations
  warnings.warn(
/application/.local/lib/python3.8/site-packages/sklearn/base.py:348: InconsistentVersionWarning: Trying to unpickle estimator TfidfVectorizer from version 1.2.2 when using version 1.3.2. This might lead to breaking code or invalid results. Use at your own risk. For more info please refer to:
https://scikit-learn.org/stable/model_persistence.html#security-maintainability-limitations
  warnings.warn(
/application/.local/lib/python3.8/site-packages/sklearn/base.py:348: InconsistentVersionWarning: Trying to unpickle estimator LogisticRegression from version 1.2.2 when using version 1.3.2. This might lead to breaking code or invalid results. Use at your own risk. For more info please refer to:
https://scikit-learn.org/stable/model_persistence.html#security-maintainability-limitations
  warnings.warn(
/application/.local/lib/python3.8/site-packages/sklearn/base.py:348: InconsistentVersionWarning: Trying to unpickle estimator Pipeline from version 1.2.2 when using version 1.3.2. This might lead to breaking code or invalid results. Use at your own risk. For more info please refer to:
https://scikit-learn.org/stable/model_persistence.html#security-maintainability-limitations
  warnings.warn(
/application/.local/lib/python3.8/site-packages/sklearn/base.py:348: InconsistentVersionWarning: Trying to unpickle estimator TfidfVectorizer from version 1.2.2 when using version 1.3.2. This might lead to breaking code or invalid results. Use at your own risk. For more info please refer to:
https://scikit-learn.org/stable/model_persistence.html#security-maintainability-limitations
  warnings.warn(
✅ Preprocessing complete — 9 rows

======================================================================
[2] Normalizing Company / Model Data
Running normalization...
Normalization complete.
✅ Normalization done

======================================================================
[3] Extracting Product Features
[+] Product classification model loaded: /application/int_analytics_suite/maco/backend/models/product_pipeline.pkl
Extracting structured fields from 9 rows...
Feature extraction complete.
✅ Extraction done

======================================================================
[4] Running Relevancy Classifier
Loaded model from /application/int_analytics_suite/maco/backend/models/relevancy_classifier_v1.joblib
Predicted relevancy for 9 rows
✅ Classification complete

======================================================================
[5] Running Post-Classification Validation

[5] Running data validation and business checks...
Validation complete with 9 issues
   Detailed report: output/audit/audit_report_20251118_055311.csv
   Summary report:  output/audit/audit_summary_20251118_055311.csv
✅ Validation complete — 9 issues logged

======================================================================
[6] Exporting Final Results
💾 Saved final processed file to: /application/int_analytics_suite/maco/backend/output/processed_20251118_055311.csv

🎯 Pipeline completed successfully!
INFO:     122.160.52.177:29147 - "POST /process HTTP/1.1" 200 OK
INFO:     122.160.52.177:29147 - "GET /download/processed_20251118_055311.csv HTTP/1.1" 200 OK

🚀 Starting MACO Pipeline for file: /application/int_analytics_suite/maco/backend/api/uploads/20251118_055454_Test 1.csv

======================================================================
[0] Reading and Preprocessing Input CSV
detect_encoding: detected => UTF-8-SIG (confidence 1.0)
read_csv: rows=9 cols=21
✅ Preprocessing complete — 9 rows

======================================================================
[2] Normalizing Company / Model Data
Running normalization...
Normalization complete.
✅ Normalization done

======================================================================
[3] Extracting Product Features
[+] Product classification model loaded: /application/int_analytics_suite/maco/backend/models/product_pipeline.pkl
Extracting structured fields from 9 rows...
Feature extraction complete.
✅ Extraction done

======================================================================
[4] Running Relevancy Classifier
Loaded model from /application/int_analytics_suite/maco/backend/models/relevancy_classifier_v1.joblib
Predicted relevancy for 9 rows
✅ Classification complete

======================================================================
[5] Running Post-Classification Validation

[5] Running data validation and business checks...
Validation complete with 9 issues
   Detailed report: output/audit/audit_report_20251118_055454.csv
   Summary report:  output/audit/audit_summary_20251118_055454.csv
✅ Validation complete — 9 issues logged

======================================================================
[6] Exporting Final Results
💾 Saved final processed file to: /application/int_analytics_suite/maco/backend/output/processed_20251118_055454.csv

🎯 Pipeline completed successfully!
INFO:     115.246.136.211:26223 - "POST /process HTTP/1.1" 200 OK
INFO:     115.246.136.211:26223 - "GET /download/processed_20251118_055454.csv HTTP/1.1" 200 OK

🚀 Starting MACO Pipeline for file: /application/int_analytics_suite/maco/backend/api/uploads/20251118_060007_Test 1.csv

======================================================================
[0] Reading and Preprocessing Input CSV
detect_encoding: detected => UTF-8-SIG (confidence 1.0)
read_csv: rows=9 cols=15
/application/.local/lib/python3.8/site-packages/sklearn/base.py:348: InconsistentVersionWarning: Trying to unpickle estimator StandardScaler from version 1.2.2 when using version 1.3.2. This might lead to breaking code or invalid results. Use at your own risk. For more info please refer to:
https://scikit-learn.org/stable/model_persistence.html#security-maintainability-limitations
  warnings.warn(
/application/.local/lib/python3.8/site-packages/sklearn/base.py:348: InconsistentVersionWarning: Trying to unpickle estimator TfidfTransformer from version 1.2.2 when using version 1.3.2. This might lead to breaking code or invalid results. Use at your own risk. For more info please refer to:
https://scikit-learn.org/stable/model_persistence.html#security-maintainability-limitations
  warnings.warn(
/application/.local/lib/python3.8/site-packages/sklearn/base.py:348: InconsistentVersionWarning: Trying to unpickle estimator ColumnTransformer from version 1.2.2 when using version 1.3.2. This might lead to breaking code or invalid results. Use at your own risk. For more info please refer to:
https://scikit-learn.org/stable/model_persistence.html#security-maintainability-limitations
  warnings.warn(
/application/.local/lib/python3.8/site-packages/sklearn/base.py:348: InconsistentVersionWarning: Trying to unpickle estimator LogisticRegression from version 1.2.2 when using version 1.3.2. This might lead to breaking code or invalid results. Use at your own risk. For more info please refer to:
https://scikit-learn.org/stable/model_persistence.html#security-maintainability-limitations
  warnings.warn(
/application/.local/lib/python3.8/site-packages/sklearn/base.py:348: InconsistentVersionWarning: Trying to unpickle estimator Pipeline from version 1.2.2 when using version 1.3.2. This might lead to breaking code or invalid results. Use at your own risk. For more info please refer to:
https://scikit-learn.org/stable/model_persistence.html#security-maintainability-limitations
  warnings.warn(
/application/int_analytics_suite/maco/backend/src/maco_automation/pipeline/classifier.py:25: FutureWarning: The default value of regex will change from True to False in a future version. In addition, single character regular expressions will *not* be treated as literal strings when regex=True.
  df[col]
/application/.local/lib/python3.8/site-packages/sklearn/base.py:348: InconsistentVersionWarning: Trying to unpickle estimator TfidfTransformer from version 1.2.2 when using version 1.3.2. This might lead to breaking code or invalid results. Use at your own risk. For more info please refer to:
https://scikit-learn.org/stable/model_persistence.html#security-maintainability-limitations
  warnings.warn(
/application/.local/lib/python3.8/site-packages/sklearn/base.py:348: InconsistentVersionWarning: Trying to unpickle estimator TfidfVectorizer from version 1.2.2 when using version 1.3.2. This might lead to breaking code or invalid results. Use at your own risk. For more info please refer to:
https://scikit-learn.org/stable/model_persistence.html#security-maintainability-limitations
  warnings.warn(
/application/.local/lib/python3.8/site-packages/sklearn/base.py:348: InconsistentVersionWarning: Trying to unpickle estimator LogisticRegression from version 1.2.2 when using version 1.3.2. This might lead to breaking code or invalid results. Use at your own risk. For more info please refer to:
https://scikit-learn.org/stable/model_persistence.html#security-maintainability-limitations
  warnings.warn(
/application/.local/lib/python3.8/site-packages/sklearn/base.py:348: InconsistentVersionWarning: Trying to unpickle estimator Pipeline from version 1.2.2 when using version 1.3.2. This might lead to breaking code or invalid results. Use at your own risk. For more info please refer to:
https://scikit-learn.org/stable/model_persistence.html#security-maintainability-limitations
  warnings.warn(
/application/.local/lib/python3.8/site-packages/sklearn/base.py:348: InconsistentVersionWarning: Trying to unpickle estimator TfidfVectorizer from version 1.2.2 when using version 1.3.2. This might lead to breaking code or invalid results. Use at your own risk. For more info please refer to:
https://scikit-learn.org/stable/model_persistence.html#security-maintainability-limitations
  warnings.warn(
/application/.local/lib/python3.8/site-packages/sklearn/base.py:348: InconsistentVersionWarning: Trying to unpickle estimator StandardScaler from version 1.2.2 when using version 1.3.2. This might lead to breaking code or invalid results. Use at your own risk. For more info please refer to:
https://scikit-learn.org/stable/model_persistence.html#security-maintainability-limitations
  warnings.warn(
/application/.local/lib/python3.8/site-packages/sklearn/base.py:348: InconsistentVersionWarning: Trying to unpickle estimator TfidfTransformer from version 1.2.2 when using version 1.3.2. This might lead to breaking code or invalid results. Use at your own risk. For more info please refer to:
https://scikit-learn.org/stable/model_persistence.html#security-maintainability-limitations
  warnings.warn(
/application/.local/lib/python3.8/site-packages/sklearn/base.py:348: InconsistentVersionWarning: Trying to unpickle estimator ColumnTransformer from version 1.2.2 when using version 1.3.2. This might lead to breaking code or invalid results. Use at your own risk. For more info please refer to:
https://scikit-learn.org/stable/model_persistence.html#security-maintainability-limitations
  warnings.warn(
/application/.local/lib/python3.8/site-packages/sklearn/base.py:348: InconsistentVersionWarning: Trying to unpickle estimator LogisticRegression from version 1.2.2 when using version 1.3.2. This might lead to breaking code or invalid results. Use at your own risk. For more info please refer to:
https://scikit-learn.org/stable/model_persistence.html#security-maintainability-limitations
  warnings.warn(
/application/.local/lib/python3.8/site-packages/sklearn/base.py:348: InconsistentVersionWarning: Trying to unpickle estimator Pipeline from version 1.2.2 when using version 1.3.2. This might lead to breaking code or invalid results. Use at your own risk. For more info please refer to:
https://scikit-learn.org/stable/model_persistence.html#security-maintainability-limitations
  warnings.warn(
/application/int_analytics_suite/maco/backend/src/maco_automation/pipeline/classifier.py:25: FutureWarning: The default value of regex will change from True to False in a future version. In addition, single character regular expressions will *not* be treated as literal strings when regex=True.
  df[col]
/application/.local/lib/python3.8/site-packages/sklearn/base.py:348: InconsistentVersionWarning: Trying to unpickle estimator TfidfTransformer from version 1.2.2 when using version 1.3.2. This might lead to breaking code or invalid results. Use at your own risk. For more info please refer to:
https://scikit-learn.org/stable/model_persistence.html#security-maintainability-limitations
  warnings.warn(
/application/.local/lib/python3.8/site-packages/sklearn/base.py:348: InconsistentVersionWarning: Trying to unpickle estimator TfidfVectorizer from version 1.2.2 when using version 1.3.2. This might lead to breaking code or invalid results. Use at your own risk. For more info please refer to:
https://scikit-learn.org/stable/model_persistence.html#security-maintainability-limitations
  warnings.warn(
/application/.local/lib/python3.8/site-packages/sklearn/base.py:348: InconsistentVersionWarning: Trying to unpickle estimator LogisticRegression from version 1.2.2 when using version 1.3.2. This might lead to breaking code or invalid results. Use at your own risk. For more info please refer to:
https://scikit-learn.org/stable/model_persistence.html#security-maintainability-limitations
  warnings.warn(
✅ Preprocessing complete — 9 rows

======================================================================
[2] Normalizing Company / Model Data
Running normalization...
Normalization complete.
✅ Normalization done

======================================================================
[3] Extracting Product Features
[+] Product classification model loaded: /application/int_analytics_suite/maco/backend/models/product_pipeline.pkl
Extracting structured fields from 9 rows...
Feature extraction complete.
✅ Extraction done

======================================================================
[4] Running Relevancy Classifier
Loaded model from /application/int_analytics_suite/maco/backend/models/relevancy_classifier_v1.joblib
Predicted relevancy for 9 rows
✅ Classification complete

======================================================================
[5] Running Post-Classification Validation

[5] Running data validation and business checks...
Validation complete with 9 issues
   Detailed report: output/audit/audit_report_20251118_060007.csv
   Summary report:  output/audit/audit_summary_20251118_060007.csv
✅ Validation complete — 9 issues logged

======================================================================
[6] Exporting Final Results
💾 Saved final processed file to: /application/int_analytics_suite/maco/backend/output/processed_20251118_060007.csv

🎯 Pipeline completed successfully!
INFO:     122.160.52.177:30716 - "POST /process HTTP/1.1" 200 OK
INFO:     122.160.52.177:30716 - "GET /download/processed_20251118_060007.csv HTTP/1.1" 200 OK

🚀 Starting MACO Pipeline for file: /application/int_analytics_suite/maco/backend/api/uploads/20251118_060044_Rotary Union_Analysis_Recent(RaW Dump).csv

======================================================================
[0] Reading and Preprocessing Input CSV
detect_encoding: detected => ascii (confidence 1.0)
Failed with detected encoding 'ascii'. Retrying with latin1...
read_csv: rows=31597 cols=16
Dropped columns: ['unnamed_15']
✅ Preprocessing complete — 31,597 rows

======================================================================
[2] Normalizing Company / Model Data
Running normalization...
Normalization complete.
✅ Normalization done

======================================================================
[3] Extracting Product Features
[+] Product classification model loaded: /application/int_analytics_suite/maco/backend/models/product_pipeline.pkl
Extracting structured fields from 31597 rows...
Feature extraction complete.
✅ Extraction done

======================================================================
[4] Running Relevancy Classifier
Loaded model from /application/int_analytics_suite/maco/backend/models/relevancy_classifier_v1.joblib
Predicted relevancy for 31597 rows
✅ Classification complete

======================================================================
[5] Running Post-Classification Validation

[5] Running data validation and business checks...
Validation complete with 11919 issues
   Detailed report: output/audit/audit_report_20251118_060130.csv
   Summary report:  output/audit/audit_summary_20251118_060130.csv
✅ Validation complete — 11919 issues logged

======================================================================
[6] Exporting Final Results
💾 Saved final processed file to: /application/int_analytics_suite/maco/backend/output/processed_20251118_060130.csv

🎯 Pipeline completed successfully!
INFO:     49.37.44.128:61165 - "POST /process HTTP/1.1" 200 OK
INFO:     49.37.44.128:56465 - "GET /download/processed_20251118_060130.csv HTTP/1.1" 200 OK

🚀 Starting MACO Pipeline for file: /application/int_analytics_suite/maco/backend/api/uploads/20251118_061258_test 2.csv

======================================================================
[0] Reading and Preprocessing Input CSV
detect_encoding: detected => UTF-8-SIG (confidence 1.0)
read_csv: rows=155 cols=15
/application/.local/lib/python3.8/site-packages/sklearn/base.py:348: InconsistentVersionWarning: Trying to unpickle estimator Pipeline from version 1.2.2 when using version 1.3.2. This might lead to breaking code or invalid results. Use at your own risk. For more info please refer to:
https://scikit-learn.org/stable/model_persistence.html#security-maintainability-limitations
  warnings.warn(
/application/.local/lib/python3.8/site-packages/sklearn/base.py:348: InconsistentVersionWarning: Trying to unpickle estimator TfidfVectorizer from version 1.2.2 when using version 1.3.2. This might lead to breaking code or invalid results. Use at your own risk. For more info please refer to:
https://scikit-learn.org/stable/model_persistence.html#security-maintainability-limitations
  warnings.warn(
/application/.local/lib/python3.8/site-packages/sklearn/base.py:348: InconsistentVersionWarning: Trying to unpickle estimator StandardScaler from version 1.2.2 when using version 1.3.2. This might lead to breaking code or invalid results. Use at your own risk. For more info please refer to:
https://scikit-learn.org/stable/model_persistence.html#security-maintainability-limitations
  warnings.warn(
/application/.local/lib/python3.8/site-packages/sklearn/base.py:348: InconsistentVersionWarning: Trying to unpickle estimator TfidfTransformer from version 1.2.2 when using version 1.3.2. This might lead to breaking code or invalid results. Use at your own risk. For more info please refer to:
https://scikit-learn.org/stable/model_persistence.html#security-maintainability-limitations
  warnings.warn(
/application/.local/lib/python3.8/site-packages/sklearn/base.py:348: InconsistentVersionWarning: Trying to unpickle estimator ColumnTransformer from version 1.2.2 when using version 1.3.2. This might lead to breaking code or invalid results. Use at your own risk. For more info please refer to:
https://scikit-learn.org/stable/model_persistence.html#security-maintainability-limitations
  warnings.warn(
/application/.local/lib/python3.8/site-packages/sklearn/base.py:348: InconsistentVersionWarning: Trying to unpickle estimator LogisticRegression from version 1.2.2 when using version 1.3.2. This might lead to breaking code or invalid results. Use at your own risk. For more info please refer to:
https://scikit-learn.org/stable/model_persistence.html#security-maintainability-limitations
  warnings.warn(
/application/.local/lib/python3.8/site-packages/sklearn/base.py:348: InconsistentVersionWarning: Trying to unpickle estimator Pipeline from version 1.2.2 when using version 1.3.2. This might lead to breaking code or invalid results. Use at your own risk. For more info please refer to:
https://scikit-learn.org/stable/model_persistence.html#security-maintainability-limitations
  warnings.warn(
/application/int_analytics_suite/maco/backend/src/maco_automation/pipeline/classifier.py:25: FutureWarning: The default value of regex will change from True to False in a future version. In addition, single character regular expressions will *not* be treated as literal strings when regex=True.
  df[col]
/application/.local/lib/python3.8/site-packages/sklearn/base.py:348: InconsistentVersionWarning: Trying to unpickle estimator TfidfTransformer from version 1.2.2 when using version 1.3.2. This might lead to breaking code or invalid results. Use at your own risk. For more info please refer to:
https://scikit-learn.org/stable/model_persistence.html#security-maintainability-limitations
  warnings.warn(
/application/.local/lib/python3.8/site-packages/sklearn/base.py:348: InconsistentVersionWarning: Trying to unpickle estimator TfidfVectorizer from version 1.2.2 when using version 1.3.2. This might lead to breaking code or invalid results. Use at your own risk. For more info please refer to:
https://scikit-learn.org/stable/model_persistence.html#security-maintainability-limitations
  warnings.warn(
/application/.local/lib/python3.8/site-packages/sklearn/base.py:348: InconsistentVersionWarning: Trying to unpickle estimator LogisticRegression from version 1.2.2 when using version 1.3.2. This might lead to breaking code or invalid results. Use at your own risk. For more info please refer to:
https://scikit-learn.org/stable/model_persistence.html#security-maintainability-limitations
  warnings.warn(
/application/.local/lib/python3.8/site-packages/sklearn/base.py:348: InconsistentVersionWarning: Trying to unpickle estimator Pipeline from version 1.2.2 when using version 1.3.2. This might lead to breaking code or invalid results. Use at your own risk. For more info please refer to:
https://scikit-learn.org/stable/model_persistence.html#security-maintainability-limitations
  warnings.warn(
/application/.local/lib/python3.8/site-packages/sklearn/base.py:348: InconsistentVersionWarning: Trying to unpickle estimator TfidfVectorizer from version 1.2.2 when using version 1.3.2. This might lead to breaking code or invalid results. Use at your own risk. For more info please refer to:
https://scikit-learn.org/stable/model_persistence.html#security-maintainability-limitations
  warnings.warn(
/application/.local/lib/python3.8/site-packages/sklearn/base.py:348: InconsistentVersionWarning: Trying to unpickle estimator StandardScaler from version 1.2.2 when using version 1.3.2. This might lead to breaking code or invalid results. Use at your own risk. For more info please refer to:
https://scikit-learn.org/stable/model_persistence.html#security-maintainability-limitations
  warnings.warn(
/application/.local/lib/python3.8/site-packages/sklearn/base.py:348: InconsistentVersionWarning: Trying to unpickle estimator TfidfTransformer from version 1.2.2 when using version 1.3.2. This might lead to breaking code or invalid results. Use at your own risk. For more info please refer to:
https://scikit-learn.org/stable/model_persistence.html#security-maintainability-limitations
  warnings.warn(
/application/.local/lib/python3.8/site-packages/sklearn/base.py:348: InconsistentVersionWarning: Trying to unpickle estimator ColumnTransformer from version 1.2.2 when using version 1.3.2. This might lead to breaking code or invalid results. Use at your own risk. For more info please refer to:
https://scikit-learn.org/stable/model_persistence.html#security-maintainability-limitations
  warnings.warn(
/application/.local/lib/python3.8/site-packages/sklearn/base.py:348: InconsistentVersionWarning: Trying to unpickle estimator LogisticRegression from version 1.2.2 when using version 1.3.2. This might lead to breaking code or invalid results. Use at your own risk. For more info please refer to:
https://scikit-learn.org/stable/model_persistence.html#security-maintainability-limitations
  warnings.warn(
/application/.local/lib/python3.8/site-packages/sklearn/base.py:348: InconsistentVersionWarning: Trying to unpickle estimator Pipeline from version 1.2.2 when using version 1.3.2. This might lead to breaking code or invalid results. Use at your own risk. For more info please refer to:
https://scikit-learn.org/stable/model_persistence.html#security-maintainability-limitations
  warnings.warn(
/application/int_analytics_suite/maco/backend/src/maco_automation/pipeline/classifier.py:25: FutureWarning: The default value of regex will change from True to False in a future version. In addition, single character regular expressions will *not* be treated as literal strings when regex=True.
  df[col]
/application/.local/lib/python3.8/site-packages/sklearn/base.py:348: InconsistentVersionWarning: Trying to unpickle estimator TfidfTransformer from version 1.2.2 when using version 1.3.2. This might lead to breaking code or invalid results. Use at your own risk. For more info please refer to:
https://scikit-learn.org/stable/model_persistence.html#security-maintainability-limitations
  warnings.warn(
✅ Preprocessing complete — 155 rows

======================================================================
[2] Normalizing Company / Model Data
Running normalization...
Normalization complete.
✅ Normalization done

======================================================================
[3] Extracting Product Features
[+] Product classification model loaded: /application/int_analytics_suite/maco/backend/models/product_pipeline.pkl
Extracting structured fields from 155 rows...
Feature extraction complete.
✅ Extraction done

======================================================================
[4] Running Relevancy Classifier
Loaded model from /application/int_analytics_suite/maco/backend/models/relevancy_classifier_v1.joblib
Predicted relevancy for 155 rows
✅ Classification complete

======================================================================
[5] Running Post-Classification Validation

[5] Running data validation and business checks...
Validation complete with 37 issues
   Detailed report: output/audit/audit_report_20251118_061259.csv
   Summary report:  output/audit/audit_summary_20251118_061259.csv
✅ Validation complete — 37 issues logged

======================================================================
[6] Exporting Final Results
💾 Saved final processed file to: /application/int_analytics_suite/maco/backend/output/processed_20251118_061259.csv

🎯 Pipeline completed successfully!
INFO:     122.160.52.177:13324 - "POST /process HTTP/1.1" 200 OK
INFO:     122.160.52.177:13324 - "GET /download/processed_20251118_061259.csv HTTP/1.1" 200 OK

🚀 Starting MACO Pipeline for file: /application/int_analytics_suite/maco/backend/api/uploads/20251118_061746_Sample Data Sets.csv

======================================================================
[0] Reading and Preprocessing Input CSV
detect_encoding: detected => UTF-8-SIG (confidence 1.0)
read_csv: rows=17198 cols=27
Dropped columns: ['unnamed_15', 'unnamed_16', 'unnamed_17', 'unnamed_18', 
'unnamed_19', 'unnamed_20', 'unnamed_21', 'unnamed_22', 'unnamed_23', 
'unnamed_24', 'unnamed_25', 'unnamed_26']
/application/.local/lib/python3.8/site-packages/sklearn/base.py:348: InconsistentVersionWarning: Trying to unpickle estimator TfidfVectorizer from version 1.2.2 when using version 1.3.2. This might lead to breaking code or invalid results. Use at your own risk. For more info please refer to:
https://scikit-learn.org/stable/model_persistence.html#security-maintainability-limitations
  warnings.warn(
/application/.local/lib/python3.8/site-packages/sklearn/base.py:348: InconsistentVersionWarning: Trying to unpickle estimator LogisticRegression from version 1.2.2 when using version 1.3.2. This might lead to breaking code or invalid results. Use at your own risk. For more info please refer to:
https://scikit-learn.org/stable/model_persistence.html#security-maintainability-limitations
  warnings.warn(
/application/.local/lib/python3.8/site-packages/sklearn/base.py:348: InconsistentVersionWarning: Trying to unpickle estimator Pipeline from version 1.2.2 when using version 1.3.2. This might lead to breaking code or invalid results. Use at your own risk. For more info please refer to:
https://scikit-learn.org/stable/model_persistence.html#security-maintainability-limitations
  warnings.warn(
/application/.local/lib/python3.8/site-packages/sklearn/base.py:348: InconsistentVersionWarning: Trying to unpickle estimator TfidfVectorizer from version 1.2.2 when using version 1.3.2. This might lead to breaking code or invalid results. Use at your own risk. For more info please refer to:
https://scikit-learn.org/stable/model_persistence.html#security-maintainability-limitations
  warnings.warn(
/application/.local/lib/python3.8/site-packages/sklearn/base.py:348: InconsistentVersionWarning: Trying to unpickle estimator StandardScaler from version 1.2.2 when using version 1.3.2. This might lead to breaking code or invalid results. Use at your own risk. For more info please refer to:
https://scikit-learn.org/stable/model_persistence.html#security-maintainability-limitations
  warnings.warn(
/application/.local/lib/python3.8/site-packages/sklearn/base.py:348: InconsistentVersionWarning: Trying to unpickle estimator TfidfTransformer from version 1.2.2 when using version 1.3.2. This might lead to breaking code or invalid results. Use at your own risk. For more info please refer to:
https://scikit-learn.org/stable/model_persistence.html#security-maintainability-limitations
  warnings.warn(
/application/.local/lib/python3.8/site-packages/sklearn/base.py:348: InconsistentVersionWarning: Trying to unpickle estimator ColumnTransformer from version 1.2.2 when using version 1.3.2. This might lead to breaking code or invalid results. Use at your own risk. For more info please refer to:
https://scikit-learn.org/stable/model_persistence.html#security-maintainability-limitations
  warnings.warn(
/application/.local/lib/python3.8/site-packages/sklearn/base.py:348: InconsistentVersionWarning: Trying to unpickle estimator LogisticRegression from version 1.2.2 when using version 1.3.2. This might lead to breaking code or invalid results. Use at your own risk. For more info please refer to:
https://scikit-learn.org/stable/model_persistence.html#security-maintainability-limitations
  warnings.warn(
/application/.local/lib/python3.8/site-packages/sklearn/base.py:348: InconsistentVersionWarning: Trying to unpickle estimator Pipeline from version 1.2.2 when using version 1.3.2. This might lead to breaking code or invalid results. Use at your own risk. For more info please refer to:
https://scikit-learn.org/stable/model_persistence.html#security-maintainability-limitations
  warnings.warn(
/application/int_analytics_suite/maco/backend/src/maco_automation/pipeline/classifier.py:25: FutureWarning: The default value of regex will change from True to False in a future version. In addition, single character regular expressions will *not* be treated as literal strings when regex=True.
  df[col]
/application/.local/lib/python3.8/site-packages/sklearn/base.py:348: InconsistentVersionWarning: Trying to unpickle estimator TfidfTransformer from version 1.2.2 when using version 1.3.2. This might lead to breaking code or invalid results. Use at your own risk. For more info please refer to:
https://scikit-learn.org/stable/model_persistence.html#security-maintainability-limitations
  warnings.warn(
/application/.local/lib/python3.8/site-packages/sklearn/base.py:348: InconsistentVersionWarning: Trying to unpickle estimator TfidfVectorizer from version 1.2.2 when using version 1.3.2. This might lead to breaking code or invalid results. Use at your own risk. For more info please refer to:
https://scikit-learn.org/stable/model_persistence.html#security-maintainability-limitations
  warnings.warn(
/application/.local/lib/python3.8/site-packages/sklearn/base.py:348: InconsistentVersionWarning: Trying to unpickle estimator LogisticRegression from version 1.2.2 when using version 1.3.2. This might lead to breaking code or invalid results. Use at your own risk. For more info please refer to:
https://scikit-learn.org/stable/model_persistence.html#security-maintainability-limitations
  warnings.warn(
/application/.local/lib/python3.8/site-packages/sklearn/base.py:348: InconsistentVersionWarning: Trying to unpickle estimator Pipeline from version 1.2.2 when using version 1.3.2. This might lead to breaking code or invalid results. Use at your own risk. For more info please refer to:
https://scikit-learn.org/stable/model_persistence.html#security-maintainability-limitations
  warnings.warn(
/application/.local/lib/python3.8/site-packages/sklearn/base.py:348: InconsistentVersionWarning: Trying to unpickle estimator TfidfVectorizer from version 1.2.2 when using version 1.3.2. This might lead to breaking code or invalid results. Use at your own risk. For more info please refer to:
https://scikit-learn.org/stable/model_persistence.html#security-maintainability-limitations
  warnings.warn(
/application/.local/lib/python3.8/site-packages/sklearn/base.py:348: InconsistentVersionWarning: Trying to unpickle estimator StandardScaler from version 1.2.2 when using version 1.3.2. This might lead to breaking code or invalid results. Use at your own risk. For more info please refer to:
https://scikit-learn.org/stable/model_persistence.html#security-maintainability-limitations
  warnings.warn(
/application/.local/lib/python3.8/site-packages/sklearn/base.py:348: InconsistentVersionWarning: Trying to unpickle estimator TfidfTransformer from version 1.2.2 when using version 1.3.2. This might lead to breaking code or invalid results. Use at your own risk. For more info please refer to:
https://scikit-learn.org/stable/model_persistence.html#security-maintainability-limitations
  warnings.warn(
/application/.local/lib/python3.8/site-packages/sklearn/base.py:348: InconsistentVersionWarning: Trying to unpickle estimator ColumnTransformer from version 1.2.2 when using version 1.3.2. This might lead to breaking code or invalid results. Use at your own risk. For more info please refer to:
https://scikit-learn.org/stable/model_persistence.html#security-maintainability-limitations
  warnings.warn(
/application/.local/lib/python3.8/site-packages/sklearn/base.py:348: InconsistentVersionWarning: Trying to unpickle estimator LogisticRegression from version 1.2.2 when using version 1.3.2. This might lead to breaking code or invalid results. Use at your own risk. For more info please refer to:
https://scikit-learn.org/stable/model_persistence.html#security-maintainability-limitations
  warnings.warn(
/application/.local/lib/python3.8/site-packages/sklearn/base.py:348: InconsistentVersionWarning: Trying to unpickle estimator Pipeline from version 1.2.2 when using version 1.3.2. This might lead to breaking code or invalid results. Use at your own risk. For more info please refer to:
https://scikit-learn.org/stable/model_persistence.html#security-maintainability-limitations
  warnings.warn(
✅ Preprocessing complete — 17,198 rows

======================================================================
[2] Normalizing Company / Model Data
Running normalization...
Normalization complete.
✅ Normalization done

======================================================================
[3] Extracting Product Features
[+] Product classification model loaded: /application/int_analytics_suite/maco/backend/models/product_pipeline.pkl
Extracting structured fields from 17198 rows...
Feature extraction complete.
✅ Extraction done

======================================================================
[4] Running Relevancy Classifier
Loaded model from /application/int_analytics_suite/maco/backend/models/relevancy_classifier_v1.joblib
Predicted relevancy for 17198 rows
✅ Classification complete

======================================================================
[5] Running Post-Classification Validation

[5] Running data validation and business checks...
Validation complete with 2048 issues
   Detailed report: output/audit/audit_report_20251118_061804.csv
   Summary report:  output/audit/audit_summary_20251118_061804.csv
✅ Validation complete — 2048 issues logged

======================================================================
[6] Exporting Final Results
💾 Saved final processed file to: /application/int_analytics_suite/maco/backend/output/processed_20251118_061804.csv

🎯 Pipeline completed successfully!
INFO:     122.160.52.177:24239 - "POST /process HTTP/1.1" 200 OK
INFO:     122.160.52.177:24239 - "GET /download/processed_20251118_061804.csv HTTP/1.1" 200 OK

🚀 Starting MACO Pipeline for file: /application/int_analytics_suite/maco/backend/api/uploads/20251118_061828_Rotary Union Additional Data.csv

======================================================================
[0] Reading and Preprocessing Input CSV
detect_encoding: detected => UTF-8-SIG (confidence 1.0)
read_csv: rows=470 cols=15
✅ Preprocessing complete — 470 rows

======================================================================
[2] Normalizing Company / Model Data
Running normalization...
Normalization complete.
✅ Normalization done

======================================================================
[3] Extracting Product Features
[+] Product classification model loaded: /application/int_analytics_suite/maco/backend/models/product_pipeline.pkl
Extracting structured fields from 470 rows...
Feature extraction complete.
✅ Extraction done

======================================================================
[4] Running Relevancy Classifier
Loaded model from /application/int_analytics_suite/maco/backend/models/relevancy_classifier_v1.joblib

❌ Pipeline failed: Input X contains NaN.
LogisticRegression does not accept missing values encoded as NaN natively. For supervised learning, you might want to consider sklearn.ensemble.HistGradientBoostingClassifier and Regressor which accept missing values encoded as NaNs natively. Alternatively, it is possible to preprocess the data, for instance by using an imputer transformer in a pipeline or drop samples with missing values. See https://scikit-learn.org/stable/modules/impute.html You can find a list of all estimators that handle NaN values at the following page: https://scikit-learn.org/stable/modules/impute.html#estimators-that-handle-nan-values
INFO:     122.160.52.177:12966 - "POST /process HTTP/1.1" 500 Internal Server Error

🚀 Starting MACO Pipeline for file: /application/int_analytics_suite/maco/backend/api/uploads/20251118_062547_Rotary Union Additional Data.csv

======================================================================
[0] Reading and Preprocessing Input CSV
detect_encoding: detected => UTF-8-SIG (confidence 1.0)
read_csv: rows=470 cols=15
/application/int_analytics_suite/maco/backend/src/maco_automation/pipeline/classifier.py:25: FutureWarning: The default value of regex will change from True to False in a future version. In addition, single character regular expressions will *not* be treated as literal strings when regex=True.
  df[col]
/application/.local/lib/python3.8/site-packages/sklearn/base.py:348: InconsistentVersionWarning: Trying to unpickle estimator TfidfTransformer from version 1.2.2 when using version 1.3.2. This might lead to breaking code or invalid results. Use at your own risk. For more info please refer to:
https://scikit-learn.org/stable/model_persistence.html#security-maintainability-limitations
  warnings.warn(
/application/.local/lib/python3.8/site-packages/sklearn/base.py:348: InconsistentVersionWarning: Trying to unpickle estimator TfidfVectorizer from version 1.2.2 when using version 1.3.2. This might lead to breaking code or invalid results. Use at your own risk. For more info please refer to:
https://scikit-learn.org/stable/model_persistence.html#security-maintainability-limitations
  warnings.warn(
/application/.local/lib/python3.8/site-packages/sklearn/base.py:348: InconsistentVersionWarning: Trying to unpickle estimator LogisticRegression from version 1.2.2 when using version 1.3.2. This might lead to breaking code or invalid results. Use at your own risk. For more info please refer to:
https://scikit-learn.org/stable/model_persistence.html#security-maintainability-limitations
  warnings.warn(
/application/.local/lib/python3.8/site-packages/sklearn/base.py:348: InconsistentVersionWarning: Trying to unpickle estimator Pipeline from version 1.2.2 when using version 1.3.2. This might lead to breaking code or invalid results. Use at your own risk. For more info please refer to:
https://scikit-learn.org/stable/model_persistence.html#security-maintainability-limitations
  warnings.warn(
/application/.local/lib/python3.8/site-packages/sklearn/base.py:348: InconsistentVersionWarning: Trying to unpickle estimator TfidfVectorizer from version 1.2.2 when using version 1.3.2. This might lead to breaking code or invalid results. Use at your own risk. For more info please refer to:
https://scikit-learn.org/stable/model_persistence.html#security-maintainability-limitations
  warnings.warn(
/application/.local/lib/python3.8/site-packages/sklearn/base.py:348: InconsistentVersionWarning: Trying to unpickle estimator StandardScaler from version 1.2.2 when using version 1.3.2. This might lead to breaking code or invalid results. Use at your own risk. For more info please refer to:
https://scikit-learn.org/stable/model_persistence.html#security-maintainability-limitations
  warnings.warn(
/application/.local/lib/python3.8/site-packages/sklearn/base.py:348: InconsistentVersionWarning: Trying to unpickle estimator TfidfTransformer from version 1.2.2 when using version 1.3.2. This might lead to breaking code or invalid results. Use at your own risk. For more info please refer to:
https://scikit-learn.org/stable/model_persistence.html#security-maintainability-limitations
  warnings.warn(
/application/.local/lib/python3.8/site-packages/sklearn/base.py:348: InconsistentVersionWarning: Trying to unpickle estimator ColumnTransformer from version 1.2.2 when using version 1.3.2. This might lead to breaking code or invalid results. Use at your own risk. For more info please refer to:
https://scikit-learn.org/stable/model_persistence.html#security-maintainability-limitations
  warnings.warn(
/application/.local/lib/python3.8/site-packages/sklearn/base.py:348: InconsistentVersionWarning: Trying to unpickle estimator LogisticRegression from version 1.2.2 when using version 1.3.2. This might lead to breaking code or invalid results. Use at your own risk. For more info please refer to:
https://scikit-learn.org/stable/model_persistence.html#security-maintainability-limitations
  warnings.warn(
/application/.local/lib/python3.8/site-packages/sklearn/base.py:348: InconsistentVersionWarning: Trying to unpickle estimator Pipeline from version 1.2.2 when using version 1.3.2. This might lead to breaking code or invalid results. Use at your own risk. For more info please refer to:
https://scikit-learn.org/stable/model_persistence.html#security-maintainability-limitations
  warnings.warn(
/application/int_analytics_suite/maco/backend/src/maco_automation/pipeline/classifier.py:25: FutureWarning: The default value of regex will change from True to False in a future version. In addition, single character regular expressions will *not* be treated as literal strings when regex=True.
  df[col]
/application/.local/lib/python3.8/site-packages/sklearn/base.py:348: InconsistentVersionWarning: Trying to unpickle estimator TfidfTransformer from version 1.2.2 when using version 1.3.2. This might lead to breaking code or invalid results. Use at your own risk. For more info please refer to:
https://scikit-learn.org/stable/model_persistence.html#security-maintainability-limitations
  warnings.warn(
/application/.local/lib/python3.8/site-packages/sklearn/base.py:348: InconsistentVersionWarning: Trying to unpickle estimator TfidfVectorizer from version 1.2.2 when using version 1.3.2. This might lead to breaking code or invalid results. Use at your own risk. For more info please refer to:
https://scikit-learn.org/stable/model_persistence.html#security-maintainability-limitations
  warnings.warn(
/application/.local/lib/python3.8/site-packages/sklearn/base.py:348: InconsistentVersionWarning: Trying to unpickle estimator LogisticRegression from version 1.2.2 when using version 1.3.2. This might lead to breaking code or invalid results. Use at your own risk. For more info please refer to:
https://scikit-learn.org/stable/model_persistence.html#security-maintainability-limitations
  warnings.warn(
/application/.local/lib/python3.8/site-packages/sklearn/base.py:348: InconsistentVersionWarning: Trying to unpickle estimator Pipeline from version 1.2.2 when using version 1.3.2. This might lead to breaking code or invalid results. Use at your own risk. For more info please refer to:
https://scikit-learn.org/stable/model_persistence.html#security-maintainability-limitations
  warnings.warn(
/application/.local/lib/python3.8/site-packages/sklearn/base.py:348: InconsistentVersionWarning: Trying to unpickle estimator TfidfVectorizer from version 1.2.2 when using version 1.3.2. This might lead to breaking code or invalid results. Use at your own risk. For more info please refer to:
https://scikit-learn.org/stable/model_persistence.html#security-maintainability-limitations
  warnings.warn(
/application/.local/lib/python3.8/site-packages/sklearn/base.py:348: InconsistentVersionWarning: Trying to unpickle estimator StandardScaler from version 1.2.2 when using version 1.3.2. This might lead to breaking code or invalid results. Use at your own risk. For more info please refer to:
https://scikit-learn.org/stable/model_persistence.html#security-maintainability-limitations
  warnings.warn(
/application/.local/lib/python3.8/site-packages/sklearn/base.py:348: InconsistentVersionWarning: Trying to unpickle estimator TfidfTransformer from version 1.2.2 when using version 1.3.2. This might lead to breaking code or invalid results. Use at your own risk. For more info please refer to:
https://scikit-learn.org/stable/model_persistence.html#security-maintainability-limitations
  warnings.warn(
/application/.local/lib/python3.8/site-packages/sklearn/base.py:348: InconsistentVersionWarning: Trying to unpickle estimator ColumnTransformer from version 1.2.2 when using version 1.3.2. This might lead to breaking code or invalid results. Use at your own risk. For more info please refer to:
https://scikit-learn.org/stable/model_persistence.html#security-maintainability-limitations
  warnings.warn(
✅ Preprocessing complete — 470 rows

======================================================================
[2] Normalizing Company / Model Data
Running normalization...
Normalization complete.
✅ Normalization done

======================================================================
[3] Extracting Product Features
[+] Product classification model loaded: /application/int_analytics_suite/maco/backend/models/product_pipeline.pkl
Extracting structured fields from 470 rows...
Feature extraction complete.
✅ Extraction done

======================================================================
[4] Running Relevancy Classifier
Loaded model from /application/int_analytics_suite/maco/backend/models/relevancy_classifier_v1.joblib

❌ Pipeline failed: Input X contains NaN.
LogisticRegression does not accept missing values encoded as NaN natively. For supervised learning, you might want to consider sklearn.ensemble.HistGradientBoostingClassifier and Regressor which accept missing values encoded as NaNs natively. Alternatively, it is possible to preprocess the data, for instance by using an imputer transformer in a pipeline or drop samples with missing values. See https://scikit-learn.org/stable/modules/impute.html You can find a list of all estimators that handle NaN values at the following page: https://scikit-learn.org/stable/modules/impute.html#estimators-that-handle-nan-values
INFO:     49.37.44.128:62062 - "POST /process HTTP/1.1" 500 Internal Server Error

🚀 Starting MACO Pipeline for file: /application/int_analytics_suite/maco/backend/api/uploads/20251118_062902_Rotary Union Additional Data.csv

======================================================================
[0] Reading and Preprocessing Input CSV
detect_encoding: detected => UTF-8-SIG (confidence 1.0)
read_csv: rows=470 cols=15
✅ Preprocessing complete — 470 rows

======================================================================
[2] Normalizing Company / Model Data
Running normalization...
Normalization complete.
✅ Normalization done

======================================================================
[3] Extracting Product Features
[+] Product classification model loaded: /application/int_analytics_suite/maco/backend/models/product_pipeline.pkl
Extracting structured fields from 470 rows...
Feature extraction complete.
✅ Extraction done

======================================================================
[4] Running Relevancy Classifier
Loaded model from /application/int_analytics_suite/maco/backend/models/relevancy_classifier_v1.joblib

❌ Pipeline failed: Input X contains NaN.
LogisticRegression does not accept missing values encoded as NaN natively. For supervised learning, you might want to consider sklearn.ensemble.HistGradientBoostingClassifier and Regressor which accept missing values encoded as NaNs natively. Alternatively, it is possible to preprocess the data, for instance by using an imputer transformer in a pipeline or drop samples with missing values. See https://scikit-learn.org/stable/modules/impute.html You can find a list of all estimators that handle NaN values at the following page: https://scikit-learn.org/stable/modules/impute.html#estimators-that-handle-nan-values
INFO:     49.37.44.128:53156 - "POST /process HTTP/1.1" 500 Internal Server Error

🚀 Starting MACO Pipeline for file: /application/int_analytics_suite/maco/backend/api/uploads/20251118_065846_Rotary Union Additional Data.csv

======================================================================
[0] Reading and Preprocessing Input CSV
detect_encoding: detected => UTF-8-SIG (confidence 1.0)
read_csv: rows=470 cols=15
/application/.local/lib/python3.8/site-packages/sklearn/base.py:348: InconsistentVersionWarning: Trying to unpickle estimator LogisticRegression from version 1.2.2 when using version 1.3.2. This might lead to breaking code or invalid results. Use at your own risk. For more info please refer to:
https://scikit-learn.org/stable/model_persistence.html#security-maintainability-limitations
  warnings.warn(
/application/.local/lib/python3.8/site-packages/sklearn/base.py:348: InconsistentVersionWarning: Trying to unpickle estimator Pipeline from version 1.2.2 when using version 1.3.2. This might lead to breaking code or invalid results. Use at your own risk. For more info please refer to:
https://scikit-learn.org/stable/model_persistence.html#security-maintainability-limitations
  warnings.warn(
/application/int_analytics_suite/maco/backend/src/maco_automation/pipeline/classifier.py:25: FutureWarning: The default value of regex will change from True to False in a future version. In addition, single character regular expressions will *not* be treated as literal strings when regex=True.
  df[col]
/application/.local/lib/python3.8/site-packages/sklearn/base.py:348: InconsistentVersionWarning: Trying to unpickle estimator TfidfTransformer from version 1.2.2 when using version 1.3.2. This might lead to breaking code or invalid results. Use at your own risk. For more info please refer to:
https://scikit-learn.org/stable/model_persistence.html#security-maintainability-limitations
  warnings.warn(
/application/.local/lib/python3.8/site-packages/sklearn/base.py:348: InconsistentVersionWarning: Trying to unpickle estimator TfidfVectorizer from version 1.2.2 when using version 1.3.2. This might lead to breaking code or invalid results. Use at your own risk. For more info please refer to:
https://scikit-learn.org/stable/model_persistence.html#security-maintainability-limitations
  warnings.warn(
/application/.local/lib/python3.8/site-packages/sklearn/base.py:348: InconsistentVersionWarning: Trying to unpickle estimator LogisticRegression from version 1.2.2 when using version 1.3.2. This might lead to breaking code or invalid results. Use at your own risk. For more info please refer to:
https://scikit-learn.org/stable/model_persistence.html#security-maintainability-limitations
  warnings.warn(
/application/.local/lib/python3.8/site-packages/sklearn/base.py:348: InconsistentVersionWarning: Trying to unpickle estimator Pipeline from version 1.2.2 when using version 1.3.2. This might lead to breaking code or invalid results. Use at your own risk. For more info please refer to:
https://scikit-learn.org/stable/model_persistence.html#security-maintainability-limitations
  warnings.warn(
/application/.local/lib/python3.8/site-packages/sklearn/base.py:348: InconsistentVersionWarning: Trying to unpickle estimator TfidfVectorizer from version 1.2.2 when using version 1.3.2. This might lead to breaking code or invalid results. Use at your own risk. For more info please refer to:
https://scikit-learn.org/stable/model_persistence.html#security-maintainability-limitations
  warnings.warn(
/application/.local/lib/python3.8/site-packages/sklearn/base.py:348: InconsistentVersionWarning: Trying to unpickle estimator StandardScaler from version 1.2.2 when using version 1.3.2. This might lead to breaking code or invalid results. Use at your own risk. For more info please refer to:
https://scikit-learn.org/stable/model_persistence.html#security-maintainability-limitations
  warnings.warn(
/application/.local/lib/python3.8/site-packages/sklearn/base.py:348: InconsistentVersionWarning: Trying to unpickle estimator TfidfTransformer from version 1.2.2 when using version 1.3.2. This might lead to breaking code or invalid results. Use at your own risk. For more info please refer to:
https://scikit-learn.org/stable/model_persistence.html#security-maintainability-limitations
  warnings.warn(
/application/.local/lib/python3.8/site-packages/sklearn/base.py:348: InconsistentVersionWarning: Trying to unpickle estimator ColumnTransformer from version 1.2.2 when using version 1.3.2. This might lead to breaking code or invalid results. Use at your own risk. For more info please refer to:
https://scikit-learn.org/stable/model_persistence.html#security-maintainability-limitations
  warnings.warn(
/application/.local/lib/python3.8/site-packages/sklearn/base.py:348: InconsistentVersionWarning: Trying to unpickle estimator LogisticRegression from version 1.2.2 when using version 1.3.2. This might lead to breaking code or invalid results. Use at your own risk. For more info please refer to:
https://scikit-learn.org/stable/model_persistence.html#security-maintainability-limitations
  warnings.warn(
/application/.local/lib/python3.8/site-packages/sklearn/base.py:348: InconsistentVersionWarning: Trying to unpickle estimator Pipeline from version 1.2.2 when using version 1.3.2. This might lead to breaking code or invalid results. Use at your own risk. For more info please refer to:
https://scikit-learn.org/stable/model_persistence.html#security-maintainability-limitations
  warnings.warn(
/application/int_analytics_suite/maco/backend/src/maco_automation/pipeline/classifier.py:25: FutureWarning: The default value of regex will change from True to False in a future version. In addition, single character regular expressions will *not* be treated as literal strings when regex=True.
  df[col]
/application/.local/lib/python3.8/site-packages/sklearn/base.py:348: InconsistentVersionWarning: Trying to unpickle estimator TfidfTransformer from version 1.2.2 when using version 1.3.2. This might lead to breaking code or invalid results. Use at your own risk. For more info please refer to:
https://scikit-learn.org/stable/model_persistence.html#security-maintainability-limitations
  warnings.warn(
/application/.local/lib/python3.8/site-packages/sklearn/base.py:348: InconsistentVersionWarning: Trying to unpickle estimator TfidfVectorizer from version 1.2.2 when using version 1.3.2. This might lead to breaking code or invalid results. Use at your own risk. For more info please refer to:
https://scikit-learn.org/stable/model_persistence.html#security-maintainability-limitations
  warnings.warn(
/application/.local/lib/python3.8/site-packages/sklearn/base.py:348: InconsistentVersionWarning: Trying to unpickle estimator LogisticRegression from version 1.2.2 when using version 1.3.2. This might lead to breaking code or invalid results. Use at your own risk. For more info please refer to:
https://scikit-learn.org/stable/model_persistence.html#security-maintainability-limitations
  warnings.warn(
/application/.local/lib/python3.8/site-packages/sklearn/base.py:348: InconsistentVersionWarning: Trying to unpickle estimator Pipeline from version 1.2.2 when using version 1.3.2. This might lead to breaking code or invalid results. Use at your own risk. For more info please refer to:
https://scikit-learn.org/stable/model_persistence.html#security-maintainability-limitations
  warnings.warn(
/application/.local/lib/python3.8/site-packages/sklearn/base.py:348: InconsistentVersionWarning: Trying to unpickle estimator TfidfVectorizer from version 1.2.2 when using version 1.3.2. This might lead to breaking code or invalid results. Use at your own risk. For more info please refer to:
https://scikit-learn.org/stable/model_persistence.html#security-maintainability-limitations
  warnings.warn(
/application/.local/lib/python3.8/site-packages/sklearn/base.py:348: InconsistentVersionWarning: Trying to unpickle estimator StandardScaler from version 1.2.2 when using version 1.3.2. This might lead to breaking code or invalid results. Use at your own risk. For more info please refer to:
https://scikit-learn.org/stable/model_persistence.html#security-maintainability-limitations
  warnings.warn(
✅ Preprocessing complete — 470 rows

======================================================================
[2] Normalizing Company / Model Data
Running normalization...
Normalization complete.
✅ Normalization done

======================================================================
[3] Extracting Product Features
[+] Product classification model loaded: /application/int_analytics_suite/maco/backend/models/product_pipeline.pkl
Extracting structured fields from 470 rows...
Feature extraction complete.
✅ Extraction done

======================================================================
[4] Running Relevancy Classifier
Loaded model from /application/int_analytics_suite/maco/backend/models/relevancy_classifier_v1.joblib

❌ Pipeline failed: Input X contains NaN.
LogisticRegression does not accept missing values encoded as NaN natively. For supervised learning, you might want to consider sklearn.ensemble.HistGradientBoostingClassifier and Regressor which accept missing values encoded as NaNs natively. Alternatively, it is possible to preprocess the data, for instance by using an imputer transformer in a pipeline or drop samples with missing values. See https://scikit-learn.org/stable/modules/impute.html You can find a list of all estimators that handle NaN values at the following page: https://scikit-learn.org/stable/modules/impute.html#estimators-that-handle-nan-values
INFO:     122.160.52.177:27204 - "POST /process HTTP/1.1" 500 Internal Server Error

🚀 Starting MACO Pipeline for file: /application/int_analytics_suite/maco/backend/api/uploads/20251118_072741_ru.csv

======================================================================
[0] Reading and Preprocessing Input CSV
detect_encoding: detected => UTF-8-SIG (confidence 1.0)
read_csv: rows=273 cols=25
Dropped columns: ['unnamed_1', 'unnamed_2', 'unnamed_3', 'unnamed_4', 
'unnamed_5', 'unnamed_6', 'unnamed_7', 'unnamed_8', 'unnamed_9', 'unnamed_10', 
'unnamed_11', 'unnamed_12', 'unnamed_13', 'unnamed_14', 'unnamed_15', 
'unnamed_16', 'unnamed_17', 'unnamed_18', 'unnamed_19', 'unnamed_20', 
'unnamed_21', 'unnamed_22', 'unnamed_23', 'unnamed_24']
✅ Preprocessing complete — 273 rows

======================================================================
[2] Normalizing Company / Model Data
Running normalization...
Normalization complete.
✅ Normalization done

======================================================================
[3] Extracting Product Features
[+] Product classification model loaded: /application/int_analytics_suite/maco/backend/models/product_pipeline.pkl
Extracting structured fields from 273 rows...

❌ Pipeline failed: 'product_description'
INFO:     122.160.52.177:9520 - "POST /process HTTP/1.1" 500 Internal Server Error

🚀 Starting MACO Pipeline for file: /application/int_analytics_suite/maco/backend/api/uploads/20251118_072746_ru.csv

======================================================================
[0] Reading and Preprocessing Input CSV
detect_encoding: detected => UTF-8-SIG (confidence 1.0)
read_csv: rows=273 cols=25
Dropped columns: ['unnamed_1', 'unnamed_2', 'unnamed_3', 'unnamed_4', 
'unnamed_5', 'unnamed_6', 'unnamed_7', 'unnamed_8', 'unnamed_9', 'unnamed_10', 
'unnamed_11', 'unnamed_12', 'unnamed_13', 'unnamed_14', 'unnamed_15', 
'unnamed_16', 'unnamed_17', 'unnamed_18', 'unnamed_19', 'unnamed_20', 
'unnamed_21', 'unnamed_22', 'unnamed_23', 'unnamed_24']
✅ Preprocessing complete — 273 rows

======================================================================
[2] Normalizing Company / Model Data
Running normalization...
Normalization complete.
✅ Normalization done

======================================================================
[3] Extracting Product Features
[+] Product classification model loaded: /application/int_analytics_suite/maco/backend/models/product_pipeline.pkl
Extracting structured fields from 273 rows...

❌ Pipeline failed: 'product_description'
INFO:     122.160.52.177:9520 - "POST /process HTTP/1.1" 500 Internal Server Error

🚀 Starting MACO Pipeline for file: /application/int_analytics_suite/maco/backend/api/uploads/20251118_073730_Rotary Union Additional Data.csv

======================================================================
[0] Reading and Preprocessing Input CSV
detect_encoding: detected => UTF-8-SIG (confidence 1.0)
read_csv: rows=470 cols=15
/application/.local/lib/python3.8/site-packages/sklearn/base.py:348: InconsistentVersionWarning: Trying to unpickle estimator TfidfTransformer from version 1.2.2 when using version 1.3.2. This might lead to breaking code or invalid results. Use at your own risk. For more info please refer to:
https://scikit-learn.org/stable/model_persistence.html#security-maintainability-limitations
  warnings.warn(
/application/.local/lib/python3.8/site-packages/sklearn/base.py:348: InconsistentVersionWarning: Trying to unpickle estimator ColumnTransformer from version 1.2.2 when using version 1.3.2. This might lead to breaking code or invalid results. Use at your own risk. For more info please refer to:
https://scikit-learn.org/stable/model_persistence.html#security-maintainability-limitations
  warnings.warn(
/application/.local/lib/python3.8/site-packages/sklearn/base.py:348: InconsistentVersionWarning: Trying to unpickle estimator LogisticRegression from version 1.2.2 when using version 1.3.2. This might lead to breaking code or invalid results. Use at your own risk. For more info please refer to:
https://scikit-learn.org/stable/model_persistence.html#security-maintainability-limitations
  warnings.warn(
/application/.local/lib/python3.8/site-packages/sklearn/base.py:348: InconsistentVersionWarning: Trying to unpickle estimator Pipeline from version 1.2.2 when using version 1.3.2. This might lead to breaking code or invalid results. Use at your own risk. For more info please refer to:
https://scikit-learn.org/stable/model_persistence.html#security-maintainability-limitations
  warnings.warn(
/application/int_analytics_suite/maco/backend/src/maco_automation/pipeline/classifier.py:25: FutureWarning: The default value of regex will change from True to False in a future version. In addition, single character regular expressions will *not* be treated as literal strings when regex=True.
  df[col]
/application/.local/lib/python3.8/site-packages/sklearn/base.py:348: InconsistentVersionWarning: Trying to unpickle estimator TfidfTransformer from version 1.2.2 when using version 1.3.2. This might lead to breaking code or invalid results. Use at your own risk. For more info please refer to:
https://scikit-learn.org/stable/model_persistence.html#security-maintainability-limitations
  warnings.warn(
/application/.local/lib/python3.8/site-packages/sklearn/base.py:348: InconsistentVersionWarning: Trying to unpickle estimator TfidfVectorizer from version 1.2.2 when using version 1.3.2. This might lead to breaking code or invalid results. Use at your own risk. For more info please refer to:
https://scikit-learn.org/stable/model_persistence.html#security-maintainability-limitations
  warnings.warn(
/application/.local/lib/python3.8/site-packages/sklearn/base.py:348: InconsistentVersionWarning: Trying to unpickle estimator LogisticRegression from version 1.2.2 when using version 1.3.2. This might lead to breaking code or invalid results. Use at your own risk. For more info please refer to:
https://scikit-learn.org/stable/model_persistence.html#security-maintainability-limitations
  warnings.warn(
/application/.local/lib/python3.8/site-packages/sklearn/base.py:348: InconsistentVersionWarning: Trying to unpickle estimator Pipeline from version 1.2.2 when using version 1.3.2. This might lead to breaking code or invalid results. Use at your own risk. For more info please refer to:
https://scikit-learn.org/stable/model_persistence.html#security-maintainability-limitations
  warnings.warn(
/application/.local/lib/python3.8/site-packages/sklearn/base.py:348: InconsistentVersionWarning: Trying to unpickle estimator TfidfTransformer from version 1.2.2 when using version 1.3.2. This might lead to breaking code or invalid results. Use at your own risk. For more info please refer to:
https://scikit-learn.org/stable/model_persistence.html#security-maintainability-limitations
  warnings.warn(
/application/.local/lib/python3.8/site-packages/sklearn/base.py:348: InconsistentVersionWarning: Trying to unpickle estimator TfidfVectorizer from version 1.2.2 when using version 1.3.2. This might lead to breaking code or invalid results. Use at your own risk. For more info please refer to:
https://scikit-learn.org/stable/model_persistence.html#security-maintainability-limitations
  warnings.warn(
/application/.local/lib/python3.8/site-packages/sklearn/base.py:348: InconsistentVersionWarning: Trying to unpickle estimator LogisticRegression from version 1.2.2 when using version 1.3.2. This might lead to breaking code or invalid results. Use at your own risk. For more info please refer to:
https://scikit-learn.org/stable/model_persistence.html#security-maintainability-limitations
  warnings.warn(
/application/.local/lib/python3.8/site-packages/sklearn/base.py:348: InconsistentVersionWarning: Trying to unpickle estimator Pipeline from version 1.2.2 when using version 1.3.2. This might lead to breaking code or invalid results. Use at your own risk. For more info please refer to:
https://scikit-learn.org/stable/model_persistence.html#security-maintainability-limitations
  warnings.warn(
/application/.local/lib/python3.8/site-packages/sklearn/base.py:348: InconsistentVersionWarning: Trying to unpickle estimator TfidfTransformer from version 1.2.2 when using version 1.3.2. This might lead to breaking code or invalid results. Use at your own risk. For more info please refer to:
https://scikit-learn.org/stable/model_persistence.html#security-maintainability-limitations
  warnings.warn(
/application/.local/lib/python3.8/site-packages/sklearn/base.py:348: InconsistentVersionWarning: Trying to unpickle estimator TfidfVectorizer from version 1.2.2 when using version 1.3.2. This might lead to breaking code or invalid results. Use at your own risk. For more info please refer to:
https://scikit-learn.org/stable/model_persistence.html#security-maintainability-limitations
  warnings.warn(
/application/.local/lib/python3.8/site-packages/sklearn/base.py:348: InconsistentVersionWarning: Trying to unpickle estimator LogisticRegression from version 1.2.2 when using version 1.3.2. This might lead to breaking code or invalid results. Use at your own risk. For more info please refer to:
https://scikit-learn.org/stable/model_persistence.html#security-maintainability-limitations
  warnings.warn(
/application/.local/lib/python3.8/site-packages/sklearn/base.py:348: InconsistentVersionWarning: Trying to unpickle estimator Pipeline from version 1.2.2 when using version 1.3.2. This might lead to breaking code or invalid results. Use at your own risk. For more info please refer to:
https://scikit-learn.org/stable/model_persistence.html#security-maintainability-limitations
  warnings.warn(
/application/.local/lib/python3.8/site-packages/sklearn/base.py:348: InconsistentVersionWarning: Trying to unpickle estimator TfidfVectorizer from version 1.2.2 when using version 1.3.2. This might lead to breaking code or invalid results. Use at your own risk. For more info please refer to:
https://scikit-learn.org/stable/model_persistence.html#security-maintainability-limitations
  warnings.warn(
/application/.local/lib/python3.8/site-packages/sklearn/base.py:348: InconsistentVersionWarning: Trying to unpickle estimator StandardScaler from version 1.2.2 when using version 1.3.2. This might lead to breaking code or invalid results. Use at your own risk. For more info please refer to:
https://scikit-learn.org/stable/model_persistence.html#security-maintainability-limitations
  warnings.warn(
/application/.local/lib/python3.8/site-packages/sklearn/base.py:348: InconsistentVersionWarning: Trying to unpickle estimator TfidfTransformer from version 1.2.2 when using version 1.3.2. This might lead to breaking code or invalid results. Use at your own risk. For more info please refer to:
https://scikit-learn.org/stable/model_persistence.html#security-maintainability-limitations
  warnings.warn(
✅ Preprocessing complete — 470 rows

======================================================================
[2] Normalizing Company / Model Data
Running normalization...
Normalization complete.
✅ Normalization done

======================================================================
[3] Extracting Product Features
[+] Product classification model loaded: /application/int_analytics_suite/maco/backend/models/product_pipeline.pkl
Extracting structured fields from 470 rows...
Feature extraction complete.
✅ Extraction done

======================================================================
[4] Running Relevancy Classifier
Loaded model from /application/int_analytics_suite/maco/backend/models/relevancy_classifier_v1.joblib

❌ Pipeline failed: Input X contains NaN.
LogisticRegression does not accept missing values encoded as NaN natively. For supervised learning, you might want to consider sklearn.ensemble.HistGradientBoostingClassifier and Regressor which accept missing values encoded as NaNs natively. Alternatively, it is possible to preprocess the data, for instance by using an imputer transformer in a pipeline or drop samples with missing values. See https://scikit-learn.org/stable/modules/impute.html You can find a list of all estimators that handle NaN values at the following page: https://scikit-learn.org/stable/modules/impute.html#estimators-that-handle-nan-values
INFO:     49.37.44.128:51834 - "POST /process HTTP/1.1" 500 Internal Server Error

🚀 Starting MACO Pipeline for file: /application/int_analytics_suite/maco/backend/api/uploads/20251118_074320_Rotary Union Additional Data.csv

======================================================================
[0] Reading and Preprocessing Input CSV
detect_encoding: detected => UTF-8-SIG (confidence 1.0)
read_csv: rows=470 cols=15
✅ Preprocessing complete — 470 rows

======================================================================
[2] Normalizing Company / Model Data
Running normalization...
Normalization complete.
✅ Normalization done

======================================================================
[3] Extracting Product Features
[+] Product classification model loaded: /application/int_analytics_suite/maco/backend/models/product_pipeline.pkl
Extracting structured fields from 470 rows...
Feature extraction complete.
✅ Extraction done

======================================================================
[4] Running Relevancy Classifier
Loaded model from /application/int_analytics_suite/maco/backend/models/relevancy_classifier_v1.joblib

❌ Pipeline failed: Input X contains NaN.
LogisticRegression does not accept missing values encoded as NaN natively. For supervised learning, you might want to consider sklearn.ensemble.HistGradientBoostingClassifier and Regressor which accept missing values encoded as NaNs natively. Alternatively, it is possible to preprocess the data, for instance by using an imputer transformer in a pipeline or drop samples with missing values. See https://scikit-learn.org/stable/modules/impute.html You can find a list of all estimators that handle NaN values at the following page: https://scikit-learn.org/stable/modules/impute.html#estimators-that-handle-nan-values
INFO:     49.37.44.128:58550 - "POST /process HTTP/1.1" 500 Internal Server Error

🚀 Starting MACO Pipeline for file: /application/int_analytics_suite/maco/backend/api/uploads/20251118_074500_ru.csv

======================================================================
[0] Reading and Preprocessing Input CSV
detect_encoding: detected => UTF-8-SIG (confidence 1.0)
read_csv: rows=273 cols=25
Dropped columns: ['unnamed_1', 'unnamed_2', 'unnamed_3', 'unnamed_4', 
'unnamed_5', 'unnamed_6', 'unnamed_7', 'unnamed_8', 'unnamed_9', 'unnamed_10', 
'unnamed_11', 'unnamed_12', 'unnamed_13', 'unnamed_14', 'unnamed_15', 
'unnamed_16', 'unnamed_17', 'unnamed_18', 'unnamed_19', 'unnamed_20', 
'unnamed_21', 'unnamed_22', 'unnamed_23', 'unnamed_24']
✅ Preprocessing complete — 273 rows

======================================================================
[2] Normalizing Company / Model Data
Running normalization...
Normalization complete.
✅ Normalization done

======================================================================
[3] Extracting Product Features
[+] Product classification model loaded: /application/int_analytics_suite/maco/backend/models/product_pipeline.pkl
Extracting structured fields from 273 rows...

❌ Pipeline failed: 'product_description'
INFO:     122.160.52.177:18033 - "POST /process HTTP/1.1" 500 Internal Server Error

🚀 Starting MACO Pipeline for file: /application/int_analytics_suite/maco/backend/api/uploads/20251118_075011_ru.csv

======================================================================
[0] Reading and Preprocessing Input CSV
detect_encoding: detected => UTF-8-SIG (confidence 1.0)
read_csv: rows=271 cols=21
/application/.local/lib/python3.8/site-packages/sklearn/base.py:348: InconsistentVersionWarning: Trying to unpickle estimator ColumnTransformer from version 1.2.2 when using version 1.3.2. This might lead to breaking code or invalid results. Use at your own risk. For more info please refer to:
https://scikit-learn.org/stable/model_persistence.html#security-maintainability-limitations
  warnings.warn(
/application/.local/lib/python3.8/site-packages/sklearn/base.py:348: InconsistentVersionWarning: Trying to unpickle estimator LogisticRegression from version 1.2.2 when using version 1.3.2. This might lead to breaking code or invalid results. Use at your own risk. For more info please refer to:
https://scikit-learn.org/stable/model_persistence.html#security-maintainability-limitations
  warnings.warn(
/application/.local/lib/python3.8/site-packages/sklearn/base.py:348: InconsistentVersionWarning: Trying to unpickle estimator Pipeline from version 1.2.2 when using version 1.3.2. This might lead to breaking code or invalid results. Use at your own risk. For more info please refer to:
https://scikit-learn.org/stable/model_persistence.html#security-maintainability-limitations
  warnings.warn(
/application/int_analytics_suite/maco/backend/src/maco_automation/pipeline/classifier.py:25: FutureWarning: The default value of regex will change from True to False in a future version. In addition, single character regular expressions will *not* be treated as literal strings when regex=True.
  df[col]
/application/.local/lib/python3.8/site-packages/sklearn/base.py:348: InconsistentVersionWarning: Trying to unpickle estimator TfidfTransformer from version 1.2.2 when using version 1.3.2. This might lead to breaking code or invalid results. Use at your own risk. For more info please refer to:
https://scikit-learn.org/stable/model_persistence.html#security-maintainability-limitations
  warnings.warn(
/application/.local/lib/python3.8/site-packages/sklearn/base.py:348: InconsistentVersionWarning: Trying to unpickle estimator TfidfVectorizer from version 1.2.2 when using version 1.3.2. This might lead to breaking code or invalid results. Use at your own risk. For more info please refer to:
https://scikit-learn.org/stable/model_persistence.html#security-maintainability-limitations
  warnings.warn(
/application/.local/lib/python3.8/site-packages/sklearn/base.py:348: InconsistentVersionWarning: Trying to unpickle estimator LogisticRegression from version 1.2.2 when using version 1.3.2. This might lead to breaking code or invalid results. Use at your own risk. For more info please refer to:
https://scikit-learn.org/stable/model_persistence.html#security-maintainability-limitations
  warnings.warn(
/application/.local/lib/python3.8/site-packages/sklearn/base.py:348: InconsistentVersionWarning: Trying to unpickle estimator Pipeline from version 1.2.2 when using version 1.3.2. This might lead to breaking code or invalid results. Use at your own risk. For more info please refer to:
https://scikit-learn.org/stable/model_persistence.html#security-maintainability-limitations
  warnings.warn(
/application/.local/lib/python3.8/site-packages/sklearn/base.py:348: InconsistentVersionWarning: Trying to unpickle estimator TfidfVectorizer from version 1.2.2 when using version 1.3.2. This might lead to breaking code or invalid results. Use at your own risk. For more info please refer to:
https://scikit-learn.org/stable/model_persistence.html#security-maintainability-limitations
  warnings.warn(
/application/.local/lib/python3.8/site-packages/sklearn/base.py:348: InconsistentVersionWarning: Trying to unpickle estimator StandardScaler from version 1.2.2 when using version 1.3.2. This might lead to breaking code or invalid results. Use at your own risk. For more info please refer to:
https://scikit-learn.org/stable/model_persistence.html#security-maintainability-limitations
  warnings.warn(
/application/.local/lib/python3.8/site-packages/sklearn/base.py:348: InconsistentVersionWarning: Trying to unpickle estimator TfidfTransformer from version 1.2.2 when using version 1.3.2. This might lead to breaking code or invalid results. Use at your own risk. For more info please refer to:
https://scikit-learn.org/stable/model_persistence.html#security-maintainability-limitations
  warnings.warn(
/application/.local/lib/python3.8/site-packages/sklearn/base.py:348: InconsistentVersionWarning: Trying to unpickle estimator ColumnTransformer from version 1.2.2 when using version 1.3.2. This might lead to breaking code or invalid results. Use at your own risk. For more info please refer to:
https://scikit-learn.org/stable/model_persistence.html#security-maintainability-limitations
  warnings.warn(
/application/.local/lib/python3.8/site-packages/sklearn/base.py:348: InconsistentVersionWarning: Trying to unpickle estimator LogisticRegression from version 1.2.2 when using version 1.3.2. This might lead to breaking code or invalid results. Use at your own risk. For more info please refer to:
https://scikit-learn.org/stable/model_persistence.html#security-maintainability-limitations
  warnings.warn(
/application/.local/lib/python3.8/site-packages/sklearn/base.py:348: InconsistentVersionWarning: Trying to unpickle estimator Pipeline from version 1.2.2 when using version 1.3.2. This might lead to breaking code or invalid results. Use at your own risk. For more info please refer to:
https://scikit-learn.org/stable/model_persistence.html#security-maintainability-limitations
  warnings.warn(
/application/int_analytics_suite/maco/backend/src/maco_automation/pipeline/classifier.py:25: FutureWarning: The default value of regex will change from True to False in a future version. In addition, single character regular expressions will *not* be treated as literal strings when regex=True.
  df[col]
/application/.local/lib/python3.8/site-packages/sklearn/base.py:348: InconsistentVersionWarning: Trying to unpickle estimator TfidfTransformer from version 1.2.2 when using version 1.3.2. This might lead to breaking code or invalid results. Use at your own risk. For more info please refer to:
https://scikit-learn.org/stable/model_persistence.html#security-maintainability-limitations
  warnings.warn(
/application/.local/lib/python3.8/site-packages/sklearn/base.py:348: InconsistentVersionWarning: Trying to unpickle estimator TfidfVectorizer from version 1.2.2 when using version 1.3.2. This might lead to breaking code or invalid results. Use at your own risk. For more info please refer to:
https://scikit-learn.org/stable/model_persistence.html#security-maintainability-limitations
  warnings.warn(
/application/.local/lib/python3.8/site-packages/sklearn/base.py:348: InconsistentVersionWarning: Trying to unpickle estimator LogisticRegression from version 1.2.2 when using version 1.3.2. This might lead to breaking code or invalid results. Use at your own risk. For more info please refer to:
https://scikit-learn.org/stable/model_persistence.html#security-maintainability-limitations
  warnings.warn(
/application/.local/lib/python3.8/site-packages/sklearn/base.py:348: InconsistentVersionWarning: Trying to unpickle estimator Pipeline from version 1.2.2 when using version 1.3.2. This might lead to breaking code or invalid results. Use at your own risk. For more info please refer to:
https://scikit-learn.org/stable/model_persistence.html#security-maintainability-limitations
  warnings.warn(
/application/.local/lib/python3.8/site-packages/sklearn/base.py:348: InconsistentVersionWarning: Trying to unpickle estimator TfidfTransformer from version 1.2.2 when using version 1.3.2. This might lead to breaking code or invalid results. Use at your own risk. For more info please refer to:
https://scikit-learn.org/stable/model_persistence.html#security-maintainability-limitations
  warnings.warn(
✅ Preprocessing complete — 271 rows

======================================================================
[2] Normalizing Company / Model Data
Running normalization...
Normalization complete.
✅ Normalization done

======================================================================
[3] Extracting Product Features
[+] Product classification model loaded: /application/int_analytics_suite/maco/backend/models/product_pipeline.pkl
Extracting structured fields from 271 rows...
Feature extraction complete.
✅ Extraction done

======================================================================
[4] Running Relevancy Classifier
Loaded model from /application/int_analytics_suite/maco/backend/models/relevancy_classifier_v1.joblib
Predicted relevancy for 271 rows
✅ Classification complete

======================================================================
[5] Running Post-Classification Validation

[5] Running data validation and business checks...
Validation complete with 103 issues
   Detailed report: output/audit/audit_report_20251118_075011.csv
   Summary report:  output/audit/audit_summary_20251118_075011.csv
✅ Validation complete — 103 issues logged

======================================================================
[6] Exporting Final Results
💾 Saved final processed file to: /application/int_analytics_suite/maco/backend/output/processed_20251118_075011.csv

🎯 Pipeline completed successfully!
INFO:     122.160.52.177:21634 - "POST /process HTTP/1.1" 200 OK
INFO:     122.160.52.177:21634 - "GET /download/processed_20251118_075011.csv HTTP/1.1" 200 OK
INFO:     122.160.52.177:31238 - "GET /download/processed_20251118_075011.csv HTTP/1.1" 200 OK

🚀 Starting MACO Pipeline for file: /application/int_analytics_suite/maco/backend/api/uploads/20251118_075534_ru.csv

======================================================================
[0] Reading and Preprocessing Input CSV
detect_encoding: detected => UTF-8-SIG (confidence 1.0)
read_csv: rows=271 cols=15
/application/.local/lib/python3.8/site-packages/sklearn/base.py:348: InconsistentVersionWarning: Trying to unpickle estimator TfidfVectorizer from version 1.2.2 when using version 1.3.2. This might lead to breaking code or invalid results. Use at your own risk. For more info please refer to:
https://scikit-learn.org/stable/model_persistence.html#security-maintainability-limitations
  warnings.warn(
/application/.local/lib/python3.8/site-packages/sklearn/base.py:348: InconsistentVersionWarning: Trying to unpickle estimator LogisticRegression from version 1.2.2 when using version 1.3.2. This might lead to breaking code or invalid results. Use at your own risk. For more info please refer to:
https://scikit-learn.org/stable/model_persistence.html#security-maintainability-limitations
  warnings.warn(
/application/.local/lib/python3.8/site-packages/sklearn/base.py:348: InconsistentVersionWarning: Trying to unpickle estimator Pipeline from version 1.2.2 when using version 1.3.2. This might lead to breaking code or invalid results. Use at your own risk. For more info please refer to:
https://scikit-learn.org/stable/model_persistence.html#security-maintainability-limitations
  warnings.warn(
/application/.local/lib/python3.8/site-packages/sklearn/base.py:348: InconsistentVersionWarning: Trying to unpickle estimator TfidfVectorizer from version 1.2.2 when using version 1.3.2. This might lead to breaking code or invalid results. Use at your own risk. For more info please refer to:
https://scikit-learn.org/stable/model_persistence.html#security-maintainability-limitations
  warnings.warn(
/application/.local/lib/python3.8/site-packages/sklearn/base.py:348: InconsistentVersionWarning: Trying to unpickle estimator StandardScaler from version 1.2.2 when using version 1.3.2. This might lead to breaking code or invalid results. Use at your own risk. For more info please refer to:
https://scikit-learn.org/stable/model_persistence.html#security-maintainability-limitations
  warnings.warn(
/application/.local/lib/python3.8/site-packages/sklearn/base.py:348: InconsistentVersionWarning: Trying to unpickle estimator TfidfTransformer from version 1.2.2 when using version 1.3.2. This might lead to breaking code or invalid results. Use at your own risk. For more info please refer to:
https://scikit-learn.org/stable/model_persistence.html#security-maintainability-limitations
  warnings.warn(
/application/.local/lib/python3.8/site-packages/sklearn/base.py:348: InconsistentVersionWarning: Trying to unpickle estimator ColumnTransformer from version 1.2.2 when using version 1.3.2. This might lead to breaking code or invalid results. Use at your own risk. For more info please refer to:
https://scikit-learn.org/stable/model_persistence.html#security-maintainability-limitations
  warnings.warn(
/application/.local/lib/python3.8/site-packages/sklearn/base.py:348: InconsistentVersionWarning: Trying to unpickle estimator LogisticRegression from version 1.2.2 when using version 1.3.2. This might lead to breaking code or invalid results. Use at your own risk. For more info please refer to:
https://scikit-learn.org/stable/model_persistence.html#security-maintainability-limitations
  warnings.warn(
/application/.local/lib/python3.8/site-packages/sklearn/base.py:348: InconsistentVersionWarning: Trying to unpickle estimator Pipeline from version 1.2.2 when using version 1.3.2. This might lead to breaking code or invalid results. Use at your own risk. For more info please refer to:
https://scikit-learn.org/stable/model_persistence.html#security-maintainability-limitations
  warnings.warn(
/application/int_analytics_suite/maco/backend/src/maco_automation/pipeline/classifier.py:25: FutureWarning: The default value of regex will change from True to False in a future version. In addition, single character regular expressions will *not* be treated as literal strings when regex=True.
  df[col]
/application/.local/lib/python3.8/site-packages/sklearn/base.py:348: InconsistentVersionWarning: Trying to unpickle estimator TfidfTransformer from version 1.2.2 when using version 1.3.2. This might lead to breaking code or invalid results. Use at your own risk. For more info please refer to:
https://scikit-learn.org/stable/model_persistence.html#security-maintainability-limitations
  warnings.warn(
/application/.local/lib/python3.8/site-packages/sklearn/base.py:348: InconsistentVersionWarning: Trying to unpickle estimator TfidfVectorizer from version 1.2.2 when using version 1.3.2. This might lead to breaking code or invalid results. Use at your own risk. For more info please refer to:
https://scikit-learn.org/stable/model_persistence.html#security-maintainability-limitations
  warnings.warn(
/application/.local/lib/python3.8/site-packages/sklearn/base.py:348: InconsistentVersionWarning: Trying to unpickle estimator LogisticRegression from version 1.2.2 when using version 1.3.2. This might lead to breaking code or invalid results. Use at your own risk. For more info please refer to:
https://scikit-learn.org/stable/model_persistence.html#security-maintainability-limitations
  warnings.warn(
/application/.local/lib/python3.8/site-packages/sklearn/base.py:348: InconsistentVersionWarning: Trying to unpickle estimator Pipeline from version 1.2.2 when using version 1.3.2. This might lead to breaking code or invalid results. Use at your own risk. For more info please refer to:
https://scikit-learn.org/stable/model_persistence.html#security-maintainability-limitations
  warnings.warn(
/application/.local/lib/python3.8/site-packages/sklearn/base.py:348: InconsistentVersionWarning: Trying to unpickle estimator TfidfVectorizer from version 1.2.2 when using version 1.3.2. This might lead to breaking code or invalid results. Use at your own risk. For more info please refer to:
https://scikit-learn.org/stable/model_persistence.html#security-maintainability-limitations
  warnings.warn(
/application/.local/lib/python3.8/site-packages/sklearn/base.py:348: InconsistentVersionWarning: Trying to unpickle estimator StandardScaler from version 1.2.2 when using version 1.3.2. This might lead to breaking code or invalid results. Use at your own risk. For more info please refer to:
https://scikit-learn.org/stable/model_persistence.html#security-maintainability-limitations
  warnings.warn(
/application/.local/lib/python3.8/site-packages/sklearn/base.py:348: InconsistentVersionWarning: Trying to unpickle estimator TfidfTransformer from version 1.2.2 when using version 1.3.2. This might lead to breaking code or invalid results. Use at your own risk. For more info please refer to:
https://scikit-learn.org/stable/model_persistence.html#security-maintainability-limitations
  warnings.warn(
/application/.local/lib/python3.8/site-packages/sklearn/base.py:348: InconsistentVersionWarning: Trying to unpickle estimator ColumnTransformer from version 1.2.2 when using version 1.3.2. This might lead to breaking code or invalid results. Use at your own risk. For more info please refer to:
https://scikit-learn.org/stable/model_persistence.html#security-maintainability-limitations
  warnings.warn(
/application/.local/lib/python3.8/site-packages/sklearn/base.py:348: InconsistentVersionWarning: Trying to unpickle estimator LogisticRegression from version 1.2.2 when using version 1.3.2. This might lead to breaking code or invalid results. Use at your own risk. For more info please refer to:
https://scikit-learn.org/stable/model_persistence.html#security-maintainability-limitations
  warnings.warn(
/application/.local/lib/python3.8/site-packages/sklearn/base.py:348: InconsistentVersionWarning: Trying to unpickle estimator Pipeline from version 1.2.2 when using version 1.3.2. This might lead to breaking code or invalid results. Use at your own risk. For more info please refer to:
https://scikit-learn.org/stable/model_persistence.html#security-maintainability-limitations
  warnings.warn(
✅ Preprocessing complete — 271 rows

======================================================================
[2] Normalizing Company / Model Data
Running normalization...
Normalization complete.
✅ Normalization done

======================================================================
[3] Extracting Product Features
[+] Product classification model loaded: /application/int_analytics_suite/maco/backend/models/product_pipeline.pkl
Extracting structured fields from 271 rows...
Feature extraction complete.
✅ Extraction done

======================================================================
[4] Running Relevancy Classifier
Loaded model from /application/int_analytics_suite/maco/backend/models/relevancy_classifier_v1.joblib
Predicted relevancy for 271 rows
✅ Classification complete

======================================================================
[5] Running Post-Classification Validation

[5] Running data validation and business checks...
Validation complete with 103 issues
   Detailed report: output/audit/audit_report_20251118_075535.csv
   Summary report:  output/audit/audit_summary_20251118_075535.csv
✅ Validation complete — 103 issues logged

======================================================================
[6] Exporting Final Results
💾 Saved final processed file to: /application/int_analytics_suite/maco/backend/output/processed_20251118_075535.csv

🎯 Pipeline completed successfully!
INFO:     122.160.52.177:20321 - "POST /process HTTP/1.1" 200 OK
INFO:     122.160.52.177:20321 - "GET /download/processed_20251118_075535.csv HTTP/1.1" 200 OK
