DATE,SHIPMENT ID,HS CODE,INDUSTRY,PRODUCT DESCRIPTION,BUYER COUNTRY,BUYER,DESTINATION PORT,SELLER COUNTRY,SELLER,ORIGIN PORT,UNIT,QUANTITY, VALUE(USD) , UNIT PRICE 
6/4/2023,7854752390,28051200,Chemicals,CALCIUM METAL GRANULES - SIZE 0.1-2MM,INDIA,JAMIPOL LIMITED,CHENNAI SEA (INMAA1),CHINA,LUCHENG RUI ZHAO YANG METALS CO.LTD,SHANGHAI,MTS,14.00," $ 43,407.68 "," $ 3,100.55 "
7/10/2022,9200746289,28051200,Chemicals,CALCIUM METAL GRANULES - SIZE 0.1-2MM ,INDIA,JAMIPOL LIMITED,CHENNAI SEA (INMAA1),CHINA,LUCHENG RUI ZHAO YANG METALS CO.LTD,SHANGHAI,MTS,23.80," $ 81,648.45 "," $ 3,430.61 "
7/4/2022,1125457781,28051200,Chemicals,CALCIUM METAL SIZE 0.1-2MM [CA (CALCIUM) 98.5 PCNT MINIMUM AL ((ALUMINIUM) 0.8 PCNT] ,INDIA,JAMIPOL LIMITED,CHENNAI SEA (INMAA1),CHINA,YANGQUAN SLS INTERNATIONAL TRADING,,MTS,14.00," $ 139,720.00 "," $ 9,980.00 "
11/3/2022,1457955315,28051200,Chemicals,CALCIUM METAL GRANULES - SIZE 0.1-2MM ,INDIA,JAMIPOL LIMITED,CHENNAI SEA (INMAA1),CHINA,LUCHENG RUI ZHAO YANG METALS CO.LTD,,MTS,28.00," $ 222,499.37 "," $ 7,946.41 "
4/1/2022,1548904469,28051200,Chemicals,CALCIUM METAL GRANULES - CA 98.58% (FOR INDUSTRY USE NOT FORDRUG OR COSMETICS.) ,INDIA,JAMIPOL LIMITED,KOLKATA SEA (INCCU1),CHINA,LUCHENG RUI ZHAO YANG METALS CO.LTD,,MTS,14.00," $ 148,647.49 "," $ 10,617.68 "
18/12/2021,1014178356,28051200,Chemicals,CALCIUM METAL GRANULES - CA 98.53% (FOR INDUSTRY USE NOT FORDRUG OR COSMETICS.) ,INDIA,JAMIPOL LIMITED,KOLKATA SEA (INCCU1),CHINA,AM NORTH AMERICA INTERNATIONAL LLC,,MTS,28.80," $ 296,692.50 "," $ 10,301.82 "
18/12/2021,1042539929,28051200,Chemicals,CALCIUM METAL GRANULES - CA 98.53% (FOR INDUSTRY USE NOT FORDRUG OR COSMETICS.) ,INDIA,JAMIPOL LIMITED,KOLKATA SEA (INCCU1),CHINA,AM NORTH AMERICA INTERNATIONAL LLC,,MTS,14.40," $ 148,346.25 "," $ 10,301.82 "
15/12/2021,1047572177,28051200,Chemicals,PURE CALCIUM EXTRUDED WIRE - SIZE 7.8MM ,INDIA,JAMIPOL LIMITED,CHENNAI SEA (INMAA1),CHINA,LUCHENG RUI ZHAO YANG METALS CO.LTD,,MTS,14.48," $ 152,211.74 "," $ 10,511.86 "
8/12/2021,1098189407,28051200,Chemicals,CALCIUM METAL GRANULES - SIZE 0.1-2MM ,INDIA,JAMIPOL LIMITED,CHENNAI SEA (INMAA1),CHINA,LUCHENG RUI ZHAO YANG METALS CO.LTD,,MTS,28.00," $ 285,510.52 "," $ 10,196.80 "
24/11/2021,1093323110,28051200,Chemicals,CALCIUM METAL GRANULES - SIZE 0.1-2MM ,INDIA,JAMIPOL LIMITED,CHENNAI SEA (INMAA1),CHINA,LUCHENG RUI ZHAO YANG METALS CO.LTD,,MTS,28.00," $ 285,510.53 "," $ 10,196.80 "
20/11/2021,1102373557,28051200,Chemicals,PURE CALCIUM EXTRUDED WIRE (CA 98.5% MIN) ,INDIA,JAMIPOL LIMITED,CHENNAI SEA (INMAA1),CHINA,LUCHENG RUI ZHAO YANG METALS CO.LTD,,MTS,28.91," $ 303,897.88 "," $ 10,511.86 "
18/11/2021,1064500645,28051200,Chemicals,CALCIUM METAL GRANULES - SIZE 0.1-2MM ,INDIA,JAMIPOL LIMITED,CHENNAI SEA (INMAA1),CHINA,LUCHENG RUI ZHAO YANG METALS CO.LTD,,MTS,28.00," $ 285,510.52 "," $ 10,196.80 "
29/10/2021,1298006555,28051200,Chemicals,CALCIUM WIRE - CA 98.59% (FOR INDUSTRY USE NOT FOR DRUG OR COSMETICS.) ,INDIA,JAMIPOL LIMITED,KOLKATA SEA (INCCU1),UNITED STATES,"CCMA, LLC",,MTS,28.72," $ 97,966.17 "," $ 3,410.60 "
16/10/2021,1489243689,28051200,Chemicals,CALCIUM METAL GRANULES ,INDIA,JAMIPOL LIMITED,CHENNAI SEA (INMAA1),CHINA,LUCHENG RUI ZHAO YANG METALS CO.LTD,,MTS,14.00," $ 70,152.41 "," $ 5,010.89 "
12/10/2021,1418033820,28051200,Chemicals,CALCIUM METAL GRANULES ,INDIA,JAMIPOL LIMITED,CHENNAI SEA (INMAA1),CHINA,LUCHENG RUI ZHAO YANG METALS CO.LTD,,MTS,14.00," $ 76,383.51 "," $ 5,455.97 "
29/9/2021,1594969351,28051200,Chemicals,PURE CALCIUM EXTRUDED WIRE ,INDIA,JAMIPOL LIMITED,CHENNAI SEA (INMAA1),CHINA,LUCHENG RUI ZHAO YANG METALS CO.LTD,,MTS,28.55," $ 148,771.83 "," $ 5,210.92 "
29/9/2021,1146128274,28051200,Chemicals,PURE CALCIUM EXTRUDED WIRE ,INDIA,JAMIPOL LIMITED,CHENNAI SEA (INMAA1),CHINA,LUCHENG RUI ZHAO YANG METALS CO.LTD,,MTS,14.29," $ 74,464.07 "," $ 5,210.92 "
24/9/2021,1242070587,28051200,Chemicals,PURE CALCIUM EXTRUDED WIRE - CA 98.63% (FOR INDUSTRY USE NOTFOR DRUG OR COSMETICS.) ,INDIA,JAMIPOL LIMITED,KOLKATA SEA (INCCU1),CHINA,LUCHENG RUI ZHAO YANG METALS CO.LTD,,MTS,28.46," $ 149,156.79 "," $ 5,240.93 "
14/9/2021,1068713843,28051200,Chemicals,PURE CALCIUM EXTRUDED WIRE - CA 98.62% (FOR INDUSTRY USE NOTFOR DRUG OR COSMETICS.) ,INDIA,JAMIPOL LIMITED,KOLKATA SEA (INCCU1),CHINA,LUCHENG RUI ZHAO YANG METALS CO.LTD,,MTS,28.19," $ 146,895.89 "," $ 5,210.92 "
4/9/2021,1359431732,28051200,Chemicals,CALCIUM METAL - SIZE 0.1-2MM (CALCIUM GRANULES) ,INDIA,JAMIPOL LIMITED,CHENNAI SEA (INMAA1),CHINA,"W&W METAL TRADING CO., LIMITED",,KGS,14000.00," $ 67,480.00 ", $ 4.82 
1/9/2021,1003580201,28051200,Chemicals,PURE CALCIUM EXTRUDED WIRE - CA 98.64% (FOR INDUSTRY USE NOTFOR DRUG OR COSMETICS.) ,INDIA,JAMIPOL LIMITED,KOLKATA SEA (INCCU1),CHINA,LUCHENG RUI ZHAO YANG METALS CO.LTD,,MTS,29.22," $ 150,527.61 "," $ 5,151.53 "
25/8/2021,1002676535,28051200,Chemicals,PURE CALCIUM EXTRUDED WIRE ,INDIA,JAMIPOL LIMITED,CHENNAI SEA (INMAA1),CHINA,LUCHENG RUI ZHAO YANG METALS CO.LTD,SHANGHAI,MTS,14.35," $ 75,781.41 "," $ 5,280.94 "
12/8/2021,1036055046,28051200,Chemicals,CALCIUM METAL - SIZE 0.1-2MM (CALCIUM GRANULES) ,INDIA,JAMIPOL LIMITED,CHENNAI SEA (INMAA1),CHINA,"W&W METAL TRADING CO., LIMITED",SHANGHAI,KGS,14000.00," $ 63,700.00 ", $ 4.55 
6/8/2021,1032814443,28051200,Chemicals,CALCIUM METALSIZE 0.1-2MM (CALCIUM GRANULES) ,INDIA,JAMIPOL LIMITED,CHENNAI SEA (INMAA1),CHINA,LUCHENG RUI ZHAO YANG METALS CO.LTD,SHANGHAI,KGS,28000.00," $ 134,423.79 ", $ 4.80 
20/7/2021,1161852474,28051200,Chemicals,CALCIUM METALSIZE 0.1-2MM (CALCIUM GRANULES) ,INDIA,JAMIPOL LIMITED,CHENNAI SEA (INMAA1),CHINA,LUCHENG RUI ZHAO YANG METALS CO.LTD,SHANGHAI,KGS,28000.00," $ 134,423.79 ", $ 4.80 
15/7/2021,1164914174,28051200,Chemicals,CALCIUM METALSIZE 0.2-2MM (CALCIUM GRANULES) ,INDIA,JAMIPOL LIMITED,CHENNAI SEA (INMAA1),UNITED STATES,"CCMA, LLC",SHANGHAI,KGS,23760.00," $ 77,457.60 ", $ 3.26 
2/7/2021,1024659984,28051200,Chemicals,CALCIUM METAL (CALCIUM GRANULES) SIZE 0.1-2MM ,INDIA,JAMIPOL LIMITED,CHENNAI SEA (INMAA1),CHINA,"W&W METAL TRADING CO., LIMITED",SHANGHAI,KGS,14000.00," $ 45,220.00 ", $ 3.23 
13/5/2021,1086522090,28051200,Chemicals,CALCIUM METAL GRANULES 0.1MM-2.0MM (LIC NO.CC/SC/KA/III/002/VALID:31.12.22) ,INDIA,JAMIPOL LIMITED,CHENNAI SEA (INMAA1),UNITED STATES,"CCMA, LLC",SHANGHAI,MTS,14.40," $ 46,800.00 "," $ 3,250.00 "
12/5/2021,1106360872,28051200,Chemicals,CALCIUM METAL GRANULES 0.1-2.0MM (LIC NO.CC/SC/KA/III/002/VALID:31.12.22) ,INDIA,JAMIPOL LIMITED,CHENNAI SEA (INMAA1),CHINA,"WINFRED INTL METAL SOURCE CO., LTD",SHANGHAI,MTS,28.00," $ 90,440.00 "," $ 3,230.00 "
12/5/2021,1003775929,28051200,Chemicals,CALCIUM METAL GRANULES 0.1MM-2.0MM (LIC NO.CC/SC/KA/III/002/VALID:31.12.22) ,INDIA,JAMIPOL LIMITED,CHENNAI SEA (INMAA1),UNITED STATES,"CCMA, LLC",SHANGHAI,MTS,28.80," $ 93,888.00 "," $ 3,260.00 "
12/9/2020,1.2092E+15,28051200,Chemicals,PURE CALCIUM EXTRUDED WIRE CA 98.5% MIN (FOR INDUSTRY USE NOT FOR DRUG OR COSMETICS.) ,INDIA,JAMIPOL LIMITED,KOLKATA SEA (INCCU1),CHINA,ALL MINMETAL INTERNATIONAL LIM,SHANGHAI,KGS,28551.00," $ 65,096.28 ", $ 2.28 
12/9/2020,1.2092E+15,28051200,Chemicals,PURE CALCIUM EXTRUDED WIRE CA 98.5% MIN (FOR INDUSTRY USE NOT FOR DRUG OR COSMETICS.) ,INDIA,JAMIPOL LIMITED,KOLKATA SEA (INCCU1),CHINA,ALL MINMETAL INTERNATIONAL LIM,SHANGHAI,KGS,14492.00," $ 33,041.76 ", $ 2.28 
13/8/2020,1.3082E+15,28051200,Chemicals,PURE CALCIUM EXTRUDED WIRE CA 98.5% MIN. (FOR INDUSTRY USE NOT FOR DRUG OR COSMETICS) ,INDIA,JAMIPOL LIMITED,KOLKATA SEA (INCCU1),CHINA,WINFRED INTERNATIONAL METAL SOURCE CO LTD,SHANGHAI,MTS,28.74," $ 73,603.49 "," $ 2,560.57 "
13/7/2020,1.3072E+15,28051200,Chemicals,PURE CALCIUM EXTRUDED WIRE CA 98.5% MIN. (FOR INDUSTRY USE NOT FOR DRUG OR COSMETICS) ,INDIA,JAMIPOL LIMITED,KOLKATA SEA (INCCU1),CHINA,WINFRED INTERNATIONAL METAL SOURCE CO LTD,SHANGHAI,MTS,28.39," $ 72,709.92 "," $ 2,560.57 "
18/6/2020,1.8062E+15,28051200,Chemicals,PURE CALCIUM EXTRUDED WIRE CA 98.5% MIN. (FOR INDUSTRY USE NOT FOR DRUG OR COSMETICS) ,INDIA,JAMIPOL LIMITED,KOLKATA SEA (INCCU1),CHINA,WINFRED INTERNATIONAL METAL SOURCE CO LTD,SHANGHAI,MTS,29.01," $ 74,297.33 "," $ 2,560.56 "
18/5/2020,1.8052E+15,28051200,Chemicals,PURE CALCIUM EXTRUDED WIRE CA 98.5% MIN. (FOR INDUSTRY USE NOT FOR DRUG OR COSMETICS) ,INDIA,JAMIPOL LIMITED,KOLKATA SEA (INCCU1),CHINA,WINFRED INTERNATIONAL METAL SOURCE CO LTD,,MTS,28.97," $ 79,116.45 "," $ 2,730.60 "
30/1/2020,300120202193630,28051200,Chemicals,CALCIUM METAL GRANULES SIZE:0.2-2MM(90% MIN) ,INDIA,JAMIPOL LIMITED,CHENNAI SEA (INMAA1),CHINA,WINFRED INTERNATIONAL METAL SOURCE CO LTD,SHANGHAI,KGS,14000.00," $ 31,015.72 ", $ 2.22 
5/12/2019,0512201917755586,28051200,Chemicals,PURE CALCIUM EXTRUDED WIRE CA 98.5% MIN (FOR INDUSTRY USE NOT FOR DRUG OR COSMETICS.) ,INDIA,JAMIPOL LIMITED,KOLKATA SEA (INCCU1),CHINA,WINFRED INTERNATIONAL METAL SOURCE CO LTD,SHANGHAI,KGS,29099.00," $ 72,235.60 ", $ 2.48 
30/11/2019,3.0112E+15,28051200,Chemicals,PURE CALCIUM EXTRUDED WIRE CA 98.5% MIN (FOR INDUSTRY USE NOT FOR DRUG OR COSMETICS.) ,INDIA,JAMIPOL LIMITED,KOLKATA SEA (INCCU1),CHINA,WINFRED INTERNATIONAL METAL SOURCE CO LTD,,KGS,29242.00," $ 72,240.87 ", $ 2.47 
21/9/2019,21092019900483,28051200,Chemicals,CALCIUM GRANULES - FOR INDUSTRIAL PURPOSE (CA:98.53%) ,INDIA,JAMIPOL LIMITED,KOLKATA SEA (INCCU1),CHINA,ALL MINMETAL INTERNATIONAL LIM,SHANGHAI,MTS,14.00," $ 34,516.06 "," $ 2,465.43 "
27/3/2019,270320195649630,28051200,Chemicals,PURE CALCIUM EXTRUDED WIRE (CA 98.5% MIN),INDIA,JAMIPOL LIMITED,KOLKATA SEA (INCCU1),CHINA,N/A,SHANGHAI,MTS,42.55," $ 123,638.72 "," $ 2,905.59 "
27/3/2019,270320195649620,28051200,Chemicals,PURE CALCIUM EXTRUDED WIRE (CA 98.5% MIN),INDIA,JAMIPOL LIMITED,KOLKATA SEA (INCCU1),CHINA,N/A,SHANGHAI,MTS,42.74," $ 124,185.33 "," $ 2,905.60 "
26/2/2019,260220192960530,28051200,Chemicals,PURE CALCIUM EXTRUDED WIRE CA 98.5% MIN,INDIA,JAMIPOL LIMITED,KOLKATA SEA (INCCU1),CHINA,N/A,SHANGHAI,MTS,28.39," $ 82,498.47 "," $ 2,905.59 "
26/2/2019,260220192960380,28051200,Chemicals,PURE CALCIUM EXTRUDED WIRE CA 98.5% MIN,INDIA,JAMIPOL LIMITED,KOLKATA SEA (INCCU1),CHINA,N/A,SHANGHAI,MTS,28.08," $ 81,606.46 "," $ 2,905.59 "
26/2/2019,260220192960210,28051200,Chemicals,PURE CALCIUM EXTRUDED WIRE (CA 98.5% MIN),INDIA,JAMIPOL LIMITED,KOLKATA SEA (INCCU1),CHINA,N/A,SHANGHAI,MTS,14.11," $ 44,173.69 "," $ 3,130.00 "
13/9/2018,1.3092E+15,28051200,Chemicals,CALCIUM METAL (CALCIUM GRANULES),INDIA,JAMIPOL LIMITED,KOLKATA SEA (INCCU1),CHINA,N/A,,MTS,14.00," $ 39,487.88 "," $ 2,820.56 "
31/8/2018,3.1082E+15,28051200,Chemicals,PURE CALCIUM EXTRUDED WIRE,INDIA,JAMIPOL LIMITED,KOLKATA SEA (INCCU1),CHINA,N/A,,MTS,13.91," $ 43,563.33 "," $ 3,130.22 "
27/7/2018,2.7072E+15,28051200,Chemicals,PURE CALCIUM EXTRUDED WIRE,INDIA,JAMIPOL LIMITED,KOLKATA SEA (INCCU1),CHINA,N/A,,MTS,13.52," $ 42,330.11 "," $ 3,130.00 "
28/6/2023,8498619348,28491000,Chemicals,CALCIUM CARBIDE-SIZE 25-50MM-GAS YIELD 295 LITRE/KG (DG CARGO) FOR INDUSTRIAL USE.,INDIA,JAMIPOL LIMITED,KOLKATA SEA (INCCU1),CHINA,ABBA TECHNOLOGY LIMITED,SHANGHAI,MTS,225.00," $ 177,556.42 ", $ 789.14 
3/11/2022,6751441750,28491000,Chemicals,CALCIUM CARBIDE 30-80MM GAS YIELD: 298L/KG (LIC NO.01/2019/BI-3950/VALID:31.12.2024)AIFTA 0131608/SBY/2022 DT.24.10.2022 ,INDIA,JAMIPOL LIMITED,CHENNAI SEA (INMAA1),INDONESIA,PT EMDEKI UTAMA TBK,SURABAYA,MTS,42.00," $ 46,208.17 "," $ 1,100.19 "
3/11/2022,6751441481,28491000,Chemicals,CALCIUM CARBIDE 30-80MM GAS YIELD: 298L/KG (LIC NO.01/2019/BI-3950/VALID:31.12.2024)AIFTA 0132941/SBY/2022 DT.26.10.2022 ,INDIA,JAMIPOL LIMITED,CHENNAI SEA (INMAA1),INDONESIA,PT EMDEKI UTAMA TBK,SURABAYA,MTS,63.00," $ 69,312.26 "," $ 1,100.19 "
10/10/2022,9200188707,28491000,Chemicals,CALCIUM CARBIDE - SIZE:30-80MM(90%) - GAS YIELD:298(+)(-)3%LITRE/KG SEALED WITH NITROGEN(DG CARGO) FOR INDUSTRIAL PRPS ,INDIA,JAMIPOL LIMITED,KOLKATA SEA (INCCU1),INDONESIA,PT EMDEKI UTAMA TBK,SURABAYA,MTS,42.00," $ 47,678.43 "," $ 1,135.20 "
10/10/2022,9200188699,28491000,Chemicals,CALCIUM CARBIDE - SIZE:30-80MM(90%) - GAS YIELD:298(+)(-)3%LITRE/KG SEALED WITH NITROGEN(DG CARGO) FOR INDUSTRIAL PRPS ,INDIA,JAMIPOL LIMITED,KOLKATA SEA (INCCU1),INDONESIA,PT EMDEKI UTAMA TBK,SURABAYA,MTS,63.00," $ 71,517.65 "," $ 1,135.20 "
22/9/2022,1322799838,28491000,Chemicals,CALCIUM CARBIDE - SIZE:30-80MM(90%) - GAS YIELD:298(+)(-)3%LITRE/KG SEALED WITH NITROGEN(DG CARGO) FOR INDUSTRIAL PRPS ,INDIA,JAMIPOL LIMITED,KOLKATA SEA (INCCU1),INDONESIA,PT EMDEKI UTAMA TBK,,MTS,63.00," $ 71,517.65 "," $ 1,135.20 "
6/9/2022,1322743517,28491000,Chemicals,CALCIUM CARBIDE - SIZE:30-80MM(90%) - GAS YIELD:298(+)(-)3%LITRE/KG SEALED WITH NITROGEN(DG CARGO) FOR INDUSTRIAL PRPS ,INDIA,JAMIPOL LIMITED,KOLKATA SEA (INCCU1),INDONESIA,PT EMDEKI UTAMA TBK,,MTS,42.00," $ 47,678.43 "," $ 1,135.20 "
12/8/2022,0284904094,28491000,Chemicals,CALCIUM CARBIDE 25-50MM GAS YIELD: 295L/KG (LIC NO: 01/2019/BI-3950/VALID:31.12.2024) ,INDIA,JAMIPOL LIMITED,CHENNAI SEA (INMAA1),CHINA,NEW OCEAN GROUP CO LIMITED,,MTS,225.00," $ 272,298.19 "," $ 1,210.21 "
12/8/2022,0284897921,28491000,Chemicals,CALCIUM CARBIDE 30-80MM GAS YIELD: 298L/KG (LIC NO.01/2019/BI-3950/VALID:31.12.2024)AIFTA 0067753/SBY/2022 DT.25.07.2022 ,INDIA,JAMIPOL LIMITED,CHENNAI SEA (INMAA1),INDONESIA,PT EMDEKI UTAMA TBK,,MTS,42.00," $ 46,208.18 "," $ 1,100.19 "
12/8/2022,0284897867,28491000,Chemicals,CALCIUM CARBIDE 30-80MM GAS YIELD: 298L/KG (LIC NO.01/2019/BI-3950/VALID:31.12.2024)AIFTA 0070891/SBY/2022 DT.03.08.2022 ,INDIA,JAMIPOL LIMITED,CHENNAI SEA (INMAA1),INDONESIA,PT EMDEKI UTAMA TBK,,MTS,63.00," $ 69,312.27 "," $ 1,100.19 "
4/8/2022,0284116981,28491000,Chemicals,CALCIUM CARBIDE-SIZE 25-50MM-GAS YIELD 295 LITRE/KG TESTED IN 20 DEGREE C & 101.3 KPA (DG CARGO) FOR INDUSTRIAL PRPS ,INDIA,JAMIPOL LIMITED,KOLKATA SEA (INCCU1),CHINA,NEW OCEAN GROUP CO LIMITED,,MTS,112.50," $ 136,149.09 "," $ 1,210.21 "
15/7/2022,1170456319,28491000,Chemicals,CALCIUM CARBIDE 30-80MM GAS YIELD: 298L/KG (LIC NO.01/2019/BI-3950/VALID:31.12.2024)AIFTA 0061558/SBY/2022 DT.05.07.2022 ,INDIA,JAMIPOL LIMITED,CHENNAI SEA (INMAA1),INDONESIA,PT EMDEKI UTAMA TBK,,MTS,105.00," $ 115,520.45 "," $ 1,100.19 "
29/6/2022,1100191790,28491000,Chemicals,CALCIUM CARBIDE 25-50MM GAS YIELD: 295L/KG (LIC NO.CC/SC/KA/III/002/VALID:31.12.22) ,INDIA,JAMIPOL LIMITED,CHENNAI SEA (INMAA1),CHINA,NGO CHEMICAL GROUP LTD,,MTS,112.50," $ 145,150.68 "," $ 1,290.23 "
29/6/2022,1050742496,28491000,Chemicals,CALCIUM CARBIDE 25-50MM GAS YIELD: 295L/KG (LIC NO.CC/SC/KA/III/002/VALID:31.12.22) ,INDIA,JAMIPOL LIMITED,CHENNAI SEA (INMAA1),CHINA,ABBA TECHNOLOGY LIMITED,,MTS,112.50," $ 145,150.68 "," $ 1,290.23 "
20/6/2022,1135477227,28491000,Chemicals,CALCIUM CARBIDE 30-80MM GAS YIELD: 298L/KG (LIC NO.CC/SC/KA/III/002/VALID:31.12.22)AIFTA 0047144/SBY/2022 DT.24.05.2022 ,INDIA,JAMIPOL LIMITED,CHENNAI SEA (INMAA1),INDONESIA,PT EMDEKI UTAMA TBK,,MTS,105.00," $ 115,520.44 "," $ 1,100.19 "
16/6/2022,1006454833,28491000,Chemicals,CALCIUM CARBIDE 25-50MM GAS YIELD: 295L/KGS (LIC NO.CC/SC/KA/III/002/VALID:31.12.22) ,INDIA,JAMIPOL LIMITED,CHENNAI SEA (INMAA1),CHINA,ABBA TECHNOLOGY LIMITED,,MTS,112.50," $ 145,150.69 "," $ 1,290.23 "
16/6/2022,1199204074,28491000,Chemicals,CALCIUM CARBIDE 25-50MM GAS YIELD: 295L/KGS (LIC NO.CC/SC/KA/III/002/VALID:31.12.22) ,INDIA,JAMIPOL LIMITED,CHENNAI SEA (INMAA1),CHINA,NGO CHEMICAL GROUP LTD,,MTS,112.50," $ 145,150.69 "," $ 1,290.23 "
11/6/2022,1049742380,28491000,Chemicals,CALCIUM CARBIDE 25-50MM GAS YIELD: 295L/KGS (LIC NO.CC/SC/KA/III/002/VALID:31.12.22) ,INDIA,JAMIPOL LIMITED,CHENNAI SEA (INMAA1),CHINA,ABBA TECHNOLOGY LIMITED,,MTS,112.50," $ 145,150.69 "," $ 1,290.23 "
11/6/2022,1128341472,28491000,Chemicals,CALCIUM CARBIDE 25-50MM GAS YIELD: 295L/KGS (LIC NO.CC/SC/KA/III/002/VALID:31.12.22) ,INDIA,JAMIPOL LIMITED,CHENNAI SEA (INMAA1),CHINA,ABBA TECHNOLOGY LIMITED,,MTS,112.50," $ 145,150.69 "," $ 1,290.23 "
3/6/2022,1074332097,28491000,Chemicals,CALCIUM CARBIDE - SIZE:30-80MM(90%) - GAS YIELD:298(+)(-)3%LITRE/KG SEALED WITH NITROGEN(DG CARGO) FOR INDUSTRIAL PRPS ,INDIA,JAMIPOL LIMITED,KOLKATA SEA (INCCU1),INDONESIA,PT EMDEKI UTAMA TBK,,MTS,105.00," $ 119,196.09 "," $ 1,135.20 "
16/5/2022,1066551321,28491000,Chemicals,CALCIUM CARBIDE - SIZE:30-80MM(90%) - GAS YIELD:298(+)(-)3%LITRE/KG SEALED WITH NITROGEN(DG CARGO) FOR INDUSTRIAL PRPS ,INDIA,JAMIPOL LIMITED,KOLKATA SEA (INCCU1),INDONESIA,PT EMDEKI UTAMA TBK,,MTS,63.00," $ 71,517.65 "," $ 1,135.20 "
16/5/2022,1002894649,28491000,Chemicals,CALCIUM CARBIDE - SIZE:30-80MM(90%) - GAS YIELD:298(+)(-)3%LITRE/KG SEALED WITH NITROGEN(DG CARGO) FOR INDUSTRIAL PRPS ,INDIA,JAMIPOL LIMITED,KOLKATA SEA (INCCU1),INDONESIA,PT EMDEKI UTAMA TBK,,MTS,42.00," $ 47,678.43 "," $ 1,135.20 "
27/4/2022,1115746840,28491000,Chemicals,CALCIUM CARBIDE - SIZE:30-80MM(90%) GAS YIELD:298(+)(-)3% LITRE/KG SEALED WITH NITROGEN (DG CARGO) FOR INDUSTRIAL PRPS ,INDIA,JAMIPOL LIMITED,KOLKATA SEA (INCCU1),INDONESIA,PT EMDEKI UTAMA TBK,,MTS,42.00," $ 47,678.43 "," $ 1,135.20 "
27/4/2022,1086641871,28491000,Chemicals,CALCIUM CARBIDE - SIZE:30-80MM(90%) - GAS YIELD:298(+)(-)3%LITRE/KG SEALED WITH NITROGEN(DG CARGO) FOR INDUSTRIAL PRPS ,INDIA,JAMIPOL LIMITED,KOLKATA SEA (INCCU1),INDONESIA,PT EMDEKI UTAMA TBK,,MTS,105.00," $ 119,196.09 "," $ 1,135.20 "
27/4/2022,1074326502,28491000,Chemicals,CALCIUM CARBIDE - SIZE:30-80MM(90%) - GAS YIELD:298(+)(-)3%LITRE/KG SEALED WITH NITROGEN(DG CARGO) FOR INDUSTRIAL PRPS ,INDIA,JAMIPOL LIMITED,KOLKATA SEA (INCCU1),INDONESIA,PT EMDEKI UTAMA TBK,,MTS,42.00," $ 47,678.43 "," $ 1,135.20 "
19/4/2022,1024657219,28491000,Chemicals,CALCIUM CARBIDE 30-80MM GAS YIELD: 298L/KG (LIC NO.CC/SC/KA/III/002/VALID:31.12.22)AIFTA 0033240/SBY/2022 DT.07.04.2022 ,INDIA,JAMIPOL LIMITED,CHENNAI SEA (INMAA1),INDONESIA,PT EMDEKI UTAMA TBK,,MTS,21.00," $ 23,104.08 "," $ 1,100.19 "
16/4/2022,1041667368,28491000,Chemicals,CALCIUM CARBIDE 25-50MM GAS YIELD: 295L/KGS (LIC NO.CC/SC/KA/III/002/VALID:31.12.22) ,INDIA,JAMIPOL LIMITED,CHENNAI SEA (INMAA1),CHINA,ABBA TECHNOLOGY LIMITED,,MTS,112.50," $ 139,524.68 "," $ 1,240.22 "
30/3/2022,1167716241,28491000,Chemicals,CALCIUM CARBIDE - SIZE: 30-80MM(90%) - FOR INDUSTRIAL PURPOSE ,INDIA,JAMIPOL LIMITED,KOLKATA SEA (INCCU1),INDONESIA,PT EMDEKI UTAMA TBK,,MTS,63.00," $ 71,517.65 "," $ 1,135.20 "
26/3/2022,1601828123,28491000,Chemicals,CALCIUM CARBIDE 25-50MM GAS YIELD: 296L/KGS (LIC NO.CC/SC/KA/III/002/VALID:31.12.22) ,INDIA,JAMIPOL LIMITED,CHENNAI SEA (INMAA1),CHINA,ABBA TECHNOLOGY LIMITED,,MTS,2.72," $ 3,373.39 "," $ 1,240.22 "
26/3/2022,1613796626,28491000,Chemicals,CALCIUM CARBIDE 25-50MM GAS YIELD: 296L/KGS (LIC NO.CC/SC/KA/III/002/VALID:31.12.22) ,INDIA,JAMIPOL LIMITED,CHENNAI SEA (INMAA1),CHINA,ABBA TECHNOLOGY LIMITED,,MTS,109.78," $ 136,151.29 "," $ 1,240.22 "
12/3/2022,1085856001,28491000,Chemicals,CALCIUM CARBIDE 30-80MM GAS YIELD: 298L/KG (LIC NO.CC/SC/KA/III/002/VALID:31.12.22)AIFTA 0017192/SBY/2022 DT.21.02.2022 ,INDIA,JAMIPOL LIMITED,CHENNAI SEA (INMAA1),INDONESIA,PT EMDEKI UTAMA TBK,,MTS,90.00," $ 92,716.41 "," $ 1,030.18 "
12/2/2022,1442731919,28491000,Chemicals,CALCIUM CARBIDE - SIZE: 30-80MM(90%) - FOR INDUSTRIAL PURPOSE ,INDIA,JAMIPOL LIMITED,KOLKATA SEA (INCCU1),INDONESIA,PT EMDEKI UTAMA TBK,,MTS,90.00," $ 97,667.28 "," $ 1,085.19 "
6/2/2022,1235790179,28491000,Chemicals,CALCIUM CARBIDE - SIZE: 30-80MM(90%) - FOR INDUSTRIAL PURPOSE ,INDIA,JAMIPOL LIMITED,KOLKATA SEA (INCCU1),INDONESIA,PT EMDEKI UTAMA TBK,,MTS,90.00," $ 97,667.28 "," $ 1,085.19 "
3/2/2022,1096719091,28491000,Chemicals,CALCIUM CARBIDE 30-80MM GAS YIELD: 298L/KG (LIC NO.CC/SC/KA/III/002/VALID:31.12.22)AIFTA 0005339/SBY/2022 DT.18.01.2022 ,INDIA,JAMIPOL LIMITED,CHENNAI SEA (INMAA1),INDONESIA,PT EMDEKI UTAMA TBK,,MTS,36.00," $ 37,086.56 "," $ 1,030.18 "
2/2/2022,1394772745,28491000,Chemicals,CALCIUM CARBIDE - SIZE: 30-80MM(90%) - FOR INDUSTRIAL PURPOSE ,INDIA,JAMIPOL LIMITED,KOLKATA SEA (INCCU1),INDONESIA,PT EMDEKI UTAMA TBK,,MTS,180.00," $ 195,334.56 "," $ 1,085.19 "
13/1/2022,1056744963,28491000,Chemicals,CALCIUM CARBIDE - SIZE: 30-80MM(90%) - FOR INDUSTRIAL PURPOSE ,INDIA,JAMIPOL LIMITED,KOLKATA SEA (INCCU1),INDONESIA,PT EMDEKI UTAMA TBK,,MTS,180.00," $ 191,733.93 "," $ 1,065.19 "
9/1/2022,1043444906,28491000,Chemicals,CALCIUM CARBIDE - SIZE: 30-80MM(90%) - FOR INDUSTRIAL PURPOSE ,INDIA,JAMIPOL LIMITED,KOLKATA SEA (INCCU1),INDONESIA,PT EMDEKI UTAMA TBK,,MTS,180.00," $ 186,332.97 "," $ 1,035.18 "
28/12/2021,1035627147,28491000,Chemicals,CALCIUM CARBIDE 30-80MM GAS YIELD: 298L/KG (LIC NO.CC/SC/KA/III/002/VALID:31.12.22)AIFTA 0120431/SBY/2021 DT.07.12.2021 ,INDIA,JAMIPOL LIMITED,CHENNAI SEA (INMAA1),INDONESIA,PT EMDEKI UTAMA TBK,,MTS,54.00," $ 55,629.85 "," $ 1,030.18 "
12/10/2021,1260552003,28491000,Chemicals,CALCIUM CARBIDE - SIZE: 30-80MM(90%) - FOR INDUSTRIAL PURPOSE ,INDIA,JAMIPOL LIMITED,KOLKATA SEA (INCCU1),INDONESIA,PT EMDEKI UTAMA TBK,,MTS,90.00," $ 78,763.93 ", $ 875.15 
12/10/2021,1172492957,28491000,Chemicals,CALCIUM CARBIDE - SIZE: 30-80MM(90%) - FOR INDUSTRIAL PURPOSE ,INDIA,JAMIPOL LIMITED,KOLKATA SEA (INCCU1),INDONESIA,PT EMDEKI UTAMA TBK,,MTS,54.00," $ 47,258.36 ", $ 875.15 
24/9/2021,1340334189,28491000,Chemicals,CALCIUM CARBIDE 30-80MM GAS YIELD: 298L/KG (LIC NO.CC/SC/KA/III/002/VALID:31.12.22)AIFTA 0086306/SBY/2021 DT.06.09.2021 ,INDIA,JAMIPOL LIMITED,CHENNAI SEA (INMAA1),INDONESIA,PT EMDEKI UTAMA TBK,,MTS,180.00," $ 153,027.08 ", $ 850.15 
24/9/2021,1025583245,28491000,Chemicals,CALCIUM CARBIDE - SIZE: 30-80MM(90%) - FOR INDUSTRIAL PURPOSE ,INDIA,JAMIPOL LIMITED,KOLKATA SEA (INCCU1),INDONESIA,PT EMDEKI UTAMA TBK,,MTS,90.00," $ 78,763.93 ", $ 875.15 
9/9/2021,1567833213,28491000,Chemicals,CALCIUM CARBIDE 30-80MM GAS YIELD: 298L/KG (LIC NO.CC/SC/KA/III/002/VALID:31.12.22)AIFTA 0079791/SBY/2021 DT.19.08.2021 ,INDIA,JAMIPOL LIMITED,CHENNAI SEA (INMAA1),INDONESIA,PT EMDEKI UTAMA TBK,,MTS,90.00," $ 76,513.53 ", $ 850.15 
9/9/2021,1177780319,28491000,Chemicals,CALCIUM CARBIDE 30-80MM GAS YIELD: 298L/KG (LIC NO.CC/SC/KA/III/002/VALID:31.12.22)AIFTA 0079654/SBY/2021 DT.19.08.2021 ,INDIA,JAMIPOL LIMITED,CHENNAI SEA (INMAA1),INDONESIA,PT EMDEKI UTAMA TBK,,MTS,90.00," $ 76,513.53 ", $ 850.15 
9/8/2021,1038878380,28491000,Chemicals,CALCIUM CARBIDE 30-80MM GAS YIELD: 298L/KG (LIC NO.CC/SC/KA/III/002/VALID:31.12.22)AIFTA 0071828/SBY/2021 DT.27.07.2021 ,INDIA,JAMIPOL LIMITED,CHENNAI SEA (INMAA1),INDONESIA,PT EMDEKI UTAMA TBK,SURABAYA,MTS,180.00," $ 153,027.08 ", $ 850.15 
29/7/2021,1135229608,28491000,Chemicals,CALCIUM CARBIDE 30-80MM GAS YIELD: 298L/KG (LIC NO.CC/SC/KA/III/002/VALID:31.12.22)AIFTA 0064497/SBY/2021 DT.01.07.2021 ,INDIA,JAMIPOL LIMITED,CHENNAI SEA (INMAA1),INDONESIA,PT EMDEKI UTAMA TBK,,MTS,90.00," $ 76,513.54 ", $ 850.15 
12/7/2021,1028443225,28491000,Chemicals,CALCIUM CARBIDE (SIZE: 30-80MM) 90% - FOR INDUSTRIAL PURPOSE ,INDIA,JAMIPOL LIMITED,KOLKATA SEA (INCCU1),INDONESIA,PT EMDEKI UTAMA TBK,SURABAYA,MTS,180.00," $ 157,527.87 ", $ 875.15 
26/6/2021,1039952966,28491000,Chemicals,CALCIUM CARBIDE (SIZE: 30-80MM) 90% - FOR INDUSTRIAL PURPOSE ,INDIA,JAMIPOL LIMITED,KOLKATA SEA (INCCU1),INDONESIA,PT EMDEKI UTAMA TBK,SURABAYA,MTS,90.00," $ 78,763.93 ", $ 875.15 
21/6/2021,1014256527,28491000,Chemicals,CALCIUM CARBIDE 30-80MM GAS YIELD: 298L/KG (LIC NO.CC/SC/KA/III/002/VALID:31.12.22)AIFTA 0055889/SBY/2021 DT.08.06.2021 ,INDIA,JAMIPOL LIMITED,CHENNAI SEA (INMAA1),INDONESIA,PT EMDEKI UTAMA TBK,SURABAYA,MTS,180.00," $ 153,027.09 ", $ 850.15 
16/6/2021,1151012563,28491000,Chemicals,CALCIUM CARBIDE 30-80MM GAS YIELD: 298L/KG (LIC NO.CC/SC/KA/III/002/VALID:31.12.22)AIFTA 0056683/SBY/2021 DT.09.06.2021 ,INDIA,JAMIPOL LIMITED,CHENNAI SEA (INMAA1),INDONESIA,PT EMDEKI UTAMA TBK,SURABAYA,MTS,180.00," $ 153,027.08 ", $ 850.15 
4/6/2021,1051447685,28491000,Chemicals,CALCIUM CARBIDE 30-80MM GAS YIELD: 298L/KG (LIC NO.CC/SC/KA/III/002/VALID:31.12.22)AIFTA 0052440/SBY/2021 DT.28.05.2021 ,INDIA,JAMIPOL LIMITED,CHENNAI SEA (INMAA1),INDONESIA,PT EMDEKI UTAMA TBK,SURABAYA,MTS,180.00," $ 153,027.08 ", $ 850.15 
19/5/2021,1005874917,28491000,Chemicals,CALCIUM CARBIDE (SIZE: 30-80MM) 90% - FOR INDUSTRIAL PURPOSE ,INDIA,JAMIPOL LIMITED,KOLKATA SEA (INCCU1),INDONESIA,PT EMDEKI UTAMA TBK,SURABAYA,MTS,180.00," $ 157,527.87 ", $ 875.15 
23/4/2021,1073458267,28491000,Chemicals,CALCIUM CARBIDE - SIZE: 30-80MM (90%) - FOR INDUSTRIAL PURPOSE ,INDIA,JAMIPOL LIMITED,KOLKATA SEA (INCCU1),INDONESIA,PT EMDEKI UTAMA TBK,SURABAYA,MTS,180.00," $ 141,325.01 ", $ 785.14 
21/4/2021,1109510965,28491000,Chemicals,CALCIUM CARBIDE (SIZE: 30-80MM) 90% - FOR INDUSTRIAL PURPOSE ,INDIA,JAMIPOL LIMITED,KOLKATA SEA (INCCU1),INDONESIA,PT EMDEKI UTAMA TBK,SURABAYA,MTS,180.00," $ 141,325.01 ", $ 785.14 
3/4/2021,1089235419,28491000,Chemicals,CALCIUM CARBIDE 30-80MM GAS YIELD: 298L/KG (LIC NO.CC/SC/KA/III/002/VALID:31.12.22)AIFTA 0026996/SBY/2021DT.17.03.2021) ,INDIA,JAMIPOL LIMITED,CHENNAI SEA (INMAA1),INDONESIA,PT EMDEKI UTAMA TBK,SURABAYA,MTS,90.00," $ 67,964.05 ", $ 755.16 
27/3/2021,1144185187,28491000,Chemicals,CALCIUM CARBIDE 30-80MM GAS YIELD: 298L/KG (LIC NO.CC/SC/KA/III/002/VALID:31.12.22)AIFTA 0024884/SBY/2021 DT.12.03.2021 ,INDIA,JAMIPOL LIMITED,CHENNAI SEA (INMAA1),INDONESIA,PT EMDEKI UTAMA TBK,SURABAYA,MTS,180.00," $ 135,928.39 ", $ 755.16 
19/3/2021,1448361642,28491000,Chemicals,CALCIUM CARBIDE (SIZE: 30-80MM) - FOR INDUSTRIAL PURPOSE ,INDIA,JAMIPOL LIMITED,KOLKATA SEA (INCCU1),INDONESIA,PT EMDEKI UTAMA TBK,SURABAYA,MTS,90.00," $ 70,664.83 ", $ 785.16 
19/3/2021,1524939905,28491000,Chemicals,CALCIUM CARBIDE (SIZE: 30-80MM) - FOR INDUSTRIAL PURPOSE ,INDIA,JAMIPOL LIMITED,KOLKATA SEA (INCCU1),INDONESIA,PT EMDEKI UTAMA TBK,SURABAYA,MTS,180.00," $ 141,329.66 ", $ 785.16 
17/3/2021,1035856161,28491000,Chemicals,CALCIUM CARBIDE 30-80MM GAS YIELD: 298L/KG (LIC NO.CC/SC/KA/III/002/VALID:31.12.22)AIFTA 0019269/SBY/21DT.26.02.2021 ,INDIA,JAMIPOL LIMITED,CHENNAI SEA (INMAA1),INDONESIA,PT EMDEKI UTAMA TBK,SURABAYA,MTS,90.00," $ 67,964.15 ", $ 755.16 
23/2/2021,1152358050,28491000,Chemicals,CALCIUM CARBIDE 25-50MM GAS YIELD: 295L/KG (ADC LIST :374)(LIC NO.CC/SC/KA/III/002/DT.01.01.2020 TO 31.12.2022),INDIA,JAMIPOL LIMITED,CHENNAI SEA (INMAA1),HONG KONG,NWA TRADE COMPANY LTD,SHANGHAI,MTS,225.00," $ 229,548.04 "," $ 1,020.21 "
17/2/2021,1179504452,28491000,Chemicals,CALCIUM CARBIDE (SIZE: 30-80MM) - FOR INDUSTRIAL PURPOSE,INDIA,JAMIPOL LIMITED,KOLKATA SEA (INCCU1),INDONESIA,PT EMDEKI UTAMA TBK,SURABAYA,MTS,180.00," $ 141,329.52 ", $ 785.16 
15/2/2021,1021649300,28491000,Chemicals,CALCIUM CARBIDE 30-80MM GAS YIELD: 298L/KG (LIC NO.CC/SC/KA/III/002/VALID 31.12.22)AIFTA 0006933/SBY/2021DT.22.01.21),INDIA,JAMIPOL LIMITED,CHENNAI SEA (INMAA1),INDONESIA,PT EMDEKI UTAMA TBK,SURABAYA,MTS,180.00," $ 135,928.46 ", $ 755.16 
9/2/2021,1384688665,28491000,Chemicals,CALCIUM CARBIDE 30-80MM GAS YIELD: 298L/KG (LIC NO.CC/SC/KA/III/002/VALID 31.12.22)AIFTA 0006935/SBY/2021DT.22.01.21),INDIA,JAMIPOL LIMITED,CHENNAI SEA (INMAA1),INDONESIA,PT EMDEKI UTAMA TBK,SURABAYA,MTS,180.00," $ 135,928.46 ", $ 755.16 
9/2/2021,1344507784,28491000,Chemicals,CALCIUM CARBIDE 30-80MM GAS YIELD: 298L/KG (LIC NO.CC/SC/KA/III/002/VALID 31.12.22)AIFTA 0006934/SBY/2021DT.22.01.21),INDIA,JAMIPOL LIMITED,CHENNAI SEA (INMAA1),INDONESIA,PT EMDEKI UTAMA TBK,SURABAYA,MTS,90.00," $ 67,064.05 ", $ 745.16 
27/1/2021,1454308242,28491000,Chemicals,CALCIUM CARBIDE (SIZE: 30-80MM) - FOR INDUSTRIAL PURPOSE ,INDIA,JAMIPOL LIMITED,KOLKATA SEA (INCCU1),INDONESIA,PT EMDEKI UTAMA TBK,SURABAYA,MTS,180.00," $ 141,329.75 ", $ 785.17 
18/1/2021,1196949602,28491000,Chemicals,CALCIUM CARBIDE 30-80MM GAS YIELD: 298L/KG (LIC NO.CC/SC/KA/III/002/VALID 31.12.22)AIFTA:0134576/SBY/2020DT.30.12.2020) ,INDIA,JAMIPOL LIMITED,CHENNAI SEA (INMAA1),INDONESIA,PT EMDEKI UTAMA TBK,SURABAYA,MTS,36.00," $ 26,825.64 ", $ 745.16 
6/1/2021,1115094809,28491000,Chemicals,CALCIUM CARBIDE 30-80MM GAS YIELD: 298L/KG (LIC NO.CC/SC/KA/III/002/VALID 31.12.22)AIFTA-0134158/SBY/2020/DT.29.12.2020 ,INDIA,JAMIPOL LIMITED,CHENNAI SEA (INMAA1),INDONESIA,PT EMDEKI UTAMA TBK,SURABAYA,MTS,144.00," $ 107,954.93 ", $ 749.69 
31/12/2020,3.1122E+15,28491000,Chemicals,CALCIUM CARBIDE (SIZE: 30-80MM) - FOR INDUSTRIAL PURPOSE ,INDIA,JAMIPOL LIMITED,KOLKATA SEA (INCCU1),INDONESIA,PT EMDEKI UTAMA TBK,,MTS,180.00," $ 139,529.24 ", $ 775.16 
21/12/2020,2.1122E+15,28491000,Chemicals,CALCIUM CARBIDE 30-80MM GAS YIELD: 298L/KG (LIC NO.CC/SC/KA/III/002/VALID 31.12.22)AIFTA 0124873/SBY/2020DT.04.12.20) ,INDIA,JAMIPOL LIMITED,CHENNAI SEA (INMAA1),INDONESIA,PT EMDEKI UTAMA TBK,SURABAYA,MTS,90.00," $ 66,163.87 ", $ 735.15 
17/12/2020,1.7122E+15,28491000,Chemicals,CALCIUM CARBIDE 30-80MM GAS YIELD: 298L/KG (LIC NO.CC/SC/KA/III/002/VALID DT. 31.12.22)AIFTA 0123089/SBY/2020DT.01.12.20 ,INDIA,JAMIPOL LIMITED,CHENNAI SEA (INMAA1),INDONESIA,PT EMDEKI UTAMA TBK,SURABAYA,MTS,180.00," $ 132,327.64 ", $ 735.15 
30/11/2020,3.0112E+15,28491000,Chemicals,CALCIUM CARBIDE - FOR INDUSTRIAL USE. ( NOT FOR FOOD OR MEDICINE PURPOSE) ,INDIA,JAMIPOL LIMITED,KOLKATA SEA (INCCU1),CHINA,ABBA TECHNOLOGY LIMITED,,MTS,112.50," $ 76,629.61 ", $ 681.15 
28/11/2020,2.8112E+15,28491000,Chemicals,CALCIUM CARBIDE 30-80MM(ADC LIST :374)(LIC NO.CC/SC/KA/III/002/DT01.01.2020TO31.12.22)AIFTA 0113530/SBY/2020DT.05.11.20 ,INDIA,JAMIPOL LIMITED,CHENNAI SEA (INMAA1),INDONESIA,PT EMDEKI UTAMA TBK,,MTS,180.00," $ 132,327.28 ", $ 735.15 
26/11/2020,2.6112E+15,28491000,Chemicals,CALCUIM CARBIDE 25-50MM (FOR INDUSTRIAL USE) ,INDIA,JAMIPOL LIMITED,KOLKATA SEA (INCCU1),CHINA,ABBA TECHNOLOGY LIMITED,SHANGHAI,KGS,106815.79," $ 72,757.80 ", $ 0.68 
26/11/2020,2.6112E+15,28491000,Chemicals,CALCUIM CARBIDE 25-50MM (FOR INDUSTRAIL USE) ,INDIA,JAMIPOL LIMITED,KOLKATA SEA (INCCU1),CHINA,ABBA TECHNOLOGY LIMITED,SHANGHAI,KGS,5684.20," $ 3,871.80 ", $ 0.68 
26/11/2020,2.6112E+15,28491000,Chemicals,CALCIUM CARBIDE (SIZE: 25-50MM) - FOR INDUSTRIAL PURPOSE ,INDIA,JAMIPOL LIMITED,KOLKATA SEA (INCCU1),CHINA,ABBA TECHNOLOGY LIMITED,SHANGHAI,MTS,112.50," $ 76,629.66 ", $ 681.15 
27/10/2020,2.7102E+15,28491000,Chemicals,CALCIUM CARBIDE (SIZE: 30-80MM) - FOR INDUSTRIAL PURPOSE ,INDIA,JAMIPOL LIMITED,KOLKATA SEA (INCCU1),INDONESIA,PT EMDEKI UTAMA TBK,,MTS,72.00," $ 56,531.81 ", $ 785.16 
9/10/2020,0910202024585576,28491000,Chemicals,CALCIUM CARBIDE (SIZE: 30-80MM) - FOR INDUSTRIAL PURPOSE ,INDIA,JAMIPOL LIMITED,KOLKATA SEA (INCCU1),INDONESIA,PT EMDEKI UTAMA TBK,SURABAYA,MTS,90.00," $ 70,664.76 ", $ 785.16 
8/10/2020,0810202024584163,28491000,Chemicals,CALCIUM CARBIDE SIZE 25-50MM - FOR INDUSTRIAL PURPOSE ,INDIA,JAMIPOL LIMITED,KOLKATA SEA (INCCU1),CHINA,ABBA TECHNOLOGY LIMITED,SHANGHAI,MTS,112.50," $ 76,628.42 ", $ 681.14 
22/9/2020,2.2092E+15,28491000,Chemicals,CALCIUM CARBIDE 30-80MM(ADC LIST :374)(LIC NO.CC/SC/KA/III/002/DT01.01.2020TO31.12.22)AIFTA 0087403/SBY/2020DT.31.08.20 ,INDIA,JAMIPOL LIMITED,CHENNAI SEA (INMAA1),INDONESIA,PT EMDEKI UTAMA TBK,SURABAYA,MTS,54.00," $ 40,778.47 ", $ 755.16 
3/9/2020,0309202022621982,28491000,Chemicals,CALCIUM CARBIDE 30-80MM(ADC LIST :374)(LIC NO.CC/SC/KA/III/002/DT01.01.2020TO31.12.22)AIFTA 0085453/SBY/2020DT.26.08.20 ,INDIA,JAMIPOL LIMITED,CHENNAI SEA (INMAA1),INDONESIA,PT EMDEKI UTAMA TBK,SURABAYA,MTS,54.00," $ 41,769.09 ", $ 773.50 
24/8/2020,2.4082E+15,28491000,Chemicals,CALCIUM CARBIDE SIZE 25-50MM - FOR INDUSTRIAL PURPOSE ,INDIA,JAMIPOL LIMITED,KOLKATA SEA (INCCU1),CHINA,ABBA TECHNOLOGY LIMITED,SHANGHAI,MTS,157.50," $ 104,916.87 ", $ 666.14 
14/8/2020,1.4082E+15,28491000,Chemicals,CALCIUM CARBIDE 30-80MM(ADC LIST :374)(LIC NO.CC/SC/KA/III/002/DT01.01.2020TO31.12.22)AIFTA 0072764/SBY/2020DT.20.07.20 ,INDIA,JAMIPOL LIMITED,CHENNAI SEA (INMAA1),INDONESIA,PT EMDEKI UTAMA TBK,SURABAYA,MTS,90.00," $ 67,964.27 ", $ 755.16 
27/7/2020,2.7072E+15,28491000,Chemicals,CALCIUM CARBIDE SIZE 25-50MM - FOR INDUSTRIAL PURPOSE (NOT FOR USE IN MEDICINE OR COSMETIC PURPOSE) ,INDIA,JAMIPOL LIMITED,KOLKATA SEA (INCCU1),CHINA,NGO CHEMICAL GROUP LTD,SHANGHAI,MTS,67.50," $ 44,965.21 ", $ 666.15 
25/7/2020,2.5072E+15,28491000,Chemicals,CALCIUM CARBIDE 30-80MM(ADC LIST :374)(LIC NO.CC/SC/KA/III/002/DT01.01.2020TO31.12.22)AIFTA 0067430/SBY/2020DT.06.07.20 ,INDIA,JAMIPOL LIMITED,CHENNAI SEA (INMAA1),INDONESIA,PT EMDEKI UTAMA TBK,SURABAYA,MTS,180.00," $ 135,930.86 ", $ 755.17 
14/7/2020,1.4072E+15,28491000,Chemicals,CALCIUM CARBIDE - FOR INDUSTRIAL PURPOSE(NOT FOR USE IN MEDICINE OR COSMETIC PURPOSE) ,INDIA,JAMIPOL LIMITED,KOLKATA SEA (INCCU1),CHINA,NGO CHEMICAL GROUP LTD,SHANGHAI,MTS,112.50," $ 74,941.95 ", $ 666.15 
25/6/2020,2.5062E+15,28491000,Chemicals,CALCIUM CARBIDE - FOR INDUSTRIAL PURPOSE(NOT FOR USE IN MEDICINE OR COSMETIC PURPOSE) ,INDIA,JAMIPOL LIMITED,KOLKATA SEA (INCCU1),CHINA,ABBA TECHNOLOGY LIMITED,SHANGHAI,MTS,112.50," $ 74,941.81 ", $ 666.15 
8/5/2020,0805202013144076,28491000,Chemicals,CALCIUM CARBIDE SIZE 25-50 MM - FOR INDUSTRIAL PURPOSE(NOT FOR USE IN MEDICINE OR COSMETIC PURPOSE) ,INDIA,JAMIPOL LIMITED,KOLKATA SEA (INCCU1),CHINA,NGO CHEMICAL GROUP LTD,SHANGHAI,MTS,225.00," $ 160,011.01 ", $ 711.16 
30/4/2020,3.0042E+15,28491000,Chemicals,CALCIUM CARBIDE 30-80MM(ADC LIST :374)(LIC NO.CC/SC/KA/III/002/DT01.01.2020TO31.12.22)AIFTA:0040691/SBY/2020DT.16.04.20 ,INDIA,JAMIPOL LIMITED,CHENNAI SEA (INMAA1),INDONESIA,PT EMDEKI UTAMA TBK,,MTS,90.00," $ 67,964.20 ", $ 755.16 
21/4/2020,2.1042E+15,28491000,Chemicals,CALCIUM CARBIDE 30-80MM(ADC LIST :374)(LIC NO.CC/SC/KA/III/002/DT01.01.2020TO31.12.22)AIFTA 0038512/SBY/2020DT.13.04.20 ,INDIA,JAMIPOL LIMITED,CHENNAI SEA (INMAA1),INDONESIA,PT EMDEKI UTAMA TBK,,MTS,270.00," $ 203,892.58 ", $ 755.16 
15/4/2020,1.5042E+15,28491000,Chemicals,CALCIUM CARBIDE SIZE 25-50 MM - FOR INDUSTRIAL PURPOSE(NOT FOR USE IN MEDICINE OR COSMETIC PURPOSE) ,INDIA,JAMIPOL LIMITED,KOLKATA SEA (INCCU1),CHINA,TYWH INTERNATIONAL TRADING GROUP LTD ,SHANGHAI,MTS,135.00," $ 89,926.48 ", $ 666.12 
31/3/2020,3.1032E+15,28491000,Chemicals,CALCIUM CARBIDE 30-80MM(ADC LIST :374)(LIC NO.CC/SC/KA/III/002/DT01.01.2020TO31.12.22)AIFTA 0030811/SBY/2020DT.19.03.20 ,INDIA,JAMIPOL LIMITED,CHENNAI SEA (INMAA1),INDONESIA,PT EMDEKI UTAMA TBK,N/A,MTS,180.00," $ 135,925.61 ", $ 755.14 
15/3/2020,150320209772140,84749000,Engineering,GRINDING SET - TUNGSTEN CARBIDE ,INDIA,JAMIPOL LIMITED,KOLKATA AIR CARGO (INCCU4),GERMANY,RADO WATCH CO LTD,DUESSELDORF,NOS,1.00," $ 6,438.88 "," $ 6,438.89 "
19/2/2020,190220208066240,28491000,Chemicals,CALCIUM CARBIDE 25-50MM GAS YIELD: 295L/KG (ADC LIST :374)(LIC NO.CC/SC/KA/III/002/DT.01.01.2020 TO 31.12.2022) ,INDIA,JAMIPOL LIMITED,CHENNAI SEA (INMAA1),CHINA,NGO CHEMICAL GROUP LTD,SHANGHAI,MTS,225.00," $ 151,003.45 ", $ 671.13 
4/2/2020,040220207059415,28491000,Chemicals,CALCIUM CARBIDE SIZE 25-50 MM (FOR INDUSTRIAL USE NOT FOR DRUG OR COSMETICS.) ,INDIA,JAMIPOL LIMITED,KOLKATA SEA (INCCU1),CHINA,TYWH INTERNATIONAL TRADING GROUP LTD ,SHANGHAI,MTS,112.50," $ 74,419.89 ", $ 661.51 
23/1/2020,23012020987374,28491000,Chemicals,CALCIUM CARBIDE SIZE 25-50MM - FOR INDUSTRIAL PURPOSE (NOT FOR USE IN MEDICINE OR COSMETIC PURPOSE) ,INDIA,JAMIPOL LIMITED,KOLKATA SEA (INCCU1),CHINA,TYWH INTERNATIONAL TRADING GROUP LTD ,SHANGHAI,MTS,112.50," $ 74,939.22 ", $ 666.13 
16/1/2020,16012020977784,28491000,Chemicals,CALCIUM CARBIDE SIZE 25-50MM - FOR INDUSTRIAL PURPOSE (NOT FOR USE IN MEDICINE OR COSMETIC PURPOSE) ,INDIA,JAMIPOL LIMITED,KOLKATA SEA (INCCU1),CHINA,TYWH INTERNATIONAL TRADING GROUP LTD ,SHANGHAI,MTS,112.50," $ 74,939.07 ", $ 666.13 
14/1/2020,140120202027400,28491000,Chemicals,CALCIUM CARBIDE 25-50MM GAS YIELD: 295L/KG (ADC LIST :374)(LIC NO.CC/SC/KA/III/002/DT.22052009) ,INDIA,JAMIPOL LIMITED,CHENNAI SEA (INMAA1),CHINA,NGO CHEMICAL GROUP LTD,,MTS,225.00," $ 151,003.35 ", $ 671.13 
14/1/2020,14012020973071,28491000,Chemicals,CALCIUM CARBIDE SIZE 25-50MM - FOR INDUSTRIAL PURPOSE (NOT FOR USE IN MEDICINE OR COSMETIC PURPOSE) ,INDIA,JAMIPOL LIMITED,KOLKATA SEA (INCCU1),CHINA,TYWH INTERNATIONAL TRADING GROUP LTD ,SHANGHAI,MTS,112.50," $ 74,939.12 ", $ 666.13 
26/12/2019,2.6122E+15,28491000,Chemicals,CALCIUM CARBIDE 25-50MM GAS YIELD: 295L/KG (ADC LIST :374)(LIC NO.CC/SC/KA/III/002/DT.22052009/VLD 311219) ,INDIA,JAMIPOL LIMITED,CHENNAI SEA (INMAA1),CHINA,NGO CHEMICAL GROUP LTD,SHANGHAI,MTS,225.00," $ 151,003.65 ", $ 671.13 
5/12/2019,0512201918784524,28491000,Chemicals,CALCIUM CARBIDE 25-50MM GAS YIELD: 295L/KG (ADC LIST :374)(LIC NO.CC/SC/KA/III/002/DT.22052009/VLD 311219) ,INDIA,JAMIPOL LIMITED,CHENNAI SEA (INMAA1),CHINA,NGO CHEMICAL GROUP LTD,SHANGHAI,MTS,225.00," $ 151,733.44 ", $ 674.37 
5/12/2019,0512201917755439,28491000,Chemicals,CALCIUM CARBIDE - FOR INDUSTRIAL PURPOSE (NOT FOR USE IN MEDICINE OR COSMETIC PURPOSE) ,INDIA,JAMIPOL LIMITED,KOLKATA SEA (INCCU1),CHINA,TYWH INTERNATIONAL TRADING GROUP LTD ,SHANGHAI,MTS,112.50," $ 80,954.65 ", $ 719.60 
26/11/2019,2.6112E+15,28491000,Chemicals,CALCIUM CARBIDE - FOR INDUSTRIAL PURPOSE (NOT FOR USE IN MEDICINE OR COSMETIC PURPOSE) ,INDIA,JAMIPOL LIMITED,KOLKATA SEA (INCCU1),CHINA,NGO CHEMICAL GROUP LTD,SHANGHAI,MTS,225.00," $ 157,304.45 ", $ 699.13 
25/11/2019,2.5112E+15,28491000,Chemicals,CALCIUM CARBIDE 25-50MM GAS YIELD: 295L/KGS (ADC LIST :374)(LIC NO.CC/SC/KA/III/002/DT.22052009/VLD 311219) ,INDIA,JAMIPOL LIMITED,CHENNAI SEA (INMAA1),CHINA,ABBA TECHNOLOGY LIMITED,SHANGHAI,MTS,112.50," $ 78,314.66 ", $ 696.13 
22/11/2019,2.2112E+15,28491000,Chemicals,CALCIUM CARBIDE - FOR INDUSTRIAL PURPOSE (NOT FOR USE IN MEDICINE OR COSMETIC PURPOSE) ,INDIA,JAMIPOL LIMITED,KOLKATA SEA (INCCU1),CHINA,NGO CHEMICAL GROUP LTD,SHANGHAI,MTS,225.00," $ 157,304.45 ", $ 699.13 
15/11/2019,1.5112E+15,28491000,Chemicals,CALCIUM CARBIDE - FOR INDUSTRIAL PURPOSE (NOT FOR USE IN MEDICINE OR COSMETIC PURPOSE) ,INDIA,JAMIPOL LIMITED,KOLKATA SEA (INCCU1),CHINA,ABBA TECHNOLOGY LIMITED,SHANGHAI,MTS,112.50," $ 78,314.82 ", $ 696.13 
11/11/2019,1.1112E+15,28491000,Chemicals,CALCIUM CARBIDE 25-50MM GAS YIELD: 295L/KGS (ADC LIST :374)(LIC NO.CC/SC/KA/III/002/DT.22052009/VLD 311219) ,INDIA,JAMIPOL LIMITED,CHENNAI SEA (INMAA1),CHINA,ABBA TECHNOLOGY LIMITED,SHANGHAI,MTS,112.50," $ 78,314.81 ", $ 696.13 
19/10/2019,191020195644790,28491000,Chemicals,CALCIUM CARBIDE 25-50MM GAS YIELD: 295L/KG (ADC LIST :374)(LIC NO.CC/SC/KA/III/002/DT.22052009/VLD 311219),INDIA,JAMIPOL LIMITED,CHENNAI SEA (INMAA1),CHINA,NGO CHEMICAL GROUP LTD,SHANGHAI,MTS,112.50," $ 78,539.77 ", $ 698.13 
19/10/2019,191020195644130,28491000,Chemicals,CALCIUM CARBIDE 25-50MM GAS YIELD: 295L/KG (ADC LIST :374)(LIC NO.CC/SC/KA/III/002/DT.22052009/VLD 311219),INDIA,JAMIPOL LIMITED,CHENNAI SEA (INMAA1),CHINA,NGO CHEMICAL GROUP LTD,SHANGHAI,MTS,112.50," $ 78,539.77 ", $ 698.13 
11/10/2019,111020194318390,28491000,Chemicals,CALCIUM CARBIDE - FOR INDUSTRIAL PURPOSE. (NOT FOR USE IN FOOD OR MEDICINE OR COSMETICS PURPOSE),INDIA,JAMIPOL LIMITED,KOLKATA SEA (INCCU1),CHINA,ABBA TECHNOLOGY LIMITED,SHANGHAI,MTS,112.50," $ 78,314.76 ", $ 696.13 
14/8/2019,1.4082E+15,28491000,Chemicals,CALCIUM CARBIDE 25-50MM GAS YIELD: 295L/KG (ADC LIST :374)(LIC NO.CC/SC/KA/III/002/DT.22052009/VLD 311219),INDIA,JAMIPOL LIMITED,CHENNAI SEA (INMAA1),CHINA,TYWH INTERNATIONAL TRADING GROUP LTD ,SHANGHAI,MTS,225.00," $ 154,379.08 ", $ 686.13 
30/7/2019,3.0072E+15,28491000,Chemicals,CALCIUM CARBIDE 25-50MM GAS YIELD: 295L/KG (ADC LIST :374) (LIC NO.CC/SC/KA/III/002/DT.22052009/VLD 311219),INDIA,JAMIPOL LIMITED,CHENNAI SEA (INMAA1),CHINA,N/A,,MTS,225.00," $ 154,379.13 ", $ 686.13 
25/7/2019,2.5072E+15,28491000,Chemicals,CALCIUM CARBIDE 25-50MM GAS YIELD: 295L/KG (ADC LIST :374) (LIC NO.CC/SC/KA/III/002/DT.22052009/VLD 311219),INDIA,JAMIPOL LIMITED,CHENNAI SEA (INMAA1),CHINA,N/A,,MTS,225.00," $ 154,379.13 ", $ 686.13 
8/7/2019,0807201920215533,28491000,Chemicals,CALCIUM CARBIDE - FOR INDUSTRIAL PURPOSE. (NOT FOR USE IN F - OOD OR MEDICINE OR COSMETICS PURPOSE),INDIA,JAMIPOL LIMITED,KOLKATA SEA (INCCU1),CHINA,N/A,,MTS,135.00," $ 100,729.13 ", $ 746.14 
3/7/2019,0307201921662185,28491000,Chemicals,CALCIUM CARBIDE 25-50MM GAS YIELD: 295L/KG (ADC LIST :374) (LIC NO.CC/SC/KA/III/002/DT.22052009/VLD 311219),INDIA,JAMIPOL LIMITED,CHENNAI SEA (INMAA1),CHINA,N/A,,MTS,225.00," $ 155,817.70 ", $ 692.52 
19/6/2019,1.9062E+15,28491000,Chemicals,CALCIUM CARBIDE 25-50MM GAS YIELD: 295L/KG (ADC LIST :374) (LIC NO.CC/SC/KA/III/002/DT.22/05/2009/VLD 311219),INDIA,JAMIPOL LIMITED,CHENNAI SEA (INMAA1),CHINA,ABBA TECHNOLOGY LIMITED,,MTS,135.00," $ 98,568.80 ", $ 730.14 
12/6/2019,1.2062E+15,28491000,Chemicals,CALCIUM CARBIDE 30-80MM(ADC LIST :374)(LIC NO.CC/SC/KA/III/ 002/DT.22052009/VLD 311219)AIFTA 0060745/SBY/2019DT.31.05.19,INDIA,JAMIPOL LIMITED,CHENNAI SEA (INMAA1),INDONESIA,N/A,,MTS,180.00," $ 140,424.73 ", $ 780.14 
10/6/2019,1.0062E+15,28491000,Chemicals,CALCIUM CARBIDE - FOR INDUSTRIAL PURPOSE. (NOT FOR USE IN F - OOD OR MEDICINE OR COSMETICS PURPOSE),INDIA,JAMIPOL LIMITED,KOLKATA SEA (INCCU1),CHINA,N/A,,MTS,90.00," $ 67,151.83 ", $ 746.13 
29/5/2019,2.9052E+15,28491000,Chemicals,CALCIUM CARBIDE 30-80MM(ADC LIST :374)(LIC NO.CC/SC/KA/III/ 002/DT.22052009/VLD 311219)AIFTA 0055282/SBY/2019DT.21.05.19,INDIA,JAMIPOL LIMITED,CHENNAI SEA (INMAA1),INDONESIA,N/A,,MTS,90.00," $ 70,212.22 ", $ 780.14 
22/5/2019,2.2052E+15,28491000,Chemicals,CALCIUM CARBIDE - FOR INDUSTRIAL PURPOSE. (NOT FOR USE IN F - OOD OR MEDICINE OR COSMETICS PURPOSE),INDIA,JAMIPOL LIMITED,KOLKATA SEA (INCCU1),CHINA,N/A,,MTS,112.50," $ 75,614.11 ", $ 672.13 
22/5/2019,2.2052E+15,28491000,Chemicals,CALCIUM CARBIDE - FOR INDUSTRIAL PURPOSE. (NOT FOR USE IN F - OOD OR MEDICINE OR COSMETICS PURPOSE),INDIA,JAMIPOL LIMITED,KOLKATA SEA (INCCU1),CHINA,N/A,,MTS,90.00," $ 67,152.53 ", $ 746.14 
16/5/2019,1.6052E+15,28491000,Chemicals,CALCIUM CARBIDE 30-80MM(ADC LIST :374)(LIC NO.CC/SC/KA/III/ 002/DT.22052009/VLD 311219)AIFTA 0048770/SBY/2019DT.07.05.19,INDIA,JAMIPOL LIMITED,CHENNAI SEA (INMAA1),INDONESIA,N/A,,MTS,270.00," $ 210,639.68 ", $ 780.15 
10/5/2019,1.0052E+15,28491000,Chemicals,CALCIUM CARBIDE - FOR INDUSTRIAL PURPOSE. (NOT FOR USE IN F - OOD OR MEDICINE OR COSMETICS PURPOSE),INDIA,JAMIPOL LIMITED,KOLKATA SEA (INCCU1),CHINA,N/A,,MTS,112.50," $ 75,614.24 ", $ 672.13 
2/5/2019,0205201913977203,28491000,Chemicals,CALCIUM CARBIDE SIZE:25-50MM - FOR INDUSTRIAL PURPOSE. (NOT - FOR USE IN FOOD OR MEDICINE OR COSMETICS PURPOSE),INDIA,JAMIPOL LIMITED,KOLKATA SEA (INCCU1),CHINA,N/A,,MTS,225.00," $ 169,561.11 ", $ 753.60 
2/5/2019,0205201913977060,28491000,Chemicals,CALCIUM CARBIDE SIZE:25-50MM - FOR INDUSTRIAL PURPOSE. (NOT - FOR USE IN FOOD OR MEDICINE OR COSMETICS PURPOSE),INDIA,JAMIPOL LIMITED,KOLKATA SEA (INCCU1),CHINA,N/A,,MTS,225.00," $ 169,561.11 ", $ 753.60 
11/4/2019,110420199377200,28491000,Chemicals,CALCIUM CARBIDE  SIZE:25-50MM - FOR INDUSTRIAL PURPOSE. (NOTFOR USE IN FOOD OR MEDICINE OR COSMETICS PURPOSE),INDIA,JAMIPOL LIMITED,KOLKATA SEA (INCCU1),CHINA,N/A,SHANGHAI,MTS,225.00," $ 151,231.01 ", $ 672.14 
6/4/2019,060420199372525,28491000,Chemicals,CALCIUM CARBIDE  SIZE:25-50MM - FOR INDUSTRIAL PURPOSE. (NOTFOR USE IN FOOD OR MEDICINE OR COSMETICS PURPOSE),INDIA,JAMIPOL LIMITED,KOLKATA SEA (INCCU1),CHINA,NGO CHEMICAL GROUP LTD,SHANGHAI,MTS,224.90," $ 147,790.06 ", $ 657.14 
14/3/2019,140320195637170,28491000,Chemicals,CALCIUM CARBIDE  SIZE:25-50MM - FOR INDUSTRIAL PURPOSE. (NOTFOR USE IN FOOD OR MEDICINE OR COSMETICS PURPOSE),INDIA,JAMIPOL LIMITED,KOLKATA SEA (INCCU1),CHINA,N/A,SHANGHAI,MTS,225.00," $ 147,855.08 ", $ 657.13 
27/2/2019,270220194739580,28491000,Chemicals,CALCIUM CARBIDE 25-50MM GAS YIELD:295L/KG(ADC LIST :374)(LIC NO.CC/SC/KA/III/002/DT.22/05/2009/ VLD 311219),INDIA,JAMIPOL LIMITED,CHENNAI SEA (INMAA1),CHINA,N/A,,KGS,225000.00," $ 142,218.75 ", $ 0.63 
21/2/2019,210220192951520,28491000,Chemicals,CALCIUM CARBIDE  SIZE:25-50MM - FOR INDUSTRIAL PURPOSE. (NOT\FOR USE IN FOOD OR MEDICINE OR COSMETICS PURPOSE),INDIA,JAMIPOL LIMITED,KOLKATA SEA (INCCU1),CHINA,N/A,SHANGHAI,MTS,225.00," $ 157,982.14 ", $ 702.14 
15/2/2019,150220194674500,28491000,Chemicals,CALCIUM CARBIDE 25-50MM GAS YIELD: 295L/KG (ADC LIST :374)(LIC NO.CC/SC/KA/III/002/DT.22/05/2009/VLD 311219),INDIA,JAMIPOL LIMITED,CHENNAI SEA (INMAA1),CHINA,N/A,,KGS,225000.00," $ 142,216.10 ", $ 0.63 
8/2/2019,080220192972408,28491000,Chemicals,CALCIUM CARBIDE  SIZE:25-50MM,INDIA,JAMIPOL LIMITED,KOLKATA SEA (INCCU1),CHINA,N/A,SHANGHAI,MTS,225.00," $ 155,731.45 ", $ 692.14 
4/2/2019,040220194566766,28491000,Chemicals,CALCIUM CARBIDE 25-50MM GAS YIELD: 295L/KG (ADC LIST :374)(LIC NO.CC/SC/KA/III/002/DT.22/05/2009/VLD 311219),INDIA,JAMIPOL LIMITED,CHENNAI SEA (INMAA1),CHINA,N/A,,KGS,225000.00," $ 141,163.11 ", $ 0.63 
25/1/2019,25012019749785,28491000,Chemicals,CALCIUM CARBIDE  SIZE:25-50MM,INDIA,JAMIPOL LIMITED,KOLKATA SEA (INCCU1),CHINA,N/A,SHANGHAI,MTS,112.50," $ 79,553.50 ", $ 707.14 
17/1/2019,17012019731288,28491000,Chemicals,CALCIUM CARBIDE  SIZE:25-50MM,INDIA,JAMIPOL LIMITED,KOLKATA SEA (INCCU1),CHINA,N/A,SHANGHAI,MTS,225.00," $ 159,107.46 ", $ 707.14 
11/1/2019,11012019724076,28491000,Chemicals,CALCIUM CARBIDE  SIZE:25-50MM,INDIA,JAMIPOL LIMITED,KOLKATA SEA (INCCU1),CHINA,N/A,SHANGHAI,MTS,112.50," $ 79,553.73 ", $ 707.14 
3/1/2019,03012019709736,28491000,Chemicals,CALCIUM CARBIDE  SIZE:25-50MM,INDIA,JAMIPOL LIMITED,KOLKATA SEA (INCCU1),CHINA,N/A,SHANGHAI,MTS,225.00," $ 159,554.13 ", $ 709.13 
3/1/2019,03012019709735,28491000,Chemicals,CALCIUM CARBIDE  SIZE:25-50MM,INDIA,JAMIPOL LIMITED,KOLKATA SEA (INCCU1),CHINA,N/A,SHANGHAI,MTS,225.00," $ 159,554.13 ", $ 709.13 
13/11/2018,131120185102920,28491000,Chemicals,CALCIUM CARBIDE 30-80MM(ADC LIST :374)(LIC NO.CC/SC/KA/III/ 002/DT.22052009/VLD 311219)AIFTA 0123456/SBY/2018DT.01.11.18,INDIA,JAMIPOL LIMITED,CHENNAI SEA (INMAA1),INDONESIA,N/A,,MTS,216.00," $ 161,492.95 ", $ 747.65 
13/10/2018,131020183073030,28491000,Chemicals,CALCIUM CARBIDE 25-50MM GAS YIELD: 295L/KG (ADC LI,INDIA,JAMIPOL LIMITED,CHENNAI SEA (INMAA1),CHINA,N/A,,MTS,225.00," $ 162,684.46 ", $ 723.04 
10/10/2018,101020182956560,28491000,Chemicals,CALCIUM CARBIDE 30-80MM(ADC LIST :374)(LIC NO.CC/S,INDIA,JAMIPOL LIMITED,CHENNAI SEA (INMAA1),INDONESIA,N/A,,MTS,270.00," $ 197,932.57 ", $ 733.08 
28/9/2018,2.8092E+15,28491000,Chemicals,CALCIUM CARBIDE SIZE:50-80MM - NOT FOR USE IN COSMETIC OR PHARMACEUTICAL PURPOSE.,INDIA,JAMIPOL LIMITED,KOLKATA SEA (INCCU1),CHINA,N/A,,MTS,225.00," $ 167,656.51 ", $ 745.14 
21/9/2018,2.1092E+15,28491000,Chemicals,CALCIUM CARBIDE 30-80MM(ADC LIST :374)(LIC NO.CC/SC/KA/III/002/DT.22052009/VLD 311219)AIFTA 0098905/SBY/2018DT.06.09.18,INDIA,JAMIPOL LIMITED,CHENNAI SEA (INMAA1),INDONESIA,N/A,,MTS,144.00," $ 105,139.48 ", $ 730.14 
14/9/2018,1.4092E+15,28491000,Chemicals,CALCIUM CARBIDE 30-80MM(ADC LIST :374)(LIC NO.CC/SC/KA/III/002/DT.22052009/VLD 311219)AIFTA 0095500/SBY/2018DT.29.08.18,INDIA,JAMIPOL LIMITED,CHENNAI SEA (INMAA1),INDONESIA,N/A,,MTS,180.00," $ 131,424.21 ", $ 730.13 
6/9/2018,0609201826395094,28491000,Chemicals,CALCIUM CARBIDE SIZE:25-50MM - NOT FOR USE IN COSMETIC OR PHARMACEUTICAL PURPOSE.,INDIA,JAMIPOL LIMITED,KOLKATA SEA (INCCU1),CHINA,N/A,,MTS,225.00," $ 166,981.39 ", $ 742.14 
5/9/2018,0509201826340458,28491000,Chemicals,CALCIUM CARBIDE 50-80MM GAS YIELD: 295L/KG (ADC LIST :374)(LIC NO.CC/SC/KA/III/002/DT.22052009/VLD 311219),INDIA,JAMIPOL LIMITED,CHENNAI SEA (INMAA1),CHINA,N/A,,MTS,225.00," $ 162,032.98 ", $ 720.15 
31/8/2018,3.1082E+15,28491000,Chemicals,CALCIUM CARBIDE 30-80MM(ADC LIST :374)(LIC NO.CC/SC/KA/III/002/DT.22052009/VLD 311219)AIFTA 0090404/SBY/2018DT.16.08.18,INDIA,JAMIPOL LIMITED,CHENNAI SEA (INMAA1),INDONESIA,N/A,,MTS,179.99," $ 131,424.71 ", $ 730.14 
23/8/2018,2.3082E+15,28491000,Chemicals,CALCIUM CARBIDE 30-80MM(ADC LIST :374)(LIC NO.CC/SC/KA/III/002/DT.22052009/VLD 311219)AIFTA 0087472/SBY/2018DT.09.08.18,INDIA,JAMIPOL LIMITED,CHENNAI SEA (INMAA1),INDONESIA,N/A,,MTS,269.99," $ 197,136.10 ", $ 730.14 
18/8/2018,1.8082E+15,28491000,Chemicals,CALCIUM CARBIDE 25-50MM GAS YIELD: 295L/KG (ADC LIST :374)(LIC NO.CC/SC/KA/III/002/DT.22052009/VLD 311219),INDIA,JAMIPOL LIMITED,CHENNAI SEA (INMAA1),CHINA,N/A,,MTS,224.99," $ 160,231.75 ", $ 712.14 
18/8/2018,1.8082E+15,28491000,Chemicals,CALCIUM CARBIDE 25-50MM GAS YIELD: 295L/KG (ADC LIST :374)(LIC NO.CC/SC/KA/III/002/DT.22052009/VLD 311219),INDIA,JAMIPOL LIMITED,CHENNAI SEA (INMAA1),CHINA,N/A,,MTS,179.99," $ 128,185.41 ", $ 712.15 
10/8/2018,1.0082E+15,28491000,Chemicals,CALCIUM CARBIDE 25-50MM - GAS YIELD 295L/KG (ADC LIST :374)(LIC NO.CC/SC/KA/III/002/DT.22052009/VLD 311219),INDIA,JAMIPOL LIMITED,CHENNAI SEA (INMAA1),CHINA,N/A,,MTS,225.00," $ 159,782.51 ", $ 710.14 
4/8/2018,0408201821525872,28491000,Chemicals,CALCIUM CARBIDE 25-50MM GAS YIELD: 295L/KG (ADC LIST :374)(LIC NO.CC/SC/KA/III/002/DT.22052009/VLD 311219),INDIA,JAMIPOL LIMITED,CHENNAI SEA (INMAA1),CHINA,N/A,,MTS,225.00," $ 160,232.60 ", $ 712.14 
31/7/2018,3.1072E+15,28491000,Chemicals,CALCIUM CARBIDE 30-80MM(ADC LIST :374)(LIC NO.CC/SC/KA/III/002/DT.22052009/VLD 311219)AIFTA 0078124/SBY/2018DT.19.07.18,INDIA,JAMIPOL LIMITED,CHENNAI SEA (INMAA1),INDONESIA,N/A,,MTS,270.00," $ 197,140.11 ", $ 730.15 
30/7/2018,3.0072E+15,28491000,Chemicals,CALCIUM CARBIDE - NOT FOR USE IN COSMETIC OR PHARMACEUTICALPURPOSE.,INDIA,JAMIPOL LIMITED,KOLKATA SEA (INCCU1),CHINA,N/A,,MTS,225.00," $ 167,659.11 ", $ 745.15 
30/7/2018,3.0072E+15,28491000,Chemicals,CALCIUM CARBIDE (SIZE 25-50) - NOT FOR USE IN COSMETIC OR PHARMACEUTICAL PURPOSE.,INDIA,JAMIPOL LIMITED,KOLKATA SEA (INCCU1),CHINA,N/A,,MTS,225.00," $ 166,983.98 ", $ 742.15 
27/7/2018,2.7072E+15,28491000,Chemicals,CALCIUM CARBIDE 25-50MM GAS YIELD: 295L/KG (ADC LIST :374)(LIC NO.CC/SC/KA/III/002/DT.22052009/VLD 311219),INDIA,JAMIPOL LIMITED,CHENNAI SEA (INMAA1),CHINA,N/A,,MTS,225.00," $ 160,232.65 ", $ 712.15 
25/7/2018,2.5072E+15,28491000,Chemicals,CALCIUM CARBIDE 25-50MM - GAS YIELD 295L/KG (ADC LIST :374)(LIC NO.CC/SC/KA/III/002/DT.22052009/VLD 311219),INDIA,JAMIPOL LIMITED,CHENNAI SEA (INMAA1),CHINA,N/A,,MTS,225.00," $ 162,033.03 ", $ 720.15 
16/7/2018,1.6072E+15,28491000,Chemicals,CALCIUM CARBIDE 50-80MM - GAS YIELD 295L/KG (ADC LIST :374)(LIC NO.CC/SC/KA/III/002/DT.22052009/VLD 311219),INDIA,JAMIPOL LIMITED,CHENNAI SEA (INMAA1),CHINA,N/A,,MTS,225.00," $ 162,032.98 ", $ 720.15 
13/7/2018,1.3072E+15,28491000,Chemicals,CALCIUM CARBIDE 50-80MM GAS YIELD: 295L/KG (ADC LIST :374)(LIC NO.CC/SC/KA/III/002/DT.22052009/VLD 311219),INDIA,JAMIPOL LIMITED,CHENNAI SEA (INMAA1),CHINA,N/A,,MTS,45.00," $ 32,046.52 ", $ 712.15 
13/7/2018,1.3072E+15,28491000,Chemicals,CALCIUM CARBIDE - NOT FOR USE IN COSMETIC OR PHARMACEUTICALPURPOSE.,INDIA,JAMIPOL LIMITED,KOLKATA SEA (INCCU1),CHINA,N/A,,MTS,337.50," $ 249,800.39 ", $ 740.15 
13/7/2018,1.3072E+15,28491000,Chemicals,CALCIUM CARBIDE NOT FOR USE IN COSMETIC OR PHARMACEUTICAL PURPOSE.,INDIA,JAMIPOL LIMITED,KOLKATA SEA (INCCU1),CHINA,N/A,,MTS,225.00," $ 167,659.11 ", $ 745.15 
12/7/2018,1.2072E+15,28491000,Chemicals,CALCIUM CARBIDE (25-50 MM) - NOT FOR USE IN COSMETIC OR PHARMACEUTICAL PURPOSE.,INDIA,JAMIPOL LIMITED,KOLKATA SEA (INCCU1),CHINA,N/A,,MTS,225.00," $ 166,533.59 ", $ 740.15 
10/7/2018,1.0072E+15,28491000,Chemicals,CALCIUM CARBIDE 30-80MM(ADC LIST :374)(LIC NO.CC/SC/KA/III/002/DT.22052009/VLD 311219)AIFTA 0069446/SBY/2018DT.29.06.18,INDIA,JAMIPOL LIMITED,CHENNAI SEA (INMAA1),INDONESIA,N/A,,MTS,180.00," $ 131,424.50 ", $ 730.14 
10/7/2018,1.0072E+15,28491000,Chemicals,CALCIUM CARBIDE 5-20 MM(ADC LIST :374)(LIC NO.CC/SC/KA/III/002/DT.22052009/VLD 311219)AIFTA 0069445/SBY/2018DT.29.06.18,INDIA,JAMIPOL LIMITED,CHENNAI SEA (INMAA1),INDONESIA,N/A,,MTS,72.00," $ 55,090.27 ", $ 765.14 
10/7/2018,1.0072E+15,28491000,Chemicals,CALCIUM CARBIDE 2-5 MM(ADC LIST :374)(LIC NO.CC/SC/KA/III/002/DT.22052009/VLD 311219)AIFTA 0069447/SBY/2018DT.29.06.18,INDIA,JAMIPOL LIMITED,CHENNAI SEA (INMAA1),INDONESIA,N/A,,MTS,72.00," $ 55,810.41 ", $ 775.14 
28/6/2018,2.8062E+15,28491000,Chemicals,CALCIUM CARBIDE 30-80MM(ADC LIST :374)(LIC NO.CC/SC/KA/III/ 002/DT.22052009/VLD 311219)AIFTA 0066482/SBY/2018DT.21.06.18,INDIA,JAMIPOL LIMITED,CHENNAI SEA (INMAA1),INDONESIA,N/A,,MTS,180.00," $ 131,986.68 ", $ 733.26 
27/6/2018,2.7062E+15,28491000,Chemicals,CALCIUM CARBIDE (30-80 MM) - NOT FOR USE IN COSMETIC OR PHAR MACEUTICAL PURPOSE. - IMPORT UNDER AIFTA,INDIA,JAMIPOL LIMITED,KOLKATA SEA (INCCU1),INDONESIA,N/A,,MTS,180.00," $ 139,688.23 ", $ 776.05 
21/6/2018,2.1062E+15,28491000,Chemicals,CALCIUM CARBIDE 25-50MM - GAS YIELD 295L/KG (ADC LIST :374) (LIC NO.CC/SC/KA/III/002/DT.22052009/VLD 311219),INDIA,JAMIPOL LIMITED,CHENNAI SEA (INMAA1),CHINA,N/A,,MTS,225.00," $ 159,817.85 ", $ 710.30 
14/6/2018,1.4062E+15,28491000,Chemicals,CALCIUM CARBIDE - NOT FOR USE IN COSMETIC OR PHARMACEUTICAL PURPOSE.,INDIA,JAMIPOL LIMITED,KOLKATA SEA (INCCU1),CHINA,N/A,,MTS,225.00," $ 166,499.92 ", $ 740.00 
14/6/2018,1.4062E+15,28491000,Chemicals,CALCIUM CARBIDE - NOT FOR USE IN COSMETIC OR PHARMACEUTICAL PURPOSE.,INDIA,JAMIPOL LIMITED,KOLKATA SEA (INCCU1),CHINA,N/A,,MTS,112.00," $ 83,249.76 ", $ 743.30 
14/6/2018,1.4062E+15,28491000,Chemicals,CALCIUM CARBIDE (25-50 MM) - NOT FOR USE IN COSMETIC OR PHAR MACEUTICAL PURPOSE.,INDIA,JAMIPOL LIMITED,KOLKATA SEA (INCCU1),CHINA,N/A,,MTS,270.00," $ 201,149.90 ", $ 745.00 
8/6/2018,0806201818407680,28491000,Chemicals,CALCIUM CARBIDE (25-50 MM) - NOT FOR USE IN COSMETIC OR PHAR MACEUTICAL PURPOSE.,INDIA,JAMIPOL LIMITED,KOLKATA SEA (INCCU1),CHINA,N/A,,MTS,270.00," $ 203,540.27 ", $ 753.85 
8/6/2018,0806201817020654,28491000,Chemicals,CALCIUM CARBIDE 25-50MM(ADC LIST :374)(LIC NO.CC/SC/KA/III/ 002/DT.22052009/VLD 311219),INDIA,JAMIPOL LIMITED,CHENNAI SEA (INMAA1),CHINA,N/A,,MTS,225.00," $ 160,575.72 ", $ 713.67 
7/6/2018,0706201815913981,28491000,Chemicals,CALCIUM CARBIDE 30-80MM(ADC LIST :374)(LIC NO.CC/SC/KA/III/ 002/DT.22052009/VLD 311219)AIFTA 0058615/SBY/2018DT.28.05.18,INDIA,JAMIPOL LIMITED,CHENNAI SEA (INMAA1),INDONESIA,N/A,,MTS,180.00," $ 120,440.34 ", $ 669.11 
7/6/2018,0706201815897033,28491000,Chemicals,CALCIUM CARBIDE 30-80MM(ADC LIST :374)(LIC NO.CC/SC/KA/III/ 002/DT.22052009/VLD 311219)AIFTA 0058272/SBY/2018DT25.05.18),INDIA,JAMIPOL LIMITED,CHENNAI SEA (INMAA1),INDONESIA,N/A,,MTS,270.00," $ 180,660.50 ", $ 669.11 
18/5/2018,1.8052E+15,28491000,Chemicals,CALCIUM CARBIDE 30-80MM(ADC LIST :374)(LIC NO.CC/SC/KA/III/ 002/DT.22052009/VLD 311219)AIFTA 0049548/SBY/2018DT.04.05.18,INDIA,JAMIPOL LIMITED,CHENNAI SEA (INMAA1),INDONESIA,N/A,,MTS,180.00," $ 119,435.47 ", $ 663.53 
11/5/2018,1.1052E+15,28491000,Chemicals,CALCIUM CARBIDE (7/15 MM) - NOT FOR USE IN COSMETIC OR PHARM ACEUTICAL PURPOSE.,INDIA,JAMIPOL LIMITED,KOLKATA SEA (INCCU1),SOUTH AFRICA,N/A,,MTS,64.00," $ 42,186.62 ", $ 659.17 
8/5/2018,0805201814050263,28491000,Chemicals,CALCIUM CARBIDE 30-80MM(ADC LIST :374)(LIC NO.CC/SC/KA/III/ 002/DT.22052009/VLD 311219)AIFTA 0046494SBY2018 DT-26042018,INDIA,JAMIPOL LIMITED,CHENNAI SEA (INMAA1),INDONESIA,N/A,,MTS,270.00," $ 178,285.34 ", $ 660.32 
27/4/2018,2.7042E+15,28491000,Chemicals,CALCIUM CARBIDE (25-50 MM) - NOT FOR USE IN COSMETIC OR PHAR MACEUTICAL PURPOSE.,INDIA,JAMIPOL LIMITED,KOLKATA SEA (INCCU1),CHINA,N/A,,MTS,225.00," $ 170,379.41 ", $ 757.24 
27/4/2018,2.7042E+15,28491000,Chemicals,CALCIUM CARBIDE 30-80MM(ADC LIST :374)(LIC NO.CC/SC/KA/III/ 002/DT.22052009/VLD 311219)AIFTA 0041630SBY2018 DT-13042018,INDIA,JAMIPOL LIMITED,CHENNAI SEA (INMAA1),INDONESIA,N/A,,MTS,360.00," $ 237,219.20 ", $ 658.94 
26/4/2018,2.6042E+15,28491000,Chemicals,CALCIUM CARBIDE (7/15 MM) ,INDIA,JAMIPOL LIMITED,KOLKATA SEA (INCCU1),SOUTH AFRICA,N/A,,MTS,259.20," $ 167,951.21 ", $ 647.96 
26/4/2018,2.6042E+15,28491000,Chemicals,CALCIUM CARBIDE 25-50MM GAS YIELD295L/KG MIN (ADC NO:374) (LIC NO.CC/SC/KA/III/002/DT.22.05.2009/VLD.31.12.19),INDIA,JAMIPOL LIMITED,CHENNAI SEA (INMAA1),CHINA,N/A,,MTS,315.00," $ 226,754.83 ", $ 719.86 
13/4/2018,1.3042E+15,28491000,Chemicals,CALCIUM CARBIDE 30-80MM(ADC LIST :374)(LIC NO.CC/SC/KA/III/ 002/DT.22052009/VLD 311219)AIFTA0038741/SBY/2018 DT06042018,INDIA,JAMIPOL LIMITED,CHENNAI SEA (INMAA1),INDONESIA,N/A,,MTS,180.00," $ 119,540.27 ", $ 664.11 
28/3/2018,280320188552520,28491000,Chemicals,CALCIUM CARBIDE 30-80MM(ADC LIST :374)(LIC NO.CC/SC/KA/III/002/DT.22052009/VLD 311219)AIFTA 0030720SBY2018 DT 19032018,INDIA,JAMIPOL LIMITED,CHENNAI SEA (INMAA1),INDONESIA,N/A,,MTS,360.00," $ 236,564.46 ", $ 657.12 
28/3/2018,280320188552520,28491000,Chemicals,CALCIUM CARBIDE 30-80MM(ADC LIST :374)(LIC NO.CC/SC/KA/III/002/DT.22052009/VLD 311219)AIFTA0033079/SBY/2018 DT23032018,INDIA,JAMIPOL LIMITED,CHENNAI SEA (INMAA1),INDONESIA,N/A,,MTS,180.00," $ 118,282.24 ", $ 657.12 
17/3/2018,170320187642880,28491000,Chemicals,CALCIUM CARBIDE 30-80MM(ADC LIST :374)(LIC NO.CC/SC/KA/III/002/DT.22052009/VLD 311219)AIFTA-0027728/SBY/2018DT-12.03.18,INDIA,JAMIPOL LIMITED,CHENNAI SEA (INMAA1),INDONESIA,N/A,,MTS,180.00," $ 118,282.34 ", $ 657.12 
13/3/2018,130320187285380,28491000,Chemicals,CALCIUM CARBIDE 30-80MM(ADC LIST :374)(LIC NO.CC/SC/KA/III/002/DT.22052009/VLD 311219)AIFTA-0024312/SBY/2018DT-02.03.18,INDIA,JAMIPOL LIMITED,CHENNAI SEA (INMAA1),INDONESIA,N/A,,MTS,306.00," $ 201,079.08 ", $ 657.12 
6/3/2018,060320186742304,28491000,Chemicals,CALCIUM CARBIDE 30-80MM(ADC NO:374)(LIC NO.CC/SC/KA/III/002/DT.22052009/VLD311219)AIFTA 0021455/SBY/2018 DT. 23 02.2018),INDIA,JAMIPOL LIMITED,CHENNAI SEA (INMAA1),INDONESIA,N/A,,MTS,144.00," $ 94,625.45 ", $ 657.12 
19/2/2018,190220184211380,28491000,Chemicals,CALCIUM CARBIDE 30-80MM(ADC LIST :374)(LIC NO.CC/SC/KA/III/002/DT.22052009/VLD 311219)AIFTA0016631/SBY/2018 DT-12022018,INDIA,JAMIPOL LIMITED,CHENNAI SEA (INMAA1),INDONESIA,N/A,,MTS,210.00," $ 138,712.49 ", $ 660.54 
14/2/2018,140220183727480,28491000,Chemicals,CALCIUM CARBIDE 30-80MM(ADC NO:374)(LIC NO.CC/SC/KA/III/002/DT.22052009/VLD311219)AIFTA0013930/SBY/2018DT 310118,INDIA,JAMIPOL LIMITED,CHENNAI SEA (INMAA1),INDONESIA,N/A,,MTS,270.00," $ 178,711.19 ", $ 661.89 
24/1/2018,240120182122030,28491000,Chemicals,CALCIUM CARBIDE 30-80MM(ADC LIST NO:374)(LIC NO.NO.CC/SC/KA/III/002/DT.22052009/VLD311219)AIFTA0008385/SBY/2018DT 220118,INDIA,JAMIPOL LIMITED,CHENNAI SEA (INMAA1),INDONESIA,N/A,,MTS,360.00," $ 241,073.82 ", $ 669.65 
10/1/2018,10012018764395,28491000,Chemicals,CALCIUM CARBIDE 30-80MM(ADC NO:374)(LIC NO.NO.CC/SC/KA/III/002/DT.22.05.2009/VLD311219)AIFTA0001312SBY2018DT-03/01/18,INDIA,JAMIPOL LIMITED,CHENNAI SEA (INMAA1),INDONESIA,N/A,,MTS,270.00," $ 179,454.39 ", $ 664.65 
3/1/2018,03012018208506,28491000,Chemicals,CALCIUM CARBIDE 30-80MM(ADC LIST NO:374)(LIC NO.NO.CC/SC/KA/III/002/DT.22.05.2009/VLD311219)AIFTA0135407SBY2017DT271217,INDIA,JAMIPOL LIMITED,CHENNAI SEA (INMAA1),INDONESIA,N/A,,MTS,270.00," $ 181,537.74 ", $ 672.36 
13/12/2017,1.3122E+15,28491000,Chemicals,CALCIUM CARBIDE 30-80MM GAS YIELD(MIN300L/KG)(ADC:374) LIC.CC/SC/KA/III/002 DT220509/311219(AIFTA0126353SBY2017DT301117,INDIA,JAMIPOL LIMITED,CHENNAI SEA (INMAA1),INDONESIA,N/A,,MTS,315.00," $ 210,438.20 ", $ 668.06 
21/11/2017,2.1112E+15,28491000,Chemicals,CALCIUM CARBIDE 30-80MM GAS YIELD(MIN300L/KG)(ADC:374) LIC.CC/SC/KA/III/002 DT220509/311219(AIFTA0118404SBY2017DT101117,INDIA,JAMIPOL LIMITED,CHENNAI SEA (INMAA1),INDONESIA,N/A,,MTS,270.00," $ 181,339.12 ", $ 671.63 
13/11/2017,1.3112E+15,28491000,Chemicals,CALCIUM CARBIDE 30-80MM GAS YIELD(MIN300L/KG)(ADC:374) LIC.CC/SC/KA/III/002 DT220509/311219(AIFTA0115789SBY2017DT061117,INDIA,JAMIPOL LIMITED,CHENNAI SEA (INMAA1),INDONESIA,N/A,,MTS,210.00," $ 137,909.80 ", $ 656.71 
8/11/2017,0811201727014044,28491000,Chemicals,CALCIUM CARBIDE 30-80MM GAS YIELD(MIN300L/KG)(ADC:374) LIC.CC/SC/KA/III/002 DT220509/311219(AIFTA0111743SBY2017DT261017,INDIA,JAMIPOL LIMITED,CHENNAI SEA (INMAA1),INDONESIA,N/A,,MTS,210.00," $ 139,015.18 ", $ 661.98 
1/11/2017,0111201726697205,28491000,Chemicals,CALCIUM CARBIDE - 7/15 MM (NOT FOR COSMETIC OR PHARMACEUTICAL USE OR PURPOSE),INDIA,JAMIPOL LIMITED,KOLKATA SEA (INCCU1),SOUTH AFRICA,N/A,,KGS,216000.00," $ 135,483.62 ", $ 0.63 
31/10/2017,3.1102E+15,28491000,Chemicals,CALCIUM CARBIDE 30-80MM GAS YIELD(MIN300L/KG)(ADC:374) LIC.CC/SC/KA/III/002 DT220509/311219(AIFTA0108707SBY2017DT191017,INDIA,JAMIPOL LIMITED,CHENNAI SEA (INMAA1),INDONESIA,N/A,,MTS,270.00," $ 180,632.48 ", $ 669.01 
26/10/2017,2.6102E+15,28491000,Chemicals,CALCIUM CARBIDE - 50/80 MM (NOT FOR COSMETIC OR PHARMACEUTICAL USE OR PURPOSE),INDIA,JAMIPOL LIMITED,KOLKATA SEA (INCCU1),SOUTH AFRICA,N/A,,KGS,216000.00," $ 139,043.47 ", $ 0.64 
17/10/2017,1.7102E+15,28491000,Chemicals,CALCIUM CARBIDE 50/80MM GAS YIELD(L/KG)293(ADC LIST NO:374)(LIC NO.CC/SC/KA/III/002/DT.22.05.2009/VLD.31.12.19),INDIA,JAMIPOL LIMITED,CHENNAI SEA (INMAA1),SOUTH AFRICA,N/A,,MTS,216.00," $ 139,296.01 ", $ 644.89 
17/10/2017,1.7102E+15,28491000,Chemicals,CALCIUM CARBIDE 30-80MM GAS YIELD(MIN300L/KG)(ADC:374) LIC.CC/SC/KA/III/002 DT220509/311219(AIFTA0103590SBY2017DT061017,INDIA,JAMIPOL LIMITED,CHENNAI SEA (INMAA1),INDONESIA,N/A,,MTS,360.00," $ 240,248.52 ", $ 667.36 
17/10/2017,1.7102E+15,28491000,Chemicals,CALCIUM CARBIDE 50/80MM GAS YIELD(L/KG)293(ADC LIST NO:374)(LIC NO.CC/SC/KA/III/002/DT.22.05.2009/VLD.31.12.19),INDIA,JAMIPOL LIMITED,CHENNAI SEA (INMAA1),SOUTH AFRICA,N/A,,MTS,216.00," $ 139,296.01 ", $ 644.89 
13/10/2017,1.3102E+15,28491000,Chemicals,CALCIUM CARBIDE - 7/15 MM (NOT FOR COSMETIC OR PHARMACEUTICAL USE OR PURPOSE),INDIA,JAMIPOL LIMITED,KOLKATA SEA (INCCU1),SOUTH AFRICA,N/A,,KGS,216000.00," $ 135,477.65 ", $ 0.63 
11/10/2017,1.1102E+15,28491000,Chemicals,CALCIUM CARBIDE 30-80MM GAS YIELD(MIN300L/KG)(ADC:374) LIC.CC/SC/KA/III/002 DT220509/311219(AIFTA0100717SBY2017DT290917,INDIA,JAMIPOL LIMITED,CHENNAI SEA (INMAA1),INDONESIA,N/A,,MTS,360.00," $ 239,264.40 ", $ 664.62 
10/10/2017,1.0102E+15,28491000,Chemicals,CALCIUM CARBIDE 50/80MM GAS YIELD(L/KG)295(ADC LIST NO:374)(LIC NO.CC/SC/KA/III/002/DT.22.05.2009/VLD.31.12.19),INDIA,JAMIPOL LIMITED,CHENNAI SEA (INMAA1),SOUTH AFRICA,N/A,,MTS,216.00," $ 138,633.99 ", $ 641.82 
10/10/2017,1.0102E+15,28491000,Chemicals,CALCIUM CARBIDE 50/80MM GAS YIELD(L/KG)296(ADC LIST NO:374)(LIC NO.CC/SC/KA/III/002/DT.22.05.2009/VLD.31.12.19),INDIA,JAMIPOL LIMITED,CHENNAI SEA (INMAA1),SOUTH AFRICA,N/A,,MTS,216.00," $ 138,633.99 ", $ 641.82 
7/10/2017,0710201724443291,28491000,Chemicals,CALCIUM CARBIDE 30-80MM GAS YIELD(MIN300L/KG)(ADC:374) LIC.CC/SC/KA/III/002 DT220509/311219(AIFTA0098044SBY2017DT250917,INDIA,JAMIPOL LIMITED,CHENNAI SEA (INMAA1),INDONESIA,N/A,,MTS,180.00," $ 119,275.90 ", $ 662.64 
29/9/2017,2.9092E+15,28491000,Chemicals,CALCIUM CARBIDE 30-80MM GAS YIELD(MIN300L/KG)(ADC:374) LIC.CC/SC/KA/III/002DT220509/311219(AIFTA0095197SBY2017DT15.9.17,INDIA,JAMIPOL LIMITED,CHENNAI SEA (INMAA1),INDONESIA,N/A,,MTS,270.00," $ 177,705.74 ", $ 658.17 
19/9/2017,1.9092E+15,28491000,Chemicals,CALCIUM CARBIDE 30-80MM GAS YIELD(MIN300L/KG)(ADC:374) LIC.CC/SC/KA/III/002 DT220509/311219(AIFTA0092411SBY2017DT8.9.17,INDIA,JAMIPOL LIMITED,CHENNAI SEA (INMAA1),INDONESIA,N/A,,MTS,180.00," $ 120,561.11 ", $ 669.78 
13/9/2017,1.3092E+15,28491000,Chemicals,CALCIUM CARBIDE 50/80MM GAS YIELD(L/KG)292(ADC LIST NO:374)(LIC NO.CC/SC/KA/III/002/DT.22.05.2009/VLD.31.12.19),INDIA,JAMIPOL LIMITED,CHENNAI SEA (INMAA1),SOUTH AFRICA,N/A,,MTS,216.00," $ 140,205.64 ", $ 649.10 
13/9/2017,1.3092E+15,28491000,Chemicals,CALCIUM CARBIDE 7/15MM GAS YIELD(L/KG)283(ADC LIST NO:374)(LIC NO.CC/SC/KA/III/002/DT.22.05.2009/VLD.31.12.19),INDIA,JAMIPOL LIMITED,CHENNAI SEA (INMAA1),SOUTH AFRICA,N/A,,MTS,216.00," $ 135,789.71 ", $ 628.66 
12/9/2017,1.2092E+15,28491000,Chemicals,CALCIUM CARBIDE 30-80MM GAS YIELD(MIN300L/KG)(ADC:374) LIC.CC/SC/KA/III/002 DT220509/311219(AIFTA0090311SBY17 DT050917,INDIA,JAMIPOL LIMITED,CHENNAI SEA (INMAA1),INDONESIA,N/A,,MTS,315.00," $ 212,018.46 ", $ 673.07 
11/9/2017,1.1092E+15,28491000,Chemicals,CALCIUM CARBIDE - 50/80 MM (NOT FOR COSMETIC OR PHARMACEUTICAL USE OR PURPOSE),INDIA,JAMIPOL LIMITED,KOLKATA SEA (INCCU1),SOUTH AFRICA,N/A,,KGS,216000.00," $ 140,512.63 ", $ 0.65 
25/8/2017,2.5082E+15,28491000,Chemicals,CALCIUM CARBIDE - 7/15 MM (NOT FOR COSMETIC OR PHARMACEUTICAL USE OR PURPOSE),INDIA,JAMIPOL LIMITED,KOLKATA SEA (INCCU1),SOUTH AFRICA,N/A,,KGS,216000.00," $ 136,887.23 ", $ 0.63 
24/8/2017,2.4082E+15,28491000,Chemicals,CALCIUM CARBIDE 50/80MM GAS YIELD(L/KG)294(ADC LIST NO:374)(LIC NO.CC/SC/KA/III/002/DT.22.05.2009/VLD.31.12.19),INDIA,JAMIPOL LIMITED,CHENNAI SEA (INMAA1),SOUTH AFRICA,N/A,,MTS,216.00," $ 140,921.75 ", $ 652.42 
16/8/2017,1.6082E+15,28491000,Chemicals,CALCIUM CARBIDE30-80MM GAS YIELD(MIN300L/KG)(ADC:374) LIC.CC/SC/KA/III/002 DT220509/311219(AIFTA0080013SBY2017DT08.08.17,INDIA,JAMIPOL LIMITED,CHENNAI SEA (INMAA1),INDONESIA,N/A,,MTS,540.00," $ 361,238.16 ", $ 668.96 
11/8/2017,1.1082E+15,28491000,Chemicals,CALCIUM CARBIDE (SIZE:25-50MM),INDIA,JAMIPOL LIMITED,CHENNAI SEA (INMAA1),CHINA,N/A,,MTS,225.00," $ 140,593.30 ", $ 624.86 
2/8/2017,0208201719802418,28491000,Chemicals,CALCIUM CARBIDE (SIZE:25-50MM),INDIA,JAMIPOL LIMITED,CHENNAI SEA (INMAA1),CHINA,N/A,,MTS,225.00," $ 142,950.95 ", $ 635.34 
26/7/2017,2.6072E+15,28491000,Chemicals,CALCIUM CARBIDE 30-80MM GAS YIELD(MIN300L/KG)(ADC:374) LIC.CC/SC/KA/III/002 DT220509/311219(AIFTA0071294SBY17 DT180717,INDIA,JAMIPOL LIMITED,CHENNAI SEA (INMAA1),INDONESIA,N/A,,MTS,315.00," $ 211,167.75 ", $ 670.37 
26/7/2017,2.6072E+15,28491000,Chemicals,CALCIUM CARBIDE 50/80MM GAS YIELD(L/KG)293(ADC LIST NO:374)(LIC NO.CC/SC/KA/III/002/DT.22.05.2009/VLD.31.12.19),INDIA,JAMIPOL LIMITED,CHENNAI SEA (INMAA1),SOUTH AFRICA,N/A,,MTS,216.00," $ 140,351.43 ", $ 649.78 
26/7/2017,2.6072E+15,28491000,Chemicals,CALCIUM CARBIDE 7/15MM GAS YIELD(L/KG)286(ADC LIST NO:374)(LIC NO.CC/SC/KA/III/002/DT.22.05.2009/VLD.31.12.19),INDIA,JAMIPOL LIMITED,CHENNAI SEA (INMAA1),SOUTH AFRICA,N/A,,MTS,216.00," $ 135,930.91 ", $ 629.31 
19/7/2017,1.9072E+15,28491000,Chemicals,CALCIUM CARBIDE 50/80MM GAS YIELD(L/KG)292(ADC LIST NO:374)(LIC NO.CC/SC/KA/III/002/DT.22.05.2009/VLD.31.12.19),INDIA,JAMIPOL LIMITED,CHENNAI SEA (INMAA1),SOUTH AFRICA,N/A,,MTS,216.00," $ 141,498.87 ", $ 655.09 
11/7/2017,1.1072E+15,28491000,Chemicals,CALCIUM CARBIDE - 50/80 MM (NOT FOR COSMETIC OR PHARMACEUTICAL USE OR PURPOSE),INDIA,JAMIPOL LIMITED,KOLKATA SEA (INCCU1),SOUTH AFRICA,N/A,,KGS,108000.00," $ 70,461.88 ", $ 0.65 
11/7/2017,1.1072E+15,28491000,Chemicals,CALCIUM CARBIDE - 50/80 MM (NOT FOR COSMETIC OR PHARMACEUTICAL USE OR PURPOSE),INDIA,JAMIPOL LIMITED,KOLKATA SEA (INCCU1),SOUTH AFRICA,N/A,,KGS,108000.00," $ 70,461.88 ", $ 0.65 
10/7/2017,1.0072E+15,28491000,Chemicals,CALCIUM CARBIDE - 50/80 MM (NOT FOR COSMETIC OR PHARMACEUTICAL USE OR PURPOSE),INDIA,JAMIPOL LIMITED,KOLKATA SEA (INCCU1),SOUTH AFRICA,N/A,,KGS,216000.00," $ 141,061.24 ", $ 0.65 
10/7/2017,1.0072E+15,28491000,Chemicals,CALCIUM CARBIDE - 50/80 MM (NOT FOR COSMETIC OR PHARMACEUTICAL USE OR PURPOSE),INDIA,JAMIPOL LIMITED,KOLKATA SEA (INCCU1),SOUTH AFRICA,N/A,,KGS,216000.00," $ 141,061.24 ", $ 0.65 
10/7/2017,1.0072E+15,28491000,Chemicals,CALCIUM CARBIDE - 7/15 MM (NOT FOR COSMETIC OR PHARMACEUTICAL USE OR PURPOSE),INDIA,JAMIPOL LIMITED,KOLKATA SEA (INCCU1),SOUTH AFRICA,N/A,,KGS,216000.00," $ 136,618.37 ", $ 0.63 
10/7/2017,1.0072E+15,28491000,Chemicals,CALCIUM CARBIDE 30-80MM GAS YIELD 300L/KG(ADC:374)(LIC.CC/SCKA/III/002/DT.22.05.2009/31.12.19)(AIFTANO.0065835/SBY/2017),INDIA,JAMIPOL LIMITED,CHENNAI SEA (INMAA1),INDONESIA,N/A,,MTS,210.00," $ 141,489.95 ", $ 673.76 
28/6/2017,2.8062E+15,28491000,Chemicals,CALCIUM CARBIDE 30-80MM GAS YIELD(MIN300L/KG)(ADC:374) LIC.CC/SC/KA/III/002 DT220509/311219(AIFTA0061848SBY17DT160617,INDIA,JAMIPOL LIMITED,CHENNAI SEA (INMAA1),INDONESIA,N/A,,MTS,315.00," $ 210,458.77 ", $ 668.12 
28/6/2017,2.8062E+15,28491000,Chemicals,CALCIUM CARBIDE 50/80MM GAS YIELD (L/KG) 293 (ADC NO: 374)(LIC NO.CC/SC/KA/III/002/DT.22.05.2009/VLD.31.12.19),INDIA,JAMIPOL LIMITED,CHENNAI SEA (INMAA1),SOUTH AFRICA,N/A,,MTS,216.00," $ 139,880.10 ", $ 647.59 
21/6/2017,2.1062E+15,28491000,Chemicals,CALCIUM CARBIDE 25-50MM GAS YIELD:295L/KG(ADC LIST NO: 374)(LIC NO.CC/SC/KA/III/002/DT.22.05.2009/VLD.31.12.19),INDIA,JAMIPOL LIMITED,CHENNAI SEA (INMAA1),CHINA,N/A,,MTS,225.00," $ 139,476.32 ", $ 619.89 
21/6/2017,2.1062E+15,28491000,Chemicals,CALCIUM CARBIDE 25-50MM GAS YIELD:295L/KG (ADC LIST NO:374)(LIC NO.CC/SC/KA/III/002/DT.22.05.2009/VLD.31.12.19),INDIA,JAMIPOL LIMITED,CHENNAI SEA (INMAA1),CHINA,N/A,,MTS,225.00," $ 139,935.18 ", $ 621.93 
17/6/2017,1.7062E+15,28491000,Chemicals,CALCIUM CARBIDE - 50/80 MM (NOT FOR COSMETIC OR PHARMACEUTICAL USE OR PURPOSE),INDIA,JAMIPOL LIMITED,KOLKATA SEA (INCCU1),SOUTH AFRICA,N/A,,MTS,108.00," $ 70,003.17 ", $ 648.18 
17/6/2017,1.7062E+15,28491000,Chemicals,CALCIUM CARBIDE - 50/80 MM (NOT FOR COSMETIC OR PHARMACEUTICAL USE OR PURPOSE),INDIA,JAMIPOL LIMITED,KOLKATA SEA (INCCU1),SOUTH AFRICA,N/A,,MTS,108.00," $ 70,003.17 ", $ 648.18 
12/6/2017,1.2062E+15,28491000,Chemicals,CALCIUM CARBIDE 7/15MM (ADC LIST NO: 374) (LIC NO.NO.CC/SC/KA/III/002/DT.22.05.2009/VLD.31.12.19),INDIA,JAMIPOL LIMITED,CHENNAI SEA (INMAA1),SOUTH AFRICA,N/A,,MTS,216.00," $ 135,980.49 ", $ 629.54 
10/6/2017,1.0062E+15,28491000,Chemicals,CALCIUM CARBIDE 30-80MM(ADC:374)(LIC NO.NO.CC/SC/KA/III/002/DT.22.05.2009/31.12.19)(AIFTANO.0055708/SBY/2017 DT.2.6.2017,INDIA,JAMIPOL LIMITED,CHENNAI SEA (INMAA1),INDONESIA,N/A,,MTS,210.00," $ 141,032.97 ", $ 671.59 
2/6/2017,0206201716133654,28491000,Chemicals,CALCIUM CARBIDE 25-50MM (ADC LIST NO: 374) (LIC NO.NO.CC/SC/KA/III/002/DT.22.05.2009/VLD.31.12.19),INDIA,JAMIPOL LIMITED,CHENNAI SEA (INMAA1),CHINA,N/A,,MTS,225.00," $ 140,994.97 ", $ 626.64 
2/6/2017,0206201716133653,28491000,Chemicals,CALCIUM CARBIDE 25-50MM (ADC LIST NO: 374) (LIC NO.NO.CC/SC/KA/III/002/DT.22.05.2009/VLD.31.12.19),INDIA,JAMIPOL LIMITED,CHENNAI SEA (INMAA1),CHINA,N/A,,MTS,225.00," $ 140,532.65 ", $ 624.59 
2/6/2017,0206201716122336,28491000,Chemicals,CALCIUM CARBIDE (SIZE : 25-50MM),INDIA,JAMIPOL LIMITED,CHENNAI SEA (INMAA1),CHINA,N/A,,MTS,225.00," $ 141,913.69 ", $ 630.73 
27/5/2017,2.7052E+15,28491000,Chemicals,CALCIUM CARBIDE 25-50MM (ADC LIST NO: 374) (LIC NO.NO.CC/SC/KA/III/002/DT.22.05.2009/VLD.31.12.19),INDIA,JAMIPOL LIMITED,CHENNAI SEA (INMAA1),CHINA,N/A,,MTS,225.00," $ 139,823.17 ", $ 621.44 
27/5/2017,2.7052E+15,28491000,Chemicals,CALCIUM CARBIDE 25-50MM (ADC LIST NO: 374) (LIC NO.NO.CC/SC/KA/III/002/DT.22.05.2009/VLD.31.12.19),INDIA,JAMIPOL LIMITED,CHENNAI SEA (INMAA1),CHINA,N/A,,MTS,225.00," $ 139,823.17 ", $ 621.44 
26/5/2017,2.6052E+15,28491000,Chemicals,CALCIUM CARBIDE 25-50MM (ADC LIST NO: 374) (LIC NO.NO.CC/SC/KA/III/002/DT.22.05.2009/VLD.31.12.19),INDIA,JAMIPOL LIMITED,CHENNAI SEA (INMAA1),CHINA,N/A,,MTS,225.00," $ 140,291.37 ", $ 623.52 
25/5/2017,2.5052E+15,28491000,Chemicals,CALCIUM CARBIDE - 50/80 MM (NOT FOR COSMETIC OR PHARMACEUTICAL USE OR PURPOSE),INDIA,JAMIPOL LIMITED,KOLKATA SEA (INCCU1),SOUTH AFRICA,N/A,,MTS,216.00," $ 140,129.89 ", $ 648.75 
23/5/2017,2.3052E+15,28491000,Chemicals,CALCIUM CARBIDE 50/80MM (ADC LIST NO: 374) (LIC NO.NO.CC/SC/KA/III/002/DT.22.05.2009/VLD.31.12.19),INDIA,JAMIPOL LIMITED,CHENNAI SEA (INMAA1),SOUTH AFRICA,N/A,,MTS,216.00," $ 139,395.72 ", $ 645.35 
18/5/2017,1.8052E+15,28491000,Chemicals,CALCIUM CARBIDE - 50/80 MM (NOT FOR COSMETIC OR PHARMACEUTICAL USE OR PURPOSE),INDIA,JAMIPOL LIMITED,KOLKATA SEA (INCCU1),SOUTH AFRICA,N/A,,MTS,216.00," $ 138,998.98 ", $ 643.51 
18/5/2017,1.8052E+15,28491000,Chemicals,CALCIUM CARBIDE - 7/15 MM (NOT FOR COSMETIC OR PHARMACEUTICAL USE OR PURPOSE),INDIA,JAMIPOL LIMITED,KOLKATA SEA (INCCU1),SOUTH AFRICA,N/A,,MTS,216.00," $ 134,621.06 ", $ 623.25 
5/5/2017,0505201714140274,28491000,Chemicals,CALCIUM CARBIDE 25-50MM (ADC LIST NO: 374) (LIC NO.NO.CC/SC/KA/III/002/DT.22.05.2009/VLD.31.12.19),INDIA,JAMIPOL LIMITED,CHENNAI SEA (INMAA1),CHINA,N/A,,MTS,225.00," $ 139,881.03 ", $ 621.69 
3/5/2017,0305201713995649,28491000,Chemicals,CALCIUM CARBIDE 25-50MM (ADC LIST NO: 374) (LIC NO.NO.CC/SC/KA/III/002/DT.22.05.2009/VLD.31.12.19),INDIA,JAMIPOL LIMITED,CHENNAI SEA (INMAA1),CHINA,N/A,,MTS,225.00," $ 146,066.67 ", $ 649.19 
28/4/2017,2.8042E+15,28491000,Chemicals,CALCIUM CARBIDE - 50/80 MM (NOT FOR COSMETIC OR PHARMACEUTICAL USE OR PURPOSE),INDIA,JAMIPOL LIMITED,KOLKATA SEA (INCCU1),SOUTH AFRICA,N/A,,MTS,108.00," $ 70,671.68 ", $ 654.37 
28/4/2017,2.8042E+15,28491000,Chemicals,CALCIUM CARBIDE - 50/80 MM (NOT FOR COSMETIC OR PHARMACEUTICAL USE OR PURPOSE),INDIA,JAMIPOL LIMITED,KOLKATA SEA (INCCU1),SOUTH AFRICA,N/A,,MTS,216.00," $ 141,343.37 ", $ 654.37 
28/4/2017,2.8042E+15,28491000,Chemicals,CALCIUM CARBIDE (SIZE: 25-50MM) (GAS YIELD: 295L/KG),INDIA,JAMIPOL LIMITED,CHENNAI SEA (INMAA1),CHINA,N/A,,MTS,225.00," $ 143,915.61 ", $ 639.62 
22/4/2017,2.2042E+15,28491000,Chemicals,CALCIUM CARBIDE - 7/15 MM (NOT FOR COSMETIC OR PHARMACEUTICAL USE OR PURPOSE),INDIA,JAMIPOL LIMITED,KOLKATA SEA (INCCU1),SOUTH AFRICA,N/A,,MTS,216.00," $ 136,035.12 ", $ 629.79 
15/4/2017,1.5042E+15,28491000,Chemicals,CALCIUM CARBIDE 25-50MM (ADC LIST NO: 374) (LIC NO.NO.CC/SC/KA/III/002/DT.22.05.2009/VLD.31.12.19),INDIA,JAMIPOL LIMITED,CHENNAI SEA (INMAA1),CHINA,N/A,,MTS,90.00," $ 58,557.61 ", $ 650.64 
13/4/2017,1.3042E+15,28491000,Chemicals,CALCIUM CARBIDE - 50/80 MM (NOT FOR COSMETIC OR PHARMACEUTICAL USE OR PURPOSE),INDIA,JAMIPOL LIMITED,KOLKATA SEA (INCCU1),SOUTH AFRICA,N/A,,MTS,216.00," $ 141,548.76 ", $ 655.32 
11/4/2017,1.1042E+15,28491000,Chemicals,CALCIUM CARBIDE 25-50MM (ADC LIST NO: 374) (LIC NO.NO.CC/SC/KA/III/002/DT.22.05.2009/VLD.31.12.19),INDIA,JAMIPOL LIMITED,CHENNAI SEA (INMAA1),CHINA,N/A,,MTS,225.00," $ 145,926.26 ", $ 648.56 
10/4/2017,1.0042E+15,28491000,Chemicals,CALCIUM CARBIDE 25-50MM (ADC LIST NO: 374) (LIC NO.NO.CC/SC/KA/III/002/DT.22.05.2009/VLD.31.12.19),INDIA,JAMIPOL LIMITED,CHENNAI SEA (INMAA1),CHINA,N/A,,MTS,225.00," $ 146,119.13 ", $ 649.42 
7/4/2017,0704201712264481,28491000,Chemicals,CALCIUM CARBIDE 25-50MM (ADC LIST NO: 374) (LIC NO.NO.CC/SC/KA/III/002/DT.22.05.2009/VLD.31.12.19),INDIA,JAMIPOL LIMITED,CHENNAI SEA (INMAA1),CHINA,N/A,,MTS,225.00," $ 146,348.27 ", $ 650.44 
4/4/2017,0404201711975514,28491000,Chemicals,CALCIUM CARBIDE 50/80MM (ADC LIST NO: 374) (LIC NO.NO.CC/SC/KA/III/002/DT.22.05.2009/VLD.31.12.19),INDIA,JAMIPOL LIMITED,CHENNAI SEA (INMAA1),SOUTH AFRICA,N/A,,MTS,108.00," $ 70,447.01 ", $ 652.29 
4/4/2017,0404201711975513,28491000,Chemicals,CALCIUM CARBIDE 50/80MM (ADC LIST NO: 374) (LIC NO.NO.CC/SC/KA/III/002/DT.22.05.2009/VLD.31.12.19),INDIA,JAMIPOL LIMITED,CHENNAI SEA (INMAA1),SOUTH AFRICA,N/A,,MTS,108.00," $ 70,447.01 ", $ 652.29 
1/4/2017,0104201711755279,28491000,Chemicals,CALCIUM CARBIDE 25-50MM (ADC LIST NO: 374) (LIC NO.NO.CC/SC/KA/III/002/DT.22.05.2009/VLD.31.12.19),INDIA,JAMIPOL LIMITED,CHENNAI SEA (INMAA1),CHINA,N/A,,MTS,225.00," $ 146,273.26 ", $ 650.10 
17/3/2017,1.7032E+15,28491000,Chemicals,CALCIUM CARBIDE - 50/80 MM (NOT FOR COSMETIC OR PHARMACEUTICAL USE OR PURPOSE),INDIA,JAMIPOL LIMITED,KOLKATA SEA (INCCU1),SOUTH AFRICA,N/A,,MTS,216.00," $ 140,061.05 ", $ 648.43 
17/3/2017,1.7032E+15,28491000,Chemicals,CALCIUM CARBIDE 25-50MM (ADC LIST NO: 374) (LIC NO.NO.CC/SC/KA/III/002/DT.22.05.2009/VLD.31.12.19),INDIA,JAMIPOL LIMITED,CHENNAI SEA (INMAA1),CHINA,N/A,,MTS,135.00," $ 86,865.73 ", $ 643.45 
14/3/2017,1.4032E+15,28491000,Chemicals,CALCIUM CARBIDE 7/15MM (ADC LIST NO: 374) (LIC NO.NO.CC/SC/KA/III/002/DT.22.05.2009/VLD.31.12.19),INDIA,JAMIPOL LIMITED,CHENNAI SEA (INMAA1),SOUTH AFRICA,N/A,,MTS,216.00," $ 137,971.64 ", $ 638.76 
14/3/2017,1.4032E+15,28491000,Chemicals,CALCIUM CARBIDE 50/80MM (ADC LIST NO: 374) (LIC NO.NO.CC/SC/KA/III/002/DT.22.05.2009/VLD.31.12.19),INDIA,JAMIPOL LIMITED,CHENNAI SEA (INMAA1),SOUTH AFRICA,N/A,,MTS,108.00," $ 71,229.26 ", $ 659.53 
14/3/2017,1.4032E+15,28491000,Chemicals,CALCIUM CARBIDE 50/80MM (ADC LIST NO: 374) (LIC NO.NO.CC/SC/KA/III/002/DT.22.05.2009/VLD.31.12.19),INDIA,JAMIPOL LIMITED,CHENNAI SEA (INMAA1),SOUTH AFRICA,N/A,,MTS,108.00," $ 71,229.26 ", $ 659.53 
13/3/2017,1.3032E+15,28491000,Chemicals,CALCIUM CARBIDE 25-50MM (ADC LIST NO: 374) (LIC NO.NO.CC/SC/KA/III/002/DT.22.05.2009/VLD.31.12.19),INDIA,JAMIPOL LIMITED,CHENNAI SEA (INMAA1),CHINA,N/A,,MTS,225.00," $ 138,243.23 ", $ 614.41 
9/3/2017,0903201710558813,28491000,Chemicals,CALCIUM CARBIDE - 50/80 MM (NOT FOR COSMETIC OR PHARMACEUTICAL USE OR PURPOSE),INDIA,JAMIPOL LIMITED,KOLKATA SEA (INCCU1),SOUTH AFRICA,N/A,,MTS,108.00," $ 70,261.82 ", $ 650.57 
9/3/2017,0903201710558718,28491000,Chemicals,CALCIUM CARBIDE - 7/15 MM (NOT FOR COSMETIC OR PHARMACEUTICAL USE OR PURPOSE),INDIA,JAMIPOL LIMITED,KOLKATA SEA (INCCU1),SOUTH AFRICA,N/A,,MTS,108.00," $ 68,048.85 ", $ 630.08 
9/3/2017,0903201710558611,28491000,Chemicals,CALCIUM CARBIDE - 50/80 MM (NOT FOR COSMETIC OR PHARMACEUTICAL USE OR PURPOSE),INDIA,JAMIPOL LIMITED,KOLKATA SEA (INCCU1),SOUTH AFRICA,N/A,,MTS,216.00," $ 140,523.64 ", $ 650.57 
22/2/2017,220220179025450,28491000,Chemicals,CALCIUM CARBIDE (SIZE:25-50MM) (GAS YIELD 295L/KG),INDIA,JAMIPOL LIMITED,CHENNAI SEA (INMAA1),CHINA,N/A,,MTS,225.00," $ 137,602.69 ", $ 611.57 
20/2/2017,200220179013440,28491000,Chemicals,CALCIUM CARBIDE 50/80MM (ADC LIST NO: 374) (LIC NO.NO.CC/SC/ KA/III/002/DT.22.05.2009/VLD.31.12.19),INDIA,JAMIPOL LIMITED,CHENNAI SEA (INMAA1),SOUTH AFRICA,N/A,,MTS,216.00," $ 132,606.10 ", $ 613.92 
20/2/2017,200220179013390,28491000,Chemicals,CALCIUM CARBIDE 7/15MM (ADC LIST NO: 374) (LIC NO.NO.CC/SC/ KA/III/002/DT.22.05.2009/VLD.31.12.19),INDIA,JAMIPOL LIMITED,CHENNAI SEA (INMAA1),SOUTH AFRICA,N/A,,MTS,108.00," $ 64,092.94 ", $ 593.45 
15/2/2017,150220178691590,28491000,Chemicals,CALCIUM CARBIDE 25-50MM (ADC LIST NO: 374) (LIC NO.NO.CC/SC/ KA/III/002/DT.22.05.2009/VLD.31.12.19),INDIA,JAMIPOL LIMITED,CHENNAI SEA (INMAA1),CHINA,N/A,,MTS,225.00," $ 138,322.34 ", $ 614.77 
11/2/2017,110220178418540,28491000,Chemicals,CALCIUM CARBIDE - 50/80 MM (NOT FOR COSMETIC OR PHARMACEUTIC AL USE OR PURPOSE),INDIA,JAMIPOL LIMITED,KOLKATA SEA (INCCU1),SOUTH AFRICA,N/A,,MTS,216.00," $ 141,837.08 ", $ 656.65 
11/2/2017,110220178418540,28491000,Chemicals,CALCIUM CARBIDE - 7/15 MM (NOT FOR COSMETIC OR PHARMACEUTICA L USE OR PURPOSE),INDIA,JAMIPOL LIMITED,KOLKATA SEA (INCCU1),SOUTH AFRICA,N/A,,MTS,216.00," $ 137,369.77 ", $ 635.97 
6/2/2017,060220178010704,28491000,Chemicals,CALCIUM CARBIDE (SIZE:25-50MM) (GAS YIELD:295L/KG),INDIA,JAMIPOL LIMITED,CHENNAI SEA (INMAA1),CHINA,N/A,,MTS,225.00," $ 138,133.53 ", $ 613.93 
30/1/2017,300120177467230,28491000,Chemicals,CALCIUM CARBIDE 25-50MM (ADC LIST NO: 374) (LIC NO.NO.CC/SC/ KA/III/002/DT.22.05.2009/VLD.31.12.19),INDIA,JAMIPOL LIMITED,CHENNAI SEA (INMAA1),CHINA,N/A,,MTS,225.00," $ 137,769.39 ", $ 612.31 
24/1/2017,240120177405430,28491000,Chemicals,CALCIUM CARBIDE 50/80MM (ADC LIST NO: 374) (LIC NO.NO.CC/SC/ KA/III/002/DT.22.05.2009/VLD.31.12.19),INDIA,JAMIPOL LIMITED,CHENNAI SEA (INMAA1),SOUTH AFRICA,N/A,,MTS,216.00," $ 132,672.77 ", $ 614.23 
24/1/2017,240120177405430,28491000,Chemicals,CALCIUM CARBIDE 50/80MM (ADC LIST NO: 374) (LIC NO.NO.CC/SC/ KA/III/002/DT.22.05.2009/VLD.31.12.19),INDIA,JAMIPOL LIMITED,CHENNAI SEA (INMAA1),SOUTH AFRICA,N/A,,MTS,108.00," $ 66,336.38 ", $ 614.23 
24/1/2017,240120177405390,28491000,Chemicals,CALCIUM CARBIDE 7/15MM (ADC LIST NO: 374) (LIC NO.NO.CC/SC/ KA/III/002/DT.22.05.2009/VLD.31.12.19),INDIA,JAMIPOL LIMITED,CHENNAI SEA (INMAA1),SOUTH AFRICA,N/A,,MTS,108.00," $ 64,125.17 ", $ 593.75 
19/1/2017,190120177069100,28491000,Chemicals,CALCIUM CARBIDE - 50/80 MM (NOT FOR COSMETIC OR PHARMACEUTIC - AL USE OR PURPOSE),INDIA,JAMIPOL LIMITED,KOLKATA SEA (INCCU1),SOUTH AFRICA,N/A,,MTS,216.00," $ 133,342.70 ", $ 617.33 
17/1/2017,170120176804790,28491000,Chemicals,CALCIUM CARBIDE 7/15MM (ADC LIST NO: 374) (LIC NO.NO.CC/SC/ KA/III/002/DT.22.05.2009/VLD.31.12.19),INDIA,JAMIPOL LIMITED,CHENNAI SEA (INMAA1),SOUTH AFRICA,N/A,,MTS,108.00," $ 64,096.01 ", $ 593.48 
13/1/2017,130120176295100,28491000,Chemicals,CALCIUM CARBIDE (SIZE:25-50MM) (GAS YIELD:295L/KG) (ADC NOC LIST S.NO.374),INDIA,JAMIPOL LIMITED,CHENNAI SEA (INMAA1),CHINA,N/A,,MTS,225.00," $ 137,002.95 ", $ 608.90 
7/1/2017,070120175853362,28491000,Chemicals,CALCIUM CARBIDE 50/80MM (ADC LIST NO: 374) (LIC NO.NO.CC/SC/ KA/III/002/DT.22.05.2009/VLD.31.12.19),INDIA,JAMIPOL LIMITED,CHENNAI SEA (INMAA1),SOUTH AFRICA,N/A,,MTS,216.00," $ 132,160.54 ", $ 611.85 
5/1/2017,050120175825054,28491000,Chemicals,CALCIUM CARBIDE 25-50MM (ADC LIST NO: 374) (LIC NO.NO.CC/SC/ KA/III/002/DT.22.05.2009/VLD.31.12.19),INDIA,JAMIPOL LIMITED,CHENNAI SEA (INMAA1),CHINA,N/A,,MTS,225.00," $ 137,055.17 ", $ 609.13 
23/12/2016,2.3122E+15,28491000,Chemicals,CALCIUM CARBIDE 50 80MM (ADC LIST NO: 374) (LIC NO.NO.CC SC  KA III 002 DT.13.11.2013 VLD.31.12.16),INDIA,JAMIPOL LIMITED,CHENNAI SEA (INMAA1),SOUTH AFRICA,N/A,,MTS,216.00," $ 132,465.71 ", $ 613.27 
23/12/2016,2.3122E+15,28491000,Chemicals,CALCIUM CARBIDE 7 15MM (ADC LIST NO: 374) (LIC NO.NO.CC SC  KA III 002 DT.13.11.2013 VLD.31.12.16),INDIA,JAMIPOL LIMITED,CHENNAI SEA (INMAA1),SOUTH AFRICA,N/A,,MTS,43.20," $ 25,610.03 ", $ 592.82 
16/12/2016,1.6122E+15,28491000,Chemicals,CALCIUM CARBIDE (SIZE: 25-50MM) (GAS YIELD:295L KG) (ADC NOC LIST S.NO.374),INDIA,JAMIPOL LIMITED,CHENNAI SEA (INMAA1),CHINA,N/A,,MTS,225.00," $ 132,339.55 ", $ 588.18 
15/12/2016,1.5122E+15,28491000,Chemicals,CALCIUM CARBIDE 50 80MM (ADC LIST NO: 374) (LIC NO.NO.CC SC  KA III 002 DT.13.11.2013 VLD.31.12.16),INDIA,JAMIPOL LIMITED,CHENNAI SEA (INMAA1),SOUTH AFRICA,N/A,,MTS,216.00," $ 134,045.70 ", $ 620.58 
15/12/2016,1.5122E+15,28491000,Chemicals,CALCIUM CARBIDE 7 15MM (ADC LIST NO: 374) (LIC NO.NO.CC SC  KA III 002 DT.13.11.2013 VLD.31.12.16),INDIA,JAMIPOL LIMITED,CHENNAI SEA (INMAA1),SOUTH AFRICA,N/A,,MTS,172.80," $ 103,662.01 ", $ 599.90 
15/12/2016,1.5122E+15,28491000,Chemicals,CALCIUM CARBIDE - 50 80 MM (NOT FOR COSMETIC OR PHARMACEUTIC AL USE OR PURPOSE),INDIA,JAMIPOL LIMITED,KOLKATA SEA (INCCU1),SOUTH AFRICA,N/A,,MTS,108.00," $ 67,581.37 ", $ 625.75 
15/12/2016,1.5122E+15,28491000,Chemicals,CALCIUM CARBIDE - 50 80 MM (NOT FOR COSMETIC OR PHARMACEUTIC AL USE OR PURPOSE),INDIA,JAMIPOL LIMITED,KOLKATA SEA (INCCU1),SOUTH AFRICA,N/A,,MTS,108.00," $ 67,581.37 ", $ 625.75 
7/12/2016,0712201628378570,28491000,Chemicals,CALCIUM CARBIDE - 50 80 MM (NOT FOR COSMETIC OR PHARMACEUTIC AL USE OR PURPOSE),INDIA,JAMIPOL LIMITED,KOLKATA SEA (INCCU1),SOUTH AFRICA,N/A,,MTS,216.00," $ 135,597.08 ", $ 627.76 
7/12/2016,0712201628377892,28491000,Chemicals,CALCIUM CARBIDE - 7 15 MM (NOT FOR COSMETIC OR PHARMACEUTICA L USE OR PURPOSE),INDIA,JAMIPOL LIMITED,KOLKATA SEA (INCCU1),SOUTH AFRICA,N/A,,MTS,216.00," $ 131,114.53 ", $ 607.01 
29/11/2016,2.9112E+15,28491000,Chemicals,CALCIUM CARBIDE - 7 15 MM (NOT FOR COSMETIC OR PHARMACEUTICA - L USE OR PURPOSE),INDIA,JAMIPOL LIMITED,KOLKATA SEA (INCCU1),SOUTH AFRICA,N/A,,MTS,21.60," $ 12,797.30 ", $ 592.47 
23/11/2016,2.3112E+15,28491000,Chemicals,CALCIUM CARBIDE - 7 15 MM (NOT FOR COSMETIC OR PHARMACEUTICA - L USE OR PURPOSE),INDIA,JAMIPOL LIMITED,KOLKATA SEA (INCCU1),SOUTH AFRICA,N/A,,MTS,216.00," $ 127,938.74 ", $ 592.31 
19/11/2016,1.9112E+15,28491000,Chemicals,CALCIUM CARBIDE - 7 15 MM (NOT FOR COSMETIC OR PHARMACEUTICA - L USE OR PURPOSE),INDIA,JAMIPOL LIMITED,KOLKATA SEA (INCCU1),SOUTH AFRICA,N/A,,MTS,86.40," $ 51,552.41 ", $ 596.67 
19/11/2016,1.9112E+15,28491000,Chemicals,CALCIUM CARBIDE - 50 80 MM (NOT FOR COSMETIC OR PHARMACEUTIC - AL USE OR PURPOSE),INDIA,JAMIPOL LIMITED,KOLKATA SEA (INCCU1),SOUTH AFRICA,N/A,,MTS,108.00," $ 66,643.61 ", $ 617.07 
17/11/2016,1.7112E+15,28491000,Chemicals,CALCIUM CARBIDE 50 80MM (ADC LIST NO: 374) (LIC NO.NO.CC SC  - KA III 002 DT.13.11.2013 VLD.31.12.16),INDIA,JAMIPOL LIMITED,CHENNAI SEA (INMAA1),SOUTH AFRICA,N/A,,MTS,64.80," $ 39,080.18 ", $ 603.09 
17/11/2016,1.7112E+15,28491000,Chemicals,CALCIUM CARBIDE 7 15MM (ADC LIST NO: 374) (LIC NO.NO.CC SC  - KA III 002 DT.13.11.2013 VLD.31.12.16),INDIA,JAMIPOL LIMITED,CHENNAI SEA (INMAA1),SOUTH AFRICA,N/A,,MTS,151.20," $ 88,147.51 ", $ 582.99 
10/11/2016,1.0112E+15,28491000,Chemicals,CALCIUM CARBIDE 50 80MM (ADC LIST NO: 374) (LIC NO.NO.CC SC  - KA III 002 DT.13.11.2013 VLD.31.12.16),INDIA,JAMIPOL LIMITED,CHENNAI SEA (INMAA1),SOUTH AFRICA,N/A,,MTS,216.00," $ 132,226.36 ", $ 612.16 
2/11/2016,0211201624116075,28491000,Chemicals,CALCIUM CARBIDE 50 80MM (ADC LIST NO: 374) (LIC NO.NO.CC SC  - KA III 002 DT.13.11.2013 VLD.31.12.16),INDIA,JAMIPOL LIMITED,CHENNAI SEA (INMAA1),SOUTH AFRICA,N/A,,MTS,108.00," $ 66,243.00 ", $ 613.36 
2/11/2016,0211201624116074,28491000,Chemicals,CALCIUM CARBIDE 50 80MM (ADC LIST NO: 374) (LIC NO.NO.CC SC  - KA III 002 DT.13.11.2013 VLD.31.12.16),INDIA,JAMIPOL LIMITED,CHENNAI SEA (INMAA1),SOUTH AFRICA,N/A,,MTS,216.00," $ 132,486.00 ", $ 613.36 
2/11/2016,0211201624116073,28491000,Chemicals,CALCIUM CARBIDE 7 15MM (ADC LIST NO: 374) (LIC NO.NO.CC SC  - KA III 002 DT.13.11.2013 VLD.31.12.16),INDIA,JAMIPOL LIMITED,CHENNAI SEA (INMAA1),SOUTH AFRICA,N/A,,MTS,108.00," $ 64,034.90 ", $ 592.92 
19/10/2016,1.9102E+15,28491000,Chemicals,CALCIUM CARBIDE 50 80MM (ADC LIST NO: 374) (LIC NO.NO.CC SC  - KA III 002 DT.13.11.2013 VLD.31.12.16),INDIA,JAMIPOL LIMITED,CHENNAI SEA (INMAA1),SOUTH AFRICA,N/A,,MTS,216.00," $ 132,537.87 ", $ 613.60 
19/10/2016,1.9102E+15,28491000,Chemicals,CALCIUM CARBIDE 7 15MM (ADC LIST NO: 374) (LIC NO.NO.CC SC  - KA III 002 DT.13.11.2013 VLD.31.12.16),INDIA,JAMIPOL LIMITED,CHENNAI SEA (INMAA1),SOUTH AFRICA,N/A,,MTS,216.00," $ 128,119.94 ", $ 593.15 
13/10/2016,1.3102E+15,28491000,Chemicals,CALCIUM CARBIDE - 50 80 MM (NOT FOR COSMETIC OR PHARMACEUTIC - AL USE OR PURPOSE),INDIA,JAMIPOL LIMITED,KOLKATA SEA (INCCU1),SOUTH AFRICA,N/A,,MTS,216.00," $ 133,298.97 ", $ 617.12 
20/9/2016,2.0092E+15,28491000,Chemicals,CALCIUM CARBIDE - 50 80 MM (NOT FOR COSMETIC OR PHARMACEUTIC - AL USE OR PURPOSE),INDIA,JAMIPOL LIMITED,KOLKATA SEA (INCCU1),SOUTH AFRICA,N/A,,MTS,216.00," $ 133,454.04 ", $ 617.84 
31/8/2016,3.1082E+15,28491000,Chemicals,CALCIUM CARBIDE 7 15MM (ADC LIST NO: 374) (LIC NO.NO.CC SC  - KA III 002 DT.13.11.2013 VLD.31.12.16),INDIA,JAMIPOL LIMITED,CHENNAI SEA (INMAA1),SOUTH AFRICA,N/A,,MTS,216.00," $ 127,954.50 ", $ 592.38 
25/8/2016,2.5082E+15,28491000,Chemicals,CALCIUM CARBIDE - 7 15 MM (NOT FOR COSMETIC OR PHARMACEUTICA - L USE OR PURPOSE),INDIA,JAMIPOL LIMITED,KOLKATA SEA (INCCU1),SOUTH AFRICA,N/A,,MTS,216.00," $ 128,922.93 ", $ 596.87 
24/8/2016,2.4082E+15,28491000,Chemicals,CALCIUM CARBIDE 50 80MM (ADC LIST NO: 374) (LIC NO.NO.CC SC  - KA III 002 DT.13.11.2013 VLD.31.12.16),INDIA,JAMIPOL LIMITED,CHENNAI SEA (INMAA1),SOUTH AFRICA,N/A,,MTS,216.00," $ 132,100.81 ", $ 611.58 
24/8/2016,2.4082E+15,28491000,Chemicals,CALCIUM CARBIDE 7 15MM (ADC LIST NO: 374) (LIC NO.NO.CC SC  - KA III 002 DT.13.11.2013 VLD.31.12.16),INDIA,JAMIPOL LIMITED,CHENNAI SEA (INMAA1),SOUTH AFRICA,N/A,,MTS,216.00," $ 127,697.45 ", $ 591.19 
24/8/2016,2.4082E+15,28491000,Chemicals,CALCIUM CARBIDE - 50 80 MM (NOT FOR COSMETIC OR PHARMACEUTIC - AL USE OR PURPOSE),INDIA,JAMIPOL LIMITED,KOLKATA SEA (INCCU1),SOUTH AFRICA,N/A,,MTS,216.00," $ 133,201.65 ", $ 616.67 
9/8/2016,0908201616607410,28491000,Chemicals,CALCIUM CARBIDE - 7 15 MM (NOT FOR COSMETIC OR PHARMACEUTICA - L USE OR PURPOSE),INDIA,JAMIPOL LIMITED,KOLKATA SEA (INCCU1),SOUTH AFRICA,N/A,,MTS,216.00," $ 129,450.05 ", $ 599.31 
8/8/2016,0808201616486933,28491000,Chemicals,CALCIUM CARBIDE SIZE 25-50 MM (ADC LIST NO:374) - LIC.NO.CC SC KA III 002  DT.13.11.2013 VLD.31.12.16),INDIA,JAMIPOL LIMITED,CHENNAI SEA (INMAA1),CHINA,N/A,,MTS,225.00," $ 123,540.03 ", $ 549.07 
4/8/2016,0408201616180009,28491000,Chemicals,CALCIUM CARBIDE 50 80MM (ADC LIST NO: 374) (LIC NO.NO.CC SC  - KA III 002 DT.13.11.2013 VLD.31.12.16),INDIA,JAMIPOL LIMITED,CHENNAI SEA (INMAA1),SOUTH AFRICA,N/A,,MTS,216.00," $ 133,464.61 ", $ 617.89 
2/8/2016,0208201615981113,28491000,Chemicals,CALCIUM CARBIDE (SIZE:25-50MM) (ADC NOC LIST S.NO.374) -,INDIA,JAMIPOL LIMITED,CHENNAI SEA (INMAA1),CHINA,N/A,,MTS,225.00," $ 124,280.46 ", $ 552.36 
1/8/2016,0108201615817027,28491000,Chemicals,CALCIUM CARBIDE SIZE 25-50 MM (ADC LIST NO:374) - LIC.NO.CC SC KA III 002  DT.13.11.2013 VLD.31.12.16),INDIA,JAMIPOL LIMITED,CHENNAI SEA (INMAA1),CHINA,N/A,,MTS,225.00," $ 124,413.00 ", $ 552.95 
1/8/2016,0108201615817026,28491000,Chemicals,CALCIUM CARBIDE - 50 80 MM (NOT FOR COSMETIC OR PHARMACEUTIC - AL USE OR PURPOSE),INDIA,JAMIPOL LIMITED,KOLKATA SEA (INCCU1),SOUTH AFRICA,N/A,,MTS,216.00," $ 134,786.11 ", $ 624.01 
26/7/2016,2.6072E+15,28419000,Chemicals,CALCIUM CARBIDE (SIZE:25-50MM) ( ADC NOC LIST S.NO.374) -,INDIA,JAMIPOL LIMITED,CHENNAI SEA (INMAA1),CHINA,N/A,,MTS,225.00," $ 123,188.55 ", $ 547.50 
25/7/2016,2.5072E+15,28491000,Chemicals,CALCIUM CARBIDE SIZE 25-50 MM (ADC LIST NO:374) - LIC.NO.CC SC KA III 002  DT.13.11.2013 VLD.31.12.16),INDIA,JAMIPOL LIMITED,CHENNAI SEA (INMAA1),CHINA,N/A,,MTS,225.00," $ 123,375.17 ", $ 548.33 
18/7/2016,1.8072E+15,28491000,Chemicals,CALCIUM CARBIDE SIZE 25-50 MM (ADC LIST NO:374) - LIC.NO.CC SC KA III 002  DT.13.11.2013 VLD.31.12.16),INDIA,JAMIPOL LIMITED,CHENNAI SEA (INMAA1),CHINA,N/A,,MTS,225.00," $ 123,760.92 ", $ 550.05 
11/7/2016,1.1072E+15,28491000,Chemicals,CALCIUM CARBIDE (SIZE:25-50MM) ( ADC NOC LIST S.NO.374) -,INDIA,JAMIPOL LIMITED,CHENNAI SEA (INMAA1),CHINA,N/A,,MTS,225.00," $ 123,545.29 ", $ 549.09 
6/7/2016,0607201613546403,28491000,Chemicals,CALCIUM CARBIDE - 50 80 MM (NOT FOR COSMETIC OR PHARMACEUTIC - AL USE OR PURPOSE),INDIA,JAMIPOL LIMITED,KOLKATA SEA (INCCU1),SOUTH AFRICA,N/A,,MTS,216.00," $ 133,211.62 ", $ 616.72 
4/7/2016,0407201613447309,28491000,Chemicals,CALCIUM CARBIDE SIZE 25-50 MM (ADC LIST NO:374) - LIC.NO.CC SC KA III 002  DT.13.11.2013 VLD.31.12.16),INDIA,JAMIPOL LIMITED,CHENNAI SEA (INMAA1),CHINA,N/A,,MTS,112.50," $ 65,149.71 ", $ 579.11 
4/7/2016,0407201613447295,28491000,Chemicals,CALCIUM CARBIDE SIZE 25-50 MM (ADC LIST NO:374) - LIC.NO.CC SC KA III 002  DT.13.11.2013 VLD.31.12.16),INDIA,JAMIPOL LIMITED,CHENNAI SEA (INMAA1),CHINA,N/A,,MTS,225.00," $ 130,299.42 ", $ 579.11 
30/6/2016,3.0062E+15,28491000,Chemicals,CALCIUM CARBIDE - 7 15 MM (NOT FOR COSMETIC OR PHARMACEUTICAL USE OR PURPOSE),INDIA,JAMIPOL LIMITED,KOLKATA SEA (INCCU1),SOUTH AFRICA,N/A,DURBAN,MTS,216.00," $ 128,591.65 ", $ 595.33 
30/6/2016,3.0062E+15,28491000,Chemicals,CALCIUM CARBIDE - 7 15 MM (NOT FOR COSMETIC OR PHARMACEUTICAL USE OR PURPOSE),INDIA,JAMIPOL LIMITED,KOLKATA SEA (INCCU1),SOUTH AFRICA,N/A,DURBAN,MTS,216.00," $ 128,591.65 ", $ 595.33 
30/6/2016,3.0062E+15,28491000,Chemicals,CALCIUM CARBIDE - 50 80 MM (NOT FOR COSMETIC OR PHARMACEUTICAL USE OR PURPOSE),INDIA,JAMIPOL LIMITED,KOLKATA SEA (INCCU1),SOUTH AFRICA,N/A,DURBAN,MTS,216.00," $ 132,987.95 ", $ 615.68 
29/6/2016,2.9062E+15,28491000,Chemicals,CALCIUM CARBIDE (SIZE:25-50MM) (ADC NOC LIST S.NO.374),INDIA,JAMIPOL LIMITED,CHENNAI SEA (INMAA1),CHINA,N/A,SHANGHAI,MTS,45.00," $ 25,348.72 ", $ 563.30 
20/6/2016,2.0062E+15,28491000,Chemicals,CALCIUM CARBIDE SIZE 25-50 MM (ADC LIST NO:374)LIC.NO.CC SC KA III 002  DT.13.11.2013 VLD.31.12.16),INDIA,JAMIPOL LIMITED,CHENNAI SEA (INMAA1),CHINA,N/A,SHANGHAI,MTS,225.00," $ 132,643.41 ", $ 589.53 
20/6/2016,2.0062E+15,28491000,Chemicals,CALCIUM CARBIDE SIZE 25-50 MM (ADC LIST NO:374)LIC.NO.CC SC KA III 002  DT.13.11.2013 VLD.31.12.16),INDIA,JAMIPOL LIMITED,CHENNAI SEA (INMAA1),CHINA,N/A,SHANGHAI,MTS,112.50," $ 64,995.77 ", $ 577.74 
4/5/2016,0405201611129008,28491000,Chemicals,CALCIUM CARBIDE 50 80MM (ADC LIST NO: 374) (LIC NO.NO.CC SC KA III 002 DT.13.11.2013 VLD.31.12.16),INDIA,JAMIPOL LIMITED,CHENNAI SEA (INMAA1),SOUTH AFRICA,N/A,DURBAN,MTS,216.00," $ 154,548.88 ", $ 715.50 
2/5/2016,0205201610888776,28491000,Chemicals,CALCIUM CARBIDE 25-50MM (ADC LIST NO: 374) (LIC NO.NO.CC SC KA III 002 DT.13.11.2013 VLD.31.12.16),INDIA,JAMIPOL LIMITED,CHENNAI SEA (INMAA1),CHINA,N/A,SHANGHAI,MTS,225.00," $ 125,265.23 ", $ 556.73 
2/5/2016,0205201610888772,28491000,Chemicals,CALCIUM CARBIDE SIZE 25-50 MM (ADC LIST NO:374)LIC.NO.CC SC KA III 002  DT.13.11.2013 VLD.31.12.16),INDIA,JAMIPOL LIMITED,CHENNAI SEA (INMAA1),CHINA,N/A,SHANGHAI,MTS,225.00," $ 125,265.23 ", $ 556.73 
21/4/2016,2.1042E+15,28491000,Chemicals,CALCIUM CARBIDE 7 15MM (ADC LIST NO: 374) (LIC NO.NO.CC SC KA III 002 DT.13.11.2013 VLD.31.12.16),INDIA,JAMIPOL LIMITED,CHENNAI SEA (INMAA1),SOUTH AFRICA,N/A,DURBAN,MTS,108.00," $ 75,935.14 ", $ 703.10 
21/4/2016,2.1042E+15,28491000,Chemicals,CALCIUM CARBIDE 50 80MM (ADC LIST NO: 374) (LIC NO.NO.CC SC KA III 002 DT.13.11.2013 VLD.31.12.16),INDIA,JAMIPOL LIMITED,CHENNAI SEA (INMAA1),SOUTH AFRICA,N/A,DURBAN,MTS,216.00," $ 156,304.45 ", $ 723.63 
20/4/2016,2.0042E+15,28491000,Chemicals,CALCIUM CARBIDE 25-50MM (ADC LIST NO: 374) (LIC NO.NO.CC SC KA III 002 DT.13.11.2013 VLD.31.12.16),INDIA,JAMIPOL LIMITED,CHENNAI SEA (INMAA1),CHINA,N/A,SHANGHAI,MTS,135.00," $ 77,004.15 ", $ 570.40 
18/4/2016,1.8042E+15,28491000,Chemicals,CALCIUM CARBIDE SIZE 25-50 MM (ADC LIST NO:374)LIC.NO.CC SC KA III 002  DT.13.11.2013 VLD.31.12.16),INDIA,JAMIPOL LIMITED,CHENNAI SEA (INMAA1),CHINA,N/A,SHANGHAI,MTS,225.00," $ 126,240.19 ", $ 561.07 
18/4/2016,1.8042E+15,28491000,Chemicals,CALCIUM CARBIDE SIZE 25-50 MM (ADC LIST NO:374)LIC.NO.CC SC KA III 002  DT.13.11.2013 VLD.31.12.16),INDIA,JAMIPOL LIMITED,CHENNAI SEA (INMAA1),CHINA,N/A,SHANGHAI,MTS,225.00," $ 126,240.19 ", $ 561.07 
15/4/2016,150420169474760,28491000,Chemicals,CALCIUM CARBIDE (CAC2) SIZE 25-50 MM (NOT FOR COSMETIC OR PHARMACEUTICAL USE OR PURPOSE),INDIA,JAMIPOL LIMITED,KOLKATA SEA (INCCU1),CHINA,N/A,SHANGHAI,KGS,112500.00," $ 69,459.93 ", $ 0.62 
15/4/2016,150420169474760,28491000,Chemicals,CALCIUM CARBIDE (NOT FOR COSMETIC OR PHARMACEUTICAL USE OR PURPOSE) (ADC LIST NO:374),INDIA,JAMIPOL LIMITED,KOLKATA SEA (INCCU1),CHINA,N/A,SHANGHAI,KGS,112500.00," $ 69,459.29 ", $ 0.62 
13/4/2016,130420169321260,28491000,Chemicals,CALCIUM CARBIDE SIZE 25-50 MM (ADC LIST NO:374),INDIA,JAMIPOL LIMITED,CHENNAI SEA (INMAA1),CHINA,N/A,SHANGHAI,MTS,225.00," $ 127,785.31 ", $ 567.93 
13/4/2016,130420169321260,28491000,Chemicals,CALCIUM CARBIDE SIZE 25-50 MM (ADC LIST 374),INDIA,JAMIPOL LIMITED,CHENNAI SEA (INMAA1),CHINA,N/A,SHANGHAI,MTS,225.00," $ 126,218.39 ", $ 560.97 
13/4/2016,130420169306950,28491000,Chemicals,CALCIUM CARBIDE SIZE : 25-50 MM  (NOT FOR COSMETIC OR  PHARMACEUTICAL USE OR PURPOSE),INDIA,JAMIPOL LIMITED,KOLKATA SEA (INCCU1),CHINA,N/A,SHANGHAI,MTS,225.00," $ 139,192.75 ", $ 618.63 
30/3/2016,300320167872430,28491000,Chemicals,CALCIUM CARBIDE 50 80MM (ADC LIST NO:374) (LIC.NO.CC SC KA III 002 DT.13.11.2013 VLD.31.12.16),INDIA,JAMIPOL LIMITED,CHENNAI SEA (INMAA1),SOUTH AFRICA,N/A,DURBAN,MTS,216.00," $ 156,194.27 ", $ 723.12 
29/3/2016,290320167557630,28491000,Chemicals,CALCIUM CARBIDE (NOT FOR COSMETIC OR PHARMACEUTICAL USE OR PURPOSE),INDIA,JAMIPOL LIMITED,KOLKATA SEA (INCCU1),CHINA,N/A,SHANGHAI,MTS,225.00," $ 139,173.38 ", $ 618.55 
22/3/2016,220320167228320,28491000,Chemicals,CALCIUM CARBIDE SIZE - 25-50 MM (ADC LIST NO:374) (LIC.NO.CC SC KA III 002  DT.13.11.2013 VLD.31.12.16),INDIA,JAMIPOL LIMITED,CHENNAI SEA (INMAA1),CHINA,N/A,SHANGHAI,MTS,112.50," $ 67,813.15 ", $ 602.78 
22/3/2016,220320167228320,28491000,Chemicals,CALCIUM CARBIDE SIZE 25-50 MM (ADC LIST NO:374) (LIC.NO.CC SC KA III 002  DT.13.11.2013 VLD.31.12.16),INDIA,JAMIPOL LIMITED,CHENNAI SEA (INMAA1),CHINA,N/A,SHANGHAI,MTS,67.50," $ 40,549.84 ", $ 600.74 
22/3/2016,220320167228310,28491000,Chemicals,CALCIUM CARBIDE 25-50 MM (ADC LIST NO:374) (LIC.NO.CC SC KA III 002  DT.13.11.2013 VLD.31.12.16),INDIA,JAMIPOL LIMITED,CHENNAI SEA (INMAA1),CHINA,N/A,SHANGHAI,MTS,112.50," $ 67,583.29 ", $ 600.74 
16/3/2016,160320166692070,28491000,Chemicals,CALCIUM CARBIDE 50 80MM (ADC LIST NO:374) (LIC.NO.CC SC KA III 002 DT.13.11.2013 VLD.31.12.16),INDIA,JAMIPOL LIMITED,CHENNAI SEA (INMAA1),SOUTH AFRICA,N/A,DURBAN,MTS,216.00," $ 155,901.20 ", $ 721.76 
16/3/2016,160320166692060,28491000,Chemicals,CALCIUM CARBIDE 7 15MM (ADC LIST NO:374) (LIC.NO.CC SC KA III 002 DT.13.11.2013 VLD.31.12.16),INDIA,JAMIPOL LIMITED,CHENNAI SEA (INMAA1),SOUTH AFRICA,N/A,DURBAN,MTS,108.00," $ 75,739.23 ", $ 701.29 
14/3/2016,140320166576300,28491000,Chemicals,CALCIUM CARBIDE SIZE - 25-50 MM (ADC LIST NO:374) (LIC.NO.CC SC KA III 002  DT.13.11.2013 VLD.31.12.16),INDIA,JAMIPOL LIMITED,CHENNAI SEA (INMAA1),CHINA,N/A,SHANGHAI,MTS,112.50," $ 67,972.86 ", $ 604.20 
9/3/2016,090320168858593,28491000,Chemicals,CALCIUM CARBIDE 50 80MM (ADC LIST NO:374) (LIC.NO.CC SC KA III 002 DT.13.11.2013 VLD.31.12.16),INDIA,JAMIPOL LIMITED,CHENNAI SEA (INMAA1),SOUTH AFRICA,N/A,DURBAN,MTS,216.00," $ 155,666.93 ", $ 720.68 
27/2/2016,270220166147140,28491000,Chemicals,CALCIUM CARBIDE SIZE 25-50 MM (ADC LIST NO:374) (STORAGE LIC.NO.CC SC KA III 002   DT.13.11.2013 VALID 31.12.2016),INDIA,JAMIPOL LIMITED,CHENNAI SEA (INMAA1),CHINA,N/A,USD,MTS,225.00," $ 136,034.50 ", $ 604.60 
23/2/2016,230220164048270,28491000,Chemicals,CALCIUM CARBIDE,INDIA,JAMIPOL LIMITED,KOLKATA SEA (INCCU1),CHINA,N/A,USD,MTS,225.00," $ 137,862.21 ", $ 612.72 
17/2/2016,170220162427340,28491000,Chemicals,CALCIUM CARBIDE 7 15MM (ADC LIST NO:374) (LIC.NO.CC SC KA III 002 DT.13.11.2013 VLD.31.12.16),INDIA,JAMIPOL LIMITED,CHENNAI SEA (INMAA1),SOUTH AFRICA,N/A,DURBAN,MTS,108.00," $ 74,825.63 ", $ 692.83 
17/2/2016,170220162427340,28491000,Chemicals,CALCIUM CARBIDE 50 80MM (ADC LIST NO:374) (LIC.NO.CC SC KA III 002 DT.13.11.2013 VLD.31.12.16),INDIA,JAMIPOL LIMITED,CHENNAI SEA (INMAA1),SOUTH AFRICA,N/A,DURBAN,MTS,216.00," $ 154,020.65 ", $ 713.06 
16/2/2016,160220161967630,28491000,Chemicals,CALCIUM CARBIDE SIZE 25-50 MM (ADC LIST NO:374) (STORAGE LIC.NO.CC SC KA III 002   DT.13.11.2013 VALID 31.12.2016),INDIA,JAMIPOL LIMITED,CHENNAI SEA (INMAA1),CHINA,N/A,SHANGHAI,MTS,225.00," $ 135,853.96 ", $ 603.80 
10/2/2016,10022016307504,28491000,Chemicals,CALCIUM CARBIDE 50 80MM (ADC LIST NO:374) (LIC.NO.CC SC KA III 002 DT.13.11.2013 VLD.31.12.16),INDIA,JAMIPOL LIMITED,CHENNAI SEA (INMAA1),SOUTH AFRICA,N/A,DURBAN,MTS,216.00," $ 155,068.26 ", $ 717.91 
9/2/2016,090220163099436,28491000,Chemicals,CALCIUM CARBIDE 25-50 MM (ADC LIST NO:374) (LIC.NO.CC SC KA III 002  DT.13.11.2013 VLD.31.12.16),INDIA,JAMIPOL LIMITED,CHENNAI SEA (INMAA1),CHINA,N/A,SHANGHAI,MTS,112.50," $ 67,384.49 ", $ 598.97 
2/2/2016,020220162885743,28491000,Chemicals,CALCIUM CARBIDE SIZE - 25-50 MM (ADC LIST NO:374) (LIC.NO.CC SC KA III 002  DT.13.11.2013 VLD.31.12.16),INDIA,JAMIPOL LIMITED,CHENNAI SEA (INMAA1),CHINA,N/A,XINGANG (CHINA),MTS,225.00," $ 135,027.55 ", $ 600.12 
1/2/2016,010220161290704,28491000,Chemicals,CALCIUM CARBIDE SIZE 25-50 MM (ADC LIST NO:374) (LIC.NO.CC SC KA III 002  DT.13.11.2013 VLD.31.12.16),INDIA,JAMIPOL LIMITED,CHENNAI SEA (INMAA1),CHINA,N/A,SHANGHAI,MTS,225.00," $ 134,778.75 ", $ 599.02 
19/1/2016,190120164299650,28491000,Chemicals,CALCIUM CARBIDE 50 80MM (ADC LIST NO:374) (LIC.NO.CC SC KA III 002 DT.13.11.2013 VLD.31.12.16),INDIA,JAMIPOL LIMITED,CHENNAI SEA (INMAA1),SOUTH AFRICA,N/A,DURBAN,MTS,216.00," $ 153,204.63 ", $ 709.28 
13/1/2016,130120161935010,28491000,Chemicals,CALCIUM CARBIDE 50 80MM (ADC LIST NO:374) (LIC.NO.CC SC KA III 002 DT.13.11.2013 VLD.31.12.16),INDIA,JAMIPOL LIMITED,CHENNAI SEA (INMAA1),SOUTH AFRICA,N/A,DURBAN,MTS,21.60," $ 15,509.72 ", $ 718.04 
13/1/2016,130120161935000,28491000,Chemicals,CALCIUM CARBIDE 7 15MM (ADC LIST NO:374) (LIC.NO.CC SC KA III 002 DT.13.11.2013 VLD.31.12.16),INDIA,JAMIPOL LIMITED,CHENNAI SEA (INMAA1),SOUTH AFRICA,N/A,DURBAN,MTS,86.40," $ 60,278.93 ", $ 697.67 
13/1/2016,130120161935000,28491000,Chemicals,CALCIUM CARBIDE 50 80MM (ADC LIST NO:374) (LIC.NO.CC SC KA III 002 DT.13.11.2013 VLD.31.12.16),INDIA,JAMIPOL LIMITED,CHENNAI SEA (INMAA1),SOUTH AFRICA,N/A,DURBAN,MTS,216.00," $ 155,097.27 ", $ 718.04 
9/6/2021,1060502799,28259090,Chemicals,QUICK LIME -FINES-BP- SIZE - 0-10MM ,INDIA,JAMIPOL LIMITED,CHENNAI SEA (INMAA1),UNITED ARAB EMIRATES,UMA LIME INDUSTRY LLC,JEBEL ALI,MTS,93.67," $ 8,619.16 ", $ 92.02 
26/2/2021,1335554178,28259090,Chemicals,LUMP LIME - QUICK LIME 5-20 MM (TOTAL CAO 96% -- CALCIUM OXIDE) -- FOR INDUSTRIAL PURPOSE,INDIA,JAMIPOL LIMITED,KOLKATA SEA (INCCU1),OMAN,CARMEUSE MAJAN LLC,,MTS,110.18," $ 11,351.07 ", $ 103.02 
16/12/2020,1.6122E+15,28259090,Chemicals,QUICK LIME - QL 0/12MM (CAO-94.57% CALCIUM OXIDE)(AIFTA NO.PK-2020-AI-21-001235 DT.14.12.2020) ,INDIA,JAMIPOL LIMITED,CHENNAI SEA (INMAA1),MALAYSIA,LHOIST MALAYSIA SDN BHD,PORT KELANG,MTS,75.00," $ 6,975.00 ", $ 93.00 
15/12/2020,1.5122E+15,28259090,Chemicals,QUICK LIME - QL 0/12MM (CAO-94.57% CALCIUM OXIDE)(AIFTA NO.PK-2020-AI-21-001213 DT.08.12.2020 ) ,INDIA,JAMIPOL LIMITED,CHENNAI SEA (INMAA1),MALAYSIA,LHOIST MALAYSIA SDN BHD,PORT KELANG,MTS,100.00," $ 9,300.00 ", $ 93.00 
4/12/2020,0412202032147821,28259090,Chemicals,QUICK LIME - QL 0/12MM (CAO-95.85% CALCIUM OXIDE)(AIFTA NO.PK-2020-AI-21-001176 DT.30.11.2020 ) ,INDIA,JAMIPOL LIMITED,CHENNAI SEA (INMAA1),MALAYSIA,LHOIST MALAYSIA SDN BHD,PORT KELANG,MTS,100.00," $ 9,300.00 ", $ 93.00 
4/11/2020,0411202028689950,28259090,Chemicals,QUICK LIME - QL 0/12MM (AIFTA NO.PK-2020-AI-21-001076DT. 02 .11.2020)(CAO-95.37% CALCIUM OXIDE) ,INDIA,JAMIPOL LIMITED,CHENNAI SEA (INMAA1),MALAYSIA,LHOIST MALAYSIA SDN BHD,PORT KELANG,MTS,125.00," $ 11,485.77 ", $ 91.89 
27/10/2020,2.7102E+15,28259090,Chemicals,QUICK LIME - 5-20 MM (CAO-96.80% CALCIUM OXIDE) ,INDIA,JAMIPOL LIMITED,CHENNAI SEA (INMAA1),OMAN,CARMEUSE MAJAN LLC,SALALAH,MTS,152.36," $ 14,020.29 ", $ 92.02 
12/10/2020,1.2102E+15,28259090,Chemicals,QUICK LIME - QL 0/12MM (AIFTA NO.PK-2020-AI-21-000963DT.07.10.2020)(CAO-95.42% CALCIUM OXIDE) ,INDIA,JAMIPOL LIMITED,CHENNAI SEA (INMAA1),MALAYSIA,LHOIST MALAYSIA SDN BHD,PORT KELANG,MTS,75.00," $ 6,975.00 ", $ 93.00 
3/10/2020,0310202025536793,28259090,Chemicals,QUICK LIME - 5-20 MM (CAO-96% CALCIUM OXIDE) ,INDIA,JAMIPOL LIMITED,CHENNAI SEA (INMAA1),OMAN,CARMEUSE MAJAN LLC,SALALAH,MTS,108.62," $ 9,995.29 ", $ 92.02 
24/9/2020,2.4092E+15,28259090,Chemicals,QUICK LIME - QL 0/12MM (AIFTA NO.PK-2020-AI-21-000900DT.22.09.2020)(CAO-95.35% CALCIUM OXIDE) ,INDIA,JAMIPOL LIMITED,CHENNAI SEA (INMAA1),MALAYSIA,LHOIST MALAYSIA SDN BHD,PORT KELANG,MTS,25.00," $ 2,325.00 ", $ 93.00 
24/9/2020,2.4092E+15,28259090,Chemicals,QUICK LIME - QL 0/12MM (AIFTA NO.PK-2020-AI-21-000894DT.18.09.2020)(CAO-95.35% CALCIUM OXIDE) ,INDIA,JAMIPOL LIMITED,CHENNAI SEA (INMAA1),MALAYSIA,LHOIST MALAYSIA SDN BHD,PORT KELANG,MTS,100.00," $ 9,300.00 ", $ 93.00 
21/9/2020,2.1092E+15,28259090,Chemicals,QUICK LIME - QL 0/12MM (AIFTA NO.PK-2020-AI-21-000886DT.17.09.2020)(CAO-95.35% CALCIUM OXIDE) ,INDIA,JAMIPOL LIMITED,CHENNAI SEA (INMAA1),MALAYSIA,LHOIST MALAYSIA SDN BHD,PORT KELANG,MTS,150.00," $ 13,800.00 ", $ 92.00 
8/9/2020,0809202022659770,28259090,Chemicals,QUICK LIME - 5-20 MM ,INDIA,JAMIPOL LIMITED,CHENNAI SEA (INMAA1),OMAN,CARMEUSE MAJAN LLC,SALALAH,MTS,108.22," $ 9,958.38 ", $ 92.02 
24/8/2020,2.4082E+15,28259090,Chemicals,QUICK LIME - QL 0/12MM (AIFTA NO.PK-2020-AI-21-000780DT.18.08.2020) ,INDIA,JAMIPOL LIMITED,CHENNAI SEA (INMAA1),MALAYSIA,LHOIST MALAYSIA SDN BHD,PORT KELANG,MTS,100.00," $ 9,200.00 ", $ 92.00 
11/8/2020,1.1082E+15,28259090,Chemicals,QUICK LIME - QL 0/12MM (AIFTA NO.PK-2020-AI-21-000719DT.07.08.2020) ,INDIA,JAMIPOL LIMITED,CHENNAI SEA (INMAA1),MALAYSIA,LHOIST MALAYSIA SDN BHD,PORT KELANG,MTS,100.00," $ 9,200.00 ", $ 92.00 
22/7/2020,2.2072E+15,28259090,Chemicals,QUICK LIME - QL 0/12MM (AIFTA NO.PK-2020-A1-21-000634DT.17.07.2020) ,INDIA,JAMIPOL LIMITED,CHENNAI SEA (INMAA1),MALAYSIA,LHOIST MALAYSIA SDN BHD,PORT KELANG,MTS,100.00," $ 9,200.00 ", $ 92.00 
13/7/2020,1.3072E+15,28259090,Chemicals,QUICK LIME - QL 0/12MM (AIFTA NO.PK-2020-A1-21-000595DT.08.07.2020) ,INDIA,JAMIPOL LIMITED,CHENNAI SEA (INMAA1),MALAYSIA,LHOIST MALAYSIA SDN BHD,PORT KELANG,MTS,100.00," $ 9,200.00 ", $ 92.00 
8/7/2020,0807202017731480,28259090,Chemicals,QUICK LIME - 5-20 MM ,INDIA,JAMIPOL LIMITED,CHENNAI SEA (INMAA1),OMAN,CARMEUSE MAJAN LLC,SALALAH,MTS,110.00," $ 10,122.31 ", $ 92.02 
29/6/2020,2.9062E+15,28259090,Chemicals,QUICK LIME - QL 0/12MM (AIFTA NO.PK-2020-A1-21-000539DT.23.06.2020) ,INDIA,JAMIPOL LIMITED,CHENNAI SEA (INMAA1),MALAYSIA,LHOIST MALAYSIA SDN BHD,PORT KELANG,MTS,100.00," $ 9,200.00 ", $ 92.00 
10/6/2020,1.0062E+15,28259090,Chemicals,QUICK LIME - 5-20 MM ,INDIA,JAMIPOL LIMITED,CHENNAI SEA (INMAA1),OMAN,CARMEUSE MAJAN LLC,SALALAH,MTS,110.88," $ 10,203.27 ", $ 92.02 
3/6/2020,0306202015482807,28259090,Chemicals,QUICK LIME - 5-20 MM ,INDIA,JAMIPOL LIMITED,CHENNAI SEA (INMAA1),OMAN,CARMEUSE MAJAN LLC,SALALAH,MTS,110.20," $ 10,381.29 ", $ 94.20 
3/6/2020,0306202015482788,28259090,Chemicals,QUICK LIME - 5-20 MM ,INDIA,JAMIPOL LIMITED,CHENNAI SEA (INMAA1),OMAN,CARMEUSE MAJAN LLC,SALALAH,MTS,110.06," $ 10,147.68 ", $ 92.20 
1/6/2020,0106202015467130,28259090,Chemicals,QUICK LIME - QL 0/12MM (AIFTA NO.PK-2020-A1-21-000450DT.27.05.2020) ,INDIA,JAMIPOL LIMITED,CHENNAI SEA (INMAA1),MALAYSIA,LHOIST MALAYSIA SDN BHD,PORT KELANG,MTS,150.00," $ 13,827.07 ", $ 92.18 
8/5/2020,0805202013618904,28259090,Chemicals,QUICK LIME - QL 0/12MM (AIFTA NO. PK-2020-AI-21-000408DT.05.05.2020) ,INDIA,JAMIPOL LIMITED,CHENNAI SEA (INMAA1),MALAYSIA,LHOIST MALAYSIA SDN BHD,PORT KELANG,MTS,100.00," $ 9,300.00 ", $ 93.00 
23/3/2020,2.3032E+15,28259090,Chemicals,QUICK LIME - QL 0/12MM (AIFTA NO. PK-2020-AI-21-000357DT.19.03.2020) ,INDIA,JAMIPOL LIMITED,CHENNAI SEA (INMAA1),MALAYSIA,LHOIST MALAYSIA SDN BHD,PORT KELANG,MTS,100.00," $ 9,300.00 ", $ 93.00 
19/3/2020,1.9032E+15,28259090,Chemicals,QUICK LIME - SIZE - 0-3MM(INVOICE NO.RM-IND-CNI-EXP-2020-095DT.09.03.2020 ,INDIA,JAMIPOL LIMITED,CHENNAI SEA (INMAA1),UNITED ARAB EMIRATES,RAWMAT INTERNATIONAL F .Z. E,MINA SAQR,MTS,100.39," $ 9,438.45 ", $ 94.02 
6/3/2020,0603202010567029,28259090,Chemicals,QUICK LIME - SIZE - 0-3MM(INVOICE NO.RM-IND-CNI-EXP-2020-094DT.23.02.2020 ,INDIA,JAMIPOL LIMITED,CHENNAI SEA (INMAA1),UNITED ARAB EMIRATES,RAWMAT INTERNATIONAL F .Z. E,MINA SAQR,MTS,101.03," $ 9,498.62 ", $ 94.02 
28/2/2020,280220208106340,28259090,Chemicals,QUICK LIME - SIZE - 0-3MM(INVOICE NO.RM-IND-CNI-EXP-2020-092DT.17.02.2020 ,INDIA,JAMIPOL LIMITED,CHENNAI SEA (INMAA1),UNITED ARAB EMIRATES,RAWMAT INTERNATIONAL F .Z. E,,MTS,99.14," $ 9,320.92 ", $ 94.02 
22/2/2020,220220208085640,28259090,Chemicals,QUICK LIME - SIZE - 0-3MM(INVOICE NO.RM-IND-CNI-EXP-2020-091DT.06.02.2020 ,INDIA,JAMIPOL LIMITED,CHENNAI SEA (INMAA1),UNITED ARAB EMIRATES,RAWMAT INTERNATIONAL F .Z. E,MINA SAQR,MTS,81.83," $ 7,693.47 ", $ 94.02 
17/2/2020,170220208041360,28259090,Chemicals,QUICK LIME - 5-20 MM ,INDIA,JAMIPOL LIMITED,CHENNAI SEA (INMAA1),OMAN,CARMEUSE MAJAN LLC,SALALAH,MTS,87.48," $ 8,224.64 ", $ 94.02 
17/2/2020,170220208040420,28259090,Chemicals,QUICK LIME - QL 0/12MM (AIFTA NO. PK-2020-AI-21-000177DT.14.02.2020) ,INDIA,JAMIPOL LIMITED,CHENNAI SEA (INMAA1),MALAYSIA,LHOIST MALAYSIA SDN BHD,PORT KELANG,MTS,200.00," $ 18,600.00 ", $ 93.00 
5/12/2019,0512201918784339,28259090,Chemicals,QUICK LIME - SIZE - 0-3MM ,INDIA,JAMIPOL LIMITED,CHENNAI SEA (INMAA1),UNITED ARAB EMIRATES,RAWMAT INTERNATIONAL F .Z. E,JEBEL ALI,MTS,99.62," $ 9,411.33 ", $ 94.47 
28/11/2019,2.8112E+15,28259090,Chemicals,QUICK LIME - SIZE - 0-3MM ,INDIA,JAMIPOL LIMITED,CHENNAI SEA (INMAA1),UNITED ARAB EMIRATES,RAWMAT INTERNATIONAL F .Z. E,JEBEL ALI,MTS,91.40," $ 8,593.11 ", $ 94.02 
25/11/2019,2.5112E+15,28259090,Chemicals,QUICK LIME - SIZE - 0-10MM (AIFTA NO.KL-2019-AI-21-015661DT.22.11.2019) ,INDIA,JAMIPOL LIMITED,CHENNAI SEA (INMAA1),MALAYSIA,RCI LIME SDN BHD,PORT KELANG,MTS,200.00," $ 18,103.42 ", $ 90.52 
22/11/2019,2.2112E+15,28259090,Chemicals,QUICK LIME - SIZE - 0-3MM ,INDIA,JAMIPOL LIMITED,CHENNAI SEA (INMAA1),UNITED ARAB EMIRATES,RAWMAT INTERNATIONAL F .Z. E,JEBEL ALI,MTS,100.64," $ 9,461.93 ", $ 94.02 
15/11/2019,1.5112E+15,28259090,Chemicals,QUICK LIME - SIZE - 0-3MM ,INDIA,JAMIPOL LIMITED,CHENNAI SEA (INMAA1),UNITED ARAB EMIRATES,RAWMAT INTERNATIONAL F .Z. E,JEBEL ALI,MTS,132.00," $ 12,410.34 ", $ 94.02 
7/11/2019,0711201915621687,28259090,Chemicals,QUICK LIME - SIZE - 0-3MM ,INDIA,JAMIPOL LIMITED,CHENNAI SEA (INMAA1),UNITED ARAB EMIRATES,RAWMAT INTERNATIONAL F .Z. E,JEBEL ALI,MTS,92.70," $ 8,751.63 ", $ 94.41 
31/10/2019,311020195740050,28259090,Chemicals,QUICK LIME - SIZE - 0-3MM,INDIA,JAMIPOL LIMITED,CHENNAI SEA (INMAA1),UNITED ARAB EMIRATES,RAWMAT INTERNATIONAL F .Z. E,JEBEL ALI,MTS,92.64," $ 8,709.68 ", $ 94.02 
28/10/2019,281020195707840,28259090,Chemicals,QUICK LIME - QL 0/12MM (AIFTA NO. PK-2019-AI-21-001281DT.23.10.2019),INDIA,JAMIPOL LIMITED,CHENNAI SEA (INMAA1),MALAYSIA,LHOIST MALAYSIA SDN BHD,PORT KELANG,MTS,200.00," $ 18,600.00 ", $ 93.00 
24/10/2019,241020195685200,28259090,Chemicals,QUICK LIME - SIZE - 0-3MM,INDIA,JAMIPOL LIMITED,CHENNAI SEA (INMAA1),UNITED ARAB EMIRATES,RAWMAT INTERNATIONAL F .Z. E,JEBEL ALI,MTS,93.64," $ 8,803.82 ", $ 94.02 
17/10/2019,171020195619940,28259090,Chemicals,QUICK LIME - SIZE - 0-3MM,INDIA,JAMIPOL LIMITED,CHENNAI SEA (INMAA1),UNITED ARAB EMIRATES,RAWMAT INTERNATIONAL F .Z. E,JEBEL ALI,MTS,94.30," $ 8,865.87 ", $ 94.02 
10/10/2019,101020195555440,28259090,Chemicals,QUICK LIME - SIZE - 0-3MM,INDIA,JAMIPOL LIMITED,CHENNAI SEA (INMAA1),UNITED ARAB EMIRATES,RAWMAT INTERNATIONAL F .Z. E,JEBEL ALI,MTS,94.75," $ 8,908.19 ", $ 94.02 
7/10/2019,071020195529895,28259090,Chemicals,QUICK LIME - SIZE - 0-3MM,INDIA,JAMIPOL LIMITED,CHENNAI SEA (INMAA1),UNITED ARAB EMIRATES,RAWMAT INTERNATIONAL F .Z. E,JEBEL ALI,MTS,94.81," $ 8,913.83 ", $ 94.02 
1/10/2019,011020195476160,28259090,Chemicals,QUICK LIME - SIZE - 0-3MM,INDIA,JAMIPOL LIMITED,CHENNAI SEA (INMAA1),UNITED ARAB EMIRATES,RAWMAT INTERNATIONAL F .Z. E,JEBEL ALI,MTS,101.00," $ 9,502.38 ", $ 94.08 
23/9/2019,230920192224480,28259090,Chemicals,QUICK LIME - 5-20 MM ,INDIA,JAMIPOL LIMITED,CHENNAI SEA (INMAA1),OMAN,CARMEUSE MAJAN LLC,,MTS,108.18," $ 10,170.85 ", $ 94.02 
20/9/2019,200920192205400,28259090,Chemicals,QUICK LIME - SIZE - 0-3MM ,INDIA,JAMIPOL LIMITED,CHENNAI SEA (INMAA1),UNITED ARAB EMIRATES,RAWMAT INTERNATIONAL F .Z. E,JEBEL ALI,MTS,94.85," $ 8,917.60 ", $ 94.02 
16/9/2019,160920192153820,28259090,Chemicals,QUICK LIME - 5-20 MM ,INDIA,JAMIPOL LIMITED,CHENNAI SEA (INMAA1),OMAN,CARMEUSE MAJAN LLC,SALALAH,MTS,108.10," $ 10,163.15 ", $ 94.02 
3/9/2019,030920192030210,28259090,Chemicals,QUICK LIME - 0-10 MM (AIFTA NO. KL-2019-AI-21-011856DT.29.08.2019) ,INDIA,JAMIPOL LIMITED,CHENNAI SEA (INMAA1),MALAYSIA,RCI LIME SDN BHD,KLANG,MTS,24.00," $ 2,144.06 ", $ 89.34 
3/9/2019,030920192028459,28259090,Chemicals,QUICK LIME - 5-20 MM ,INDIA,JAMIPOL LIMITED,CHENNAI SEA (INMAA1),OMAN,CARMEUSE MAJAN LLC,SALALAH,MTS,105.84," $ 9,820.98 ", $ 92.79 
21/8/2019,2.1082E+15,28259090,Chemicals,QUICK LIME - SIZE - 0-3MM,INDIA,JAMIPOL LIMITED,CHENNAI SEA (INMAA1),UNITED ARAB EMIRATES,RAWMAT INTERNATIONAL F .Z. E,JEBEL ALI,MTS,96.26," $ 8,857.60 ", $ 92.02 
19/8/2019,1.9082E+15,28259090,Chemicals,QUICK LIME - 5-20 MM,INDIA,JAMIPOL LIMITED,CHENNAI SEA (INMAA1),OMAN,CARMEUSE MAJAN LLC,SALALAH,MTS,108.94," $ 10,242.25 ", $ 94.02 
13/8/2019,1.3082E+15,28259090,Chemicals,QUICK LIME - 5-20 MM,INDIA,JAMIPOL LIMITED,CHENNAI SEA (INMAA1),OMAN,CARMEUSE MAJAN LLC,SALALAH,MTS,108.76," $ 10,225.38 ", $ 94.02 
12/7/2019,1.2072E+15,28259090,Chemicals,QUICK LIME - SIZE - 0-3MM ,INDIA,JAMIPOL LIMITED,CHENNAI SEA (INMAA1),UNITED ARAB EMIRATES,N/A,,MTS,96.28," $ 8,859.43 ", $ 92.02 
8/7/2019,0807201921662186,28259090,Chemicals,QUICK LIME - SIZE - 0-3MM ,INDIA,JAMIPOL LIMITED,CHENNAI SEA (INMAA1),UNITED ARAB EMIRATES,N/A,,MTS,95.12," $ 8,752.70 ", $ 92.02 
2/7/2019,0207201921662184,28259090,Chemicals,QUICK LIME - 5-20 MM ,INDIA,JAMIPOL LIMITED,CHENNAI SEA (INMAA1),OMAN,N/A,,MTS,87.26," $ 8,104.26 ", $ 92.87 
17/6/2019,1.7062E+15,28259090,Chemicals,QUICK LIME - 5-20 MM,INDIA,JAMIPOL LIMITED,CHENNAI SEA (INMAA1),OMAN,N/A,,MTS,109.08," $ 10,582.76 ", $ 97.02 
14/6/2019,1.4062E+15,28259090,Chemicals,QUICK LIME - SIZE - 0-3MM,INDIA,JAMIPOL LIMITED,CHENNAI SEA (INMAA1),UNITED ARAB EMIRATES,N/A,,MTS,95.27," $ 8,766.27 ", $ 92.02 
3/6/2019,0306201919099334,28259090,Chemicals,QUICK LIME - SIZE - 0-5 MM,INDIA,JAMIPOL LIMITED,CHENNAI SEA (INMAA1),OMAN,N/A,,MTS,96.36," $ 8,974.00 ", $ 93.13 
27/5/2019,2.7052E+15,28259090,Chemicals,QUICK LIME - SIZE - 0-3MM,INDIA,JAMIPOL LIMITED,CHENNAI SEA (INMAA1),UNITED ARAB EMIRATES,N/A,,MTS,91.27," $ 8,398.42 ", $ 92.02 
21/5/2019,2.1052E+15,28259090,Chemicals,QUICK LIME - SIZE - 5-20MM,INDIA,JAMIPOL LIMITED,CHENNAI SEA (INMAA1),OMAN,N/A,,MTS,96.22," $ 8,853.89 ", $ 92.02 
10/5/2019,1.0052E+15,28259090,Chemicals,QUICK LIME - SIZE - 0-3MM,INDIA,JAMIPOL LIMITED,CHENNAI SEA (INMAA1),UNITED ARAB EMIRATES,N/A,,MTS,94.37," $ 8,683.68 ", $ 92.02 
6/5/2019,0605201915486666,28259090,Chemicals,QUICK LIME 0-5 MM,INDIA,JAMIPOL LIMITED,CHENNAI SEA (INMAA1),OMAN,N/A,,MTS,97.80," $ 8,999.30 ", $ 92.02 
29/4/2019,2.9042E+15,28259090,Chemicals,QUICK LIME 0-5 MM,INDIA,JAMIPOL LIMITED,CHENNAI SEA (INMAA1),OMAN,N/A,SALALAH,MTS,96.70," $ 8,898.06 ", $ 92.02 
9/4/2019,0904201910800541,28259090,Chemicals,QUICK LIME 5-20MM,INDIA,JAMIPOL LIMITED,CHENNAI SEA (INMAA1),OMAN,N/A,SALALAH,MTS,86.94," $ 8,434.90 ", $ 97.02 
18/3/2019,180320197374510,28259090,Chemicals,QUICK LIME 5-20MM,INDIA,JAMIPOL LIMITED,CHENNAI SEA (INMAA1),OMAN,N/A,SALALAH,MTS,86.40," $ 8,382.51 ", $ 97.02 
12/3/2019,120320197326790,28259090,Chemicals,QUICK LIME 5-20MM,INDIA,JAMIPOL LIMITED,CHENNAI SEA (INMAA1),OMAN,N/A,SALALAH,MTS,87.08," $ 8,448.49 ", $ 97.02 
4/3/2019,040320197266411,28259090,Chemicals,QUICK LIME (5-20MM),INDIA,JAMIPOL LIMITED,CHENNAI SEA (INMAA1),OMAN,N/A,SALALAH,MTS,87.06," $ 8,565.52 ", $ 98.39 
25/2/2019,250220194739510,28259090,Chemicals,QUICK LIME 5-20MM,INDIA,JAMIPOL LIMITED,CHENNAI SEA (INMAA1),OMAN,N/A,,KGS,108720.00," $ 10,554.90 ", $ 0.10 
15/2/2019,150220194674420,28259090,Chemicals,QUICK LIME - SIZE - 5-15MM,INDIA,JAMIPOL LIMITED,CHENNAI SEA (INMAA1),UNITED ARAB EMIRATES,N/A,,KGS,99400.00," $ 9,344.83 ", $ 0.09 
11/2/2019,110220194674420,28259090,Chemicals,QUICK LIME (5-20MM),INDIA,JAMIPOL LIMITED,CHENNAI SEA (INMAA1),OMAN,N/A,,KGS,107540.00," $ 10,435.74 ", $ 0.10 
4/2/2019,040220194583786,28259090,Chemicals,QUICK LIME (5-20MM),INDIA,JAMIPOL LIMITED,CHENNAI SEA (INMAA1),OMAN,N/A,,KGS,152280.00," $ 14,651.57 ", $ 0.10 
1/2/2019,010220194566752,28259090,Chemicals,QUICK LIME - SIZE - 0-3MM (100% BELOW 75 MICRON),INDIA,JAMIPOL LIMITED,CHENNAI SEA (INMAA1),UNITED ARAB EMIRATES,N/A,,KGS,99400.00," $ 8,879.64 ", $ 0.09 
25/1/2019,25012019750190,25221000,Mineral Products,FINE LIME - QUICK LIME 0-5 MM (FOR METALLURGICAL PURPOSE - N\OT FOR USE IN FOOD OR COSMETICS PURPOSE),INDIA,JAMIPOL LIMITED,KOLKATA SEA (INCCU1),OMAN,N/A,SALALAH,MTS,96.68," $ 9,186.20 ", $ 95.02 
26/11/2018,261120185264090,28259090,Chemicals,QUICK LIME LUMPS 5-20MM ,INDIA,JAMIPOL LIMITED,CHENNAI SEA (INMAA1),OMAN,N/A,,MTS,239.32," $ 23,218.78 ", $ 97.02 
20/11/2018,201120185193290,28259090,Chemicals,QUICK LIME LUMPS  5-20MM ,INDIA,JAMIPOL LIMITED,CHENNAI SEA (INMAA1),OMAN,N/A,,MTS,238.46," $ 23,135.33 ", $ 97.02 
20/11/2018,201120185193250,28259090,Chemicals,QUICK LIME LUMPS  5-20MM ,INDIA,JAMIPOL LIMITED,CHENNAI SEA (INMAA1),OMAN,N/A,,MTS,238.46," $ 23,135.33 ", $ 97.02 
12/11/2018,121120185094150,28259090,Chemicals,QUICK LIME 5-20MM ,INDIA,JAMIPOL LIMITED,CHENNAI SEA (INMAA1),OMAN,N/A,,MTS,284.56," $ 28,270.09 ", $ 99.35 
24/5/2018,2.4052E+15,25221000,Mineral Products,QUICK LIME LUMPS 5-20MM ,INDIA,JAMIPOL LIMITED,CHENNAI SEA (INMAA1),OMAN,N/A,,MTS,109.00," $ 11,551.10 ", $ 105.97 
29/6/2017,2.9062E+15,25210090,Mineral Products,POWDER FLOW TESTER BCR-116  (LIMESTONE POWDER AS A MASTER SAMPLE FOR FIRST CHECKING)(QTY 1 UNT\ U.P. 625 USD),INDIA,JAMIPOL LIMITED,KOLKATA AIR CARGO (INCCU4),UNITED STATES,N/A,,KGS,1.21, $ 656.68 , $ 542.71 
29/6/2017,2.9062E+15,25210090,Mineral Products,POWDER FLOW TESTER BCR-116  (LIMESTONE POWDER AS A MASTER SAMPLE FOR FIRST CHECKING)(QTY 1 UNT\ U.P. 625 USD),INDIA,JAMIPOL LIMITED,KOLKATA AIR CARGO (INCCU4),UNITED STATES,N/A,,KGS,1.21, $ 656.68 , $ 542.71 
30/6/2023,8498445726,81043010,Metals,MAGNESIUM DESULPHURIZATION REAGENT (MAGNESIUM BASED DESULPHURISING COMPOUND) - INDUSTRIAL USE.,INDIA,JAMIPOL LIMITED,KOLKATA SEA (INCCU1),CHINA,KEWEIER METALLURGIE CO LIMITED,XINGANG (CHINA),KGS,48000.00," $ 149,066.38 ", $ 3.11 
3/6/2023,8497924034,81043010,Metals,MAGNESIUM DESULPHURIZATION REAGENT (MAGNESIUM BASED DESULPHURISING COMPOUND) - INDUSTRIAL USE.,INDIA,JAMIPOL LIMITED,KOLKATA SEA (INCCU1),CHINA,"KEWEIER METAL CO., LIMITED",XINGANG (CHINA),KGS,48000.00," $ 165,629.31 ", $ 3.45 
3/6/2023,8497348669,81043010,Metals,MAGNESIUM DESULFURIZER (MAG97 - MAGNESIUM BASED DESULPHURISING COMPOUND) - FOR INDUSTRY USE,INDIA,JAMIPOL LIMITED,KOLKATA SEA (INCCU1),CHINA,WEALTH INTERNATIONAL TRADE AND INVESTMENT CO LTD,XINGANG (CHINA),MTS,120.00," $ 371,465.73 "," $ 3,095.55 "
25/5/2023,8849547842,81043010,Metals,MAGNESIUM DESULPHURIZATION REAGENT (INDUSTRIAL USE ONLY),INDIA,JAMIPOL LIMITED,CHENNAI SEA (INMAA1),CHINA,KEWEIER METALLURGIE CO LIMITED,XINGANG,KGS,48000.00," $ 142,105.15 ", $ 2.96 
23/5/2023,8849010680,81043010,Metals,MAGNESIUM DESULFURIZER (MAG97 - MAGNESIUM BASED DESULPHURISING COMPOUND) - FOR INDUSTRY USE,INDIA,JAMIPOL LIMITED,KOLKATA SEA (INCCU1),CHINA,WEALTH INTERNATIONAL TRADE AND INVESTMENT CO LTD,XINGANG (CHINA),MTS,96.00," $ 297,172.59 "," $ 3,095.55 "
8/5/2023,8848988245,81043010,Metals,MAGNESIUM DESULFURIZER (MAG97 - MAGNESIUM BASED DESULPHURISING COMPOUND) - FOR INDUSTRY USE,INDIA,JAMIPOL LIMITED,KOLKATA SEA (INCCU1),CHINA,WEALTH INTERNATIONAL TRADE AND INVESTMENT CO LTD,XINGANG (CHINA),MTS,96.00," $ 297,172.59 "," $ 3,095.55 "
5/5/2023,8849276503,81043010,Metals,MAGNESIUM DESULFURIZER MAG 97(MAGNESIUM BASED DESULPHURISINGCOMPOUND),INDIA,JAMIPOL LIMITED,CHENNAI SEA (INMAA1),CHINA,WEALTH INTERNATIONAL TRADE AND INVESTMENT CO LTD,XINGANG (CHINA),KGS,48000.00," $ 148,106.21 ", $ 3.09 
24/4/2023,7855524515,81043010,Metals,MAGNESIUM DESULPHURIZATION REAGENT (MAGNESIUM BASED DESULPHURISING COMPOUND) - INDUSTRIAL USE.,INDIA,JAMIPOL LIMITED,KOLKATA SEA (INCCU1),CHINA,"KEWEIER METAL CO., LIMITED",XINGANG (CHINA),KGS,48000.00," $ 165,629.31 ", $ 3.45 
24/4/2023,7855507677,81043010,Metals,MAGNESIUM DESULPHURIZATION REAGENT (MAGNESIUM BASED DESULPHURISING COMPOUND) - INDUSTRIAL USE.,INDIA,JAMIPOL LIMITED,KOLKATA SEA (INCCU1),CHINA,"KEWEIER METAL CO., LIMITED",TIANJIN,KGS,144000.00," $ 496,887.93 ", $ 3.45 
27/3/2023,0799135841,81043010,Metals,MAGNESIUM DESULPHURIZATION REAGENT (MAGNESIUM BASED DESULPHURISING COMPOUND) - INDUSTRIAL USE.,INDIA,JAMIPOL LIMITED,KOLKATA SEA (INCCU1),CHINA,"KEWEIER METAL CO., LIMITED",TIANJIN,KGS,72000.00," $ 248,443.96 ", $ 3.45 
24/3/2023,0799119392,81043010,Metals,MAGNESIUM DESULPHURIZATION REAGENT (MAGNESIUM BASED DESULPHURISING COMPOUND) - INDUSTRIAL USE.,INDIA,JAMIPOL LIMITED,KOLKATA SEA (INCCU1),CHINA,"KEWEIER METAL CO., LIMITED",TIANJIN,KGS,96000.00," $ 331,258.62 ", $ 3.45 
19/3/2023,0798924118,81043010,Metals,MAGNESIUM DESULPHURIZATION REAGENT (MAGNESIUM BASED DESULPHURISING COMPOUND) - INDUSTRIAL USE.,INDIA,JAMIPOL LIMITED,KOLKATA SEA (INCCU1),CHINA,"KEWEIER METAL CO., LIMITED",TIANJINXINGANG,KGS,72000.00," $ 248,443.96 ", $ 3.45 
10/3/2023,0798493659,81043010,Metals,MAGNESIUM DESULPHURIZATION REAGENT (MAGNESIUM BASED DESULPHURISING COMPOUND) - INDUSTRIAL USE.,INDIA,JAMIPOL LIMITED,KOLKATA SEA (INCCU1),CHINA,"KEWEIER METAL CO., LIMITED",XINGANG,KGS,120000.00," $ 414,073.27 ", $ 3.45 
6/3/2023,0798455162,81043010,Metals,MAGNESIUM DESULPHURIZATION REAGENT (MAGNESIUM BASED DESULPHURISING COMPOUND) - INDUSTRIAL USE.,INDIA,JAMIPOL LIMITED,KOLKATA SEA (INCCU1),CHINA,"KEWEIER METAL CO., LIMITED",XINGANG,KGS,62704.50," $ 216,368.81 ", $ 3.45 
6/3/2023,0798455161,81043010,Metals,MAGNESIUM DESULPHURIZATION REAGENT (MAGNESIUM BASED DESULPHURISING COMPOUND) - INDUSTRIAL USE.,INDIA,JAMIPOL LIMITED,KOLKATA SEA (INCCU1),CHINA,"KEWEIER METAL CO., LIMITED",XINGANG,KGS,9295.50," $ 32,075.15 ", $ 3.45 
15/2/2023,9325666319,81043010,Metals,MAGNESIUM DESULPHURIZATION REAGENT (MAGNESIUM BASED DESULPHURISING COMPOUND) - INDUSTRIAL USE.,INDIA,JAMIPOL LIMITED,KOLKATA SEA (INCCU1),CHINA,"KEWEIER METAL CO., LIMITED",XINGANG (CHINA),KGS,48000.00," $ 165,629.31 ", $ 3.45 
3/2/2023,9325900985,81043010,Metals,MAGNESIUM DESULPHURIZATION REAGENT,INDIA,JAMIPOL LIMITED,"HAZIRA,SURAT (INHZA1)",CHINA,"KEWEIER METAL CO., LIMITED",TIANJINXINGANG,KGS,48000.00," $ 160,828.46 ", $ 3.35 
2/2/2023,9325646722,81043010,Metals,MAGNESIUM DESULPHURIZATION REAGENT (MAGNESIUM BASED DESULPHURISING COMPOUND) - INDUSTRIAL USE.,INDIA,JAMIPOL LIMITED,KOLKATA SEA (INCCU1),CHINA,"KEWEIER METAL CO., LIMITED",XINGANG (CHINA),KGS,8934.60," $ 30,662.17 ", $ 3.43 
2/2/2023,9325646721,81043010,Metals,MAGNESIUM DESULPHURIZATION REAGENT (MAGNESIUM BASED DESULPHURISING COMPOUND) - INDUSTRIAL USE.,INDIA,JAMIPOL LIMITED,KOLKATA SEA (INCCU1),CHINA,"KEWEIER METAL CO., LIMITED",XINGANG (CHINA),KGS,15065.40," $ 51,702.13 ", $ 3.43 
2/2/2023,9325646720,81043010,Metals,MAGNESIUM DESULPHURIZATION REAGENT (MAGNESIUM BASED DESULPHURISING COMPOUND) - INDUSTRIAL USE.,INDIA,JAMIPOL LIMITED,KOLKATA SEA (INCCU1),CHINA,"KEWEIER METAL CO., LIMITED",XINGANG (CHINA),KGS,48000.00," $ 174,278.09 ", $ 3.63 
20/1/2023,5660379427,81043010,Metals,MAGNESIUM DESULPHURIZATION REAGENT (MAGNESIUM BASED DESULPHURISING COMPOUND) - INDUSTRIAL USE.,INDIA,JAMIPOL LIMITED,KOLKATA SEA (INCCU1),CHINA,"KEWEIER METAL CO., LIMITED",TIANJINXINGANG,KGS,48000.00," $ 175,231.01 ", $ 3.65 
25/12/2022,8483605184,81043010,Metals,MAGNESIUM DESULPHURIZATION REAGENT (MAGNESIUM BASED DESULPHURISING COMPOUND) - INDUSTRIAL USE.,INDIA,JAMIPOL LIMITED,KOLKATA SEA (INCCU1),CHINA,"KEWEIER METAL CO., LIMITED",TIANJINXINGANG,KGS,19469.00," $ 71,074.42 ", $ 3.65 
25/12/2022,8483605183,81043010,Metals,MAGNESIUM DESULPHURIZATION REAGENT (MAGNESIUM BASED DESULPHURISING COMPOUND) - INDUSTRIAL USE.,INDIA,JAMIPOL LIMITED,KOLKATA SEA (INCCU1),CHINA,"KEWEIER METAL CO., LIMITED",TIANJINXINGANG,KGS,52531.00," $ 191,772.08 ", $ 3.65 
8/12/2022,8483578397,81043010,Metals,MAGNESIUM DESULPHURIZATION REAGENT (MAGNESIUM BASED DESULPHURISING COMPOUND) - INDUSTRIAL USE.,INDIA,JAMIPOL LIMITED,KOLKATA SEA (INCCU1),CHINA,"KEWEIER METAL CO., LIMITED",TIANJINXINGANG,KGS,28714.00," $ 104,824.65 ", $ 3.65 
8/12/2022,8483578396,81043010,Metals,MAGNESIUM DESULPHURIZATION REAGENT (MAGNESIUM BASED DESULPHURISING COMPOUND) - INDUSTRIAL USE.,INDIA,JAMIPOL LIMITED,KOLKATA SEA (INCCU1),CHINA,"KEWEIER METAL CO., LIMITED",TIANJINXINGANG,KGS,43286.00," $ 158,021.86 ", $ 3.65 
21/10/2022,9200246455,81043010,Metals,MAGNESIUM DESULPHURIZATION REAGENT (MAGNESIUM BASED DESULPHURISING COMPOUND) - INDUSTRIAL USE. ,INDIA,JAMIPOL LIMITED,KOLKATA SEA (INCCU1),CHINA,"KEWEIER METAL CO., LIMITED",TIANJIN,MTS,72.00," $ 262,846.51 "," $ 3,650.65 "
20/10/2022,9200239540,81043010,Metals,MAGNESIUM DESULPHURIZER (MAG 97 MAGNESIUM BASED DESULPHURISING COMPOUND) - INDUSTRIAL USE. ,INDIA,JAMIPOL LIMITED,KOLKATA SEA (INCCU1),CHINA,WEALTH INTERNATIONAL TRADE AND INVESTMENT CO LTD,XINGANG (CHINA),MTS,72.00," $ 262,846.51 "," $ 3,650.65 "
29/9/2022,1322816742,81043010,Metals,MAGNESIUM DESULPHURIZER (MAG 97 MAGNESIUM BASED DESULPHURISING COMPOUND) - INDUSTRIAL USE. ,INDIA,JAMIPOL LIMITED,KOLKATA SEA (INCCU1),CHINA,WEALTH INTERNATIONAL TRADE AND INVESTMENT CO LTD,,MTS,72.00," $ 262,846.51 "," $ 3,650.65 "
27/9/2022,1322832018,81043010,Metals,MAGNESIUM DESULPHURIZATION REAGENT (MAGNESIUM BASED DESULPHURISING COMPOUND) - INDUSTRIAL USE. ,INDIA,JAMIPOL LIMITED,KOLKATA SEA (INCCU1),CHINA,"KEWEIER METAL CO., LIMITED",,KGS,807.55," $ 2,948.07 ", $ 3.65 
27/9/2022,1322832017,81043010,Metals,MAGNESIUM DESULPHURIZATION REAGENT (MAGNESIUM BASED DESULPHURISING COMPOUND) - INDUSTRIAL USE. ,INDIA,JAMIPOL LIMITED,KOLKATA SEA (INCCU1),CHINA,"KEWEIER METAL CO., LIMITED",,KGS,71192.50," $ 259,898.43 ", $ 3.65 
25/8/2022,0284054830,81043010,Metals,MAGNESIUM DESULPHURIZATION REAGENT (MAGNESIUM BASED DESULPHURISING COMPOUND) - INDUSTRIAL USE. ,INDIA,JAMIPOL LIMITED,KOLKATA SEA (INCCU1),CHINA,"KEWEIER METAL CO., LIMITED",,MTS,72.00," $ 456,200.73 "," $ 6,336.12 "
25/8/2022,0284054828,81043010,Metals,MAGNESIUM DESULPHURIZATION REAGENT (MAGNESIUM BASED DESULPHURISING COMPOUND) - INDUSTRIAL USE. ,INDIA,JAMIPOL LIMITED,KOLKATA SEA (INCCU1),CHINA,"KEWEIER METAL CO., LIMITED",,MTS,72.00," $ 456,200.73 "," $ 6,336.12 "
24/8/2022,0284051306,81043010,Metals,MAGNESIUM DESULPHURIZATION REAGENT (MAGNESIUM BASED DESULPHURISING COMPOUND) - INDUSTRIAL USE. ,INDIA,JAMIPOL LIMITED,KOLKATA SEA (INCCU1),CHINA,"KEWEIER METAL CO., LIMITED",,MTS,72.00," $ 456,200.73 "," $ 6,336.12 "
5/8/2022,0284123801,81043010,Metals,MAGNESIUM DESULPHURIZATION REAGENT (MAGNESIUM BASED DESULPHURISING COMPOUND) - INDUSTRIAL USE. ,INDIA,JAMIPOL LIMITED,KOLKATA SEA (INCCU1),CHINA,"KEWEIER METAL CO., LIMITED",,MTS,96.00," $ 608,267.64 "," $ 6,336.12 "
5/8/2022,0284123800,81043010,Metals,MAGNESIUM DESULPHURIZATION REAGENT (MAGNESIUM BASED DESULPHURISING COMPOUND) - INDUSTRIAL USE. ,INDIA,JAMIPOL LIMITED,KOLKATA SEA (INCCU1),CHINA,"KEWEIER METAL CO., LIMITED",,MTS,72.00," $ 456,200.73 "," $ 6,336.12 "
20/7/2022,1025683136,81043010,Metals,MAGNESIUM DESULPHURIZATION REAGENT (INDUSTRIAL USE ONLY) ,INDIA,JAMIPOL LIMITED,CHENNAI SEA (INMAA1),CHINA,"KEWEIER METAL CO., LIMITED",,KGS,48000.00," $ 304,133.81 ", $ 6.34 
15/7/2022,1091063803,81043010,Metals,MAGNESIUM DESULPHURIZATION REAGENT (MAGNESIUM BASED DESULPHURISING COMPOUND) - INDUSTRIAL USE. ,INDIA,JAMIPOL LIMITED,KOLKATA SEA (INCCU1),CHINA,"KEWEIER METAL CO., LIMITED",,MTS,72.00," $ 456,200.73 "," $ 6,336.12 "
6/7/2022,1062815354,81043010,Metals,MAGNESIUM DESULFURIZER (MAG 97 MAGNESIUM BASED DESULPHURISING COMPOUND) - FOR INDUSTRY USE ONLY ,INDIA,JAMIPOL LIMITED,KOLKATA SEA (INCCU1),CHINA,WEALTH INTERNATIONAL TRADE AND INVESTMENT CO LTD,,MTS,72.00," $ 456,200.73 "," $ 6,336.12 "
6/7/2022,1054075041,81043010,Metals,MAGNESIUM DESULPHURIZATION REAGENT (MAGNESIUM BASED DESULPHURISING COMPOUND) - INDUSTRIAL USE. ,INDIA,JAMIPOL LIMITED,KOLKATA SEA (INCCU1),CHINA,"KEWEIER METAL CO., LIMITED",,MTS,72.00," $ 456,200.73 "," $ 6,336.12 "
27/6/2022,1115467972,81043010,Metals,MAGNESIUM DESULPHURIZATION REAGENT (MAGNESIUM BASED DESULPHURISING COMPOUND) - INDUSTRIAL USE. ,INDIA,JAMIPOL LIMITED,KOLKATA SEA (INCCU1),CHINA,"KEWEIER METAL CO., LIMITED",,MTS,24.00," $ 152,066.91 "," $ 6,336.12 "
12/6/2022,1159589915,81043010,Metals,MAGNESIUM DESULFURIZER (MAG 97 MAGNESIUM BASED DESULPHURISING COMPOUND) - FOR INDUSTRY USE ONLY ,INDIA,JAMIPOL LIMITED,KOLKATA SEA (INCCU1),CHINA,WEALTH INTERNATIONAL TRADE AND INVESTMENT CO LTD,,MTS,72.00," $ 456,200.73 "," $ 6,336.12 "
31/5/2022,1151476732,81043010,Metals,MAGNESIUM DESULFURIZER (MAG 97 MAGNESIUM BASED DESULPHURISING COMPOUND) - FOR INDUSTRY USE ONLY ,INDIA,JAMIPOL LIMITED,KOLKATA SEA (INCCU1),CHINA,WEALTH INTERNATIONAL TRADE AND INVESTMENT CO LTD,,MTS,48.00," $ 304,133.82 "," $ 6,336.12 "
19/5/2022,1101090283,81043010,Metals,MAGNESIUM DESULPHURIZATION REAGENT (MAGNESIUM BASED DESULPHURISING COMPOUND) - INDUSTRIAL USE. ,INDIA,JAMIPOL LIMITED,KOLKATA SEA (INCCU1),CHINA,"KEWEIER METAL CO., LIMITED",,MTS,120.00," $ 891,157.70 "," $ 7,426.31 "
19/5/2022,1029265546,81043010,Metals,MAGNESIUM DESULPHURIZATION REAGENT (MAGNESIUM BASED DESULPHURISING COMPOUND) - INDUSTRIAL USE. ,INDIA,JAMIPOL LIMITED,KOLKATA SEA (INCCU1),CHINA,"KEWEIER METAL CO., LIMITED",,MTS,72.00," $ 534,694.62 "," $ 7,426.31 "
19/5/2022,1077289528,81043010,Metals,MAGNESIUM DESULFURIZER ( MAG97 MAGNESIUM BASED DESULPHURISING COMPOUND) - FOR INDUSTRY USE ONLY ,INDIA,JAMIPOL LIMITED,KOLKATA SEA (INCCU1),CHINA,WEALTH INTERNATIONAL TRADE AND INVESTMENT CO LTD,,MTS,49.50," $ 367,602.55 "," $ 7,426.31 "
17/5/2022,1079431314,81043010,Metals,MAGNESIUM DESULPHURIZATION REAGENT (INDUSTRIAL USE ONLY) ,INDIA,JAMIPOL LIMITED,CHENNAI SEA (INMAA1),CHINA,"KEWEIER METAL CO., LIMITED",,KGS,48000.00," $ 408,072.21 ", $ 8.50 
5/5/2022,1023830076,81043010,Metals,MAGNESIUM DESULFURIZER (MAG 97 MAGNESIUM BASED DESULPHURISING COMPOUND) - FOR INDUSTRY USE ONLY ,INDIA,JAMIPOL LIMITED,KOLKATA SEA (INCCU1),CHINA,WEALTH INTERNATIONAL TRADE AND INVESTMENT CO LTD,,MTS,99.00," $ 735,205.10 "," $ 7,426.31 "
22/4/2022,1005918759,81043010,Metals,MAGNESIUM DESULPHURIZATION REAGENT(INDUSTRIAL USE ONLY) ,INDIA,JAMIPOL LIMITED,CHENNAI SEA (INMAA1),CHINA,"KEWEIER METAL CO., LIMITED",,KGS,72000.00," $ 612,108.32 ", $ 8.50 
20/4/2022,1006800838,81043010,Metals,MAGNESIUM DESULPHURIZATION REAGENT (INDUSTRIAL USE ONLY) ,INDIA,JAMIPOL LIMITED,CHENNAI SEA (INMAA1),CHINA,"KEWEIER METAL CO., LIMITED",,KGS,72000.00," $ 612,108.32 ", $ 8.50 
20/4/2022,1118047737,81043010,Metals,MAGNESIUM DESULFURIZER MAG 97(MAGNESIUM BASED DESULPHURISINGCOMPOUND) ,INDIA,JAMIPOL LIMITED,CHENNAI SEA (INMAA1),CHINA,WEALTH INTERNATIONAL TRADE AND INVESTMENT CO LTD,,KGS,24750.00," $ 183,306.19 ", $ 7.41 
8/4/2022,1067281333,81043010,Metals,MAGNESIUM DESULFURIZER (MAG 97 MAGNESIUM BASED DESULPHURISINGCOMPOUND) ,INDIA,JAMIPOL LIMITED,CHENNAI SEA (INMAA1),CHINA,WEALTH INTERNATIONAL TRADE AND INVESTMENT CO LTD,,KGS,49500.00," $ 367,602.55 ", $ 7.43 
31/3/2022,1150651267,81043010,Metals,MAGNESIUM DESULPHURIZATION REAGENT (MAGNESIUM BASED DESULPHURISING COMPOUND) - INDUSTRIAL USE. ,INDIA,JAMIPOL LIMITED,KOLKATA SEA (INCCU1),CHINA,"KEWEIER METAL CO., LIMITED",,MTS,0.42," $ 3,096.77 "," $ 7,426.31 "
31/3/2022,1424102947,81043010,Metals,MAGNESIUM DESULPHURIZATION REAGENT (MAGNESIUM BASED DESULPHURISING COMPOUND) - INDUSTRIAL USE. ,INDIA,JAMIPOL LIMITED,KOLKATA SEA (INCCU1),CHINA,"KEWEIER METAL CO., LIMITED",,MTS,71.58," $ 531,597.85 "," $ 7,426.31 "
23/3/2022,1478294955,81043010,Metals,MAGNESIUM DESULPHURIZATION REAGENT (MAGNESIUM BASED DESULPHURISING COMPOUND) - FOR INDUSTRIAL USE. ,INDIA,JAMIPOL LIMITED,KOLKATA SEA (INCCU1),CHINA,"KEWEIER METAL CO., LIMITED",,MTS,48.00," $ 356,463.08 "," $ 7,426.31 "
21/3/2022,1871353102,81043010,Metals,MAGNESIUM DESULPHURIZATION REAGENT(INDUSTRIAL USE ONLY) (PURCHASE ORDER NO.3500000803 DT.31/12/2021) ,INDIA,JAMIPOL LIMITED,CHENNAI SEA (INMAA1),CHINA,"KEWEIER METAL CO., LIMITED",,KGS,48000.00," $ 388,868.83 ", $ 8.10 
21/3/2022,1691298486,81043010,Metals,MAGNESIUM DESULPHURIZATION REAGENT(INDUSTRIAL USE ONLY) (PURCHASE ORDER NO.3500000804 DT.10/01/2022) ,INDIA,JAMIPOL LIMITED,CHENNAI SEA (INMAA1),CHINA,"KEWEIER METAL CO., LIMITED",,KGS,24000.00," $ 204,036.11 ", $ 8.50 
21/3/2022,1552862642,81043010,Metals,MAGNESIUM DESULFURIZER MAG 97(MAGNESIUM BASED DESULPHURISINGCOMPOUND) ,INDIA,JAMIPOL LIMITED,CHENNAI SEA (INMAA1),CHINA,WEALTH INTERNATIONAL TRADE AND INVESTMENT CO LTD,,KGS,99000.00," $ 733,224.75 ", $ 7.41 
8/3/2022,1357183220,81043010,Metals,MAGNESIUM DESULPHURIZATION REAGENT(INDUSTRIAL USE ONLY) ,INDIA,JAMIPOL LIMITED,CHENNAI SEA (INMAA1),CHINA,"KEWEIER METAL CO., LIMITED",,KGS,48000.00," $ 388,868.81 ", $ 8.10 
27/11/2021,1075428511,81043010,Metals,MAGNESIUM DESULFURIZER MAG 97(MAGNESIUM BASED DESULPHURISINGCOMPOUND) ,INDIA,JAMIPOL LIMITED,CHENNAI SEA (INMAA1),CHINA,WEALTH INTERNATIONAL TRADE AND INVESTMENT CO LTD,,KGS,49500.00," $ 502,018.84 ", $ 10.14 
8/11/2021,1077539677,81043010,Metals,MAGNESIUM DESULFURIZER MAG 97(MAGNESIUM BASED DESULPHURISINGCOMPOUND) ,INDIA,JAMIPOL LIMITED,CHENNAI SEA (INMAA1),CHINA,WEALTH INTERNATIONAL TRADE AND INVESTMENT CO LTD,,KGS,1088.20," $ 11,036.30 ", $ 10.14 
8/11/2021,1085118870,81043010,Metals,MAGNESIUM DESULFURIZER MAG 97(MAGNESIUM BASED DESULPHURISINGCOMPOUND) ,INDIA,JAMIPOL LIMITED,CHENNAI SEA (INMAA1),CHINA,WEALTH INTERNATIONAL TRADE AND INVESTMENT CO LTD,,KGS,97911.80," $ 993,001.38 ", $ 10.14 
12/10/2021,1186115567,81043010,Metals,MAGNESIUM DESULFURIZER (MAG97 MAGNESIUM BASED DESULPHURISINGCOMPOUND) - INDUSTRIAL USE. ,INDIA,JAMIPOL LIMITED,KOLKATA SEA (INCCU1),CHINA,WEALTH INTERNATIONAL TRADE AND INVESTMENT CO LTD,,MTS,74.25," $ 235,042.84 "," $ 3,165.56 "
30/9/2021,1180187739,81043010,Metals,MAGNESIUM DESULFURIZER (MAG97 MAGNESIUM BASED DESULPHURISINGCOMPOUND) - INDUSTRIAL USE. ,INDIA,JAMIPOL LIMITED,KOLKATA SEA (INCCU1),CHINA,WEALTH INTERNATIONAL TRADE AND INVESTMENT CO LTD,,MTS,99.00," $ 325,272.56 "," $ 3,285.58 "
14/9/2021,1405741334,81043010,Metals,MAGNESIUM DESULFURIZER MAG 97(MAGNESIUM BASED DESULPHURISINGCOMPOUND) ,INDIA,JAMIPOL LIMITED,CHENNAI SEA (INMAA1),CHINA,WEALTH INTERNATIONAL TRADE AND INVESTMENT CO LTD,,KGS,74250.00," $ 233,557.58 ", $ 3.15 
2/9/2021,1237307781,81043010,Metals,MAGNESIUM DESULFURIZER (MAG97 MAGNESIUM BASED DESULPHURISINGCOMPOUND) - INDUSTRIAL USE. ,INDIA,JAMIPOL LIMITED,KOLKATA SEA (INCCU1),CHINA,WEALTH INTERNATIONAL TRADE AND INVESTMENT CO LTD,,MTS,49.50," $ 165,385.37 "," $ 3,341.12 "
2/9/2021,1041406436,81043010,Metals,MAGNESIUM DESULFURIZER (MAG97 MAGNESIUM BASED DESULPHURISINGCOMPOUND) - INDUSTRIAL USE. ,INDIA,JAMIPOL LIMITED,KOLKATA SEA (INCCU1),CHINA,WEALTH INTERNATIONAL TRADE AND INVESTMENT CO LTD,,MTS,49.50," $ 165,385.37 "," $ 3,341.12 "
19/8/2021,1227325645,81043010,Metals,MAGNESIUM DESULFURIZER MAG 97(MAGNESIUM BASED DESULPHURISINGCOMPOUND) ,INDIA,JAMIPOL LIMITED,CHENNAI SEA (INMAA1),CHINA,WEALTH INTERNATIONAL TRADE AND INVESTMENT CO LTD,TIANJIN,KGS,49500.00," $ 155,705.05 ", $ 3.15 
10/6/2021,1003243091,81043010,Metals,MAGNESIUM DESULFURIZER (MAG97 MAGNESIUM BASED DESULPHURISINGCOMPOUND) - INDUSTRIAL USE. ,INDIA,JAMIPOL LIMITED,KOLKATA SEA (INCCU1),CHINA,WEALTH INTERNATIONAL TRADE AND INVESTMENT CO LTD,XINGANG (CHINA),MTS,96.00," $ 227,560.27 "," $ 2,370.42 "
27/5/2021,1128054658,81043010,Metals,MAGNESIUM DESULFURIZATION REAGENT (MAGNESIUM BASED DESULPHURISING COMPOUND) - INDUSTRIAL USE. ,INDIA,JAMIPOL LIMITED,KOLKATA SEA (INCCU1),CHINA,"KEWEIER METAL CO., LIMITED",,MTS,48.00," $ 116,660.64 "," $ 2,430.43 "
24/5/2021,1017282592,81043010,Metals,MAGNESIUM DESULFURIZER (MAG97 MAGNESIUM BASED DESULPHURISINGCOMPOUND) - INDUSTRIAL USE. ,INDIA,JAMIPOL LIMITED,KOLKATA SEA (INCCU1),CHINA,WEALTH INTERNATIONAL TRADE AND INVESTMENT CO LTD,,MTS,96.00," $ 227,560.27 "," $ 2,370.42 "
12/5/2021,1143164679,81043010,Metals,MAGNESIUM DESULFURIZER (MAG97 MAGNESIUM BASED DESULPHURISINGCOMPOUND) - INDUSTRIAL USE. ,INDIA,JAMIPOL LIMITED,KOLKATA SEA (INCCU1),CHINA,WEALTH INTERNATIONAL TRADE AND INVESTMENT CO LTD,XINGANG (CHINA),MTS,48.00," $ 113,780.13 "," $ 2,370.42 "
6/5/2021,1126459576,81043010,Metals,MAGNESIUM DESULFURIZER (MAG97 MAGNESIUM BASED DESULPHURISINGCOMPOUND) - INDUSTRIAL USE. ,INDIA,JAMIPOL LIMITED,KOLKATA SEA (INCCU1),CHINA,WEALTH INTERNATIONAL TRADE AND INVESTMENT CO LTD,XINGANG (CHINA),MTS,96.00," $ 227,560.27 "," $ 2,370.42 "
6/5/2021,1095713349,81043010,Metals,MAGNESIUM DESULFURIZER (MAG97 MAGNESIUM BASED DESULPHURISINGCOMPOUND) - INDUSTRIAL USE. ,INDIA,JAMIPOL LIMITED,KOLKATA SEA (INCCU1),CHINA,WEALTH INTERNATIONAL TRADE AND INVESTMENT CO LTD,XINGANG (CHINA),MTS,96.00," $ 227,560.27 "," $ 2,370.42 "
29/4/2021,1065498450,81043010,Metals,MAGNESIUM DESULFURIZER (MAG97 MAGNESIUM BASED DESULPHURISINGCOMPOUND) - INDUSTRIAL USE. ,INDIA,JAMIPOL LIMITED,KOLKATA SEA (INCCU1),CHINA,WEALTH INTERNATIONAL TRADE AND INVESTMENT CO LTD,,MTS,96.00," $ 227,568.29 "," $ 2,370.50 "
9/4/2021,1010446251,81043010,Metals,MAGNESIUM DESULFURIZER (MAG97 MAGNESIUM BASED DESULPHURISINGCOMPOUND) - INDUSTRIAL USE. ,INDIA,JAMIPOL LIMITED,KOLKATA SEA (INCCU1),CHINA,WEALTH INTERNATIONAL TRADE AND INVESTMENT CO LTD,XINGANG (CHINA),MTS,96.00," $ 185,320.48 "," $ 1,930.42 "
5/4/2021,1031056607,81043010,Metals,MAGNESIUM DESULFURIZER (MAG97 MAGNESIUM BASED DESULPHURISINGCOMPOUND) - INDUSTRIAL USE. ,INDIA,JAMIPOL LIMITED,KOLKATA SEA (INCCU1),CHINA,WEALTH INTERNATIONAL TRADE AND INVESTMENT CO LTD,XINGANG (CHINA),MTS,48.00," $ 113,784.80 "," $ 2,370.52 "
26/3/2021,1385634163,81043010,Metals,MAGNESIUM DESULFURIZER (MAG97 MAGNESIUM BASED DESULPHURISINGCOMPOUND) - INDUSTRIAL USE. ,INDIA,JAMIPOL LIMITED,KOLKATA SEA (INCCU1),CHINA,WEALTH INTERNATIONAL TRADE AND INVESTMENT CO LTD,XINGANG (CHINA),MTS,72.00," $ 170,677.89 "," $ 2,370.53 "
26/3/2021,1229834397,81043010,Metals,MAGNESIUM DESULFURIZER (MAG97 MAGNESIUM BASED DESULPHURISINGCOMPOUND) - INDUSTRIAL USE. ,INDIA,JAMIPOL LIMITED,KOLKATA SEA (INCCU1),CHINA,WEALTH INTERNATIONAL TRADE AND INVESTMENT CO LTD,XINGANG (CHINA),MTS,24.00," $ 46,330.29 "," $ 1,930.43 "
1/3/2021,1718644114,81043010,Metals,MAGNESIUM DESULFURIZER (MAG97 MAGNESIUM BASED DESULPHURISINGCOMPOUND) - INDUSTRIAL USE. ,INDIA,JAMIPOL LIMITED,KOLKATA SEA (INCCU1),CHINA,WEALTH INTERNATIONAL TRADE AND INVESTMENT CO LTD,TIANJINXINGANG,MTS,96.00," $ 185,321.12 "," $ 1,930.43 "
9/2/2021,1371337984,81043010,Metals,MAGNESIUM DESULFURIZER (MAG97 MAGNESIUM BASED DESULPHURISINGCOMPOUND) - INDUSTRIAL USE.,INDIA,JAMIPOL LIMITED,KOLKATA SEA (INCCU1),CHINA,WEALTH INTERNATIONAL TRADE AND INVESTMENT CO LTD,TIANJINXINGANG,MTS,72.00," $ 138,990.89 "," $ 1,930.43 "
9/2/2021,1094568882,81043010,Metals,MAGNESIUM DESULFURIZER (MAG97 MAGNESIUM BASED DESULPHURISINGCOMPOUND) - INDUSTRIAL USE.,INDIA,JAMIPOL LIMITED,KOLKATA SEA (INCCU1),CHINA,WEALTH INTERNATIONAL TRADE AND INVESTMENT CO LTD,TIANJINXINGANG,MTS,48.00," $ 92,660.60 "," $ 1,930.43 "
21/1/2021,1142776879,81043010,Metals,MAGNESIUM DESULFURIZER MAG 97(MAGNESIUM BASED DESULPHURISINGCOMPOUND) (APTA CERT.NO:B20MA2H3WQ050012 DT14.12.20) ,INDIA,JAMIPOL LIMITED,CHENNAI SEA (INMAA1),CHINA,WEALTH INTERNATIONAL TRADE,TIANJINXINGANG,KGS,96000.00," $ 183,880.90 ", $ 1.92 
21/1/2021,1726073794,81043010,Metals,MAGNESIUM DESULFURIZER (MAG97 MAGNESIUM BASED DESULPHURISINGCOMPOUND) - INDUSTRIAL USE. ,INDIA,JAMIPOL LIMITED,KOLKATA SEA (INCCU1),CHINA,WEALTH INTERNATIONAL TRADE AND INVESTMENT CO LTD,TIANJINXINGANG,MTS,48.00," $ 92,660.56 "," $ 1,930.43 "
30/12/2020,3.0122E+15,81043010,Metals,MAGNESIUM DESULFURIZER (MAG97 MAGNESIUM BASED DESULPHURISINGCOMPOUND) - INDUSTRIAL USE. ,INDIA,JAMIPOL LIMITED,KOLKATA SEA (INCCU1),CHINA,WEALTH INTERNATIONAL TRADE AND INVESTMENT CO LTD,,MTS,72.00," $ 145,112.00 "," $ 2,015.44 "
30/12/2020,3.0122E+15,81043010,Metals,MAGNESIUM DESULFURIZER MAG97( MAGNESIUM BASED DESULPHURISINGCOMPOUND) - INDUSTRIAL USE ,INDIA,JAMIPOL LIMITED,KOLKATA SEA (INCCU1),CHINA,MAGWIN ENTERPRISE LIMITED,,MTS,72.00," $ 145,112.21 "," $ 2,015.45 "
24/12/2020,2.4122E+15,81043010,Metals,MAGNESIUM DESULFURIZER (MAG97 MAGNESIUM DESULPHURISING COMPOUND) - FOR INDUSTRIAL USE ,INDIA,JAMIPOL LIMITED,KOLKATA SEA (INCCU1),CHINA,WEALTH INTERNATIONAL TRADE AND INVESTMENT CO LTD,TIANJINXINGANG,MTS,48.00," $ 96,741.47 "," $ 2,015.45 "
24/12/2020,2.4122E+15,81043010,Metals,MAGNESIUM DESULFURIZER ( MAG97 MAGNESIUM BASED DESULPHURISING COMPOUND) ,INDIA,JAMIPOL LIMITED,KOLKATA SEA (INCCU1),CHINA,WEALTH INTERNATIONAL TRADE AND INVESTMENT CO LTD,TIANJINXINGANG,MTS,48.00," $ 92,660.57 "," $ 1,930.43 "
24/12/2020,2.4122E+15,81043010,Metals,MAGNESIUM DESULFURIZER MAG97( MAGNESIUM BASED DESULPHURISINGCOMPOUND) - INDUSTRIAL USE ,INDIA,JAMIPOL LIMITED,KOLKATA SEA (INCCU1),CHINA,MAGWIN ENTERPRISE LIMITED,XINGANG (CHINA),MTS,48.00," $ 96,741.46 "," $ 2,015.45 "
24/12/2020,2.4122E+15,81043010,Metals,MAGNESIUM DESULFURIZER (MAG97 MAGNESIUM BASED DESULPHURISINGCOMPOUND) - INDUSTRIAL USE. ,INDIA,JAMIPOL LIMITED,KOLKATA SEA (INCCU1),CHINA,WEALTH INTERNATIONAL TRADE AND INVESTMENT CO LTD,XINGANG (CHINA),MTS,48.00," $ 92,660.55 "," $ 1,930.43 "
19/12/2020,1.9122E+15,81043010,Metals,MAGNESIUM DESULFURIZER MAG 97(MAGNESIUM BASED DESULPHURISINGCOMPOUND) (APTA CERT.NO:B20MA2H3WQ050011 DT14.12.20) ,INDIA,JAMIPOL LIMITED,CHENNAI SEA (INMAA1),CHINA,WEALTH INTERNATIONAL TRADE,TIANJINXINGANG,KGS,41044.60," $ 78,617.85 ", $ 1.92 
19/12/2020,1.9122E+15,81043010,Metals,MAGNESIUM DESULFURIZER MAG 97(MAGNESIUM BASED DESULPHURISINGCOMPOUND) (APTA CERT.NO:B20MA2H3WQ050011 DT14.12.20) ,INDIA,JAMIPOL LIMITED,CHENNAI SEA (INMAA1),CHINA,WEALTH INTERNATIONAL TRADE,TIANJINXINGANG,KGS,6955.40," $ 13,322.54 ", $ 1.92 
18/12/2020,1.8122E+15,81043010,Metals,MAGNESIUM DESULFURIZER MAG 97(MAGNESIUM BASED DESULPHURISINGCOMPOUND) ,INDIA,JAMIPOL LIMITED,CHENNAI SEA (INMAA1),CHINA,MAGWIN ENTERPRISE LIMITED,TIANJINXINGANG,KGS,48000.00," $ 91,940.40 ", $ 1.92 
27/11/2020,2.7112E+15,81043010,Metals,MAGNESIUM DESULFURIZER MAG 97(MAGNESIUM BASED DESULPHURISINGCOMPOUND) (APTA NO.B20MA52WPX946020 DT.13.10.2020) ,INDIA,JAMIPOL LIMITED,CHENNAI SEA (INMAA1),CHINA,WEALTH INTERNATIONAL TRADE,TIANJINXINGANG,KGS,48000.00," $ 91,940.19 ", $ 1.92 
24/11/2020,2.4112E+15,81043010,Metals,MAGNESIUM DESULFURIZER (MAG97 MAGNESIUM BASED DESULPHURISINGCOMPOUND) - INDUSTRIAL USE. ,INDIA,JAMIPOL LIMITED,KOLKATA SEA (INCCU1),CHINA,WEALTH INTERNATIONAL TRADE AND INVESTMENT CO LTD,XINGANG (CHINA),MTS,48.00," $ 96,741.06 "," $ 2,015.44 "
23/11/2020,2.3112E+15,81043010,Metals,MAGNESIUM DESULFURIZER MAG97( MAGNESIUM BASED DESULPHURISINGCOMPOUND) - INDUSTRIAL USE ,INDIA,JAMIPOL LIMITED,KOLKATA SEA (INCCU1),CHINA,MAGWIN ENTERPRISE LIMITED,XINGANG (CHINA),MTS,26.15," $ 52,703.72 "," $ 2,015.44 "
23/11/2020,2.3112E+15,81043010,Metals,MAGNESIUM DESULFURIZER MAG97( MAGNESIUM BASED DESULPHURISINGCOMPOUND) - INDUSTRIAL USE ,INDIA,JAMIPOL LIMITED,KOLKATA SEA (INCCU1),CHINA,MAGWIN ENTERPRISE LIMITED,XINGANG (CHINA),MTS,21.85," $ 44,037.33 "," $ 2,015.44 "
18/11/2020,1.8112E+15,81043010,Metals,MAGNESIUM DESULFURIZER MAG 97(MAGNESIUM BASED DESULPHURISINGCOMPOUND) (APTA CERT.NO:B20MA52WPX946019 DT.22.09.2020) ,INDIA,JAMIPOL LIMITED,CHENNAI SEA (INMAA1),CHINA,WEALTH INTERNATIONAL TRADE,XIANGANG,KGS,48000.00," $ 91,940.04 ", $ 1.92 
13/11/2020,1.3112E+15,81043010,Metals,MAGNESIUM DESULFURIZER MAG 97(MAGNESIUM BASED DESULPHURISINGCOMPOUND) (APTA CERT.NO:B206741053000023 DT.21.09.2020) ,INDIA,JAMIPOL LIMITED,CHENNAI SEA (INMAA1),CHINA,MAGWIN ENTERPRISE LIMITED,TIANJINXINGANG,KGS,72000.00," $ 137,910.04 ", $ 1.92 
13/11/2020,1.3112E+15,81043010,Metals,MAGNESIUM DESULFURIZER MAG 97(MAGNESIUM BASED DESULPHURISINGCOMPOUND) (APTA CERT.NO:B20MA52WPX946018 DT.22.09.20) ,INDIA,JAMIPOL LIMITED,CHENNAI SEA (INMAA1),CHINA,WEALTH INTERNATIONAL TRADE,TIANJINXINGANG,KGS,72000.00," $ 137,910.04 ", $ 1.92 
5/11/2020,0511202027676231,81043010,Metals,MAGNESIUM DESULFURIZER ( MAG97 MAGNESIUM BASED DESULPHURISING COMPOUND)APTA CFT NO B20MA52WPX946012 DT 17/09/2020 ,INDIA,JAMIPOL LIMITED,KOLKATA SEA (INCCU1),CHINA,WEALTH INTERNATIONAL TRADE AND INVESTMENT CO LTD,XINGANG (CHINA),MTS,48.00," $ 95,582.78 "," $ 1,991.31 "
14/10/2020,1.4102E+15,81043010,Metals,MAGNESIUM DESULPHURIZER MAG97 (MAGNESIUM BASED DESULPHURISING COMP) (APTA - B206741053000022 DT. 27/08/2020) ,INDIA,JAMIPOL LIMITED,KOLKATA SEA (INCCU1),CHINA,MAGWIN ENTERPRISE LIMITED,TIANJINXINGANG,MTS,48.00," $ 96,741.15 "," $ 2,015.44 "
29/9/2020,2.9092E+15,81043010,Metals,MAGNESIUM DESULFURIZER ( MAG97 MAGNESIUM BASED DESULPHURISING COMPOUND)APTA NO B20MA4QDGJ460015 DT 03/08/20 ,INDIA,JAMIPOL LIMITED,KOLKATA SEA (INCCU1),CHINA,WEALTH INTERNATIONAL TRADE AND INVESTMENT CO LTD,TIANJINXINGANG,MTS,48.00," $ 96,741.63 "," $ 2,015.45 "
12/9/2020,1.2092E+15,81043010,Metals,MAGNESIUM DESULPHURIZER MAG97 (MAGNESIUM BASED DESULPHURISING COMP) (APTA - B206741053000021 DT. 10/08/2020) ,INDIA,JAMIPOL LIMITED,KOLKATA SEA (INCCU1),CHINA,MAGWIN ENTERPRISE LIMITED,XINGANG (CHINA),MTS,48.00," $ 96,741.78 "," $ 2,015.45 "
11/9/2020,1.1092E+15,81043010,Metals,MAGNESIUM GRANULES SIZE: 0.2-1 MM UN1869 CLASS 4.1 ,INDIA,JAMIPOL LIMITED,KOLKATA SEA (INCCU1),CHINA,EMI METALLURGY CO. LIMITED,SHANGHAI,KGS,4800.00," $ 9,530.15 ", $ 1.99 
3/9/2020,0309202021713924,81043010,Metals,MAGNESIUM DESULPHURIZER MAG97 (MAGNESIUM BASED DESULPHURISING COMP) (APTA - B20MA4QDGJ460010 DT. 10/07/2020) ,INDIA,JAMIPOL LIMITED,KOLKATA SEA (INCCU1),CHINA,WEALTH INTERNATIONAL TRADE AND INVESTMENT CO LTD,XINGANG (CHINA),MTS,48.00," $ 99,091.31 "," $ 2,064.40 "
3/9/2020,0309202021713923,81043010,Metals,MAGNESIUM DESULPHURIZER MAG97 (MAGNESIUM BASED DESULPHURISING COMP) (APTA - B206741053000020 DT. 20/07/2020) ,INDIA,JAMIPOL LIMITED,KOLKATA SEA (INCCU1),CHINA,MAGWIN ENTERPRISE LIMITED,XINGANG (CHINA),MTS,48.00," $ 99,091.21 "," $ 2,064.40 "
29/8/2020,2.9082E+15,81043010,Metals,MAGNESIUM DESULFURIZER MAG 97(MAGNESIUM BASED DESULPHURISINGCOMPOUND) (APTA CERT.NO:B206741053000019 DT.09.07.2020) ,INDIA,JAMIPOL LIMITED,CHENNAI SEA (INMAA1),CHINA,MAGWIN ENTERPRISE LIMITED,XINGANG (CHINA),KGS,48000.00," $ 95,781.01 ", $ 2.00 
19/8/2020,1.9082E+15,81043010,Metals,MAGNESIUM DESULPHURIZER MAG97 (MAGNESIUM BASED DESULPHURISING COMP) (APTA - B20MA4QDGJ460006 DT. 10/07/2020) ,INDIA,JAMIPOL LIMITED,KOLKATA SEA (INCCU1),CHINA,WEALTH INTERNATIONAL TRADE AND INVESTMENT CO LTD,XINGANG (CHINA),MTS,48.00," $ 96,741.44 "," $ 2,015.45 "
16/7/2020,1.6072E+15,81043010,Metals,MAGNESIUM DESULFURIZER MAG 97(MAGNESIUM BASED DESULPHURISINGCOMPOUND) (APTA CERT.NO:B206741053000017 DT.15.06.2020) ,INDIA,JAMIPOL LIMITED,CHENNAI SEA (INMAA1),CHINA,MAGWIN ENTERPRISE LIMITED,XINGANG (CHINA),KGS,72000.00," $ 142,951.51 ", $ 1.99 
2/7/2020,0207202017687255,81043010,Metals,MAGNESIUM DESULFURIZER MAG 97(MAGNESIUM BASED DESULPHURISINGCOMPOUND) (APTA CERT.NO:B206741053000015 DT.02.06.2020) ,INDIA,JAMIPOL LIMITED,CHENNAI SEA (INMAA1),CHINA,MAGWIN ENTERPRISE LIMITED,XINGANG (CHINA),KGS,48000.00," $ 96,111.64 ", $ 2.00 
9/6/2020,0906202014976652,81043010,Metals,MAGNESIUM DESULPHURIZER MAG97 (MAGNESIUM BASED DESULPHURISING COMP) FOR INDUSTRY USE NOT FOR DRUG OR COSMETICS. ,INDIA,JAMIPOL LIMITED,KOLKATA SEA (INCCU1),CHINA,MAGWIN ENTERPRISE LIMITED,XINGANG (CHINA),MTS,96.00," $ 215,088.13 "," $ 2,240.50 "
15/5/2020,1.5052E+15,81043010,Metals,MAGNESIUM DESULPHURIZER MAG97 (MAGNESIUM BASED DESULPHURISING COMP) FOR INDUSTRY USE NOT FOR DRUG OR COSMETICS. ,INDIA,JAMIPOL LIMITED,KOLKATA SEA (INCCU1),CHINA,MAGWIN ENTERPRISE LIMITED,,MTS,48.00," $ 107,543.99 "," $ 2,240.50 "
15/5/2020,1.5052E+15,81043010,Metals,MAGNESIUM DESULPHURIZER MAG97 (MAGNESIUM BASED DESULPHURISING COMP) FOR INDUSTRY USE NOT FOR DRUG OR COSMETICS. ,INDIA,JAMIPOL LIMITED,KOLKATA SEA (INCCU1),CHINA,MAGWIN ENTERPRISE LIMITED,,MTS,72.00," $ 161,315.98 "," $ 2,240.50 "
13/5/2020,1.3052E+15,81043010,Metals,MAGNESIUM DESULPHURIZER MAG97(MAGNESIUM BASEDDESULPHURISINGCOMP) FOR INDUSTRY USE NOT FOR DRUG ORCOSMETICS. ,INDIA,JAMIPOL LIMITED,KOLKATA SEA (INCCU1),CHINA,WEALTH INTERNATIONAL TRADE AND INVESTMENT CO LTD,XINGANG (CHINA),MTS,96.00," $ 221,809.47 "," $ 2,310.52 "
9/5/2020,0905202013624123,81043010,Metals,MAGNESIUM DESULPHURIZATION REAGENT (MAG 97) SIZE 0.2 - 0.8MM(APTA CERTIFICATE NO:B20MA4UWFY2X1006 DT.30.03.2020) ,INDIA,JAMIPOL LIMITED,CHENNAI SEA (INMAA1),CHINA,EMI METALLURGY CO LTD,XINGANG (CHINA),KGS,96000.00," $ 230,259.36 ", $ 2.40 
8/5/2020,0805202013620288,81043010,Metals,MAGNESIUM DESULPHURIZATION REAGENT (MAG 97) SIZE 0.2 - 0.8MM(APTA CERTIFICATE NO:B20MA4UWFY2X1005 DT.30.03.2020) ,INDIA,JAMIPOL LIMITED,CHENNAI SEA (INMAA1),CHINA,EMI METALLURGY CO LTD,XINGANG (CHINA),KGS,48000.00," $ 117,289.73 ", $ 2.44 
8/5/2020,0805202013144075,81043010,Metals,MAGNESIUM DESULPHURIZER MAG97(MAGNESIUM BASEDDESULPHURISINGCOMP) FOR INDUSTRY USE NOT FOR DRUG ORCOSMETICS. ,INDIA,JAMIPOL LIMITED,KOLKATA SEA (INCCU1),CHINA,WEALTH INTERNATIONAL TRADE AND INVESTMENT CO LTD,XINGANG (CHINA),MTS,96.00," $ 221,800.22 "," $ 2,310.42 "
7/5/2020,0705202013142570,81043010,Metals,MAGNESIUM DESULPHURIZER MAG97(MAGNESIUM BASEDDESULPHURISINGCOMP) FOR INDUSTRY USE NOT FOR DRUG ORCOSMETICS. ,INDIA,JAMIPOL LIMITED,KOLKATA SEA (INCCU1),CHINA,MAGWIN ENTERPRISE LIMITED,XINGANG (CHINA),MTS,96.00," $ 215,079.31 "," $ 2,240.41 "
4/5/2020,0405202013577746,81043010,Metals,MAGNESIUM DESULFURIZER (MAG 97) ,INDIA,JAMIPOL LIMITED,CHENNAI SEA (INMAA1),CHINA,WEALTH INTERNATIONAL TRADE,XINGANG (CHINA),KGS,96000.00," $ 222,602.00 ", $ 2.32 
30/4/2020,3.0042E+15,81043010,Metals,MAGNESIUM DESULPHURIZATION REAGENT (MAG 97) SIZE 0.2 - 0.8MM(APTA CERTIFICATE NO:B20MA4UWFY2X1002 DT.18.03.2020) ,INDIA,JAMIPOL LIMITED,CHENNAI SEA (INMAA1),CHINA,EMI METALLURGY CO LTD,XINGANG (CHINA),KGS,48000.00," $ 117,285.01 ", $ 2.44 
30/4/2020,3.0042E+15,81043010,Metals,MAGNESIUM DESULPHURIZATION REAGENT (MAG 97)SIZE:0.2 TO 0.8MM(APTA CERTIFICATE NO:B20MA4UWFY2X1001 DT.18.03.2020) ,INDIA,JAMIPOL LIMITED,CHENNAI SEA (INMAA1),CHINA,EMI METALLURGY CO LTD,,KGS,96000.00," $ 234,570.02 ", $ 2.44 
18/4/2020,1.8042E+15,81043010,Metals,MAGNESIUM DESULPHURIZER MAG97(MAGNESIUM BASEDDESULPHURISINGCOMP) FOR INDUSTRY USE NOT FOR DRUG ORCOSMETICS. ,INDIA,JAMIPOL LIMITED,KOLKATA SEA (INCCU1),CHINA,MAGWIN ENTERPRISE LIMITED,,MTS,96.00," $ 215,077.76 "," $ 2,240.39 "
4/4/2020,0404202011734780,81043010,Metals,MAGNESIUM DESULPHURIZER MAG97(MAGNESIUM BASEDDESULPHURISINGCOMP) FOR INDUSTRY USE NOT FOR DRUG ORCOSMETICS. ,INDIA,JAMIPOL LIMITED,KOLKATA SEA (INCCU1),CHINA,WEALTH INTERNATIONAL TRADE AND INVESTMENT CO LTD,XINGANG (CHINA),MTS,96.00," $ 217,958.91 "," $ 2,270.41 "
24/2/2020,240220207099000,81043010,Metals,MAGNESIUM DESULPHURIZER MAG97(MAGNESIUM BASED DESULPHURISINGCOMP) FOR INDUSTRY USE NOT FOR DRUG OR COSMETICS. ,INDIA,JAMIPOL LIMITED,KOLKATA SEA (INCCU1),CHINA,MAGWIN ENTERPRISE LIMITED,XINGANG (CHINA),KGS,96000.00," $ 217,959.64 ", $ 2.27 
13/2/2020,130220207081490,81043010,Metals,MAGNESIUM DESULPHURIZER MAG97(MAGNESIUM BASED DESULPHURISINGCOMP) FOR INDUSTRY USE NOT FOR DRUG OR COSMETICS. ,INDIA,JAMIPOL LIMITED,KOLKATA SEA (INCCU1),CHINA,WEALTH INTERNATIONAL TRADE AND INVESTMENT CO LTD,XINGANG (CHINA),KGS,48000.00," $ 108,980.01 ", $ 2.27 
6/2/2020,060220207066396,81043010,Metals,MAGNESIUM DESULPHURIZER MAG97(MAGNESIUM BASED DESULPHURISINGCOMP) FOR INDUSTRY USE NOT FOR DRUG OR COSMETICS. ,INDIA,JAMIPOL LIMITED,KOLKATA SEA (INCCU1),CHINA,MAGWIN ENTERPRISE LIMITED,XINGANG (CHINA),KGS,72000.00," $ 162,337.29 ", $ 2.25 
27/1/2020,27012020990686,81043010,Metals,MAGNESIUM DESULPHURIZER MAG97(MAGNESIUM BASED DESULPHURISINGCOMP) FOR INDUSTRY USE NOT FOR DRUG OR COSMETICS. ,INDIA,JAMIPOL LIMITED,KOLKATA SEA (INCCU1),CHINA,MAGWIN ENTERPRISE LIMITED,,KGS,48000.00," $ 108,980.03 ", $ 2.27 
10/1/2020,10012020968741,81043010,Metals,MAGNESIUM DESULPHURIZER MAG97(MAGNESIUM BASED DESULPHURISINGCOMP) FOR INDUSTRY USE NOT FOR DRUG OR COSMETICS. ,INDIA,JAMIPOL LIMITED,KOLKATA SEA (INCCU1),CHINA,WEALTH INTERNATIONAL TRADE AND INVESTMENT CO LTD,XINGANG (CHINA),KGS,72000.00," $ 163,470.12 ", $ 2.27 
10/1/2020,10012020968740,81043010,Metals,MAGNESIUM DESULPHURIZER MAG97(MAGNESIUM BASED DESULPHURISINGCOMP) FOR INDUSTRY USE NOT FOR DRUG OR COSMETICS. ,INDIA,JAMIPOL LIMITED,KOLKATA SEA (INCCU1),CHINA,WEALTH INTERNATIONAL TRADE AND INVESTMENT CO LTD,XINGANG (CHINA),KGS,72000.00," $ 163,470.12 ", $ 2.27 
1/1/2020,01012020952494,81043010,Metals,MAGNESIUM DESULPHURIZATION REAGENT - MG 97%\ SIZE: 0.2-0.8MM(FOR INDUSTRY USE\ NOT FOR DRUG OR COSMETICS) ,INDIA,JAMIPOL LIMITED,KOLKATA SEA (INCCU1),CHINA,EMI METALLURGY CO. LIMITED,XINGANG (CHINA),KGS,48000.00," $ 109,081.05 ", $ 2.27 
27/12/2019,2.7122E+15,81043010,Metals,MAGNESIUM DESULPHURIZATION REAGENT MG CONTENT: 97% MIN SIZE:0.2 - 0.8MM (FOR INDUSTRY USE NOT FOR DRUG OR COSMETICS) ,INDIA,JAMIPOL LIMITED,KOLKATA SEA (INCCU1),CHINA,EMI METALLURGY CO. LIMITED,XINGANG (CHINA),KGS,72000.00," $ 164,190.50 ", $ 2.28 
19/12/2019,1.9122E+15,81043010,Metals,MAGNESIUM DESULPHURIZER MAG97(MAGNESIUM BASED DESULPHURISINGCOMP) FOR INDUSTRY USE NOT FOR DRUG OR COSMETICS. ,INDIA,JAMIPOL LIMITED,KOLKATA SEA (INCCU1),CHINA,MAGWIN ENTERPRISE LIMITED,XINGANG (CHINA),KGS,72000.00," $ 163,470.16 ", $ 2.27 
9/12/2019,0912201917763068,81043010,Metals,MAGNESIUM DESULPHURIZER MAG97(MAGNESIUM BASED DESULPHURISINGCOMP) FOR INDUSTRY USE NOT FOR DRUG OR COSMETICS. ,INDIA,JAMIPOL LIMITED,KOLKATA SEA (INCCU1),CHINA,WEALTH INTERNATIONAL TRADE AND INVESTMENT CO LTD,XINGANG (CHINA),KGS,48000.00," $ 122,182.31 ", $ 2.55 
29/11/2019,2.9112E+15,81043010,Metals,MAGNESIUM DESULPHURIZER MAG97(MAGNESIUM BASED DESULPHURISINGCOMP) FOR INDUSTRY USE NOT FOR DRUG OR COSMETICS. ,INDIA,JAMIPOL LIMITED,KOLKATA SEA (INCCU1),CHINA,WEALTH INTERNATIONAL TRADE AND INVESTMENT CO LTD,XINGANG (CHINA),KGS,24000.00," $ 61,091.12 ", $ 2.55 
29/11/2019,2.9112E+15,81043010,Metals,MAGNESIUM DESULPHURIZER MAG97(MAGNESIUM BASED DESULPHURISINGCOMP) FOR INDUSTRY USE NOT FOR DRUG OR COSMETICS. ,INDIA,JAMIPOL LIMITED,KOLKATA SEA (INCCU1),CHINA,WEALTH INTERNATIONAL TRADE AND INVESTMENT CO LTD,XINGANG (CHINA),KGS,48000.00," $ 122,182.29 ", $ 2.55 
4/11/2019,0411201914585778,81043010,Metals,MAGNESIUM DESULFURIZER MAG-97 (MAGNESIUM BASED DESULPHURISING COMPOUND) - (FOR INDUSTY USE NOT FOR DRUG OR COSMETICS) ,INDIA,JAMIPOL LIMITED,KOLKATA SEA (INCCU1),CHINA,WEALTH INTERNATIONAL TRADE AND INVESTMENT CO LTD,XINGANG (CHINA),MTS,48.00," $ 122,691.48 "," $ 2,556.07 "
25/10/2019,251020194342410,81043010,Metals,MAGNESIUM DESULPHURIZER MAG97(MAGNESIUM BASED DESULPHURISINGCOMPOUND) MG 97% -INDUSTRY USE NOT FOR DRUG\COSMETICS,INDIA,JAMIPOL LIMITED,KOLKATA SEA (INCCU1),CHINA,WEALTH INTERNATIONAL TRADE AND INVESTMENT CO LTD,XINGANG (CHINA),KGS,48000.00," $ 122,182.40 ", $ 2.55 
25/10/2019,251020194342410,81043010,Metals,MAGNESIUM DESULFURIZER MAG-97 (MAGNESIUM BASED DESULPHURISING COMPOUND) - (FOR INDUSTY USE NOT FOR DRUG OR COSMETICS),INDIA,JAMIPOL LIMITED,KOLKATA SEA (INCCU1),CHINA,MAGWIN ENTERPRISE LIMITED,XINGANG (CHINA),MTS,48.00," $ 122,662.49 "," $ 2,555.47 "
4/10/2019,041020194311761,81043010,Metals,MAGNESIUM DESULFURIZER MAG-97 (MAGNESIUM BASED DESULPHURISING COMPOUND) - (FOR INDUSTY USE NOT FOR DRUG OR COSMETICS),INDIA,JAMIPOL LIMITED,KOLKATA SEA (INCCU1),CHINA,WEALTH INTERNATIONAL TRADE AND INVESTMENT CO LTD,XINGANG (CHINA),MTS,48.00," $ 122,182.63 "," $ 2,545.47 "
4/10/2019,041020194311734,81043010,Metals,MAGNESIUM DESULFURIZER MAG-97 (MAGNESIUM BASED DESULPHURISING COMPOUND) - (FOR INDUSTY USE NOT FOR DRUG OR COSMETICS),INDIA,JAMIPOL LIMITED,KOLKATA SEA (INCCU1),CHINA,MAGWIN ENTERPRISE LIMITED,XINGANG (CHINA),MTS,96.00," $ 245,324.85 "," $ 2,555.47 "
13/9/2019,13092019881497,81043010,Metals,MAGNESIUM DESULPHURIZER (MAG97 MAGNESIUM BASED DESULPHURISING COMPOUND-FOR INDUSTRIAL USE) (NOT FOR DRUG OR COSMETICS) ,INDIA,JAMIPOL LIMITED,KOLKATA SEA (INCCU1),CHINA,WEALTH INTERNATIONAL TRADE AND INVESTMENT CO LTD,XINGANG (CHINA),KGS,48000.00," $ 122,182.08 ", $ 2.55 
13/9/2019,13092019881496,81043010,Metals,MAGNESIUM DESULPHURIZER (MAG 97MAGNESIUM BASED DESULPHURISING COMPOUND) (FOR INDUSTRIAL USE-NOT FOR DRUG OR COSMETICS) ,INDIA,JAMIPOL LIMITED,KOLKATA SEA (INCCU1),CHINA,WEALTH INTERNATIONAL TRADE AND INVESTMENT CO LTD,XINGANG (CHINA),KGS,48000.00," $ 125,302.64 ", $ 2.61 
13/9/2019,13092019881495,81043010,Metals,MAGNESIUM DESULPHURIZER MAG97(MAGNESIUM BASEDDESULPHURISINGCOMPOUND)MG 99.9% PURITY-INDUSTRY USE NOT FOR DRUG\COSMETICS ,INDIA,JAMIPOL LIMITED,KOLKATA SEA (INCCU1),CHINA,MAGWIN ENTERPRISE LIMITED,XINGANG (CHINA),KGS,96000.00," $ 245,323.19 ", $ 2.56 
2/9/2019,02092019862055,81043010,Metals,MAGNESIUM DESULPHURIZER (MAG 97 - MG:97% WITH 99.9% PURITY)- FOR INDUSTRIAL USE (NOT FOR DRUG OR COSMETICS) ,INDIA,JAMIPOL LIMITED,KOLKATA SEA (INCCU1),CHINA,WEALTH INTERNATIONAL TRADE AND INVESTMENT CO LTD,XINGANG (CHINA),KGS,96000.00," $ 241,174.57 ", $ 2.51 
19/8/2019,1.9082E+15,81043010,Metals,MAGNESIUM DESULFURIZER MAG-97 (MAGNESIUM BASED DESULPHURISING COMPOUND) - (FOR INDUSTY USE NOT FOR DRUG OR COSMETICS),INDIA,JAMIPOL LIMITED,KOLKATA SEA (INCCU1),CHINA,MAGWIN ENTERPRISE LIMITED,XINGANG (CHINA),MTS,96.00," $ 245,323.61 "," $ 2,555.45 "
14/8/2019,1.4082E+15,81043010,Metals,MAGNESIUM DESULPHURIZATION REAGENT MG CONTENT : 97% MIN SIZE: 0.2-0.8MM-FOR INDUSTRIAL USE (NOT FOR DRUG OR COSMETICS),INDIA,JAMIPOL LIMITED,KOLKATA SEA (INCCU1),CHINA,EMI METALLURGY CO. LIMITED,XINGANG (CHINA),KGS,96000.00," $ 250,893.78 ", $ 2.61 
22/7/2019,2.2072E+15,81043010,Metals,MAGNESIUM DESULPHURIZATION REAGENT MG CONTENT : 97% MIN SIZE - : 0.2-0.8MM-FOR INDUSTRIAL USE (NOT FOR DRUG OR COSMETICS),INDIA,JAMIPOL LIMITED,KOLKATA SEA (INCCU1),CHINA,N/A,,KGS,96000.00," $ 250,894.49 ", $ 2.61 
22/7/2019,2.2072E+15,81043010,Metals,MAGNESIUM DESULPHURIZATION REAGENT MG CONTENT : 97% MIN SIZE - : 0.2-0.8MM-FOR INDUSTRIAL USE (NOT FOR DRUG OR COSMETICS),INDIA,JAMIPOL LIMITED,KOLKATA SEA (INCCU1),CHINA,N/A,,KGS,48000.00," $ 129,047.91 ", $ 2.69 
24/6/2019,2.4062E+15,81043010,Metals,MAGNESIUM DESULPHURIZATION REAGENT MG CONTENT : 97% MIN SIZE - : 0.2-0.8MM-FOR INDUSTRIAL USE(NOT FOR DRUG OR COSMETICS),INDIA,JAMIPOL LIMITED,KOLKATA SEA (INCCU1),CHINA,N/A,,KGS,48000.00," $ 129,047.65 ", $ 2.69 
27/5/2019,2.7052E+15,81043010,Metals,MAGNESIUM DESULFURIZER (MAG-97 MAGNESIUM BASED DESULPHURISIN - G COMPOUND - (FOR INDUSTY USE NOT FOR DRUG OR COSMETICS),INDIA,JAMIPOL LIMITED,KOLKATA SEA (INCCU1),CHINA,N/A,,MTS,48.00," $ 127,223.11 "," $ 2,650.48 "
22/5/2019,2.2052E+15,81043010,Metals,MAGNESIUM DESULPHURIZATION REAGENT MG CONTENT : 97% MIN SIZE - : 0.2-0.8MM-FOR INDUSTRIAL USE(NOT FOR DRUG OR COSMETICS),INDIA,JAMIPOL LIMITED,KOLKATA SEA (INCCU1),CHINA,N/A,,KGS,48000.00," $ 129,047.07 ", $ 2.69 
15/5/2019,1.5052E+15,81043010,Metals,MAGNESIUM DESULPHURIZATION REAGENT MG CONTENT : 97% MIN SIZE - : 0.2-0.8MM-FOR INDUSTRIAL USE(NOT FOR DRUG OR COSMETICS),INDIA,JAMIPOL LIMITED,KOLKATA SEA (INCCU1),CHINA,N/A,,KGS,48000.00," $ 129,049.36 ", $ 2.69 
15/5/2019,1.5052E+15,81043010,Metals,MAGNESIUM DESULPHURIZATION REAGENT MG CONTENT : 97% MIN SIZE - : 0.2-0.8MM-FOR INDUSTRIAL USE(NOT FOR DRUG OR COSMETICS),INDIA,JAMIPOL LIMITED,KOLKATA SEA (INCCU1),CHINA,N/A,,KGS,96000.00," $ 247,244.63 ", $ 2.58 
29/4/2019,290420199403300,81043010,Metals,MAG-97 (MAGNESIUM BASED DESULPHURISING COMPOUND - FOR INDUSTRIAL PURPOSE) (NOT FOR DRUG OR COSMETICS),INDIA,JAMIPOL LIMITED,KOLKATA SEA (INCCU1),CHINA,N/A,XINGANG (CHINA),MTS,48.00," $ 127,225.09 "," $ 2,650.52 "
29/4/2019,290420199403290,81043010,Metals,MAGNESIUM DESULPHURIZATION REAGENT MG CONTENT : 97% MIN SIZE: 0.2-0.8MM-FOR INDUSTRIAL USE(NOT FOR DRUG OR COSMETICS),INDIA,JAMIPOL LIMITED,KOLKATA SEA (INCCU1),CHINA,N/A,XINGANG (CHINA),KGS,96000.00," $ 247,249.32 ", $ 2.58 
6/4/2019,060420199372545,81043010,Metals,MAGNESIUM DESULPHURIZATION REAGENT MG CONTENT : 97% MIN SIZE: 0.2-0.8MM-FOR INDUSTRIAL USE(NOT FOR DRUG OR COSMETICS),INDIA,JAMIPOL LIMITED,KOLKATA SEA (INCCU1),CHINA,N/A,XINGANG (CHINA),KGS,96000.00," $ 247,250.69 ", $ 2.58 
14/3/2019,140320195637100,81043010,Metals,MAGNESIUM DESULPHURIZATION REAGENT MG CONTENT : 97% MIN SIZE: 0.2-0.8MM-FOR INDUSTRIAL USE(NOT FOR DRUG OR COSMETICS),INDIA,JAMIPOL LIMITED,KOLKATA SEA (INCCU1),CHINA,N/A,XINGANG (CHINA),KGS,96000.00," $ 253,011.20 ", $ 2.64 
8/3/2019,080320195626115,81043010,Metals,MAGNESIUM DESULPHURIZATION REAGENT MG CONTENT: 97% MIN SIZE:0.2-0.8 MM (UNDER APTA),INDIA,JAMIPOL LIMITED,KOLKATA SEA (INCCU1),CHINA,N/A,XINGANG (CHINA),KGS,24000.00," $ 63,252.71 ", $ 2.64 
1/3/2019,010320195611052,81043010,Metals,MAGNESIUM DESULPHURIZATION REAGENT MG CONTENT: 97% MIN SIZE:0.2-0.8 MM (UNDER APTA),INDIA,JAMIPOL LIMITED,KOLKATA SEA (INCCU1),CHINA,N/A,XINGANG (CHINA),KGS,96000.00," $ 256,573.03 ", $ 2.67 
1/3/2019,010320195610873,81043010,Metals,MAGNESIUM DESULPHURIZATION REAGENT MG CONTENT: 97% MIN SIZE:0.2-0.8 MM (UNDER APTA),INDIA,JAMIPOL LIMITED,KOLKATA SEA (INCCU1),CHINA,N/A,XINGANG (CHINA),KGS,24000.00," $ 64,143.26 ", $ 2.67 
25/2/2019,250220192958330,81043010,Metals,MAGNESIUM DESULPHURIZATION REAGENT MG CONTENT: 97% MIN SIZE:\0.2-0.8 MM (UNDER APTA),INDIA,JAMIPOL LIMITED,KOLKATA SEA (INCCU1),CHINA,N/A,XINGANG (CHINA),KGS,144000.00," $ 379,514.28 ", $ 2.64 
25/1/2019,25012019749786,81043010,Metals,MAGNESIUM DESULPHURIZATION REAGENT MG CONTENT: 97% MIN SIZE:\0.2-0.8 MM (UNDER APTA),INDIA,JAMIPOL LIMITED,KOLKATA SEA (INCCU1),CHINA,N/A,XINGANG (CHINA),KGS,72000.00," $ 189,757.19 ", $ 2.64 
17/1/2019,17012019731248,81043010,Metals,MAGNESIUM DESULPHURIZATION REAGENT MG CONTENT: 97% MIN SIZE:\0.2-0.8 MM (UNDER APTA),INDIA,JAMIPOL LIMITED,KOLKATA SEA (INCCU1),CHINA,N/A,XINGANG (CHINA),KGS,96000.00," $ 253,010.39 ", $ 2.64 
17/1/2019,17012019731245,81043010,Metals,MAGNESIUM DESULPHURIZATION REAGENT MG CONTENT: 97% MIN SIZE:\0.2-0.8 MM (UNDER APTA),INDIA,JAMIPOL LIMITED,KOLKATA SEA (INCCU1),CHINA,N/A,XINGANG (CHINA),KGS,96000.00," $ 253,010.39 ", $ 2.64 
12/1/2019,12012019726028,81043010,Metals,MAGNESIUM DESULPHURIZATION REAGENT MG CONTENT: 97% MIN SIZE:\0.2-0.8 MM (UNDER APTA),INDIA,JAMIPOL LIMITED,KOLKATA SEA (INCCU1),CHINA,N/A,XINGANG (CHINA),KGS,96000.00," $ 253,010.39 ", $ 2.64 
26/10/2018,26102018246578,81043010,Metals,SUPER - SUL MG-97 (MAGNESIUM BASED DESULPHURISING,INDIA,JAMIPOL LIMITED,KOLKATA SEA (INCCU1),CHINA,N/A,,MTS,100.00," $ 268,580.08 "," $ 2,685.80 "
11/10/2018,1110201889875,81043010,Metals,SUPER - SUL MG-97 (MAGNESIUM BASED DESULPHURISING,INDIA,JAMIPOL LIMITED,KOLKATA SEA (INCCU1),CHINA,N/A,,MTS,160.00," $ 429,728.12 "," $ 2,685.80 "
22/9/2018,2.2092E+15,81043010,Metals,MAGNESIUM DESULFURIZER MAG 97 (MAGNESIUM BASED DESULPHURISING COMPOUND) - IMPORT UNDER APTA,INDIA,JAMIPOL LIMITED,KOLKATA SEA (INCCU1),CHINA,N/A,,MTS,96.00," $ 249,647.66 "," $ 2,600.50 "
22/9/2018,2.2092E+15,81043010,Metals,MAGNESIUM DESULFURIZER MAG 97 (MAGNESIUM BASED DESULPHURISING COMPOUND) - IMPORT UNDER APTA,INDIA,JAMIPOL LIMITED,KOLKATA SEA (INCCU1),CHINA,N/A,,MTS,96.00," $ 249,647.66 "," $ 2,600.50 "
6/9/2018,0609201826406627,81043010,Metals,MAGNESIUM DESULFURIZER MAG 97 (MAGNESIUM BASED DESULPHURISING COMPOUND) - IMPORT UNDER APTA,INDIA,JAMIPOL LIMITED,KOLKATA SEA (INCCU1),CHINA,N/A,,MTS,24.00," $ 62,412.02 "," $ 2,600.50 "
6/9/2018,0609201826396129,81043010,Metals,MAGNESIUM DESULFURIZER MAG 97 (MAGNESIUM BASED DESULPHURISING COMPOUND) - IMPORT UNDER APTA,INDIA,JAMIPOL LIMITED,KOLKATA SEA (INCCU1),CHINA,N/A,,MTS,72.00," $ 187,237.03 "," $ 2,600.51 "
12/4/2018,1.2042E+15,81043010,Metals,MAGNESIUM DESULPHURIZATION REAGENT (MAG 97) (IMPORT UNDER APTA CERTIFICATE NO:B184431001384534 DT.11.03.2018),INDIA,JAMIPOL LIMITED,CHENNAI SEA (INMAA1),CHINA,N/A,,MTS,96.00," $ 223,406.28 "," $ 2,327.15 "
28/3/2018,280320188553240,81043010,Metals,MAGNESIUM DESULFURIZER (MAG 97) (IMPORT UNDERAPTA CERTIFICATE NO:B186100009230006 DT.01.03.2018),INDIA,JAMIPOL LIMITED,CHENNAI SEA (INMAA1),CHINA,N/A,,MTS,72.00," $ 166,998.19 "," $ 2,319.42 "
15/3/2018,150320187472630,81043010,Metals,MAG 97 (MAGNESIUM BASED DESULPHURISING COMPOUND) - IMPORT UNDER APTA,INDIA,JAMIPOL LIMITED,KOLKATA SEA (INCCU1),CHINA,N/A,,KGS,144000.00," $ 334,864.97 ", $ 2.33 
15/3/2018,150320187464790,81043010,Metals,MAG 97 (MAGNESIUM BASED DESULPHURISING COMPOUND) - IMPORT UNDER APTA,INDIA,JAMIPOL LIMITED,KOLKATA SEA (INCCU1),CHINA,N/A,,KGS,72000.00," $ 168,647.72 ", $ 2.34 
15/3/2018,150320187452730,81043010,Metals,MAG 97 (MAGNESIUM BASED DESULPHURISING COMPOUND) - IMPORT UNDER APTA,INDIA,JAMIPOL LIMITED,KOLKATA SEA (INCCU1),CHINA,N/A,,KGS,96000.00," $ 224,863.40 ", $ 2.34 
10/3/2018,100320187109000,81043010,Metals,MAG 97 (MAGNESIUM DESULPHURIZATION REAGENT) -,INDIA,JAMIPOL LIMITED,KOLKATA SEA (INCCU1),CHINA,N/A,,KGS,144000.00," $ 334,865.93 ", $ 2.33 
26/2/2018,260220184801290,81043010,Metals,MAGNESIUM DESULPHURIZATION REAGENT MAG 97 (IMPORT UNDERAPTA CERTIFICATE NO:B184431001384446 DT -25.01.2018),INDIA,JAMIPOL LIMITED,CHENNAI SEA (INMAA1),CHINA,N/A,,MTS,96.00," $ 221,527.64 "," $ 2,307.58 "
26/2/2018,260220184800880,81043010,Metals,MAGNESIUM DESULPHURIZATION REAGENT MAG 97 (IMPORT UNDERAPTA CERTIFICATE NO: B184413HZ45IK002 DT.23.01.2018),INDIA,JAMIPOL LIMITED,CHENNAI SEA (INMAA1),CHINA,N/A,,MTS,96.00," $ 221,527.64 "," $ 2,307.58 "
23/2/2018,230220184620810,81043010,Metals,MAGNESIUM DESULFURIZER MAG97(MAGNESIUM BASED DESULPHURISINGCOMPOUND) IMPORT UNDER APTA,INDIA,JAMIPOL LIMITED,KOLKATA SEA (INCCU1),CHINA,N/A,,MTS,96.00," $ 224,691.06 "," $ 2,340.53 "
6/2/2018,060220182957133,81043010,Metals,MAGNESIUM DESULFURIZER (MAG 97) (IMPORT UNDERAPTA CERTIFICATE NO:B186100009230001 DT.09.01.2018),INDIA,JAMIPOL LIMITED,CHENNAI SEA (INMAA1),CHINA,N/A,,MTS,96.00," $ 224,070.70 "," $ 2,334.07 "
25/1/2018,250120182122030,81043010,Metals,MAGNESIUM DESULFURIZER MAG979MAGNESIUM BASED DESULFURISING COMPOUND) IMPORT UNDER APTA,INDIA,JAMIPOL LIMITED,KOLKATA SEA (INCCU1),CHINA,N/A,,KGS,24000.00," $ 57,780.81 ", $ 2.41 
17/1/2018,170120181424320,81043010,Metals,MAGNESIUM DESULFURIZER MAG979MAGNESIUM BASED DESULFURISING COMPOUND) IMPORT UNDER APTA,INDIA,JAMIPOL LIMITED,KOLKATA SEA (INCCU1),CHINA,N/A,,KGS,72000.00," $ 171,858.51 ", $ 2.39 
17/1/2018,170120181424320,81043010,Metals,MAGNESIUM DESULFURIZER MAG979MAGNESIUM BASED DESULFURISING COMPOUND) IMPORT UNDER APTA,INDIA,JAMIPOL LIMITED,KOLKATA SEA (INCCU1),CHINA,N/A,,KGS,72000.00," $ 171,858.51 ", $ 2.39 
12/1/2018,12012018764396,81043010,Metals,MAGNESIUM DESULFURIZER MAG97(MAGNESIUM BASED DESULPHURISINGCOMPOUND)  IMPORT UNDER APTA,INDIA,JAMIPOL LIMITED,KOLKATA SEA (INCCU1),CHINA,N/A,,KGS,48000.00," $ 114,978.30 ", $ 2.40 
30/12/2017,3.0122E+15,81043010,Metals,MAG 97 (MAGNESIUM BASED DESULPHURISING COMPOUND) - IMPORT UNDER APTA CERTIFICATE,INDIA,JAMIPOL LIMITED,KOLKATA SEA (INCCU1),CHINA,N/A,,KGS,72000.00," $ 172,883.70 ", $ 2.40 
22/12/2017,2.2122E+15,81043010,Metals,MAG 97 (MAGNESIUM BASED DESULPHURISING COMPOUND) - IMPORT UNDER APTA CERTIFICATE.,INDIA,JAMIPOL LIMITED,KOLKATA SEA (INCCU1),CHINA,N/A,,MTS,72.00," $ 172,425.85 "," $ 2,394.80 "
22/12/2017,2.2122E+15,81043010,Metals,MAG 97 MAGNESIUM BASED DESULPHURISING COMPOUND - IMPORT UNDER APTA CERTIFICATE,INDIA,JAMIPOL LIMITED,KOLKATA SEA (INCCU1),CHINA,N/A,,KGS,120000.00," $ 291,026.39 ", $ 2.43 
13/12/2017,1.3122E+15,81043010,Metals,MAGNESIUM DESULFURIZER - MAG 97 (MAGNESIUM BASED DESULPHURISING COMPOUND) IMPORT UNDER APTA CERTIFICATE),INDIA,JAMIPOL LIMITED,KOLKATA SEA (INCCU1),CHINA,N/A,,MTS,72.00," $ 172,918.80 "," $ 2,401.65 "
13/12/2017,1.3122E+15,81043010,Metals,MAGNESIUM DESULFURIZER - MAG 97 (MAGNESIUM BASED DESULPHURISING COMPOUND) IMPORT UNDER APTA CERTIFICATE),INDIA,JAMIPOL LIMITED,KOLKATA SEA (INCCU1),CHINA,N/A,,MTS,72.00," $ 172,918.80 "," $ 2,401.65 "
13/12/2017,1.3122E+15,81043010,Metals,MAGNESIUM DESULPHURIZATION REAGENT MAG 97 (IMPORT UNDERAPTA CERTIFICATE NO:B174200A18081053 DT.10.11.2017),INDIA,JAMIPOL LIMITED,CHENNAI SEA (INMAA1),CHINA,N/A,,MTS,48.00," $ 115,334.35 "," $ 2,402.80 "
6/12/2017,0612201728867152,81043010,Metals,MAGNESIUM DESULPHURIZATION REAGENT MAG 97 (IMPORT UNDERAPTA CERTIFICATE NO:B174200A18081016 DT.06.11.2017),INDIA,JAMIPOL LIMITED,CHENNAI SEA (INMAA1),CHINA,N/A,,MTS,72.00," $ 174,586.44 "," $ 2,424.81 "
1/12/2017,0112201728520813,81043010,Metals,MAGNESIUM DESULFURIZER - MAG 97 (MAGNESIUM BASED DESULPHURISING COMPOUND) IMPORT UNDER APTA CERTIFICATE),INDIA,JAMIPOL LIMITED,KOLKATA SEA (INCCU1),CHINA,N/A,,MTS,72.00," $ 176,759.72 "," $ 2,455.00 "
25/11/2017,2.5112E+15,81043010,Metals,MAGNESIUM DESULFURIZER - MAG 97 (MAGNESIUM BASED DESULPHURISING COMPOUND) IMPORT UNDER APTA CERTIFICATE),INDIA,JAMIPOL LIMITED,KOLKATA SEA (INCCU1),CHINA,N/A,,MTS,72.00," $ 176,638.12 "," $ 2,453.31 "
31/10/2017,3.1102E+15,81043010,Metals,MAGNESIUM DESULFURIZER (MAG 97) (IMPORT UNDERAPTA CERTIFICATE NO:B176100009230004 DT.28.09.2017),INDIA,JAMIPOL LIMITED,CHENNAI SEA (INMAA1),CHINA,N/A,,MTS,66.00," $ 158,944.67 "," $ 2,408.25 "
23/8/2017,2.3082E+15,81043010,Metals,MAGNESIUM DESULFURIZER (MAG 97) (IMPORT UNDERAPTA CERTIFICATE NO:0117111080000335 DT.20.07.2017),INDIA,JAMIPOL LIMITED,CHENNAI SEA (INMAA1),CHINA,N/A,,MTS,66.00," $ 139,504.35 "," $ 2,113.70 "
16/8/2017,1.6082E+15,81043010,Metals,MAGNESIUM DESULFURIZER (MAG 97) (IMPORT UNDERAPTA CERTIFICATE NO:0117111080000310 DT.13.07.2017),INDIA,JAMIPOL LIMITED,CHENNAI SEA (INMAA1),CHINA,N/A,,MTS,66.00," $ 138,161.56 "," $ 2,093.36 "
9/8/2017,0908201720322761,81043010,Metals,MAGNESIUM DESULFURIZER (MAG 97) (IMPORT UNDERAPTA CERTIFICATE NO:0117111080000302 DT.03.07.2017),INDIA,JAMIPOL LIMITED,CHENNAI SEA (INMAA1),CHINA,N/A,,MTS,66.00," $ 138,473.77 "," $ 2,098.09 "
26/7/2017,2.6072E+15,81043010,Metals,MAGNESIUM DESULFURIZER (MAG 97) (IMPORT UNDERAPTA CERTIFICATE NO:0117111080000296 DT.29.06.2017),INDIA,JAMIPOL LIMITED,CHENNAI SEA (INMAA1),CHINA,N/A,,MTS,66.00," $ 138,874.85 "," $ 2,104.16 "
25/7/2017,2.5072E+15,81043010,Metals,MAGNESIUM DESULFURIZER (MAG 97) (IMPORT UNDERAPTA CERTIFICATE NO:0117111080000271 DT.21.06.2017),INDIA,JAMIPOL LIMITED,CHENNAI SEA (INMAA1),CHINA,N/A,,MTS,66.00," $ 138,653.17 "," $ 2,100.81 "
6/7/2017,0607201717993181,81043010,Metals,MAGNESIUM DESULFURIZER - MAG 97 (IMPORT UNDER APTA CERTIFICATE NO.0117111080000247\DATED:06.06.2017),INDIA,JAMIPOL LIMITED,VIZAC SEA (INVTZ1),CHINA,N/A,,KGS,88000.00," $ 185,311.35 ", $ 2.11 
8/6/2017,0806201716607425,81043010,Metals,MAGNESIUM DESULFURIZER (MAG97) (IMPORT UNDER APTA CERTIFICATE NO.0117111080000167 DATE:08.05.2017),INDIA,JAMIPOL LIMITED,VIZAC SEA (INVTZ1),CHINA,N/A,,KGS,66000.00," $ 140,428.67 ", $ 2.13 
1/6/2017,0106201716084416,81043010,Metals,MAGNESIUM DESULFUR & 2ER (MAG 97) (IMPORT UNDER CERTIFICATENO:0117111080000150),INDIA,JAMIPOL LIMITED,VIZAC SEA (INVTZ1),CHINA,N/A,,KGS,66000.00," $ 140,041.28 ", $ 2.12 
25/5/2017,2.5052E+15,81043010,Metals,MAGNESIUM DESULFURIZER (MAG97) (IMPORT UNDER APTA CERTIFICATE NO:0117111080000142\DT:26.04.2017),INDIA,JAMIPOL LIMITED,VIZAC SEA (INVTZ1),CHINA,N/A,,KGS,66000.00," $ 139,666.35 ", $ 2.12 
18/5/2017,1.8052E+15,81043010,Metals,MAGNESIUM DESULFURIZER (MAG97) (IMPORT UNDER SAPTA CERTIFICATE NO: 0117111080000126\ DT: 18.04.2017),INDIA,JAMIPOL LIMITED,VIZAC SEA (INVTZ1),CHINA,N/A,,KGS,66000.00," $ 138,539.26 ", $ 2.10 
12/4/2017,1.2042E+15,81043010,Metals,MAGNESIUM DESULFURIZER (MAG 97) (IMPORT UNDERAPTA CERTIFICATE NO:0117111080000101 DT.08.03.2017),INDIA,JAMIPOL LIMITED,CHENNAI SEA (INMAA1),CHINA,N/A,,KGS,66000.00," $ 139,936.30 ", $ 2.12 
16/2/2017,160220178985920,81043010,Metals,MAGNESIUM DESULFURIZER (MAG 97) (IMPORT UNDER APTA CERTIFICATE NO:B176100009230002\DT.19.01.2017),INDIA,JAMIPOL LIMITED,CHENNAI SEA (INMAA1),CHINA,N/A,,KGS,48000.00," $ 106,647.33 ", $ 2.22 
16/2/2017,160220178985910,81043010,Metals,MAGNESIUM DESULFURIZER (MAG 97) (IMPORT UNDER APTA CERTIFICATE NO:0117111080000021 DT.10.01.2017),INDIA,JAMIPOL LIMITED,CHENNAI SEA (INMAA1),CHINA,N/A,,KGS,66000.00," $ 157,502.17 ", $ 2.39 
16/2/2017,160220178985910,81043010,Metals,MAGNESIUM DESULFURIZER (MAG 97) (IMPORT UNDER APTA CERTIFICATE NO:0117111080000038 DT.10.01.2017),INDIA,JAMIPOL LIMITED,CHENNAI SEA (INMAA1),CHINA,N/A,,KGS,66000.00," $ 154,786.62 ", $ 2.35 
16/2/2017,160220178985910,81043010,Metals,MAGNESIUM DESULFURIZER (MAG 97) (IMPORT UNDER APTA CERTIFICATE NO:0117111080000046 DT.17.01.2017),INDIA,JAMIPOL LIMITED,CHENNAI SEA (INMAA1),CHINA,N/A,,KGS,66000.00," $ 139,573.46 ", $ 2.11 
16/2/2017,160220178985890,81043010,Metals,MAGNESIUM DESULFURIZER (MAG 97) (IMPORT UNDER APTA CERTIFICATE NO:B176100009230001DT.19.01.2017),INDIA,JAMIPOL LIMITED,CHENNAI SEA (INMAA1),CHINA,N/A,,KGS,48000.00," $ 106,647.33 ", $ 2.22 
13/2/2017,130220178532770,81043010,Metals,MAGNESIUM DESULFURIZER (MAG 97)   (IMPORT UNDER APTA CERTIFI CATE NO.: 0116111080000416 DT 27/12/2016),INDIA,JAMIPOL LIMITED,KOLKATA SEA (INCCU1),CHINA,N/A,,KGS,88000.00," $ 208,802.15 ", $ 2.37 
8/2/2017,080220178199048,81043010,Metals,MAGNESIUM DESULFURIZER (MAG 97) (IMPORT UNDER APTA CERTIFICATE NO:0117111080000013 DT.04.01.2017),INDIA,JAMIPOL LIMITED,CHENNAI SEA (INMAA1),CHINA,N/A,,MTS,66.00," $ 157,973.45 "," $ 2,393.54 "
27/1/2017,270120177443900,81043010,Metals,MAGNESIUM DESULFURIZER (MAG 97) (IMPORT UNDER APTA CERTIFICATE NO:0116111080000408 DT.27.12.2016),INDIA,JAMIPOL LIMITED,CHENNAI SEA (INMAA1),CHINA,N/A,,MTS,66.00," $ 156,940.27 "," $ 2,377.88 "
27/1/2017,270120177441420,81043010,Metals,MAGNESIUM DESULPHURIZATION REAGENT (MAG97) (IMPORT UNDER APTA CERTIFICATE NO:B164406009600146\DT-19.12.2016),INDIA,JAMIPOL LIMITED,CHENNAI SEA (INMAA1),CHINA,N/A,,KGS,72000.00," $ 169,974.60 ", $ 2.36 
5/1/2017,050120175825042,81043010,Metals,MAGNESIUM DESULFURISING COMPOUND (MAG 97) (IMPORT UNDER APTA CERTIFICATE NO:0116111080000393 DT.07.12.2016),INDIA,JAMIPOL LIMITED,CHENNAI SEA (INMAA1),CHINA,N/A,,MTS,66.00," $ 156,757.65 "," $ 2,375.12 "
7/12/2016,0712201628386209,81043010,Metals,MAGNESIUM DESULFURIZER (MAG 97) (IMPORT UNDER APTA CERTIFICATE NO:0116111080000344 DT.02.11.2016),INDIA,JAMIPOL LIMITED,CHENNAI SEA (INMAA1),CHINA,N/A,,MTS,44.00," $ 105,940.53 "," $ 2,407.74 "
16/11/2016,1.6112E+15,81043010,Metals,MAGNESIUM DESULFURIZER (MAG 97) (IMPORT UNDER APTA - CERTIFICATE NO:0116111080000311 DT.24.10.2016),INDIA,JAMIPOL LIMITED,CHENNAI SEA (INMAA1),CHINA,N/A,,MTS,44.00," $ 90,901.31 "," $ 2,065.94 "
15/11/2016,1.5112E+15,81043010,Metals,MAGNESIUM DESULFURIZER (MAG 97) (IMPORT UNDER APTA CERTIFI - CATE NO.: B166100009230008 DT 09 10 2016),INDIA,JAMIPOL LIMITED,KOLKATA SEA (INCCU1),CHINA,N/A,,KGS,66000.00," $ 144,891.63 ", $ 2.20 
12/11/2016,1.2112E+15,81043010,Metals,MAGNESIUM DESULPHRISING COMPOUND MAG 97 (IMPORT UNDER - APTA CERTIFICATE NO:B164406009600063\DT-14.10.2016),INDIA,JAMIPOL LIMITED,CHENNAI SEA (INMAA1),CHINA,N/A,,KGS,48000.00," $ 111,952.13 ", $ 2.33 
11/11/2016,1.1112E+15,81043010,Metals,MAGNESIUM DESULFURIZER (MAG 97) (IMPORT UNDER APTA - CERTIFICATE NO:0116111080000297 DT.12.10.2016),INDIA,JAMIPOL LIMITED,CHENNAI SEA (INMAA1),CHINA,N/A,,MTS,88.00," $ 207,177.32 "," $ 2,354.29 "
19/10/2016,1.9102E+15,81043010,Metals,MAGNESIUM DESULFURIZER (MAG 97) (IMPORT UNDER APTA - CERTIFICATE NO:0116111080000215 DT.21.09.2016),INDIA,JAMIPOL LIMITED,CHENNAI SEA (INMAA1),CHINA,N/A,,MTS,66.00," $ 138,792.37 "," $ 2,102.91 "
6/10/2016,0610201621446570,81043010,Metals,MAGNESIUM DESULFURIZER (MAG 97) (IMPORT UNDER APTA - CERTIFICATE NO:0116111080000192 DT.09.09.2016),INDIA,JAMIPOL LIMITED,CHENNAI SEA (INMAA1),CHINA,N/A,,MTS,44.00," $ 92,843.25 "," $ 2,110.07 "
6/10/2016,0610201621444750,81043010,Metals,MAGNESIUM DESULFURIZER (MAG 97) (IMPORT UNDER APTA - CERTIFICATE NO:B166100009230004 DT.12.09.2016),INDIA,JAMIPOL LIMITED,CHENNAI SEA (INMAA1),CHINA,N/A,,MTS,44.00," $ 97,544.08 "," $ 2,216.91 "
21/9/2016,2.1092E+15,81043010,Metals,MAGNESIUM DESULFURIZER (MAG 97) (IMPORT UNDER APTA - CERTIFICATE NO:B166100009230002 DT.23.08.2016),INDIA,JAMIPOL LIMITED,CHENNAI SEA (INMAA1),CHINA,N/A,,MTS,44.00," $ 97,204.32 "," $ 2,209.19 "
16/9/2016,1.6092E+15,81043010,Metals,MAGNESIUM DESULFURIZER (MAG 97) (IMPORT UNDER APTA - CERTIFICATE NO:0116111080000176 DT.12.08.2016),INDIA,JAMIPOL LIMITED,CHENNAI SEA (INMAA1),CHINA,N/A,,MTS,66.00," $ 138,527.31 "," $ 2,098.90 "
17/8/2016,1.7082E+15,81043010,Metals,MAGNESIUM DESULFURIZER (MAG 97) (IMPORT UNDER APTA CERTIFI - CATE NO.: 0116111080000127 DT 29 JULY 2016),INDIA,JAMIPOL LIMITED,KOLKATA SEA (INCCU1),CHINA,N/A,,KGS,44000.00," $ 93,262.89 ", $ 2.12 
9/8/2016,0908201616607411,81043010,Metals,MAGNESIUM DESULFURIZER (MAG 97) -,INDIA,JAMIPOL LIMITED,CHENNAI SEA (INMAA1),CHINA,N/A,,MTS,88.00," $ 185,379.70 "," $ 2,106.59 "
3/8/2016,0308201616078228,81043010,Metals,MAGNESIUM DESULFURIZER (MAG 97) -,INDIA,JAMIPOL LIMITED,CHENNAI SEA (INMAA1),CHINA,N/A,,MTS,110.00," $ 233,024.28 "," $ 2,118.40 "
13/7/2016,1.3072E+15,81043010,Metals,MAGNESIUM DESULFURIZER (MAG 97) -,INDIA,JAMIPOL LIMITED,CHENNAI SEA (INMAA1),CHINA,N/A,,MTS,44.00," $ 95,486.45 "," $ 2,170.15 "
13/7/2016,1.3072E+15,81043010,Metals,MAGNESIUM DESULFURIZER (MAG 97) -,INDIA,JAMIPOL LIMITED,CHENNAI SEA (INMAA1),CHINA,N/A,,MTS,66.00," $ 143,229.67 "," $ 2,170.15 "
4/5/2016,0405201611040739,81043010,Metals,MAGNESIUM DESULFURIZER (MAG 97),INDIA,JAMIPOL LIMITED,CHENNAI SEA (INMAA1),CHINA,N/A,XINGANG (CHINA),MTS,110.00," $ 218,397.24 "," $ 1,985.43 "
20/4/2016,2.0042E+15,81043010,Metals,MAGNESIUM DESULFURIZER     (MAG 97)  (MAGNESIUMBASED DESULPHURISING COMPOUND),INDIA,JAMIPOL LIMITED,KOLKATA SEA (INCCU1),CHINA,N/A,XINGANG (CHINA),KGS,22000.00," $ 47,065.90 ", $ 2.14 
20/4/2016,2.0042E+15,81043010,Metals,MAGNESIUM DESULFURIZER (MAG 97),INDIA,JAMIPOL LIMITED,CHENNAI SEA (INMAA1),CHINA,N/A,XINGANG (CHINA),MTS,110.00," $ 221,603.44 "," $ 2,014.58 "
29/3/2016,290320167557630,81043010,Metals,MAGNESIUM DESULFURIZER     (MAG 97)  (MAGNESIUMBASED DESULPHURISING COMPOUND),INDIA,JAMIPOL LIMITED,KOLKATA SEA (INCCU1),CHINA,N/A,XINGANG (CHINA),KGS,66000.00," $ 149,293.93 ", $ 2.26 
17/3/2016,170320166843570,81043010,Metals,MAGNESIUM DESULFURIZER (MAG 97)  (MAGNESIUM BASED DESULPHURISING COMPOUND ),INDIA,JAMIPOL LIMITED,KOLKATA SEA (INCCU1),CHINA,N/A,XINGANG (CHINA),KGS,22000.00," $ 43,102.63 ", $ 1.96 
10/2/2016,100220161933740,81043010,Metals,MAGNESIUM DESULFURIZER (MAG 97),INDIA,JAMIPOL LIMITED,CHENNAI SEA (INMAA1),CHINA,N/A,XINGANG (CHINA),MTS,22.00," $ 42,245.06 "," $ 1,920.23 "
3/2/2016,03022016108452,81043010,Metals,MAGNESIUM DESULFURIZER (MAG 97),INDIA,JAMIPOL LIMITED,CHENNAI SEA (INMAA1),CHINA,N/A,XINGANG (CHINA),MTS,44.00," $ 84,409.42 "," $ 1,918.40 "
3/2/2016,03022016108450,81043010,Metals,MAGNESIUM DESULFURIZER (MAG 97),INDIA,JAMIPOL LIMITED,CHENNAI SEA (INMAA1),CHINA,N/A,XINGANG (CHINA),MTS,44.00," $ 84,633.33 "," $ 1,923.48 "
15/1/2016,15012016128140,81043010,Metals,MAGNESIUM DESULFURIZER (MAG 97)  (MAGNESIUM BASED DESULPHURISING COMPOUND ),INDIA,JAMIPOL LIMITED,KOLKATA SEA (INCCU1),CHINA,N/A,XINGANG (CHINA),MTS,22.00," $ 46,054.93 "," $ 2,093.41 "
22/11/2021,1069868490,72029990,Metals,FERRO CACIUM SILICON (FERRO SILICON ALLOY CNTG MORE THAN 55%OF SILICON) - FOR INDUSTRY USE ONLY ,INDIA,JAMIPOL LIMITED,KOLKATA SEA (INCCU1),CHINA,HONGKONG JUXINLONG INTERNATIONAL TRADING LIMITED,,KGS,100000.00," $ 472,083.54 ", $ 4.72 
27/5/2021,1138773134,90223000,Engineering,K230C100-S-X-RAY TUBE OEG95LT J RH (75PM)- C/O-US-INDUSTRIALUSE ONLY-AS PER INV. ,INDIA,JAMIPOL LIMITED,KOLKATA AIR CARGO (INCCU4),GERMANY,BRUKER AXS GMBH,,NOS,1.00," $ 42,397.84 "," $ 42,397.84 "
27/5/2021,1107045130,85016100,Engineering,A12A24 -GENERATOR K440-C/O GERMANY-INDUSTRIAL USE-AS PER INV. ,INDIA,JAMIPOL LIMITED,KOLKATA AIR CARGO (INCCU4),GERMANY,BRUKER AXS GMBH,,NOS,1.00," $ 34,923.07 "," $ 34,923.08 "
18/3/2021,1077142093,28263000,Chemicals,CRYOLITE ( FOR INDUSTRY PURPOSE - NOT FOR COSMETIC OR PHARMACUTICAL USE). ,INDIA,JAMIPOL LIMITED,KOLKATA SEA (INCCU1),NETHERLANDS,GLOMX GMBH,ANTWERP CHURCHILL TE,MTS,20.64," $ 5,985.60 ", $ 290.00 
15/3/2020,150320209772140,84649000,Engineering,PELLET PRESS ,INDIA,JAMIPOL LIMITED,KOLKATA AIR CARGO (INCCU4),GERMANY,RADO WATCH CO LTD,DUESSELDORF,NOS,1.00," $ 13,234.96 "," $ 13,234.97 "
15/3/2020,150320209772140,84678990,Engineering,PRESSING TOOL ,INDIA,JAMIPOL LIMITED,KOLKATA AIR CARGO (INCCU4),GERMANY,RADO WATCH CO LTD,DUESSELDORF,NOS,1.00," $ 1,985.95 "," $ 1,985.96 "
15/3/2020,150320209772140,40169320,Rubber,O - RING (MADE OF RUBBER) ,INDIA,JAMIPOL LIMITED,KOLKATA AIR CARGO (INCCU4),GERMANY,RADO WATCH CO LTD,DUESSELDORF,NOS,5.00, $ 29.76 , $ 5.95 
15/3/2020,150320209772140,84749000,Engineering,GRINDING SET - CHROME STEEL ,INDIA,JAMIPOL LIMITED,KOLKATA AIR CARGO (INCCU4),GERMANY,RADO WATCH CO LTD,DUESSELDORF,NOS,1.00," $ 1,246.58 "," $ 1,246.59 "
15/3/2020,150320209772140,73182990,Metals,STEEL RING ,INDIA,JAMIPOL LIMITED,KOLKATA AIR CARGO (INCCU4),GERMANY,RADO WATCH CO LTD,DUESSELDORF,NOS,5.00," $ 1,345.38 ", $ 269.08 
15/3/2020,150320209772140,84742090,Engineering,VIBRATORY DISC MILL RS 200 ,INDIA,JAMIPOL LIMITED,KOLKATA AIR CARGO (INCCU4),GERMANY,RADO WATCH CO LTD,DUESSELDORF,NOS,1.00," $ 10,307.22 "," $ 10,307.23 "
28/1/2020,280120201022480,90221900,Engineering,WD X-RAY FLUORESCENCE SPECTROMETER COMPLETE WITH MAINTENANCEKIT (SPETROMETERS) ,INDIA,JAMIPOL LIMITED,KOLKATA AIR CARGO (INCCU4),GERMANY,BRUKER SINGAPORE PTE LTD ,FRANKFURT/MAIN INT'L,NOS,1.00," $ 123,435.20 "," $ 123,435.21 "
19/12/2019,1.9122E+15,28263000,Chemicals,FAA\ FINE\ 0-1MM (SYNTHETIC CRYOLITE)NOT FOR COSMETIC OR PHARMACEUTICAL PURPOSE ,INDIA,JAMIPOL LIMITED,CHENNAI SEA (INMAA1),CHINA,AF CHEMICAL LTD,LIANYUNGANG,MTS,23.40," $ 10,180.74 ", $ 435.00 
11/7/2017,1.1072E+15,40169960,Rubber,RUBBER BUSH FOR ROLLER ARM FOR MTW 138 (TOTAL QTY: 200 PCS),INDIA,JAMIPOL LIMITED,KOLKATA SEA (INCCU1),CHINA,N/A,,KGS,135.00," $ 1,726.10 ", $ 12.79 
29/6/2017,2.9062E+15,90319000,Engineering,TEMPERATURE PROBE DVP-94Y (ACCESSORY OF POWDER FLOW TESTER),INDIA,JAMIPOL LIMITED,KOLKATA AIR CARGO (INCCU4),UNITED STATES,N/A,,UNT,1.00, $ 204.88 , $ 204.88 
29/6/2017,2.9062E+15,90319000,Engineering,TEMPERATURE PROBE DVP-94Y (ACCESSORY OF POWDER FLOW TESTER),INDIA,JAMIPOL LIMITED,KOLKATA AIR CARGO (INCCU4),UNITED STATES,N/A,,UNT,1.00, $ 204.88 , $ 204.88 
29/6/2017,2.9062E+15,90318000,Engineering,POWDER FLOW TESTER PFT-3-230,INDIA,JAMIPOL LIMITED,KOLKATA AIR CARGO (INCCU4),UNITED STATES,N/A,,UNT,1.00," $ 23,115.17 "," $ 23,115.17 "
29/6/2017,2.9062E+15,90318000,Engineering,POWDER FLOW TESTER PFT-3-230,INDIA,JAMIPOL LIMITED,KOLKATA AIR CARGO (INCCU4),UNITED STATES,N/A,,UNT,1.00," $ 23,115.17 "," $ 23,115.17 "
29/6/2017,2.9062E+15,90319000,Engineering,POWDER FLOW TESTER - 620 (SMALL VOLUME ACCESSORY KIT PFT-620 - ACCESSORY OF POWDER FLOW TESTER),INDIA,JAMIPOL LIMITED,KOLKATA AIR CARGO (INCCU4),UNITED STATES,N/A,,UNT,1.00," $ 5,022.29 "," $ 5,022.29 "
29/6/2017,2.9062E+15,90319000,Engineering,POWDER FLOW TESTER - 620 (SMALL VOLUME ACCESSORY KIT PFT-620 - ACCESSORY OF POWDER FLOW TESTER),INDIA,JAMIPOL LIMITED,KOLKATA AIR CARGO (INCCU4),UNITED STATES,N/A,,UNT,1.00," $ 5,022.29 "," $ 5,022.29 "
29/6/2017,2.9062E+15,90319000,Engineering,POWDER FLOW TESTER - 607Y (HUMIDITY SENSOR - ACCESSORY OF POWDER FLOW TESTER),INDIA,JAMIPOL LIMITED,KOLKATA AIR CARGO (INCCU4),UNITED STATES,N/A,,UNT,1.00, $ 267.92 , $ 267.93 
29/6/2017,2.9062E+15,90319000,Engineering,POWDER FLOW TESTER - 607Y (HUMIDITY SENSOR - ACCESSORY OF POWDER FLOW TESTER),INDIA,JAMIPOL LIMITED,KOLKATA AIR CARGO (INCCU4),UNITED STATES,N/A,,UNT,1.00, $ 267.92 , $ 267.93 
29/6/2017,2.9062E+15,90319000,Engineering,POWDER FLOW TESTER - 400 (SAMPLE TROUGH ASSEMBLY\ 6 INCH PFT-400) (ACCESSORY OF POWDER FLOW TESTER),INDIA,JAMIPOL LIMITED,KOLKATA AIR CARGO (INCCU4),UNITED STATES,N/A,,UNT,1.00," $ 1,082.20 "," $ 1,082.21 "
29/6/2017,2.9062E+15,90319000,Engineering,POWDER FLOW TESTER - 400 (SAMPLE TROUGH ASSEMBLY\ 6 INCH PFT-400) (ACCESSORY OF POWDER FLOW TESTER),INDIA,JAMIPOL LIMITED,KOLKATA AIR CARGO (INCCU4),UNITED STATES,N/A,,UNT,1.00," $ 1,082.20 "," $ 1,082.21 "
30/11/2016,3.0112E+15,81043010,Metals,VIETNAM ROBUSTA COFFEE BEANS GRADE 3 -,INDIA,JAMIPOL LIMITED,CHENNAI SEA (INMAA1),CHINA,N/A,,MTS,88.00," $ 183,451.35 "," $ 2,084.67 "
30/11/2016,3.0112E+15,28491000,Chemicals,VIETNAM ROBUSTA COFFEE BEANS GRADE 3 -,INDIA,JAMIPOL LIMITED,CHENNAI SEA (INMAA1),SOUTH AFRICA,N/A,,MTS,216.00," $ 131,388.80 ", $ 608.28 
11/6/2022,1146173074,72029990,Metals,FERRO SILICON CALCIUM (FERRO SILICON ALLOY CNTG MORE THAN 55% OF SILICON) - FOR INDUSTRY USE ONLY ,INDIA,JAMIPOL LIMITED,KOLKATA SEA (INCCU1),CHINA,ALL MINMETAL INTERNATIONAL LIM,,KGS,52000.00," $ 139,904.75 ", $ 2.69 
27/5/2022,1084299195,72029990,Metals,FERRO SILICON CALCIUM (FERRO SILICON ALLOY CNTG MORE THAN 55% OF SILICON) - FOR INDUSTRY USE ONLY ,INDIA,JAMIPOL LIMITED,KOLKATA SEA (INCCU1),UNITED STATES,"CCMA, LLC",,KGS,104000.00," $ 270,447.86 ", $ 2.60 
17/5/2022,1022784208,72029990,Metals,FERRO CALCIUM SILICON (FERRO SILICON ALLOY CNTG MORE THAN 55% OF SILICON) - FOR INDUSTRY USE ONLY ,INDIA,JAMIPOL LIMITED,KOLKATA SEA (INCCU1),CHINA,HONGKONG JUXINLONG INTERNATIONAL TRADING LIMITED,,KGS,100000.00," $ 263,046.55 ", $ 2.63 
14/5/2022,1034549049,72029990,Metals,FERRO CALCIUM SILICIDE ALLOY (FERRO ALLOY CNTG MORE THAN 55%OF SILICON) - FOR INDUSTRY USE ONLY ,INDIA,JAMIPOL LIMITED,KOLKATA SEA (INCCU1),CHINA,WINFRED INTERNATIONAL METAL SOURCE CO LTD,,KGS,100000.00," $ 273,500.00 ", $ 2.74 
21/4/2022,1059925193,72029990,Metals,FERRO CALCIUM SILICON (FERRO SILICON ALLOY CONTG MORE THAN 55% SILICON) - FOR INDUSTRIAL PURPOSE ,INDIA,JAMIPOL LIMITED,KOLKATA SEA (INCCU1),CHINA,HONGKONG JUXINLONG INTERNATIONAL TRADING LIMITED,,MTS,100.00," $ 263,046.55 "," $ 2,630.47 "
9/4/2022,1002307168,72029990,Metals,FERRO CALCIUM SILICON (FERRO SILICON ALLOY CNTG MORE THAN 55% OF SILICON) - FOR INDUSTRY USE ONLY ,INDIA,JAMIPOL LIMITED,KOLKATA SEA (INCCU1),CHINA,HONGKONG JUXINLONG INTERNATIONAL TRADING LIMITED,,KGS,100000.00," $ 282,550.00 ", $ 2.83 
2/4/2022,1123906004,72029990,Metals,FERRO CALCIUM SILICON ,INDIA,JAMIPOL LIMITED,CHENNAI SEA (INMAA1),CHINA,HONGKONG JUXINLONG INTERNATIONAL TRADING LIMITED,,KGS,100000.00," $ 282,550.00 ", $ 2.83 
2/4/2022,1030732608,72029990,Metals,FERRO CALCIUM SILICON ,INDIA,JAMIPOL LIMITED,CHENNAI SEA (INMAA1),CHINA,HONGKONG JUXINLONG INTERNATIONAL TRADING LIMITED,,KGS,100000.00," $ 282,550.00 ", $ 2.83 
2/4/2022,1123102625,72029990,Metals,FERRO CALCIUM SILICON ,INDIA,JAMIPOL LIMITED,CHENNAI SEA (INMAA1),CHINA,HONGKONG JUXINLONG INTERNATIONAL TRADING LIMITED,,KGS,100000.00," $ 282,550.00 ", $ 2.83 
1/3/2022,1213813704,72029990,Metals,FERRO CALCIUM SILICIDE (FERRO SILICON ALLOY CNTG MORE THAN 55% OF SILICON) - FOR INDUSTRY USE ONLY ,INDIA,JAMIPOL LIMITED,KOLKATA SEA (INCCU1),CHINA,AM NORTH AMERICA INTERNATIONAL LLC,,KGS,104000.00," $ 486,286.05 ", $ 4.68 
1/3/2022,1485336988,72029990,Metals,FERRO CALCIUM SILICON (FERRO SILICON ALLOY CNTG MORE THAN 55% OF SILICON) - FOR INDUSTRY USE ONLY ,INDIA,JAMIPOL LIMITED,KOLKATA SEA (INCCU1),CHINA,HONGKONG JUXINLONG INTERNATIONAL TRADING LIMITED,,KGS,100000.00," $ 282,550.00 ", $ 2.83 
21/1/2022,1872151250,72029990,Metals,FERRO CALCIUM SILICIDE (FERRO SILICON ALLOY CNTG MORE THAN 55% OF SILICON) - FOR INDUSTRY USE ONLY ,INDIA,JAMIPOL LIMITED,KOLKATA SEA (INCCU1),CHINA,AM NORTH AMERICA INTERNATIONAL LLC,,KGS,104000.00," $ 486,286.05 ", $ 4.68 
6/1/2022,1068929385,72029990,Metals,FERRO SILICON CALCIUM (FERRO SILICON ALLOY CNTG MORE THAN 55% OF SILICON) - FOR INDUSTRY USE ONLY ,INDIA,JAMIPOL LIMITED,KOLKATA SEA (INCCU1),CHINA,FESTAR TRADING LIMITED,,KGS,50000.00," $ 239,217.56 ", $ 4.78 
2/1/2022,1269825115,72029990,Metals,FERRO CALCIUM SILICON (FERRO SILICON ALLOY CNTG MORE THAN 55% OF SILICON) - FOR INDUSTRY USE ONLY ,INDIA,JAMIPOL LIMITED,KOLKATA SEA (INCCU1),CHINA,HONGKONG JUXINLONG INTERNATIONAL TRADING LIMITED,,KGS,100000.00," $ 478,435.13 ", $ 4.78 
16/12/2021,1103853711,72029990,Metals,FERRO CALCIUM SILICON (FERRO SILICON ALLOY CNTG MORE THAN 55% OF SILICON) - FOR INDUSTRY USE ONLY ,INDIA,JAMIPOL LIMITED,KOLKATA SEA (INCCU1),CHINA,HONGKONG JUXINLONG INTERNATIONAL TRADING LIMITED,,KGS,100000.00," $ 467,582.74 ", $ 4.68 
11/12/2021,1072605410,72029990,Metals,FERRO CALCIUM SILICON (FERRO SILICON ALLOY CNTG MORE THAN 55% OF SILICON) - FOR INDUSTRY USE ONLY ,INDIA,JAMIPOL LIMITED,KOLKATA SEA (INCCU1),CHINA,HONGKONG JUXINLONG INTERNATIONAL TRADING LIMITED,,KGS,100000.00," $ 472,083.54 ", $ 4.72 
11/12/2021,1106795222,72029990,Metals,FERRO CALCIUM SILICON (FERRO SILICON ALLOY CNTG MORE THAN 55% OF SILICON) - FOR INDUSTRY USE ONLY ,INDIA,JAMIPOL LIMITED,KOLKATA SEA (INCCU1),CHINA,HONGKONG JUXINLONG INTERNATIONAL TRADING LIMITED,,KGS,100000.00," $ 472,083.54 ", $ 4.72 
26/11/2021,1081308713,72029990,Metals,FERRO CALCIUM SILICIDE (FERRO SILICON ALLOY CONTG MORE THAN55% OF SILICON) - FOR INDUSTRY USE ONLY ,INDIA,JAMIPOL LIMITED,KOLKATA SEA (INCCU1),CHINA,AM NORTH AMERICA INTERNATIONAL LLC,,KGS,100000.00," $ 505,000.00 ", $ 5.05 
20/11/2021,1018423870,72029990,Metals,FERRO CALCIUM SILICIDE (FERRO SILICON ALLOY CONTG MORE THAN55% OF SILICON) - FOR INDUSTRY USE ONLY ,INDIA,JAMIPOL LIMITED,KOLKATA SEA (INCCU1),CHINA,AM NORTH AMERICA INTERNATIONAL LLC,,KGS,104000.00," $ 525,200.00 ", $ 5.05 
20/11/2021,1008648995,72029990,Metals,FERRO CALCIUM SILICON (FERRO SILICON ALLOY CNTG MORE THAN 55% OF SILICON) - FOR INDUSTRY USE ONLY ,INDIA,JAMIPOL LIMITED,KOLKATA SEA (INCCU1),CHINA,HONGKONG JUXINLONG INTERNATIONAL TRADING LIMITED,,KGS,100000.00," $ 472,083.54 ", $ 4.72 
18/11/2021,1066976056,72029990,Metals,FERRO CALCIUM SILICON (FERRO SILICON ALLOY CNTG MORE THAN 55% OF SILICON) - FOR INDUSTRY USE ONLY ,INDIA,JAMIPOL LIMITED,KOLKATA SEA (INCCU1),CHINA,HONGKONG JUXINLONG INTERNATIONAL TRADING LIMITED,,MTS,100.00," $ 229,940.69 "," $ 2,299.41 "
16/10/2021,1598161404,72029990,Metals,FERRO SILICON CALCIUM (FERRO SILICON ALLOY CNTG MORE THAN 55% OF SILICON) - FOR INDUSTRY USE ONLY ,INDIA,JAMIPOL LIMITED,KOLKATA SEA (INCCU1),CHINA,HONGKONG JUXINLONG INTERNATIONAL TRADING LIMITED,,MTS,100.00," $ 229,940.69 "," $ 2,299.41 "
12/10/2021,1012007643,72029990,Metals,FERRO SILICON CALCIUM (FERRO SILICON ALLOY CNTG MORE THAN 55% OF SILICON) - FOR INDUSTRY USE ONLY ,INDIA,JAMIPOL LIMITED,KOLKATA SEA (INCCU1),CHINA,XING RUIXIANG - HK TRADING LIMITED,,MTS,25.00," $ 51,859.17 "," $ 2,074.37 "
6/10/2021,1585546625,72029990,Metals,FERRO SILICON CALCIUM (FERRO SILICON ALLOY CNTG MORE THAN 55% OF SILICON) - FOR INDUSTRY USE ONLY ,INDIA,JAMIPOL LIMITED,KOLKATA SEA (INCCU1),CHINA,XING RUIXIANG - HK TRADING LIMITED,,MTS,50.00," $ 103,718.35 "," $ 2,074.37 "
10/9/2021,1071871216,72029990,Metals,FERRO CALCIUM SILICON (FERRO SILICON ALLOY CNTG MORE THAN 55% OF SILICON) - FOR INDUSTRY USE ONLY ,INDIA,JAMIPOL LIMITED,KOLKATA SEA (INCCU1),CHINA,HONGKONG JUXINLONG INTERNATIONAL TRADING LIMITED,,MTS,150.00," $ 327,808.01 "," $ 2,185.39 "
6/9/2021,1146359595,72029990,Metals,FERRO CALCIUM SILICON (FERRO SILICON ALLOY CNTG MORE THAN 55% OF SILICON) - FOR INDUSTRY USE ONLY ,INDIA,JAMIPOL LIMITED,KOLKATA SEA (INCCU1),CHINA,HONGKONG JUXINLONG INTERNATIONAL TRADING LIMITED,,MTS,50.00," $ 109,269.33 "," $ 2,185.39 "
25/8/2021,1007010919,72029990,Metals,FERRO SILICON CALCIUM (FERRO SILICON ALLOY CNTG MORE THAN 55% OF SILICON) - FOR INDUSTRY USE ONLY ,INDIA,JAMIPOL LIMITED,KOLKATA SEA (INCCU1),CHINA,XING RUIXIANG - HK TRADING LIMITED,TIANJINXINGANG,MTS,25.00," $ 50,508.93 "," $ 2,020.36 "
13/5/2021,1016513639,72029990,Metals,FERRO CALCIUM SILICIDE ALLOY (OTHER FERRO ALLOY CONTG MORE THAN 4% OF FE) - FOR METALLURGY INDUSTRY. ,INDIA,JAMIPOL LIMITED,KOLKATA SEA (INCCU1),CHINA,WINFRED INTERNATIONAL METAL SOURCE CO LTD,XINGANG (CHINA),MTS,50.00," $ 78,000.00 "," $ 1,560.00 "
13/5/2021,1123803873,72029990,Metals,FERRO CALCIUM SILICIDE ALLOY (OTHER FERRO ALLOY CONTG MORE THAN 4% OF FE) - FOR METALLURGY INDUSTRY. ,INDIA,JAMIPOL LIMITED,KOLKATA SEA (INCCU1),CHINA,WINFRED INTERNATIONAL METAL SOURCE CO LTD,XINGANG (CHINA),KGS,50000.00," $ 78,000.00 ", $ 1.56 
13/5/2021,1114615972,72022100,Metals,CALCIUM SILICON (FERRO SILICON ALLOY CONTG MORE THAN 55% OFSILICON) FOR INDUSTRY USE NOT FOR DRUG OR COSMETICS. ,INDIA,JAMIPOL LIMITED,KOLKATA SEA (INCCU1),CHINA,ALL MINMETAL INTERNATIONAL LIM,XINGANG (CHINA),KGS,54000.00," $ 84,780.00 ", $ 1.57 
7/5/2021,1035947878,72029990,Metals,FERRO CALCIUM SILICIDE ALLOY (OTHER FERRO ALLOY CONTG MORE THAN 4% OF FE) - FOR METALLURGY INDUSTRY. ,INDIA,JAMIPOL LIMITED,KOLKATA SEA (INCCU1),CHINA,WINFRED INTERNATIONAL METAL SOURCE CO LTD,TIANJINXINGANG,MTS,100.00," $ 156,000.00 "," $ 1,560.00 "
16/4/2021,1093263085,72022100,Metals,CALCIUM SILICON (FERRO SILICON ALLOY CONTG MORE THAN 55% OFSILICON) FOR INDUSTRY USE NOT FOR DRUG OR COSMETICS. ,INDIA,JAMIPOL LIMITED,KOLKATA SEA (INCCU1),CHINA,ALL MINMETAL INTERNATIONAL LIM,XINGANG (CHINA),KGS,54000.00," $ 84,780.00 ", $ 1.57 
28/11/2020,2.8112E+15,28500041,Chemicals,CALCIUM SILICON ( CA:30.83% \SI:60.35%) -FOR INDUSTRIAL USE ,INDIA,JAMIPOL LIMITED,KOLKATA SEA (INCCU1),CHINA,ALL MINMETAL INTERNATIONAL LIM,,MTS,50.00," $ 60,500.00 "," $ 1,210.00 "
24/9/2020,2.4092E+15,28500041,Chemicals,CALCIUM SILICIDE ALLOY (CA: 30.95%\ SI: 60.38%) ,INDIA,JAMIPOL LIMITED,KOLKATA SEA (INCCU1),CHINA,ALL MINMETAL INTERNATIONAL LIM,XINGANG (CHINA),MTS,50.00," $ 60,500.00 "," $ 1,210.00 "
16/4/2020,1.6042E+15,72022100,Metals,FERRO CALCIUM SILICIDE ALLOY (FERRO SILICON ALLOY CNTG MORETHAN 55% OF SILICON) - FOR INDUSTRY USE ONLY ,INDIA,JAMIPOL LIMITED,KOLKATA SEA (INCCU1),CHINA,WINFRED INTERNATIONAL METAL SOURCE CO LTD,XINGANG (CHINA),MTS,25.00," $ 33,006.05 "," $ 1,320.24 "
3/4/2020,0304202011734707,72022100,Metals,FERRO CALCIUM SILICIDE ALLOY (FERRO SILICON ALLOY CNTG MORETHAN 55% OF SILICON) - FOR INDUSTRY USE ONLY ,INDIA,JAMIPOL LIMITED,KOLKATA SEA (INCCU1),CHINA,WINFRED INTERNATIONAL METAL SOURCE CO LTD,,MTS,50.00," $ 66,012.09 "," $ 1,320.24 "
31/3/2020,310320209757540,72022100,Metals,CALCIUM SILICON (FERRO SILICON ALLOY CONTG MORE THAN 55% OFSILICON) FOR INDUSTRY USE NOT FOR DRUG OR COSMETICS. ,INDIA,JAMIPOL LIMITED,KOLKATA SEA (INCCU1),CHINA,ALL MINMETAL INTERNATIONAL LIM,N/A,KGS,50000.00," $ 67,500.00 ", $ 1.35 
19/3/2020,1.9032E+15,72029990,Metals,FERRO CALCIUM SILICON (CA:30%MIN\SI:58%MIN\AL:1.3%MAX\C:0.6%MAX\S:0.02%MAX\P:0.02%MAX\FE:4.5%MAX) ,INDIA,JAMIPOL LIMITED,CHENNAI SEA (INMAA1),CHINA,XING RUIXIANG - HK TRADING LIMITED,N/A,MTS,24.00," $ 32,886.20 "," $ 1,370.26 "
17/3/2020,1.7032E+15,72029990,Metals,FERRO CALCIUM SILICON (CA:30%MIN\SI:58%MIN\AL:1.3%MAX\C:0.6%MAX\S:0.02%MAX\P:0.02%MAX\FE:4.5%MAX) ,INDIA,JAMIPOL LIMITED,CHENNAI SEA (INMAA1),CHINA,XING RUIXIANG - HK TRADING LIMITED,XINGANG (CHINA),MTS,24.00," $ 32,886.07 "," $ 1,370.25 "
27/3/2019,270320195649570,28500041,Chemicals,FERRO CALCIUM SILICIDE ALLOY (0-2 MM) - NOT FOR COSMETIC ORPHARMACEUTICAL USE OR PURPOSE.,INDIA,JAMIPOL LIMITED,KOLKATA SEA (INCCU1),CHINA,N/A,XINGANG (CHINA),MTS,75.00," $ 122,650.31 "," $ 1,635.34 "
22/3/2019,220320195646280,28500041,Chemicals,FERRO CALCIUM SILICIDE ALLOY (0-2 MM) - NOT FOR COSMETIC ORPHARMACEUTICAL USE OR PURPOSE.,INDIA,JAMIPOL LIMITED,KOLKATA SEA (INCCU1),CHINA,N/A,XINGANG (CHINA),MTS,75.00," $ 122,650.67 "," $ 1,635.34 "
19/3/2019,190320195641220,28500041,Chemicals,FERRO CALCIUM SILICIDE - NOT FOR COSMETIC OR PHARMACEUTICALUSE OR PURPOSE.,INDIA,JAMIPOL LIMITED,KOLKATA SEA (INCCU1),CHINA,N/A,XINGANG (CHINA),MTS,25.00," $ 43,125.00 "," $ 1,725.00 "
23/11/2018,231120184139760,28500041,Chemicals,FERRO CALCIUM SILICIDE - NOT FOR COSMETIC OR PHARMACEUTICAL USE OR PURPOSE.,INDIA,JAMIPOL LIMITED,KOLKATA SEA (INCCU1),CHINA,N/A,,MTS,25.00," $ 43,125.00 "," $ 1,725.00 "
18/8/2018,1.8082E+15,28500041,Chemicals,FERRO CALCIUM SILICIDE - NOT FOR COSMETIC OR PHARMACEUTICALUSE OR PURPOSE.,INDIA,JAMIPOL LIMITED,KOLKATA SEA (INCCU1),CHINA,N/A,,MTS,25.00," $ 43,125.00 "," $ 1,725.00 "
27/10/2020,2.7102E+15,28263000,Chemicals,FAA\ FINE\ 0-1MM (SODIUM HEXA FLUORO ALUMINATE -SYNTHETIC CRYOLITE) ,INDIA,JAMIPOL LIMITED,KOLKATA SEA (INCCU1),CHINA,AF CHEMICAL LTD,LIANYUNGANG,MTS,23.43," $ 10,195.53 ", $ 435.00 
7/10/2020,0710202024583469,28263000,Chemicals,FAA\ FINE\ 0-1MM (SODIUM HEXA FLUORO ALUMINATE -SYNTHETIC CRYOLITE) ,INDIA,JAMIPOL LIMITED,KOLKATA SEA (INCCU1),CHINA,AF CHEMICAL LTD,LIANYUNGANG,MTS,46.12," $ 20,062.20 ", $ 435.00 
11/9/2020,1.1092E+15,28263000,Chemicals,FAA\ FINE\ 0-1MM (SODIUM HEXA FLUORO ALUMINATE -SYNTHETIC CRYOLITE) ,INDIA,JAMIPOL LIMITED,KOLKATA SEA (INCCU1),CHINA,AF CHEMICAL LTD,LIANYUNGANG,MTS,23.20," $ 10,092.44 ", $ 435.00 
24/8/2020,2.4082E+15,28263000,Chemicals,FAA\ FINE\ 0-1MM (SODIUM HEXA FLUORO ALUMINATE -SYNTHETIC CRYOLITE) ,INDIA,JAMIPOL LIMITED,KOLKATA SEA (INCCU1),CHINA,AF CHEMICAL LTD,LIANYUNGANG,MTS,23.49," $ 10,219.46 ", $ 435.00 
13/8/2020,1.3082E+15,28263000,Chemicals,FAA\ FINE\ 0-1MM (SODIUM HEXA FLUORO ALUMINATE -SYNTHETIC CRYOLITE) ,INDIA,JAMIPOL LIMITED,KOLKATA SEA (INCCU1),CHINA,AF CHEMICAL LTD,LIANYUNGANG,MTS,23.84," $ 10,373.01 ", $ 435.00 
13/8/2020,1.3082E+15,28263000,Chemicals,FAA\ FINE\ 0-1MM (SODIUM HEXA FLUORO ALUMINATE -SYNTHETIC CRYOLITE) ,INDIA,JAMIPOL LIMITED,KOLKATA SEA (INCCU1),CHINA,AF CHEMICAL LTD,LIANYUNGANG,MTS,23.69," $ 10,306.46 ", $ 435.00 
1/8/2020,0108202019281314,28263000,Chemicals,FAA\ FINE\ 0-1MM (SODIUM HEXA FLUORO ALUMINATE -SYNTHETIC CRYOLITE) ,INDIA,JAMIPOL LIMITED,KOLKATA SEA (INCCU1),CHINA,AF CHEMICAL LTD,LIANYUNGANG,MTS,23.29," $ 10,181.89 ", $ 437.01 
23/7/2020,2.3072E+15,28263000,Chemicals,FAA\ FINE\ 0-1MM (SODIUM HEXAFLUOROALUMINATE -SYNTHETIC CRYOLITE) - NOT FOR COSMETIC OR PHARMACUTICALPURPOSE. ,INDIA,JAMIPOL LIMITED,KOLKATA SEA (INCCU1),CHINA,AF CHEMICAL LTD,LIANYUNGANG,MTS,46.81," $ 20,362.35 ", $ 435.00 
17/6/2020,1.7062E+15,28263000,Chemicals,FAA\ FINE\ 0-1MM (SODIUM HEXAFLUOROALUMINATE -SYNTHETIC CRYOLITE) - NOT FOR COSMETIC OR PHARMACUTICALPURPOSE. ,INDIA,JAMIPOL LIMITED,KOLKATA SEA (INCCU1),CHINA,AF CHEMICAL LTD,LIANYUNGANG,MTS,23.62," $ 10,278.62 ", $ 435.00 
17/6/2020,1.7062E+15,28263000,Chemicals,FAA\ FINE\ 0-1MM (SODIUM HEXAFLUOROALUMINATE -SYNTHETIC CRYOLITE) - NOT FOR COSMETIC OR PHARMACUTICALPURPOSE. ,INDIA,JAMIPOL LIMITED,KOLKATA SEA (INCCU1),CHINA,AF CHEMICAL LTD,LIANYUNGANG,MTS,23.84," $ 10,372.58 ", $ 435.00 
25/5/2020,2.5052E+15,28263000,Chemicals,FAA\ FINE\ 0-1MM (SODIUM HEXAFLUOROALUMINATE -SYNTHETIC CRYOLITE) - NOT FOR COSMETIC OR PHARMACUTICALPURPOSE. ,INDIA,JAMIPOL LIMITED,KOLKATA SEA (INCCU1),CHINA,AF CHEMICAL LTD,,MTS,23.18," $ 10,085.91 ", $ 435.00 
14/5/2020,1.4052E+15,28263000,Chemicals,FAA\ FINE\ 0-1MM (SODIUM HEXAFLUOROALUMINATE -SYNTHETIC CRYOLITE) - NOT FOR COSMETIC OR PHARMACUTICALPURPOSE. ,INDIA,JAMIPOL LIMITED,KOLKATA SEA (INCCU1),CHINA,AF CHEMICAL LTD,,MTS,23.53," $ 10,236.86 ", $ 435.00 
14/5/2020,1.4052E+15,28263000,Chemicals,FAA\ FINE\ 0-1MM (SODIUM HEXAFLUOROALUMINATE -SYNTHETIC CRYOLITE) - NOT FOR COSMETIC OR PHARMACUTICALPURPOSE. ,INDIA,JAMIPOL LIMITED,KOLKATA SEA (INCCU1),CHINA,AF CHEMICAL LTD,,MTS,23.62," $ 10,278.18 ", $ 435.00 
14/5/2020,1.4052E+15,28263000,Chemicals,FAA\ FINE\ 0-1MM (SODIUM HEXAFLUOROALUMINATE -SYNTHETIC CRYOLITE) - NOT FOR COSMETIC OR PHARMACUTICALPURPOSE. ,INDIA,JAMIPOL LIMITED,KOLKATA SEA (INCCU1),CHINA,AF CHEMICAL LTD,,MTS,23.06," $ 10,031.10 ", $ 435.00 
20/4/2020,2.0042E+15,28263000,Chemicals,FAA\ FINE\ 0-1MM (SODIUM HEXAFLUOROALUMINATE -SYNTHETIC CRYOLITE) - NOT FOR COSMETIC OR PHARMACUTICALPURPOSE. ,INDIA,JAMIPOL LIMITED,KOLKATA SEA (INCCU1),CHINA,AF CHEMICAL LTD,LIANYUNGANG,MTS,23.21," $ 10,096.35 ", $ 435.00 
17/4/2020,1.7042E+15,28263000,Chemicals,FAA\ FINE\ 0-1MM (SODIUM HEXAFLUOROALUMINATE -SYNTHETIC CRYOLITE) - NOT FOR COSMETIC OR PHARMACUTICALPURPOSE. ,INDIA,JAMIPOL LIMITED,KOLKATA SEA (INCCU1),CHINA,AF CHEMICAL LTD,LIANYUNGANG,MTS,23.48," $ 10,213.80 ", $ 435.00 
17/4/2020,1.7042E+15,28263000,Chemicals,FAA\ FINE\ 0-1MM (SODIUM HEXAFLUOROALUMINATE -SYNTHETIC CRYOLITE) - NOT FOR COSMETIC OR PHARMACUTICALPURPOSE. ,INDIA,JAMIPOL LIMITED,KOLKATA SEA (INCCU1),CHINA,AF CHEMICAL LTD,LIANYUNGANG,MTS,23.86," $ 10,382.15 ", $ 435.00 
17/4/2020,1.7042E+15,28263000,Chemicals,FAA\ FINE\ 0-1MM (SODIUM HEXAFLUOROALUMINATE -SYNTHETIC CRYOLITE) - NOT FOR COSMETIC OR PHARMACUTICALPURPOSE. ,INDIA,JAMIPOL LIMITED,KOLKATA SEA (INCCU1),CHINA,AF CHEMICAL LTD,LIANYUNGANG,MTS,24.15," $ 10,507.86 ", $ 435.00 
21/2/2020,210220207094680,28263000,Chemicals,FAA\ FINE\ 0-1MM (SODIUM HEXAFLUOROALUMINATE - SYNTHETIC CRYOLITE) NOT FOR COSMETIC OR PHARMACUTICAL PURPOSE ,INDIA,JAMIPOL LIMITED,KOLKATA SEA (INCCU1),CHINA,AF CHEMICAL LTD,,MTS,23.41," $ 10,186.40 ", $ 435.00 
13/2/2020,130220207081490,28263000,Chemicals,FAA\ FINE\ 0-1MM (SODIUM HEXAFLUOROALUMINATE - SYNTHETIC CRYOLITE) NOT FOR COSMETIC OR PHARMACUTICAL PURPOSE ,INDIA,JAMIPOL LIMITED,KOLKATA SEA (INCCU1),CHINA,AF CHEMICAL LTD,LIANYUNGANG,MTS,23.61," $ 10,270.35 ", $ 435.00 
13/2/2020,130220207081490,28263000,Chemicals,FAA\ FINE\ 0-1MM (SODIUM HEXAFLUOROALUMINATE - SYNTHETIC CRYOLITE) NOT FOR COSMETIC OR PHARMACUTICAL PURPOSE ,INDIA,JAMIPOL LIMITED,KOLKATA SEA (INCCU1),CHINA,AF CHEMICAL LTD,LIANYUNGANG,MTS,23.34," $ 10,152.90 ", $ 435.00 
23/1/2020,23012020987371,28263000,Chemicals,FAA\ FINE\ 0-1MM (SODIUM HEXAFLUOROALUMINATE - SYNTHETIC CRYOLITE) NOT FOR COSMETIC OR PHARMACUTICAL PURPOSE ,INDIA,JAMIPOL LIMITED,KOLKATA SEA (INCCU1),CHINA,AF CHEMICAL LTD,LIANYUNGANG,MTS,23.68," $ 10,302.54 ", $ 435.00 
23/1/2020,23012020987364,28263000,Chemicals,FAA\ FINE\ 0-1MM (SODIUM HEXAFLUOROALUMINATE - SYNTHETIC CRYOLITE) NOT FOR COSMETIC OR PHARMACUTICAL PURPOSE ,INDIA,JAMIPOL LIMITED,KOLKATA SEA (INCCU1),CHINA,AF CHEMICAL LTD,LIANYUNGANG,MTS,24.09," $ 10,480.02 ", $ 435.00 
6/1/2020,06012020961224,28263000,Chemicals,FAA\ FINE\ 0-1MM (SODIUM HEXAFLUOROALUMINATE - SYNTHETIC CRYOLITE) NOT FOR COSMETIC OR PHARMACUTICAL PURPOSE ,INDIA,JAMIPOL LIMITED,KOLKATA SEA (INCCU1),CHINA,AF CHEMICAL LTD,LIANYUNGANG,MTS,23.59," $ 10,263.83 ", $ 435.00 
16/12/2019,1.6122E+15,28263000,Chemicals,FAA\ FINE\ 0-1MM (SODIUM HEXAFLUOROALUMINATE - SYNTHETIC CRYOLITE) NOT FOR COSMETIC OR PHARMACUTICAL PURPOSE ,INDIA,JAMIPOL LIMITED,KOLKATA SEA (INCCU1),CHINA,AF CHEMICAL LTD,LIANYUNGANG,MTS,24.31," $ 10,575.29 ", $ 435.00 
16/12/2019,1.6122E+15,28263000,Chemicals,FAA\ FINE\ 0-1MM (SODIUM HEXAFLUOROALUMINATE - SYNTHETIC CRYOLITE) NOT FOR COSMETIC OR PHARMACUTICAL PURPOSE ,INDIA,JAMIPOL LIMITED,KOLKATA SEA (INCCU1),CHINA,AF CHEMICAL LTD,LIANYUNGANG,MTS,23.60," $ 10,268.17 ", $ 435.00 
7/12/2019,0712201917759315,28263000,Chemicals,FAA\ FINE\ 0-1MM (SODIUM HEXAFLUOROALUMINATE - SYNTHETIC CRYOLITE) NOT FOR COSMETIC OR PHARMACUTICAL PURPOSE ,INDIA,JAMIPOL LIMITED,KOLKATA SEA (INCCU1),CHINA,AF CHEMICAL LTD,LIANYUNGANG,MTS,24.18," $ 10,522.21 ", $ 435.00 
12/11/2019,1.2112E+15,28263000,Chemicals,FAA\ FINE\ 0-1MM (SODIUM HEXAFLUOROALUMINATE - SYNTHETIC CRYOLITE) NOT FOR COSMETIC OR PHARMACUTICAL PURPOSE ,INDIA,JAMIPOL LIMITED,KOLKATA SEA (INCCU1),CHINA,AF CHEMICAL LTD,LIANYUNGANG,MTS,24.59," $ 10,696.65 ", $ 435.00 
4/10/2019,041020194309425,28263000,Chemicals,FAA\ FINE\ 0-1MM (SODIUM HEXAFLUOROALUMINATE - SYNTHETIC CRYOLITE) NOT FOR COSMETIC OR PHARMACUTICAL PURPOSE.,INDIA,JAMIPOL LIMITED,KOLKATA SEA (INCCU1),CHINA,AF CHEMICAL LTD,LIANYUNGANG,MTS,23.97," $ 10,429.13 ", $ 435.00 
18/9/2019,18092019889218,28263000,Chemicals,FAA\ FINE\ 0-1MM (SODIUM HEXAFLUOROALUMINATE - SYNTHETIC CRYOLITE) NOT FOR COSMETIC OR PHARMACUTICAL PURPOSE. ,INDIA,JAMIPOL LIMITED,KOLKATA SEA (INCCU1),CHINA,AF CHEMICAL LTD,LIANYUNGANG,MTS,23.94," $ 10,416.95 ", $ 435.00 
26/8/2019,2.6082E+15,28263000,Chemicals,FAA\ FINE\ 0-1MM (SODIUM HEXAFLUOROALUMINATE - SYNTHETIC CRYOLITE) NOT FOR COSMETIC OR PHARMACUTICAL PURPOSE.,INDIA,JAMIPOL LIMITED,KOLKATA SEA (INCCU1),CHINA,AF CHEMICAL LTD,LIANYUNGANG,MTS,24.72," $ 10,755.81 ", $ 435.00 
9/8/2019,0908201923818032,28263000,Chemicals,FAA\ FINE\ 0-1MM (SODIUM HEXAFLUOROALUMINATE - SYNTHETIC CRYOLITE) NOT FOR COSMETIC OR PHARMACUTICAL PURPOSE.,INDIA,JAMIPOL LIMITED,KOLKATA SEA (INCCU1),CHINA,AF CHEMICAL LTD,LIANYUNGANG,MTS,24.81," $ 10,796.27 ", $ 435.00 
19/7/2019,1.9072E+15,28263000,Chemicals,FAA FINE 0-1MM  (SODIUM HEXAFLUOROALUMINATE - SYNTHETIC CYROLITE) NOT FOR COSMETIC OR PHARMACEUTICAL PURPOSE,INDIA,JAMIPOL LIMITED,CHENNAI SEA (INMAA1),CHINA,N/A,,MTS,24.37," $ 10,604.00 ", $ 435.00 
9/7/2019,0907201920218191,28263000,Chemicals,FAA\ FINE\ 0-1MM (SODIUM HEXAFLUOROALUMINATE - SYNTHETIC CRY - OLITE) NOT FOR COSMETIC OR PHARMACUTICAL PURPOSE.,INDIA,JAMIPOL LIMITED,KOLKATA SEA (INCCU1),CHINA,N/A,,MTS,24.61," $ 10,706.65 ", $ 435.00 
18/6/2019,1.8062E+15,28263000,Chemicals,FAA\ FINE\ 0-1MM (SODIUM HEXAFLUOROALUMINATE - SYNTHETIC CRY - OLITE) NOT FOR COSMETIC OR PHARMACUTICAL PURPOSE.,INDIA,JAMIPOL LIMITED,KOLKATA SEA (INCCU1),CHINA,N/A,,MTS,49.10," $ 21,361.55 ", $ 435.00 
14/6/2019,1.4062E+15,28263000,Chemicals,FAA\ FINE\ 0-1MM (SODIUM HEXAFLUOROALUMINATE - SYNTHETIC CRY - OLITE) NOT FOR COSMETIC OR PHARMACUTICAL PURPOSE.,INDIA,JAMIPOL LIMITED,KOLKATA SEA (INCCU1),CHINA,N/A,,MTS,48.78," $ 21,220.17 ", $ 435.00 
24/5/2019,2.4052E+15,28263000,Chemicals,FAA FINE 0-1MM  (SODIUM HEXAFLUOROALUMINATE - SYNTHETIC CYROLITE) NOT FOR COSMETIC OR PHARMACEUTICAL PURPOSE,INDIA,JAMIPOL LIMITED,CHENNAI SEA (INMAA1),CHINA,N/A,,MTS,24.73," $ 10,760.59 ", $ 435.00 
26/4/2019,2.6042E+15,28263000,Chemicals,FAA FINE 0-1MM  (SODIUM HEXAFLUOROALUMINATE - SYNTHETICCYROLITE) NOT FOR COSMETIC OR PHARMACEUTICAL PURPOSE,INDIA,JAMIPOL LIMITED,CHENNAI SEA (INMAA1),CHINA,N/A,LIANYUNGANG,MTS,24.07," $ 10,470.88 ", $ 435.00 
11/4/2019,110420199377380,28263000,Chemicals,FAA FINE 0-1MM (SODIUM HEXAFLUOROALUMINATE - SYNTHETIC CRYOLITE) NOT FOR COSMETIC OR PHARMACUTICAL PURPOSE.,INDIA,JAMIPOL LIMITED,KOLKATA SEA (INCCU1),CHINA,N/A,LIANYUNGANG,MTS,49.07," $ 21,346.75 ", $ 435.00 
11/4/2019,110420199377200,28263000,Chemicals,FAA FINE 0-1MM (SODIUM HEXAFLUOROALUMINATE - SYNTHETIC CRYOLITE) NOT FOR COSMETIC OR PHARMACUTICAL PURPOSE.,INDIA,JAMIPOL LIMITED,KOLKATA SEA (INCCU1),CHINA,N/A,LIANYUNGANG,MTS,49.44," $ 21,507.27 ", $ 435.00 
1/4/2019,010420199364940,28263000,Chemicals,FAA FINE 0-1MM (SODIUM HEXAFLUOROALUMINATE - SYNTHETIC CRYOLITE) NOT FOR COSMETIC OR PHARMACUTICAL PURPOSE.,INDIA,JAMIPOL LIMITED,KOLKATA SEA (INCCU1),CHINA,N/A,LIANYUNGANG,MTS,48.36," $ 21,205.38 ", $ 438.44 
14/3/2019,140320195637110,28263000,Chemicals,FAA FINE 0-1MM (SODIUM HEXAFLUOROALUMINATE - SYNTHETIC CRYOLITE) NOT FOR COSMETIC OR PHARMACUTICAL PURPOSE.,INDIA,JAMIPOL LIMITED,KOLKATA SEA (INCCU1),CHINA,N/A,LIANYUNGANG,MTS,49.45," $ 21,513.79 ", $ 435.00 
26/2/2019,260220192960540,28263000,Chemicals,FAA FINE 0-1MM (SODIUM HEXAFLUOROALUMINATE - SYNTHETIC CRY\OLITE) NOT FOR COSMETIC OR PHARMACUTICAL PURPOSE.,INDIA,JAMIPOL LIMITED,KOLKATA SEA (INCCU1),CHINA,N/A,LIANYUNGANG,MTS,48.41," $ 21,061.39 ", $ 435.00 
26/2/2019,260220192960530,28263000,Chemicals,FAA FINE 0-1MM (SODIUM HEXAFLUOROALUMINATE - SYNTHETIC CRY\OLITE) NOT FOR COSMETIC OR PHARMACUTICAL PURPOSE.,INDIA,JAMIPOL LIMITED,KOLKATA SEA (INCCU1),CHINA,N/A,LIANYUNGANG,MTS,73.19," $ 31,838.52 ", $ 435.00 
8/2/2019,080220194583789,28263000,Chemicals,FAA\ FINE\ 0-1MM  (SODIUM HEXAFLUOROALUMINATE - SYNTHETICCYROLITE) NOT FOR COSMETIC OR PHARMACEUTICAL PURPOSE,INDIA,JAMIPOL LIMITED,CHENNAI SEA (INMAA1),CHINA,N/A,,KGS,49039.00," $ 21,330.10 ", $ 0.43 
27/11/2018,271120184146390,28263000,Chemicals,FAA\ FINE\ 0-5MM (SODIUM HEXAFLUOROALUMINATE - SYNTHETIC CRY OLITE) NOT FOR COSMETIC OR PHARMACUTICAL PURPOSE.,INDIA,JAMIPOL LIMITED,KOLKATA SEA (INCCU1),CHINA,N/A,,MTS,24.60," $ 10,972.49 ", $ 446.00 
22/11/2018,221120184139260,28263000,Chemicals,FAA\ FINE\ 0-5MM (SODIUM HEXAFLUOROALUMINATE - SYNTHETIC CRY OLITE) NOT FOR COSMETIC OR PHARMACUTICAL PURPOSE.,INDIA,JAMIPOL LIMITED,KOLKATA SEA (INCCU1),CHINA,N/A,,MTS,24.17," $ 10,783.38 ", $ 446.00 
27/7/2018,2.7072E+15,28263000,Chemicals,FAA\ FINE\ 0-5MM (SODIUM HEXAFLUOROALUMINATE - SYNTHETIC CRYOLITE) NOT FOR COSMETIC OR PHARMACUTICAL PURPOSE.,INDIA,JAMIPOL LIMITED,KOLKATA SEA (INCCU1),CHINA,N/A,,MTS,21.80," $ 9,722.80 ", $ 446.00 
"Monday, February 14, 2022",1169822472,81043020,Metals,MAGNESIUM DESULPHURIZATION REAGENT\ MG:90.88% (AS PER INVOICE) ,INDIA,DESMET REAGENT PRIVATE LIMITED,VIZAC SEA (INVTZ1),CHINA,XINXIANG JINGHUA MAGNESIUM INDUSTRIAL CO LTD,,KGS,24000.00," $ 169,317.99 ", $ 7.05 
"Thursday, April 07, 2022",1090614965,81043020,Metals,MAGNESIUM DESULPHURIZATION REAGENT MG 99.99% (AS PER INVOICE) ,INDIA,DESMET REAGENT PRIVATE LIMITED,VIZAC SEA (INVTZ1),CHINA,HENAN WORDGEN INTERNATIONAL CO LTD,,KGS,102.35, $ 720.10 , $ 7.04 
"Thursday, April 07, 2022",1091011650,81043020,Metals,MAGNESIUM DESULPHURIZATION REAGENT MG 99.99% (AS PER INVOICE) ,INDIA,DESMET REAGENT PRIVATE LIMITED,VIZAC SEA (INVTZ1),CHINA,HENAN WORDGEN INTERNATIONAL CO LTD,,KGS,23897.64," $ 168,127.69 ", $ 7.04 
"Monday, August 08, 2022",0285542853,81043020,Metals,MAGNESIUM DESULPHURIZATION REAGENT MG 99.99% (AS PER INVOICE) ,INDIA,DESMET REAGENT PRIVATE LIMITED,VIZAC SEA (INVTZ1),CHINA,JINHUA TRADING CO. LIMITED,,KGS,24000.00," $ 138,190.57 ", $ 5.76 
"Tuesday, July 12, 2022",1149650846,81043020,Metals,MAGNESIUM DESULPHURIZATION REAGENT MG 99.99% MIN (AS PER INVOICE) ,INDIA,DESMET REAGENT PRIVATE LIMITED,VIZAC SEA (INVTZ1),CHINA,JINHUA TRADING CO. LIMITED,,KGS,24000.00," $ 138,099.96 ", $ 5.75 
"Tuesday, November 23, 2021",1025477918,81043020,Metals,MAGNESIUM DESULPHURIZATION REAGENT(MG90) ,INDIA,DESMET REAGENT PRIVATE LIMITED,KOLKATA SEA (INCCU1),CHINA,CENTURY DYNAMICS LIMITED,,KGS,48000.00," $ 187,329.90 ", $ 3.90 
"Friday, December 03, 2021",1014860242,81043020,Metals,MAGNESIUM DESULPHURIZATION REAGENT(MG90) ,INDIA,DESMET REAGENT PRIVATE LIMITED,KOLKATA SEA (INCCU1),CHINA,CENTURY DYNAMICS LIMITED,,KGS,652.00," $ 2,544.57 ", $ 3.90 
"Friday, December 03, 2021",1057936472,81043020,Metals,MAGNESIUM DESULPHURIZATION REAGENT(MG90) ,INDIA,DESMET REAGENT PRIVATE LIMITED,KOLKATA SEA (INCCU1),CHINA,CENTURY DYNAMICS LIMITED,,KGS,23348.00," $ 91,120.90 ", $ 3.90 
"Thursday, August 05, 2021",1567200301,81043020,Metals,MAGNESIUM DESULPHURIZATION REAGENT(MG94) (MAGNESIUM 94.48%) ,INDIA,DESMET REAGENT PRIVATE LIMITED,KOLKATA SEA (INCCU1),CHINA,CENTURY DYNAMICS LIMITED,TIANJINXINGANG,KGS,48000.00," $ 139,295.92 ", $ 2.90 
"Wednesday, June 09, 2021",1098304857,81043020,Metals,MAGNESIUM DESULPHURIZATION REAGENT(MG94) (MAGNESIUM 94.37%) ,INDIA,DESMET REAGENT PRIVATE LIMITED,KOLKATA SEA (INCCU1),CHINA,CENTURY DYNAMICS LIMITED,TIANJINXINGANG,KGS,48000.00," $ 117,684.94 ", $ 2.45 
"Friday, May 07, 2021",1058910552,81043020,Metals,MAGNESIUM DESULPHURIZATION REAGENT(MG94) (MAGNESIUM 94.35%) ,INDIA,DESMET REAGENT PRIVATE LIMITED,KOLKATA SEA (INCCU1),CHINA,CENTURY DYNAMICS LIMITED,TIANJINXINGANG,KGS,24000.00," $ 57,277.20 ", $ 2.39 
"Tuesday, May 11, 2021",1031676123,81043020,Metals,MAGNESIUM DESULPHURIZATION REAGENT(MG94) (MAGNESIUM 94.33%) ,INDIA,DESMET REAGENT PRIVATE LIMITED,KOLKATA SEA (INCCU1),CHINA,CENTURY DYNAMICS LIMITED,TIANJINXINGANG,KGS,48000.00," $ 113,365.40 ", $ 2.36 
"Monday, January 25, 2021",1687571603,81043020,Metals,MAGNESIUM DESULPHURIZATION REAGENT(MG94) ,INDIA,DESMET REAGENT PRIVATE LIMITED,KOLKATA SEA (INCCU1),CHINA,JINGHUA INDUSTRY HK LIMITED,TIANJINXINGANG,KGS,48000.00," $ 98,050.80 ", $ 2.04 
"Monday, January 25, 2021",1777415560,81043020,Metals,MAGNESIUM DESULPHURIZATION REAGENT(MG94) ,INDIA,DESMET REAGENT PRIVATE LIMITED,KOLKATA SEA (INCCU1),CHINA,JINGHUA INDUSTRY HK LIMITED,TIANJINXINGANG,KGS,48000.00," $ 98,050.80 ", $ 2.04 
"Monday, January 25, 2021",1769386135,81043020,Metals,MAGNESIUM DESULPHURIZATION REAGENT(MG94) ,INDIA,DESMET REAGENT PRIVATE LIMITED,KOLKATA SEA (INCCU1),CHINA,JINGHUA INDUSTRY HK LIMITED,TIANJINXINGANG,KGS,24000.00," $ 49,025.40 ", $ 2.04 
"Wednesday, February 17, 2021",1264585702,81043010,Metals,MAGNESIUM GRANULES (MG-99.8%)- MAGNESIUM DESULPHURIZATION REAGENT,INDIA,ALMAMET INDIA PRIVATE LIMITED,VIZAC SEA (INVTZ1),CHINA,ALMAMET GMBH,TIANJINXINGANG,KGS,72000.00," $ 145,800.00 ", $ 1.93 
"Wednesday, February 17, 2021",1395129601,81043010,Metals,MAGNESIUM DESULPHURIZATION REAGENTS(MG 99.8%),INDIA,ALMAMET INDIA PRIVATE LIMITED,VIZAC SEA (INVTZ1),CHINA,ALMAMET GMBH,TIANJINXINGANG,KGS,96000.00," $ 183,360.00 ",  1.91 
"Wednesday, February 17, 2021",1107051780,81043010,Metals,MAGNESIUM DESULPHURIZATION REAGENTS(MG 99.8%),INDIA,ALMAMET INDIA PRIVATE LIMITED,VIZAC SEA (INVTZ1),CHINA,ALMAMET GMBH,TIANJINXINGANG,KGS,72000.00," $ 137,520.00 ",  1.91 
"Wednesday, February 17, 2021",1090224406,81043010,Metals,MAGNESIUM DESULPHURIZATION REAGENTS(MG 99.8%),INDIA,ALMAMET INDIA PRIVATE LIMITED,VIZAC SEA (INVTZ1),CHINA,ALMAMET GMBH,TIANJINXINGANG,KGS,72000.00," $ 137,520.00 ",  1.91 
"Friday, February 26, 2021",1244511289,81043010,Metals,MAGNESIUM GRANULES (MG-99.8%)- MAGNESIUM DESULPHURIZATION REAGENT,INDIA,ALMAMET INDIA PRIVATE LIMITED,VIZAC SEA (INVTZ1),CHINA,ALMAMET GMBH,TIANJINXINGANG,KGS,72000.00," $ 137,520.00 ",  1.91 
"Friday, February 26, 2021",1510504383,81043010,Metals,MAGNESIUM GRANULES (MG-99.8%)- MAGNESIUM DESULPHURIZATION REAGENT,INDIA,ALMAMET INDIA PRIVATE LIMITED,VIZAC SEA (INVTZ1),CHINA,ALMAMET GMBH,TIANJINXINGANG,KGS,72000.00," $ 137,520.00 ",  1.91 
"Monday, March 22, 2021",1255652272,81043010,Metals,MAGNESIUM GRANULES (MG-99.8%)- MAGNESIUM DESULPHURIZATION REAGENT ,INDIA,ALMAMET INDIA PRIVATE LIMITED,VIZAC SEA (INVTZ1),CHINA,ALMAMET GMBH,TIANJINXINGANG,KGS,48000.00," $ 91,680.00 ",  1.91 
"Friday, January 01, 2021",1711282973,81043020,Metals,MAGNESIUM DESULPHURIZATION REAGENT(MG94) (MAGNESIUM 94%) ,INDIA,DESMET REAGENT PRIVATE LIMITED,KOLKATA SEA (INCCU1),CHINA,JINHUA TRADING CO. LIMITED,TIANJINXINGANG,KGS,24000.00," $ 45,635.83 ", $ 1.90 
"Friday, January 08, 2021",1191643778,81043010,Metals,MAGNESIUM DESULPHURIZATION REAGENTS(MG 99.9%) ,INDIA,ALMAMET INDIA PRIVATE LIMITED,VIZAC SEA (INVTZ1),HONG KONG,WINTEX FAR EAST LTD,XINGANG (CHINA),KGS,48000.00," $ 91,224.94 ",  1.90 
"Friday, January 08, 2021",1124872430,81043010,Metals,MAGNESIUM DESULPHURIZATION REAGENTS(MG 99.9%) ,INDIA,ALMAMET INDIA PRIVATE LIMITED,VIZAC SEA (INVTZ1),HONG KONG,WINTEX FAR EAST LTD,XINGANG (CHINA),KGS,72000.00," $ 93,146.98 ", $ 1.87 